value,importance,reason
age,3,Advanced age is an established risk factor for post-cardiac surgery AKI due to reduced renal reserve and higher susceptibility to ischemia-reperfusion injury. In an 80+ cohort it still captures incremental frailty/physiologic reserve differences.
gender,1,"Within an all-female cohort, gender provides no additional physiologic information for AKI risk. Any residual coding variation would be non-informative."
race_caucasian,2,"Race can correlate with baseline CKD prevalence and social/healthcare factors that influence AKI risk, but it is not a direct physiologic driver. Predictive value is typically modest compared with hemodynamics and renal labs."
race_black,2,"Black race is associated with higher CKD burden and may influence creatinine generation/interpretation, indirectly affecting creatinine-based outcomes. It is not a direct perioperative mechanism for AKI."
race_asian,1,"Race category has at most an indirect association with AKI risk and creatinine kinetics, usually weaker than comorbidities and perioperative physiology. Not a direct predictor of renal hypoperfusion or nephrotoxicity."
race_native_am,2,"May proxy higher comorbidity burden (e.g., diabetes/CKD) and healthcare disparities that indirectly affect AKI risk. Not a direct mechanistic predictor."
race_native_pacific,1,"Typically only weak, indirect association with AKI risk relative to perioperative insults and renal biomarkers. Limited mechanistic specificity."
race_other,1,Heterogeneous category with limited mechanistic interpretability for AKI risk. Any association is likely indirect and small.
ethnicity,1,Ethnicity may reflect population-level differences in comorbidity and access to care but is not a direct physiologic driver of postoperative AKI. Expected incremental predictive value is low.
height_cm,1,Height has no direct link to renal perfusion or tubular injury after cardiac surgery. Any effect would be mediated through body size indexing already captured by weight or dosing variables.
weight_kg,2,"Higher body weight can relate to obesity, dosing of nephrotoxic drugs, and hemodynamic/ventilatory complexity, indirectly affecting AKI risk. It is not a direct marker of renal injury."
family_history_premature_cardiac_death,1,Family history is not a perioperative physiologic determinant of renal hypoperfusion or nephrotoxic exposure. It adds little beyond existing cardiovascular comorbidity variables.
diabetes,4,"Diabetes is a strong established risk factor for post-cardiac surgery AKI via microvascular disease, baseline nephropathy, and increased susceptibility to ischemic and inflammatory injury. It consistently predicts worse creatinine trajectories."
diab_ctrl,2,"Diabetes control status may indirectly reflect chronic glycemic burden and baseline renal vulnerability, but it is less consistently defined and less predictive than diabetes itself. Perioperative AKI is more driven by hemodynamics and acute insults."
pre_op_dyslipidemia,1,"Dyslipidemia is not a direct driver of postoperative AKI and is mainly a cardiovascular risk marker. Any association is indirect and typically weak compared with diabetes, CKD, and shock states."
hypertension,3,"Hypertension is an established AKI risk factor through chronic nephrosclerosis and reduced renal autoregulatory reserve, increasing vulnerability to perioperative hypotension. It is moderately predictive but not definitive on its own."
endocarditis_history,2,"Prior endocarditis can be associated with chronic inflammation, embolic phenomena, and more complex surgery, which may indirectly increase AKI risk. It is not a direct perioperative driver of creatinine rise compared with hemodynamics and nephrotoxins."
chronic_lung_disease,3,"Chronic lung disease increases risk of hypoxemia/hypercapnia, pulmonary hypertension, and difficult ventilator weaning, all of which can worsen renal perfusion and venous congestion. It is a recognized comorbidity associated with higher postoperative AKI risk."
pre_op_home_oxygen,3,"Home oxygen is a marker of advanced pulmonary disease and limited cardiopulmonary reserve, increasing susceptibility to perioperative hypoxia and low cardiac output states that precipitate AKI. It is an indirect but established risk marker."
bronchodilator_therapy,2,Bronchodilator use mainly reflects underlying obstructive lung disease severity and perioperative respiratory risk. Its link to AKI is indirect and largely mediated through hypoxemia/hemodynamic stress rather than a direct renal mechanism.
pre_op_sleep_apnea,2,"Sleep apnea is associated with intermittent hypoxemia and cardiometabolic comorbidity, which can increase perioperative complications. However, it is not a strong standalone predictor of postoperative creatinine rise compared with direct perfusion/volume factors."
pneumonia,3,"Active/recent pneumonia increases risk of sepsis physiology, hypoxemia, and vasopressor requirement, all of which can reduce renal perfusion and trigger AKI. It is a meaningful comorbidity but not a direct biomarker."
iv_drug_abuse,2,"IV drug use can correlate with infections, endocarditis, and hepatitis, which may complicate perioperative course and indirectly raise AKI risk. It is not a direct physiologic determinant of postoperative creatinine trajectory in most cases."
depression,1,Depression has no direct physiologic link to postoperative renal hypoperfusion or nephrotoxicity. Any association is likely confounded by overall health status and care patterns rather than kidney-specific mechanisms.
alcohol,2,"Alcohol use can be associated with liver dysfunction, malnutrition, and hemodynamic instability/withdrawal, which may indirectly increase AKI risk. It is not a primary or direct predictor compared with perioperative perfusion and nephrotoxins."
liver_dis,4,"Liver disease is strongly associated with hemodynamic dysregulation (low effective arterial volume), coagulopathy/bleeding risk, and susceptibility to hepatorenal physiology, all increasing postoperative AKI risk. It is a strong comorbidity-level predictor in cardiac surgery ICU patients."
imm_supp,3,"Immunosuppression increases risk of infection/sepsis and exposure to potentially nephrotoxic agents (e.g., calcineurin inhibitors, antimicrobials), which can precipitate AKI. It is an established risk factor but not kidney-specific on its own."
mediast_rad,2,Prior mediastinal radiation can indicate complex cardiac pathology and technically challenging surgery with higher complication risk. The relationship to AKI is indirect and mediated through operative complexity/hemodynamics rather than a direct renal mechanism.
cancer,2,"Cancer history can correlate with frailty, inflammation, and exposure to nephrotoxic chemotherapy or contrast, modestly increasing AKI susceptibility. It is generally an indirect predictor compared with immediate postoperative physiology."
peripheral_artery_disease,3,"Peripheral artery disease reflects systemic atherosclerosis and endothelial dysfunction, associated with higher risk of renal hypoperfusion and perioperative vascular complications. It is a recognized comorbidity linked to postoperative AKI risk."
pre_op_thoracic_aorta_disease,4,"Thoracic aortic disease often implies more complex surgery (e.g., circulatory arrest, longer bypass) and higher risk of embolization and low-flow states, which are strongly linked to AKI. It is a strong preoperative predictor of postoperative creatinine rise."
syncope,1,Syncope is a nonspecific symptom and does not directly indicate renal perfusion status or nephrotoxic exposure. Any association with AKI would be indirect and highly confounded by underlying cardiac disease severity.
unresponsive_state_history,2,"History of unresponsiveness is an indirect marker of frailty/neurologic comorbidity and may correlate with overall illness severity, but it is not a direct driver of postoperative renal hypoperfusion or nephrotoxicity."
cerebrovascular_disease,3,"Cerebrovascular disease reflects systemic atherosclerosis and vascular stiffness, which often co-tracks with chronic kidney disease risk and vulnerability to perioperative hypoperfusion."
pre_op_hemoglobin,3,Preoperative anemia reduces oxygen delivery and increases transfusion likelihood; both are associated with higher cardiac-surgery–associated AKI risk.
total_albumin_before_surgery,3,"Low albumin is a marker of malnutrition/inflammation and lower oncotic pressure, associated with worse postoperative outcomes and higher AKI risk after cardiac surgery."
total_bilirubin_before_surgery,2,"Elevated bilirubin suggests hepatic dysfunction or congestion, which can correlate with low cardiac output states, but it is an indirect and nonspecific predictor of AKI."
a1c_lvl,3,"Higher HbA1c indicates diabetes severity and microvascular disease, a well-established risk factor for postoperative AKI and impaired renal reserve."
pre_op_heparin_induced_thrombocytopenia_antibodies,1,HIT antibodies primarily affect anticoagulation strategy and thrombotic risk; they have no consistent direct relationship to postoperative creatinine rise unless HIT thrombosis occurs.
meld_scr,4,A higher MELD score reflects significant hepatic/renal dysfunction and systemic illness; it is strongly associated with postoperative complications including AKI after major cardiac surgery.
bnp,4,"Elevated BNP indicates heart failure/volume overload and predicts low cardiac output or venous congestion, both strong mechanisms for postoperative renal dysfunction."
five_m_walk_test,2,"Poor walk test performance is a frailty marker associated with worse surgical resilience, but it is an indirect predictor rather than a renal-specific mechanism."
previous_cardiovascular_intervention,2,"Prior interventions indicate advanced cardiovascular disease burden, which can increase perioperative risk, but the link to AKI is indirect and heterogeneous."
previous_coronary_bypass_graft,3,"Redo/previous CABG implies more complex coronary disease and potentially higher operative complexity and hemodynamic instability, which increases AKI risk."
previous_surgery_cardiac_value,3,"Prior cardiac surgery is associated with higher reoperative risk, longer bypass times, and greater hemodynamic stress, all of which increase susceptibility to AKI."
previous_percutaneous_coronary_intervention,2,Prior PCI reflects coronary disease severity but does not directly affect renal perfusion; any AKI association is mainly via comorbidity burden.
previous_percutaneous_coronary_intervention_this_episode_of_care,3,"Recent PCI in the same episode may imply recent contrast exposure and acute coronary instability, both of which can increase perioperative AKI risk."
previous_percutaneous_coronary_intervention_stent,2,"Presence of a stent is a marker of coronary disease and antiplatelet management complexity, but it is not a direct physiologic predictor of postoperative creatinine rise."
time_since_previous_cardiac_intervention,2,"Short interval since a prior cardiac intervention can proxy higher baseline cardiovascular disease burden and procedural complexity, which can increase AKI risk indirectly. It is not a direct physiologic driver of postoperative creatinine rise."
past_cardiac_interventions,2,"History of prior interventions suggests more advanced coronary/valvular disease and potentially more complex redo surgery, indirectly increasing AKI risk. The link is mediated through operative complexity/hemodynamics rather than kidney-specific injury."
pre_op_ace_inhibitor_within_48_hours,3,"ACE inhibitors can reduce efferent arteriolar tone and impair renal autoregulation during perioperative hypotension/low flow, increasing susceptibility to AKI. Commonly considered in perioperative AKI risk stratification, though not definitive alone."
pre_op_adp_inhibitor_within_5_days,2,"Recent P2Y12 inhibitor use mainly increases bleeding/transfusion risk, which can secondarily contribute to AKI via hypotension and inflammation. The association is indirect and confounded by underlying coronary disease."
pre_op_amiodarone,1,"Amiodarone is not typically nephrotoxic and has no strong direct relationship to postoperative AKI. It may reflect arrhythmia burden but is a weak, nonspecific proxy."
pre_op_anticoagulants,2,"Pre-op anticoagulation can increase perioperative bleeding and transfusion needs, which are associated with AKI risk through hemodynamic instability and inflammatory load. The effect is indirect and context-dependent."
pre_op_aspirin,1,Low-dose aspirin is not a major driver of perioperative AKI and is often continued as standard care. Any renal effect is minimal compared with hemodynamic and nephrotoxic exposures.
pre_op_beta_blockers,2,"Beta blockers can influence perioperative hemodynamics (bradycardia/low cardiac output) and may indirectly affect renal perfusion. However, they are common background therapy and not a strong standalone AKI predictor."
pre_op_beta_blocker_therapy_for_2_weeks,1,Chronic beta-blocker therapy duration mainly reflects outpatient management rather than acute renal risk. It provides little incremental kidney-specific prognostic information beyond general comorbidity.
pre_op_calcium_channel_blocker_therapy_for_2_weeks,1,Chronic calcium channel blocker use has no strong established link to postoperative AKI in cardiac surgery. It is largely a marker of hypertension/angina management without direct renal injury implication.
pre_op_glycoprotein_inhibitor,2,"GP IIb/IIIa inhibitor exposure suggests recent acute coronary syndrome/PCI and increases bleeding/transfusion risk, which can contribute to AKI indirectly. Not a direct renal biomarker or primary mechanism."
pre_op_inotropic_agents,4,"Need for pre-op inotropes indicates low cardiac output/cardiogenic shock physiology, strongly linked to renal hypoperfusion and subsequent AKI. This is a high-acuity marker with a direct hemodynamic pathway to creatinine rise."
pre_op_lipid_lowering_med,1,Statins/lipid-lowering therapy are not nephrotoxic and may even be protective in some contexts; use mainly reflects chronic cardiovascular risk management. Limited direct predictive value for postoperative creatinine ratio.
pre_op_long_acting_nitrate_therapy_for_2_weeks,1,Chronic nitrate therapy is primarily a marker of angina and does not directly drive perioperative AKI. Any association would be indirect via coronary disease severity.
pre_op_iv_nitrates,2,"IV nitrates pre-op can indicate active ischemia/heart failure and can contribute to hypotension, indirectly affecting renal perfusion. Still a nonspecific marker compared with direct hemodynamic measures."
pre_op_other_antianginal_therapy_for_2_weeks,1,Other chronic antianginal therapy duration is a weak proxy for coronary disease burden and does not directly cause AKI. It is unlikely to add kidney-specific predictive signal beyond other comorbidity/hemodynamic features.
pre_op_steroid_usage,2,"Chronic/acute steroid use can reflect frailty, inflammation, or immunosuppression and may worsen glycemic control, indirectly increasing AKI risk. It is not a direct perioperative renal perfusion marker."
pre_op_thrombin_inhibitor_within_24_hours,2,"Recent anticoagulant exposure mainly affects bleeding/transfusion risk, which can secondarily contribute to AKI via hypotension or transfusion-related effects. The medication itself is not typically nephrotoxic or a primary AKI driver."
pre_op_warfarin_within_5_days,2,"Warfarin use is a marker of comorbidity (e.g., AF, VTE) and may increase bleeding/transfusion risk, indirectly affecting renal perfusion. It is not a direct predictor of postoperative creatinine rise."
pre_op_factor_xa_inhibitor_within_5_days,2,"DOAC exposure is primarily relevant to perioperative bleeding and transfusion needs, which can indirectly increase AKI risk. It does not directly reflect renal injury physiology in this setting."
pre_op_thrombin_inhibitor_within_5_days,2,"Similar to other anticoagulants, it is mainly a proxy for bleeding risk and comorbidity burden rather than a direct renal insult. Any AKI association is typically mediated through hemodynamic instability/transfusion."
pre_op_lipid_lowering_med_is_statin,2,"Statin use is a marker of atherosclerotic disease burden and may be weakly protective in some contexts, but effects on AKI are inconsistent. It is not a strong direct predictor of creatinine_ratio."
cardiac_catheterization_performed,3,"Pre-op catheterization can imply recent iodinated contrast exposure and higher coronary disease severity, both associated with AKI risk. In elderly cardiac surgery patients, contrast plus perioperative stress can contribute to postoperative creatinine rise."
cor_anat_dis_known,2,"Known coronary anatomy disease indicates cardiovascular comorbidity and potential for perioperative low cardiac output, indirectly affecting renal perfusion. It is less specific than measures of hemodynamics or renal function."
number_of_diseased_coronary_vessels,3,"Greater coronary disease burden correlates with worse cardiac reserve and higher likelihood of perioperative low-output states and vasopressor need, which increase AKI risk. It is an established but indirect predictor compared with direct perfusion/renal markers."
aortic_valve_disease,3,"Significant aortic stenosis/regurgitation can predispose to perioperative hemodynamic instability and low cardiac output, impairing renal perfusion. Valve pathology is a meaningful comorbidity-level AKI risk factor in cardiac surgery."
mitral_valve_disease,3,"Mitral disease can be associated with pulmonary hypertension, right/left heart dysfunction, and perioperative low forward flow, increasing AKI risk. It is an established comorbidity but not a direct renal biomarker."
tricuspid_valve_disease,4,"Tricuspid disease often reflects right-sided failure and venous congestion, which can directly worsen renal function via elevated renal venous pressure (congestive nephropathy). This has a stronger mechanistic link to postoperative creatinine rise than many other valve lesions."
pulmonic_valve_disease,2,Pulmonic valve disease is less commonly a dominant driver of perioperative renal hypoperfusion in adult cardiac surgery compared with left-sided or tricuspid pathology. Any AKI association is typically indirect via right heart dysfunction severity.
n_past_cardiac_surgeries,3,"Redo sternotomy/cardiac surgery increases operative complexity, bypass time, bleeding/transfusion, and risk of low-output states, all associated with AKI. It is a well-recognized surgical risk factor but not a direct renal measure."
status,1,"This variable is not clinically interpretable as a physiologic or treatment feature without a clear definition (e.g., marital, admission, or case status). As named, it provides no specific mechanistic link to AKI risk."
current_case_canceled,1,Case cancellation is an administrative/operational outcome rather than a physiologic exposure affecting postoperative renal function. It is unlikely to add meaningful predictive signal for creatinine_ratio.
operative_approach_converted,3,"Conversion (e.g., minimally invasive to open) is a marker of intraoperative complexity, longer ischemic/CPB time, bleeding, and hemodynamic instability, all of which increase AKI risk indirectly."
robotic,2,"Robotic/minimally invasive approaches may correlate with less surgical trauma and shorter bypass/bleeding, but the link to postoperative creatinine rise is indirect and confounded by case selection."
op_cab,3,"CABG is associated with CPB exposure (if on-pump), atheroembolism risk, transfusion, and perioperative hypotension, all established contributors to cardiac-surgery–associated AKI."
op_valve,3,"Valve surgery often entails longer CPB/cross-clamp times and higher risk of low cardiac output syndrome, both established drivers of renal hypoperfusion and AKI."
other_cardiac_procedure_completed,3,"Additional cardiac procedures generally indicate greater operative complexity and longer CPB/ischemia time, increasing AKI risk through inflammation and hemodynamic stress."
a_fib_proc,2,"Concomitant AF procedures (e.g., Maze) add operative time and complexity, but their direct mechanistic link to AKI is weaker than primary drivers like hypotension or CPB duration."
aort_proc,4,"Aortic procedures are strongly associated with embolic load, prolonged circulatory support, and major hemodynamic perturbations, making them a strong predictor of postoperative AKI."
other_non_cardiac_procedure_done,2,"Non-cardiac concomitant procedures may reflect overall surgical burden and inflammation, but the relationship to creatinine rise is indirect and highly heterogeneous."
appropriate_antibiotic_selection,1,"Appropriate prophylactic antibiotic choice is standard-of-care and generally not a meaningful determinant of AKI risk in this setting (unless specific nephrotoxins are used, which this variable does not specify)."
appropriate_antibiotic_administration_timing,1,Timing of prophylactic antibiotics is a quality metric for infection prevention and has no direct physiologic linkage to postoperative creatinine ratio.
antibiotic_discontinuation_ordered,1,Discontinuation orders reflect routine stewardship/quality processes and do not directly indicate renal hypoperfusion or nephrotoxic exposure intensity.
additional_intraoperative_prophylactic_antibiotic_dose,2,"An extra prophylactic dose may proxy longer operative duration or higher blood loss, which can increase AKI risk indirectly; the antibiotic dose itself is not a primary AKI driver."
operative_lowest_core_temperature,3,Deeper hypothermia often correlates with longer/complex CPB and circulatory management; it can reflect severity of operative insult and is an established indirect AKI risk marker.
operative_lowest_hemoglobin,4,Low nadir hemoglobin indicates significant hemodilution/bleeding and reduced oxygen delivery; perioperative anemia and transfusion needs are strongly associated with cardiac-surgery–associated AKI.
high_intra_glu,3,Intraoperative hyperglycemia reflects stress response and is associated with worse postoperative outcomes; it is an established but nonspecific risk factor for AKI.
cardiopulmonary_coronary_perfused_used,2,"Use of specialized coronary perfusion strategies may indicate complex myocardial protection needs and longer CPB, but its direct relationship to renal injury is indirect and confounded by case complexity."
arterial_cannulation_site_aortic,2,"Aortic cannulation is common and usually reflects standard CPB setup; AKI risk is more driven by CPB duration, perfusion pressure, and embolic burden than site alone."
arterial_cannulation_site_femoral,3,"Femoral cannulation can be associated with more complex/emergent cases and higher atheroembolism risk, which can contribute to renal hypoperfusion or cholesterol embolization."
arterial_cannulation_site_axillary,2,Axillary cannulation is often chosen for aortic pathology and cerebral protection strategies; its independent link to AKI is indirect and largely mediated by case complexity.
arterial_cannulation_site_innominate,2,Innominate cannulation typically reflects arch/aortic procedures and perfusion strategy; AKI association is indirect via operative complexity rather than the site itself.
arterial_cannulation_site_other,2,"Nonstandard arterial cannulation sites may indicate unusual anatomy or higher-risk operations, but the site itself is not a direct renal injury mechanism."
venous_cannulation_site_femoral,2,Femoral venous cannulation may signal minimally invasive or complex access needs; any AKI relationship is indirect through procedural complexity and hemodynamics.
venous_cannulation_site_jugular,2,Jugular venous cannulation is typically an access/strategy choice and not a direct driver of renal injury; association with AKI is mainly via case type.
venous_cannulation_site_right_atrial,2,Right atrial venous cannulation is standard for many CPB cases and provides little independent prognostic information for postoperative creatinine rise.
venous_cannulation_site_left_atrial,2,"Left atrial cannulation is procedure-specific (e.g., certain valve/left-sided operations); AKI risk is more related to CPB time and perfusion than this site."
venous_cannulation_site_pulmonary,2,Pulmonary venous/arterial cannulation is uncommon and reflects specialized procedures; any AKI signal is indirect via operative complexity.
venous_cannulation_site_bicaval,2,Bicaval cannulation is common in certain valve/congenital-type exposures; it is not a direct renal insult and mainly proxies surgical approach.
venous_cannulation_site_other,2,"Other venous cannulation sites may indicate atypical or higher-risk operations, but the cannulation site itself is not a primary AKI mechanism."
cardiopulmonary_bypass_time,5,"Longer CPB time is a strong, well-established predictor of postoperative AKI via inflammation, hemolysis, microembolization, and renal hypoperfusion."
circulatory_arrest,4,"Circulatory arrest implies profound systemic hypoperfusion/ischemia risk and is strongly associated with postoperative AKI, especially in older patients."
deep_hypothermic_circulatory_arrest_time,5,"Longer DHCA time directly increases ischemic burden and reperfusion injury risk, making it a very strong predictor of subsequent creatinine rise/AKI."
cerebral_perfusion_utilized,2,Use of cerebral perfusion mainly reflects operative strategy and aortic/arch complexity; its renal impact is indirect and confounded by arrest duration and case severity.
cerebral_perfusion_time,2,Primarily reflects neurologic protection strategy and operative complexity; only indirectly relates to renal hypoperfusion/CPB burden that can contribute to AKI.
intraop_circulatory_arrest_time,4,"Longer circulatory arrest implies profound systemic hypoperfusion/ischemia and higher inflammatory/CPB complexity, which strongly increases postoperative AKI risk."
aortic_occlusion,2,Aortic occlusion is more a marker of surgical technique/complexity; renal impact is indirect unless associated with prolonged ischemic times or embolic burden.
aortic_cross_clamp_time,4,"Prolonged cross-clamp time correlates with longer ischemic/CPB exposure, hemodynamic instability, and inflammatory response, all strong predictors of cardiac-surgery–associated AKI."
cerebral_oximetry_used,1,Use of cerebral oximetry reflects monitoring preference and case type rather than a physiologic driver of renal injury.
diffuse_aortic_calcification,3,"Severe aortic atherosclerosis indicates systemic vascular disease and higher embolic/operative complexity, which is an established risk context for postoperative AKI."
assessment_of_ascending_aorta_arch,1,Whether the aorta/arch was assessed is largely procedural/documentation and does not directly reflect renal perfusion or nephrotoxic exposure.
aorta_plaque_assessment,2,Plaque assessment suggests concern for atheroma/embolization and complex surgery; renal relevance is indirect via embolic and hemodynamic risk.
aortic_condition_altered_plan,3,"A change in operative plan due to aortic pathology signals higher surgical complexity and potential for longer CPB/hemodynamic perturbations, increasing AKI risk."
intraop_blood_products_refused,1,"Refusal is a preference/constraint variable and only weakly linked to AKI unless it results in severe anemia/hypoperfusion, which is not directly captured here."
intraop_blood_products_received,3,"Greater transfusion requirement is associated with bleeding, inflammation, and hemodilution, and is an established correlate of cardiac-surgery–associated AKI."
intraop_red_blood_cells_transfused,3,RBC transfusion burden correlates with bleeding/anemia and inflammatory/hemolysis-related renal stress; it is a common perioperative AKI risk marker.
intraop_fresh_frozen_plasma_transfused,2,FFP use reflects coagulopathy/bleeding and operative complexity; association with AKI is indirect and generally weaker than ischemic time/hemodynamics.
intraop_platelets_transfused,2,Platelet transfusion indicates bleeding or platelet dysfunction and higher acuity; renal impact is indirect via shock/transfusion-related inflammation.
intraop_cryoprecipitate_transfused,2,Cryoprecipitate suggests significant bleeding/coagulopathy; it is an indirect marker of severity rather than a direct renal injury mechanism.
intra_clot_fact,2,Clotting factor administration reflects coagulopathy/bleeding severity and complex surgery; renal relevance is indirect through shock/transfusion burden.
intraop_received_amino_captroic_acid,2,"Antifibrinolytic use is mainly a marker of bleeding risk/complexity and transfusion exposure, which can indirectly increase AKI risk. It is not a direct renal toxin or hemodynamic determinant."
intraop_received_tranexamic_acid,2,"Tranexamic acid is not typically nephrotoxic; its association with AKI is mostly indirect via case complexity, bleeding, and transfusion needs. Limited direct mechanistic link to postoperative creatinine rise."
intraop_transesophageal_echocardiogram_performed,1,TEE performance reflects routine intraoperative monitoring and procedural complexity rather than a physiologic driver of renal injury. It has no direct causal link to postoperative creatinine ratio.
post_repair_aortic_insufficiency,3,"Residual aortic insufficiency can reduce effective forward cardiac output and renal perfusion, increasing AKI risk. The link is indirect and depends on severity and hemodynamic impact."
post_repair_mitral_insufficiency,3,"Residual mitral regurgitation can contribute to low forward output and venous congestion, both relevant to renal hypoperfusion/AKI. Predictive strength depends on severity and resulting hemodynamics."
post_repair_tricuspid_insufficiency,4,"Tricuspid regurgitation is closely tied to elevated right-sided pressures and renal venous congestion, a strong contributor to postoperative AKI. Persistent TR after repair can therefore be a strong predictor of creatinine rise."
op_val_surg_input,3,"Valve surgery generally implies longer bypass/cross-clamp times and higher hemodynamic perturbation than isolated CABG, increasing AKI risk. It is an established but nonspecific risk marker."
a_fib_proc_surg_input,2,"Concomitant AF procedures (e.g., Maze) increase operative complexity and may prolong bypass time, indirectly raising AKI risk. The procedure itself is not a direct renal insult."
general_anesthesia_used,1,General anesthesia is standard for cardiac surgery and provides little discriminatory information for AKI risk within this cohort. It is not a specific predictor of postoperative creatinine ratio.
intraop_prothrombin_complex_concentrate_used,3,"PCC use is a marker of major bleeding/coagulopathy and high transfusion/vasopressor exposure, which are associated with AKI. The relationship is indirect but clinically meaningful."
post_repair_aortic_mean_gradient,2,"Higher residual aortic valve gradients can reflect suboptimal valve hemodynamics and potential afterload/low-output physiology, indirectly affecting renal perfusion. Typically a weaker predictor than direct measures of shock or congestion."
post_repair_aortic_paravalvular_leak,3,Paravalvular leak can cause hemolysis and/or reduced effective forward flow leading to renal stress and AKI risk. Association is plausible and can be clinically important when moderate/severe.
post_repair_mitral_mean_gradient,2,"Elevated mitral gradients may indicate residual stenosis and higher left atrial pressures, indirectly contributing to pulmonary hypertension and right-sided congestion. Usually a secondary predictor compared with direct hemodynamic/renal markers."
post_repair_mitral_paravalvular_leak,3,"Mitral PVL can reduce effective cardiac output and cause hemolysis, both of which can contribute to postoperative AKI. Predictive value depends on leak severity and hemodynamic consequences."
post_repair_mitral_tricuspid_leak,3,"Residual combined valvular regurgitation suggests ongoing volume overload and potential low forward output/venous congestion, both relevant to AKI. It is a moderately strong but nonspecific marker."
ejection_fraction_post_procedure,4,"Lower post-procedure EF is a strong indicator of low cardiac output syndrome and impaired renal perfusion, a major driver of postoperative AKI. It is a strong physiologic predictor of subsequent creatinine rise."
pp_planed_pci,2,"Planned PCI suggests more complex coronary disease and potential contrast exposure, which can indirectly increase AKI risk. However, it is not a direct physiologic driver of postoperative creatinine rise by itself."
iabp,4,Need for an intra-aortic balloon pump indicates low cardiac output/cardiogenic shock physiology and renal hypoperfusion risk. This is a strong marker of hemodynamic instability associated with postoperative AKI.
cath_bas_assist,3,"Use of catheter-based circulatory assist implies significant perioperative hemodynamic compromise and potential renal hypoperfusion. It is an established risk marker, though less specific than direct renal biomarkers."
ecmo,5,"ECMO use reflects severe cardiopulmonary failure with high risk of renal ischemia, inflammation/hemolysis, and multi-organ dysfunction. It is one of the strongest predictors of subsequent AKI and creatinine rise in this setting."
bld_prod,4,"Blood product transfusion is associated with bleeding, hemodilution, inflammation, and hemolysis, and often co-occurs with hypotension and prolonged bypass—each increasing AKI risk. Higher transfusion burden correlates with postoperative AKI."
extubated_in_or,2,Extubation in the OR generally indicates better immediate postoperative stability and may correlate with lower AKI risk. It is an indirect marker and not a direct renal mechanism.
re_intub,3,"Re-intubation signals respiratory failure and clinical deterioration, often accompanied by hypotension, higher vasopressor needs, and fluid shifts that can worsen renal perfusion. It is a meaningful but indirect predictor of AKI."
icu_visit,1,ICU admission/visit is routine after cardiac surgery and does not specifically indicate renal injury risk in this cohort. It provides minimal discriminatory information for creatinine_ratio.
postop_hemoglobin,3,"Low postoperative hemoglobin can reduce oxygen delivery to the kidney and often reflects bleeding/transfusion needs, both linked to AKI. It is an established but nonspecific risk factor."
postop_hct,2,"Postoperative hematocrit overlaps heavily with hemoglobin and mainly reflects anemia/hemodilution. Given collinearity with hemoglobin, it adds limited independent signal for AKI risk."
postop_intub,2,"Being intubated postoperatively can reflect illness severity and sedation/ventilation needs, which may correlate with hemodynamic instability. It is an indirect marker and not a direct renal predictor."
prev_mi,3,Prior MI indicates underlying ischemic cardiomyopathy/coronary disease and higher likelihood of low cardiac output states postoperatively. This is an established comorbidity-level risk factor for AKI via impaired renal perfusion reserve.
mi_when,2,"Timing of prior MI may modestly stratify cardiac reserve and perioperative risk, but its relationship to postoperative creatinine rise is indirect. It is less predictive than direct hemodynamic support variables."
card_symp_time_of_adm,1,Symptom timing at admission is not a direct physiologic determinant of postoperative renal perfusion or nephrotoxic exposure. It is unlikely to add meaningful predictive value for creatinine_ratio.
card_symp_time_of_surg,1,Symptom timing at surgery is a weak proxy for urgency and does not directly capture renal insults or perfusion status. It has minimal mechanistic link to AKI compared with perioperative hemodynamics.
anginal_class,2,Angina class reflects coronary disease severity and may correlate with perioperative cardiac risk and potential low output. The link to AKI is indirect and generally weaker than shock/support markers.
class_nyh,3,"Higher NYHA class reflects worse baseline cardiac function and lower renal perfusion reserve, increasing susceptibility to perioperative AKI. It is an established but indirect predictor compared with direct hemodynamic/lab markers."
car_shock,5,"Cardiogenic shock implies profound low cardiac output and renal hypoperfusion, a direct mechanism for ischemic ATN and subsequent creatinine rise. Strongly predictive of AKI after cardiac surgery."
resusc,4,"Need for resuscitation suggests major perioperative instability (hypotension, bleeding, low flow) that can precipitate renal ischemia. It is a strong marker of severity though not kidney-specific."
arrhythmia,3,"Arrhythmias can reduce effective cardiac output and cause hypotension, indirectly worsening renal perfusion. As a broad category it is less specific than shock or sustained hypotension measures."
recent_cardiac_arrhythmia_vtach_vfib,4,"VT/VF episodes are associated with severe hemodynamic compromise and potential cardiac arrest/low-flow states, which strongly increase AKI risk. Indicates high acuity and renal hypoperfusion risk."
recent_arrhyth_sss,2,"Sick sinus syndrome mainly reflects conduction disease and may lead to bradycardia, but is often managed with pacing and is not a primary AKI driver. Indirect link via intermittent low output."
recent_arrhyth_a_flutter,3,"Atrial flutter can impair cardiac output and contribute to perioperative hemodynamic instability, indirectly increasing AKI risk. Less severe on average than malignant ventricular arrhythmias."
recent_arrhyth_second,2,Second-degree AV block can cause bradycardia and hypotension but is frequently treated (pacing/meds) and is not a direct renal injury marker. Indirect association through low perfusion episodes.
recent_arrhyth_third,3,"Complete heart block can cause significant bradycardia and low cardiac output until paced, which can compromise renal perfusion. Moderate predictor depending on duration/severity."
arrhyth_p_paced,2,Being paced indicates conduction disease but often stabilizes hemodynamics rather than causing renal injury. It is a weak-to-indirect marker of underlying cardiac severity.
heart_fail,4,"Heart failure is a strong established risk factor for postoperative AKI due to reduced forward flow, venous congestion, and limited renal reserve. Particularly relevant in elderly cardiac surgery patients."
recent_arrhyth_atr_fib,3,"Atrial fibrillation is common post-cardiac surgery and can reduce cardiac output and prompt vasoactive/diuretic use, indirectly affecting renal function. Predictive but not kidney-specific."
pain_score_pre,1,Preoperative pain score has no clear physiologic linkage to postoperative creatinine rise beyond nonspecific associations with illness or analgesic use. Not an established AKI predictor.
intraop_cell_saver_volume,2,"Cell saver volume is a proxy for surgical blood loss/transfusion needs and operative complexity, which can relate to AKI risk indirectly. It is not a direct hemodynamic or renal biomarker."
total_heparin_before_bypass,1,Heparin dosing before bypass is largely protocol-driven and does not directly predict renal injury. Any association with AKI is weak and confounded by procedure type/CPB duration.
total_protamine_before_or_exit,2,"Protamine dose reflects heparin reversal needs and can be associated with hypotension or pulmonary vasoconstriction in reactions, indirectly affecting renal perfusion. Generally a weak-to-indirect predictor."
intra_visco_test,2,"Viscoelastic testing (e.g., TEG/ROTEM) reflects bleeding/coagulopathy and transfusion needs, which can indirectly relate to AKI via shock/inflammation. It is not a direct renal perfusion or kidney injury marker."
vol_agent_used,2,Use of any volatile anesthetic is not a primary driver of postoperative AKI; effects are mostly indirect through hemodynamics and case complexity. Signal is likely confounded by procedure/anesthesia practice patterns.
volatile_agent_isoflurane,2,Isoflurane choice has no strong direct association with AKI compared with other volatiles; renal effects are largely mediated by blood pressure and perfusion. Any association is likely weak and confounded.
volatile_agent_sevoflurane,2,Sevoflurane has theoretical nephrotoxicity concerns (compound A) but clinically significant AKI signal in modern practice is limited. Hemodynamic effects are more relevant than agent selection itself.
volatile_agent_desflurane,2,Desflurane selection is not an established predictor of AKI; renal risk is mainly via hypotension/low cardiac output rather than the agent. Likely reflects anesthetic preference and case characteristics.
vol_agent_oth,1,Other/unspecified volatile agent category is nonspecific and unlikely to capture a mechanistic AKI risk factor. High potential for noise and confounding.
volatile_agent_used_pre_bypass,2,Pre-bypass volatile use may correlate with anesthetic depth and hemodynamic stability but is not a direct AKI driver. Any effect is indirect through peri-induction hypotension and overall case complexity.
volatile_agent_used_during_bypass,2,"During bypass, renal risk is dominated by CPB flow/pressure, hemolysis, and inflammation rather than volatile choice. Volatile use here is at most an indirect proxy for management style."
volatile_agent_used_post_bypass,2,"Post-bypass volatile use may reflect hemodynamic tolerance and sedation strategy but is not a direct predictor of AKI. Renal outcomes are more tied to perfusion pressure, vasopressor need, and low cardiac output."
volatile_agent_used_for_maintenance,2,Maintenance volatile use is not an established AKI predictor; renal effects are mediated by systemic hemodynamics. Likely confounded by anesthetic plan and surgical complexity.
intra_op_infusion_dexmedetomidine,2,"Dexmedetomidine can reduce sympathetic tone and may affect blood pressure/renal perfusion, but evidence for strong AKI prediction is inconsistent. More a marker of sedation strategy than kidney injury."
intraop_propofol_infusion,2,Propofol infusion primarily influences hemodynamics (hypotension) and sedation depth; any AKI link is indirect via perfusion. Not a direct biomarker or established strong predictor on its own.
intraop_midazolam_infusion,1,Midazolam infusion is mainly a sedation choice and has no direct nephrotoxic mechanism. Any association with AKI would be weak and confounded by illness severity and practice patterns.
total_insulin_before_or_exit,3,"Higher insulin requirements can indicate perioperative hyperglycemia/diabetes and stress response, which are established AKI risk factors after cardiac surgery. It is indirect but clinically meaningful as a marker of metabolic stress and comorbidity."
pre_anesth_bp_sys,3,"Preoperative systolic BP reflects baseline hemodynamic reserve and chronic hypertension, which increases susceptibility to renal hypoperfusion and AKI. It is an established risk factor but not definitive alone."
pre_anesth_bp_dia,3,"Preoperative diastolic BP relates to vascular tone and chronic hypertension; low diastolic pressure may also suggest limited coronary/renal perfusion reserve. It is a moderate, indirect predictor of postoperative AKI risk."
pre_anesth_hr,2,"Pre-induction tachycardia can reflect pain/anxiety, hypovolemia, or low reserve, which may correlate with perioperative instability. It is nonspecific and not a direct driver/marker of renal injury."
pulmonary_artery_catheter_used,2,Use of a PA catheter is mainly a proxy for higher surgical/ICU acuity and anticipated hemodynamic complexity. It does not directly cause AKI and is confounded by indication.
core_temp_max,2,"Higher intraoperative temperature may reflect less hypothermic protection or inflammatory stress, but links to AKI are indirect. Extremes of hypothermia/rewarming dynamics are more relevant than max temperature alone."
nitric_ox_intraop,2,Inhaled nitric oxide is typically used for pulmonary hypertension/RV dysfunction and signals cardiopulmonary severity that can secondarily affect renal perfusion. It is not a primary nephrotoxin or direct AKI biomarker.
total_crystalloid_by_anesthesia_team,3,"Large crystalloid volumes can indicate bleeding/vasoplegia and contribute to venous congestion/hemodilution, both associated with postoperative AKI risk. However, volume given is highly confounded by case complexity and resuscitation needs."
total_synthetic_colloid_by_anesthesia_team,4,"Synthetic colloids (e.g., HES) have well-described associations with AKI in critically ill and surgical patients. Even when used selectively, exposure can plausibly increase risk beyond confounding by severity."
total_5_percent_albumin_by_anesthesia_team,3,"Albumin use often reflects significant volume resuscitation/vasoplegia and may relate to fluid balance and hemodynamics affecting renal perfusion. Albumin itself is not strongly nephrotoxic, so predictive value is moderate and confounded."
gluc_trough_intraop,2,"Intraoperative hypoglycemia/low trough glucose can reflect frailty, poor reserve, or insulin management issues and may correlate with adverse outcomes. The relationship to AKI is indirect and not a primary mechanism."
vasodil_intraop,3,"Intraoperative vasodilator use can be associated with hypotension episodes and altered renal perfusion pressure, which are established AKI risk factors. It is still a treatment marker and confounded by underlying hemodynamics."
intra_proc_eeg,1,Intra-procedural EEG monitoring reflects neurologic monitoring strategy and case complexity rather than renal physiology. It has no meaningful direct link to postoperative creatinine rise.
intra_op_pre_tee,2,Pre-incision TEE use is a proxy for higher-risk cardiac pathology and closer hemodynamic assessment. It does not directly affect kidney function and is largely confounded by indication.
left_ventricular_ejection_fraction_estimate_pre_incision,4,"Reduced LVEF indicates impaired cardiac output reserve and higher likelihood of low-flow states and vasopressor/inotrope exposure, strongly linked to postoperative AKI. It is a well-established preoperative risk factor for renal hypoperfusion."
rv_function_estimate_pre_incision,4,"RV dysfunction predisposes to elevated venous pressures and renal venous congestion, a strong mechanism for postoperative AKI after cardiac surgery. It also correlates with pulmonary hypertension and difficult hemodynamic management."
mitral_valve_regurgitation_pre_incision,3,"Significant MR can reflect advanced cardiac disease and contribute to low forward output or pulmonary hypertension, indirectly increasing AKI risk. Predictive strength depends on severity and interaction with ventricular function."
mitral_stenosis_pre_incision,2,"Mitral stenosis can indicate chronic cardiac disease and pulmonary hypertension, which may secondarily affect renal perfusion. Its direct association with postoperative AKI is less consistent than ventricular dysfunction or shock states."
aortic_valve_regurgitation_pre_incision,2,"Aortic regurgitation can be associated with volume overload and reduced effective forward perfusion in severe cases, indirectly affecting renal blood flow. Overall it is a weaker and more variable predictor than LVEF/RV function or perioperative hypotension."
aortic_stenosis_regurgitation_pre_incision,3,"Significant aortic valve disease can predispose to perioperative low cardiac output and hypotension, reducing renal perfusion and increasing AKI risk. It is an established but indirect predictor compared with direct hemodynamic/lab markers."
pre_ava_assessed,1,Whether aortic valve area was assessed is primarily a documentation/measurement indicator rather than a physiologic exposure. It does not directly inform renal perfusion or nephrotoxic risk.
pre_tr,3,"Tricuspid regurgitation can reflect right-sided dysfunction and venous congestion, which is associated with renal congestion and AKI after cardiac surgery. It is a meaningful comorbidity but not a direct biomarker."
pre_pfo,1,Presence of a PFO has little direct relationship to postoperative renal perfusion or nephrotoxic exposure. Any association with AKI would be weak and indirect.
asc_ao_assessed,1,Assessment of the ascending aorta is largely procedural/documentation and does not itself represent a renal insult. It is not a physiologic driver of AKI.
maximal_ascending_aortic_diameter,2,"A larger ascending aorta may correlate with more complex surgery and longer bypass/cross-clamp times, indirectly increasing AKI risk. The link is plausible but not direct."
maximal_ascending_aortic_atherosclerotic_thickness,2,"Aortic atherosclerosis indicates systemic vascular disease and may increase embolic risk and operative complexity, which can contribute indirectly to AKI. It is not a primary renal perfusion marker."
ascending_aortic_atheroma_mobility,2,"Mobile atheroma increases embolic risk and may signal higher-risk surgery, which can secondarily increase AKI risk. Direct renal prediction is limited without concurrent hemodynamic/lab data."
visualize_aortic_arch,1,Whether the arch was visualized is a procedural/measurement variable and not a physiologic exposure. It has minimal direct relevance to postoperative creatinine rise.
mx_arc_ath,2,"Arch atheroma burden reflects systemic atherosclerosis and potential embolic/complex operative course, indirectly linked to AKI. It is weaker than direct hemodynamic instability or renal labs."
aortic_arch_atheroma_mobility,2,"Mobile arch atheroma suggests higher embolic risk and potentially more complex surgery, which can indirectly increase AKI risk. It is not a direct renal injury marker."
cpb_used,4,"Use of cardiopulmonary bypass is strongly associated with postoperative AKI via inflammation, hemolysis, nonpulsatile flow, and ischemia-reperfusion injury. It is a major established perioperative risk factor."
retr_autol_prim,2,"Autologous priming/retrograde autologous priming can affect hemodilution and transfusion needs, which may influence AKI risk indirectly. The direction and magnitude are variable, so it is not a strong standalone predictor."
total_crystalloid_by_perfusion_team,3,"Large crystalloid volumes during bypass can reflect hemodilution, capillary leak, and overall operative complexity, contributing to renal congestion and AKI risk. It is an established but indirect predictor compared with direct perfusion pressure/urine output."
total_synthetic_colloid_by_perfusion_team,3,"Synthetic colloids (depending on type, e.g., HES) have been associated with AKI in critical illness and may worsen renal outcomes. Even when used intraoperatively, higher exposure plausibly increases AKI risk."
total_5_percent_albumin_by_perfusion_team,2,Albumin use mainly reflects volume management strategy and illness severity; evidence for direct renal harm is limited compared with synthetic colloids. It may correlate with hemodynamic instability but is not a primary AKI driver.
hemofil_perf,4,"Need for hemofiltration/perfusion support implies significant fluid overload, metabolic derangement, or early renal dysfunction, all strongly associated with subsequent AKI and creatinine rise."
inotrop_wean_cpb,3,"Difficulty weaning inotropes after CPB suggests low cardiac output and impaired renal perfusion, an established risk factor for postoperative AKI."
vasop_wean_cpb,3,"Ongoing vasopressor requirement after CPB reflects vasoplegia/shock physiology and renal hypoperfusion risk, which is commonly linked to AKI."
intra_op_post_tee,2,Having a post-op intraoperative TEE is more a marker of intraoperative concern/complexity than a direct renal mechanism; it may correlate indirectly with hemodynamic instability.
systolic_anterior_motion_mitral_valve_presence,3,"SAM can cause dynamic LVOT obstruction and hypotension/low forward flow, which can reduce renal perfusion and increase AKI risk if sustained."
ret_cpb_ech,2,"Returning to CPB based on echo indicates operative complexity and instability, but it is an indirect proxy rather than a direct renal biomarker."
left_ventricular_ejection_fraction_estimate_post_incision,3,"Reduced LVEF is an established risk factor for postoperative low cardiac output syndrome and renal hypoperfusion, increasing AKI risk."
post_rv_fx,3,"RV dysfunction can reduce LV preload and cardiac output and raise venous congestion, both of which can impair renal perfusion and promote AKI."
intra_card_arr,3,"Intraoperative arrhythmias can cause episodic hypotension/low output and need for vasoactive support, which are established contributors to AKI risk."
post_core_temp,2,Postoperative hypothermia/rewarming reflects CPB/anesthesia effects and illness severity but is not a primary driver of AKI compared with perfusion and shock markers.
post_inr,2,"Elevated INR reflects hepatic dysfunction, hemodilution, or coagulopathy/bleeding risk and overall severity, but has only an indirect relationship to AKI."
post_wbc,2,Leukocytosis is a nonspecific inflammation/stress marker; it may correlate with infection/SIRS that can contribute to AKI but is not a direct predictor.
post_plt,2,"Thrombocytopenia can indicate CPB-related consumption, bleeding, or systemic inflammation and correlates with severity, but is an indirect AKI marker."
post_hct,3,Low hematocrit/anemia reduces oxygen delivery and often reflects bleeding/transfusion needs; both are established contributors to postoperative AKI risk.
post_fibrin,2,"Fibrinogen reflects inflammation and coagulation status and may track bleeding/consumption, but it is not a direct mechanistic predictor of AKI."
post_lact,4,"Elevated lactate is a strong marker of tissue hypoperfusion/low cardiac output after cardiac surgery, which is strongly linked to subsequent AKI and creatinine rise."
prop_post,2,"Postoperative propofol exposure is not directly nephrotoxic, but higher requirements can proxy for prolonged ventilation/instability that may correlate with AKI risk."
pain_score_pod3,1,Pain score on POD3 is temporally distant and not a physiologic driver of renal injury; it is more reflective of comfort/analgesia practices than kidney perfusion.
current_smoker,2,"Active smoking is associated with vascular disease and perioperative pulmonary complications, which can indirectly increase AKI risk, but it is not a strong short-term predictor of creatinine rise post-cardiac surgery."
former_smoker,1,Former smoking has a weaker and less immediate association with postoperative AKI than active smoking and adds limited incremental prognostic value in this setting.
pre_op_arrhyth_a_fib_paroxysmal,2,"Paroxysmal AF can be a marker of cardiac disease and perioperative hemodynamic variability, indirectly affecting renal perfusion, but is not a primary AKI driver."
pre_op_arrhyth_a_fib_persistent,3,"Persistent AF more strongly reflects chronic cardiac dysfunction and risk of low cardiac output/venous congestion postoperatively, which are established contributors to AKI."
cardioplegia_delivery_antegrade,1,"Antegrade cardioplegia route is primarily a surgical technique choice and is not directly linked to renal injury compared with global perfusion variables (e.g., bypass time, hypotension)."
cardioplegia_delivery_retrograde,1,Retrograde cardioplegia is a procedural detail with limited direct mechanistic connection to postoperative AKI relative to hemodynamics and nephrotoxins.
cplegia_type_blood,1,Blood cardioplegia type has no clear direct relationship to postoperative creatinine rise; renal risk is driven more by systemic perfusion/inflammation than cardioplegia composition.
cplegia_type_crystalloid,1,"Crystalloid cardioplegia type is not a direct predictor of AKI; any effect would be indirect and typically outweighed by perfusion pressure, CPB duration, and postoperative shock."
heart_fail_tmg_acute,4,"Acute heart failure around surgery strongly increases risk of low cardiac output and renal hypoperfusion/venous congestion, making it a strong predictor of postoperative creatinine rise."
heart_fail_tmg_chronic,3,"Chronic heart failure is an established AKI risk factor via baseline low forward flow and congestion, but its predictive strength is less direct than acute decompensation."
heart_fail_type_systolic,3,"Systolic dysfunction is associated with low cardiac output states and need for vasoactive support, both linked to AKI risk after cardiac surgery."
heart_fail_type_diastolic,2,"Diastolic dysfunction can contribute to congestion and perioperative instability, but its association with AKI is generally less direct than systolic failure or overt shock."
0_12h_pulse_oximetry_mean,2,"Early mean oxygen saturation may reflect immediate postoperative respiratory status, but in the 0–12h window it is often transient and less specific for renal hypoxia; capped by early-epoch rule."
13_24h_pulse_oximetry_mean,2,"Sustained lower mean SpO2 in 13–24h can indicate ongoing hypoxemia and higher illness severity that may worsen renal oxygen delivery, but mean values are indirect and nonspecific."
25_36h_pulse_oximetry_mean,2,"Sustained average oxygenation may relate indirectly to renal hypoxia, but mean SpO2 can mask brief hypoxemic insults that are more relevant to AKI risk."
0_12h_pulse_oximetry_max,1,High maximum SpO2 is not a marker of renal risk and is often driven by supplemental oxygen early post-op; limited physiologic link to AKI.
13_24h_pulse_oximetry_max,1,Maximum SpO2 mainly reflects oxygen delivery/FiO2 rather than pathology; not a meaningful predictor of renal injury.
25_36h_pulse_oximetry_max,1,A high SpO2 maximum is generally non-informative for AKI and largely reflects oxygen therapy rather than renal perfusion status.
0_12h_pulse_oximetry_min,3,"Hypoxemia can contribute to renal ischemia, but in the immediate 0–12h post-op period transient desaturations are common; still an established indirect risk signal."
13_24h_pulse_oximetry_min,3,"Lower SpO2 minima suggest ongoing hypoxemia and higher illness severity, which can worsen renal oxygen delivery and AKI risk."
25_36h_pulse_oximetry_min,4,"Late (25–36h) hypoxemia is a strong marker of persistent cardiopulmonary dysfunction and systemic hypoxia, which can directly worsen renal ischemia and AKI risk."
0_12h_pulse_oximetry_measured,1,Measurement frequency reflects monitoring intensity rather than physiology; early post-op SpO2 is routinely monitored in nearly all ICU patients.
13_24h_pulse_oximetry_measured,1,SpO2 measurement frequency is largely standard-of-care and is a weak behavioral proxy for acuity with minimal specific linkage to AKI.
25_36h_pulse_oximetry_measured,1,Continued frequent SpO2 checks are common ICU practice and do not specifically indicate impending renal injury.
0_12h_r_pulmonary_artery_pressure_mean_mean,2,"Mean PAP reflects RV afterload and congestion that can impair renal perfusion, but early post-op values are often transient and influenced by ventilation/CPB effects."
13_24h_r_pulmonary_artery_pressure_mean_mean,3,"Persistently elevated mean PAP suggests RV strain/venous congestion, which is an established contributor to cardiorenal syndrome and AKI risk."
25_36h_r_pulmonary_artery_pressure_mean_mean,4,"Later sustained elevation in mean PAP is a strong indicator of ongoing RV dysfunction and systemic venous congestion, which can directly reduce renal perfusion pressure and precipitate AKI."
0_12h_r_pulmonary_artery_pressure_mean_max,2,"Peak PAP may capture acute pulmonary hypertensive episodes affecting RV output, but in 0–12h this is often transient and treatment-related; capped to reduce redundancy vs later epochs."
13_24h_r_pulmonary_artery_pressure_mean_max,2,"While PAP spikes can matter, the sustained level is typically more pathophysiologically relevant for renal congestion; max is capped to limit collinearity with mean."
25_36h_r_pulmonary_artery_pressure_mean_max,2,"Acute PAP peaks may reflect episodic events, but for AKI the sustained congestion/hemodynamics (mean) is usually the key driver; max is capped to avoid redundancy."
0_12h_r_pulmonary_artery_pressure_mean_min,2,"Low pulmonary artery pressure can reflect low RV output/low preload states that may reduce renal perfusion, but early post-op values are often transient and treatment-related. Also, as a ""min"" of a mean-derived signal it is less directly interpretable than true hemodynamic extremes."
13_24h_r_pulmonary_artery_pressure_mean_min,2,"Persistently low PA pressures may indicate ongoing low flow or aggressive diuresis/vasodilation that can contribute to AKI risk, but it remains an indirect marker. Other hemodynamic variables (e.g., MAP/CI) are typically more proximal to renal perfusion."
25_36h_r_pulmonary_artery_pressure_mean_min,3,"In the 25–36h window, low PA pressures can be a leading indicator of sustained low cardiac output or inadequate filling, both associated with renal hypoperfusion and AKI. Still indirect and confounded by ventilator/PEEP and RV pathology."
0_12h_r_pulmonary_artery_pressure_mean_measured,1,"Measurement frequency mainly reflects monitoring intensity and clinician concern rather than a physiologic mechanism for AKI. In the immediate post-op period, frequent PA measurements are common and not specific for impending renal injury."
13_24h_r_pulmonary_artery_pressure_mean_measured,2,"More frequent PA pressure checks may indicate hemodynamic instability or concern for shock/heart failure, which correlates with AKI risk, but it is a behavioral proxy. Not a direct physiologic predictor."
25_36h_r_pulmonary_artery_pressure_mean_measured,2,"Ongoing frequent PA monitoring late in the first 36h suggests persistent instability or complex management, which can track with AKI risk. Still non-mechanistic and should be kept low to avoid overinterpreting care patterns."
0_12h_r_device_continuous_cardiac_index_measured,1,How often continuous cardiac index is recorded reflects device presence/acuity rather than renal physiology. Early post-op continuous monitoring is routine and not specific for AKI.
13_24h_r_device_continuous_cardiac_index_measured,2,"Continued intensive CI monitoring may indicate ongoing low-output concerns, which are linked to AKI, but the feature is still measurement frequency rather than CI itself. Therefore it remains a weak, indirect predictor."
25_36h_r_device_continuous_cardiac_index_measured,2,"Persistent frequent CI documentation in the 25–36h window can signal unresolved shock/low-output state management, associated with AKI risk. As a behavioral proxy, it should not be weighted highly."
0_12h_r_central_venous_pressure_mean,2,"Elevated CVP can impair renal venous outflow and reduce GFR, but mean values in the immediate post-op period are heavily influenced by fluids, ventilation, and transient RV dysfunction. Conservatively scored due to early epoch and averaging."
13_24h_r_central_venous_pressure_mean,3,"Sustained higher CVP over 13–24h suggests venous congestion/right-sided failure, a recognized contributor to cardiorenal AKI after cardiac surgery. Mean CVP is still less specific than extremes but reflects ongoing congestion."
25_36h_r_central_venous_pressure_mean,4,"In the 25–36h window, persistently elevated mean CVP is a strong indicator of venous congestion and impaired renal perfusion pressure (MAP−CVP), which is closely linked to AKI. This is a clinically meaningful hemodynamic driver rather than a transient post-op artifact."
0_12h_r_central_venous_pressure_max,3,"High CVP spikes can reflect acute RV failure, tamponade physiology, or excessive volume/PEEP, all of which can precipitate renal congestion and AKI. Capped at 3 due to the 0–12h epoch where transient extremes are common."
13_24h_r_central_venous_pressure_max,4,"A high CVP maximum during 13–24h suggests episodic severe venous congestion or RV dysfunction, which is strongly associated with postoperative AKI. Extremes better capture pathologic congestion than means, so this is weighted higher."
25_36h_r_central_venous_pressure_max,5,"A very high CVP maximum close to the outcome window is a potent marker of severe venous congestion/right heart failure or obstructive physiology, which can directly drive AKI via reduced renal perfusion pressure and renal edema. As an extreme in the leading-indicator epoch, it best captures the injurious insult."
0_12h_r_central_venous_pressure_min,1,"Low CVP minima early post-op often reflect transient hypovolemia, measurement noise, or ventilator effects and are less consistently linked to AKI than congestion. Also redundant with other perfusion markers and therefore kept low."
13_24h_r_central_venous_pressure_min,2,"Low CVP can reflect relative hypovolemia and reduced renal perfusion, but CVP extremes (especially high CVP/venous congestion) are typically more predictive of AKI than the minimum value."
25_36h_r_central_venous_pressure_min,3,"Persistently low CVP closer to the outcome can indicate ongoing underfilling/low preload with risk of renal hypoperfusion, though it is less direct than markers of venous congestion or hypotension."
0_12h_r_central_venous_pressure_measured,1,Measurement frequency mainly reflects monitoring intensity immediately post-op and is not a physiologic driver of AKI; early post-bypass monitoring is routine.
13_24h_r_central_venous_pressure_measured,1,How often CVP is charted is largely a care-process variable and only weakly proxies acuity; it does not directly indicate renal injury risk.
25_36h_r_central_venous_pressure_measured,2,"More frequent CVP measurement late may reflect clinician concern for hemodynamic instability/volume status that can relate to AKI risk, but it remains an indirect behavioral proxy."
0_12h_r_fio2_mean,2,"Higher average FiO2 can reflect respiratory failure/overall severity, which correlates with AKI risk, but early post-op oxygen needs are often transient and nonspecific."
13_24h_r_fio2_mean,2,"Sustained oxygen requirement suggests ongoing cardiopulmonary dysfunction and higher illness severity, indirectly increasing AKI risk, but FiO2 is not a direct renal perfusion marker."
25_36h_r_fio2_mean,3,"Persistently elevated FiO2 closer to hour 60 indicates ongoing hypoxemia/shock physiology or pulmonary edema, which is associated with higher AKI risk via systemic hypoxia and severity of illness."
0_12h_r_fio2_max,2,"A high FiO2 spike may indicate acute hypoxemia during immediate post-op instability, but this window is often transient and less prognostic for later AKI."
13_24h_r_fio2_max,3,"Episodes requiring very high FiO2 in the trajectory phase suggest significant hypoxemia or cardiopulmonary compromise, which is more predictive than the mean for downstream AKI risk."
25_36h_r_fio2_max,4,"Late need for very high FiO2 is a strong marker of severe ongoing respiratory/cardiac dysfunction and systemic hypoxia, which is strongly associated with subsequent AKI after cardiac surgery."
0_12h_r_fio2_min,1,Minimum FiO2 largely reflects weaning/ventilator practice and is not a pathologic insult; it provides little specific information about AKI risk.
13_24h_r_fio2_min,1,Lower minimum FiO2 mainly indicates periods of stability or weaning and is not mechanistically linked to AKI; it is less informative than FiO2 maxima.
25_36h_r_fio2_min,2,"A higher minimum FiO2 (i.e., inability to wean) can indicate persistent illness severity and indirectly higher AKI risk, but it is still less specific than FiO2 maxima."
0_12h_r_fio2_measured,1,Frequency of FiO2 documentation is routine in ventilated post-cardiac surgery patients and does not directly reflect renal injury risk.
13_24h_r_fio2_measured,1,FiO2 measurement frequency is primarily a care-process variable and only weakly proxies acuity; it is not a physiologic predictor of AKI.
25_36h_r_fio2_measured,2,"Measurement frequency reflects respiratory instability/acuity and clinician concern rather than a direct renal mechanism. Could correlate with shock/ARDS severity that secondarily increases AKI risk, but is indirect."
0_12h_r_vent_resp_rate_set_mean,2,Average set RR early post-op mainly reflects ventilator management and sedation rather than renal perfusion. Any AKI link is indirect via acid-base/CO2 effects and overall illness severity.
13_24h_r_vent_resp_rate_set_mean,2,"Sustained higher set RR may indicate ongoing respiratory failure or metabolic acidosis, which can track with severity of illness and AKI risk. Still an indirect marker and mean is less informative than extremes."
0_12h_r_vent_resp_rate_set_max,3,"High maximum set RR in the immediate post-op period can reflect acute respiratory failure or severe metabolic acidosis, both associated with higher AKI risk via systemic stress and hemodynamic compromise. Capped by 0–12h epoch limit."
13_24h_r_vent_resp_rate_set_max,3,"A high max set RR during 13–24h suggests persistent/worsening respiratory failure or acidosis, which correlates with higher AKI risk. More informative than mean/min for capturing acute deterioration."
0_12h_r_vent_resp_rate_set_min,1,Low minimum set RR is usually driven by sedation/weaning strategy and is not a recognized trigger for AKI. Early post-op values are often transient and non-specific.
13_24h_r_vent_resp_rate_set_min,1,Low minimum set RR typically reflects ventilator weaning or sedation depth rather than renal hypoperfusion. Weak and non-specific association with AKI.
0_12h_r_vent_resp_rate_set_measured,1,Measurement frequency is a documentation/monitoring behavior and not a physiologic driver of AKI. Early post-op ventilator checks are routine.
13_24h_r_vent_resp_rate_set_measured,1,"Counts of RR setting measurements mainly reflect workflow and monitoring intensity, not kidney injury biology. At most a weak proxy for acuity."
25_36h_r_vent_resp_rate_set_measured,2,"More frequent ventilator setting documentation late may indicate instability or active titration, which can correlate with severity and AKI risk. Still a behavioral proxy, not a direct renal predictor."
0_12h_r_vent_tidal_volume_set_mean,2,Mean set tidal volume early post-op reflects ventilator strategy and predicted body weight rather than renal perfusion. Any AKI association is indirect via lung injury/inflammation and illness severity.
13_24h_r_vent_tidal_volume_set_mean,2,"Sustained higher tidal volumes may contribute to ventilator-induced lung injury and systemic inflammation, indirectly increasing AKI risk. Mean values are less specific than extremes and remain indirect."
25_36h_r_vent_tidal_volume_set_mean,2,"Later sustained tidal volume strategy may track with ongoing respiratory failure and systemic inflammation, which can worsen AKI risk. Still not a direct renal perfusion marker and mean is less pathologic than extremes."
0_12h_r_vent_tidal_volume_set_max,3,"High maximum tidal volume can indicate non-protective ventilation or poor compliance, potentially increasing systemic inflammation and AKI risk. Capped by 0–12h epoch limit and remains indirect."
13_24h_r_vent_tidal_volume_set_max,3,"A high max tidal volume during 13–24h suggests ongoing non-protective ventilation needs or poor lung mechanics, which can correlate with multi-organ dysfunction including AKI. More informative than mean for capturing potentially injurious settings."
25_36h_r_vent_tidal_volume_set_max,3,"High max tidal volume close to the outcome window may reflect persistent severe lung disease or non-protective ventilation, associated with systemic inflammation and higher AKI risk. Still an indirect predictor rather than a renal biomarker."
0_12h_r_vent_tidal_volume_set_min,1,"Low set tidal volume is not a direct AKI driver; it mainly reflects ventilator strategy. In the immediate 0–12h post-op period it is often protocolized and transient, limiting prognostic value."
13_24h_r_vent_tidal_volume_set_min,1,Minimum set tidal volume is weakly related to AKI and largely reflects ventilation management rather than renal perfusion. Any association would be indirect via severity of illness.
25_36h_r_vent_tidal_volume_set_min,2,"Persistently low set tidal volume may indicate ongoing respiratory failure/ARDS and higher illness severity, which can correlate with AKI risk. Still indirect and not a primary renal mechanism."
0_12h_r_vent_tidal_volume_set_measured,1,"Measurement frequency is a documentation/monitoring proxy rather than physiology. Early post-op ventilator settings are routinely charted, so this adds little AKI-specific signal."
13_24h_r_vent_tidal_volume_set_measured,1,Charting frequency of tidal volume is primarily workflow-related and standard in ventilated ICU patients. It does not specifically indicate impending AKI.
25_36h_r_vent_tidal_volume_set_measured,1,"More frequent recording of tidal volume is not a renal biomarker and is usually routine. At most it reflects general acuity, so it should be kept low to avoid behavioral-noise predictors."
0_12h_r_vent_peep_mean,2,"Higher mean PEEP can reduce venous return/cardiac output and raise renal venous pressure, indirectly worsening renal perfusion. In 0–12h it is often transient and protocol-driven, so score is capped conservatively."
13_24h_r_vent_peep_mean,2,"Sustained higher PEEP may reflect ongoing lung injury and can contribute to lower renal perfusion via hemodynamic effects. Mean is less informative than extremes for acute insults, so kept low."
25_36h_r_vent_peep_mean,3,Persistently elevated mean PEEP closer to outcome can indicate significant respiratory failure and ongoing hemodynamic compromise that increases AKI risk. Still indirect and less specific than PEEP maxima.
0_12h_r_vent_peep_max,3,"High peak PEEP can acutely impair cardiac output and renal perfusion and may signal severe pulmonary dysfunction. In the immediate post-op window derangements are common, so capped at the 0–12h maximum score."
13_24h_r_vent_peep_max,3,"A high PEEP maximum in 13–24h suggests persistent or worsening respiratory failure and potential hemodynamic compromise, both linked to AKI. Extremes are more pathophysiologically relevant than means."
25_36h_r_vent_peep_max,4,"High PEEP maxima in 25–36h can directly worsen renal perfusion (reduced preload/CO, increased renal venous congestion) and indicate severe critical illness near the outcome window. This is a stronger leading indicator than mean/min PEEP."
0_12h_r_vent_peep_min,1,Minimum PEEP largely reflects baseline ventilator settings and is not a marker of renal insult. In 0–12h it is especially protocolized and not AKI-specific.
13_24h_r_vent_peep_min,1,Low minimum PEEP is not a recognized AKI trigger and may simply reflect weaning or stable ventilation. It provides little incremental information compared with PEEP maxima.
25_36h_r_vent_peep_min,1,Minimum PEEP is weakly related to AKI and is generally not the pathologic exposure; extremes on the high end are more relevant. Kept low to reduce collinearity with more informative PEEP features.
0_12h_r_vent_peep_measured,1,PEEP measurement frequency is a behavioral/documentation proxy and is routinely recorded early after cardiac surgery. It does not specifically indicate renal injury risk.
13_24h_r_vent_peep_measured,1,Measurement frequency reflects clinician behavior/acuity rather than a physiologic driver of AKI. PEEP monitoring is routine in ventilated post-cardiac surgery patients.
25_36h_r_vent_peep_measured,1,"Counts of PEEP documentation/orders are not a direct mechanism for kidney injury and mainly proxy ICU attention. Even close to outcome, it is weakly informative at best."
0_12h_r_vent_plateau_pressure_mean,2,"Higher plateau pressures can reduce venous return/cardiac output and worsen renal perfusion, but the mean smooths short hypotensive/low-flow insults. In the immediate post-op window, transient ventilator changes are common, so prognostic value is limited."
13_24h_r_vent_plateau_pressure_mean,2,"Sustained higher plateau pressure may indicate ongoing lung injury and higher intrathoracic pressures affecting renal perfusion, but mean is less sensitive than extremes. Collinearity with max/min makes mean a secondary choice."
0_12h_r_vent_plateau_pressure_max,3,"Peak plateau pressures capture acute high intrathoracic pressure episodes that can impair cardiac output and renal blood flow. In 0–12h, this may be transient post-op physiology, so capped at moderate importance."
13_24h_r_vent_plateau_pressure_max,3,"Elevated maximum plateau pressure in 13–24h suggests persistent poor lung mechanics/ARDS physiology and higher intrathoracic pressures that can compromise renal perfusion. Max better captures harmful episodes than mean, but remains indirect for AKI."
0_12h_r_vent_plateau_pressure_min,1,Minimum plateau pressure is not a marker of injurious ventilation or hemodynamic compromise and is unlikely to predict AKI. It is also highly collinear with other plateau summaries without capturing pathology.
13_24h_r_vent_plateau_pressure_min,1,Low minimum plateau pressure generally reflects periods of less ventilatory stress and does not indicate renal hypoperfusion risk. Provides little incremental AKI signal versus max.
0_12h_r_vent_plateau_pressure_measured,1,Frequency of plateau pressure measurement is a care-pattern variable and not a physiologic determinant of AKI. Early post-op ventilator assessments are routine.
13_24h_r_vent_plateau_pressure_measured,1,Measurement count mainly reflects clinician monitoring intensity rather than kidney injury biology. At most it weakly proxies respiratory instability.
25_36h_r_vent_plateau_pressure_measured,2,"More frequent plateau checks late may reflect worsening respiratory mechanics/ARDS and higher overall acuity, which correlates with AKI risk. Still a behavioral proxy, so kept low."
0_12h_r_vent_minute_ventilation_mean,2,"Minute ventilation relates to acid-base status and work of breathing; extremes may reflect shock, sepsis, or metabolic acidosis that can accompany AKI risk. Mean in the immediate post-op period is often protocol-driven and less specific."
13_24h_r_vent_minute_ventilation_mean,2,"Persistently elevated minute ventilation can indicate ongoing metabolic acidosis or systemic stress, indirectly associated with AKI. Mean is less informative than max/min for capturing acute derangements and is collinear with them."
0_12h_r_vent_minute_ventilation_max,3,"High maximum minute ventilation may signal acute metabolic acidosis/hypercapnia management or systemic stress (e.g., low perfusion) that can precede AKI. In 0–12h, many changes are transient post-op, so moderate importance only."
13_24h_r_vent_minute_ventilation_max,3,"A high max minute ventilation in 13–24h suggests ongoing metabolic demand/acidosis or respiratory failure, which correlates with hemodynamic stress and AKI risk. Max captures clinically meaningful episodes better than mean."
0_12h_r_vent_minute_ventilation_min,1,Low minimum minute ventilation often reflects sedation/controlled ventilation rather than a renal hypoperfusion insult. It is not a recognized AKI predictor and adds little beyond other summaries.
13_24h_r_vent_minute_ventilation_min,2,"Low minute ventilation can reflect hypoventilation/sedation or ventilator weaning rather than a direct renal insult; only indirectly relates to AKI via hypercapnia/acidosis and overall severity. As a minimum, it captures an extreme but is still not a primary AKI driver."
0_12h_r_vent_minute_ventilation_measured,1,Measurement frequency mainly reflects monitoring intensity immediately post-op and is not a physiologic mechanism for AKI. In the 0–12h window it is especially routine and nonspecific.
13_24h_r_vent_minute_ventilation_measured,1,Number of measurements is a care-pattern proxy and not directly linked to kidney injury. At 13–24h it may reflect acuity but remains nonspecific for AKI.
25_36h_r_vent_minute_ventilation_measured,2,"More frequent ventilator documentation late may indicate ongoing respiratory failure/instability, which correlates with multi-organ dysfunction and AKI risk. Still a behavioral proxy, so capped low."
0_12h_respiratory_therapy_o2_device_mean,1,Average oxygen device level early post-op is heavily influenced by routine extubation/weaning pathways and does not directly drive AKI. Mean values smooth clinically relevant extremes.
13_24h_respiratory_therapy_o2_device_mean,2,"Persistently higher average oxygen support can indicate ongoing pulmonary dysfunction and systemic illness, indirectly increasing AKI risk. Mean aggregation is less informative than maximum support level."
25_36h_respiratory_therapy_o2_device_mean,2,"Higher average oxygen device requirement closer to outcome suggests sustained respiratory failure and higher illness severity, indirectly associated with AKI. Mean is still less specific than peak support."
0_12h_respiratory_therapy_o2_device_max,2,"Peak oxygen device requirement in the immediate post-op period may reflect transient post-bypass lung dysfunction and severity, indirectly linked to AKI. Conservative scoring due to common early transient derangements (0–12h cap)."
13_24h_respiratory_therapy_o2_device_max,3,"Maximum oxygen support in 13–24h captures clinically meaningful respiratory failure trajectory, which correlates with hemodynamic stress and multi-organ dysfunction including AKI. Extreme support level is more informative than mean/min."
25_36h_respiratory_therapy_o2_device_max,4,"High peak oxygen device requirement at 25–36h is a strong marker of ongoing respiratory failure/critical illness, often accompanying shock, inflammation, and renal hypoperfusion. As an extreme close to the outcome window, it is a strong AKI predictor."
0_12h_respiratory_therapy_o2_device_min,1,Minimum oxygen device level early post-op often reflects brief periods of stability or documentation artifacts and is not a renal risk marker. Min aggregation is generally not capturing AKI-relevant pathology here.
13_24h_respiratory_therapy_o2_device_min,1,Minimum oxygen support is weakly informative and can be driven by intermittent weaning attempts rather than sustained physiology. It does not capture the respiratory failure extremes most associated with AKI risk.
25_36h_respiratory_therapy_o2_device_min,1,Minimum oxygen device requirement late may reflect transient improvement and is not a trigger for AKI. It is less clinically relevant than maximum support for capturing severity.
0_12h_respiratory_therapy_o2_device_measured,1,"Frequency of documenting/ordering oxygen device assessments is routine in the immediate post-op period and not mechanistically linked to AKI. As a behavioral proxy, it provides minimal specific prognostic value."
13_24h_respiratory_therapy_o2_device_measured,1,"Measurement frequency reflects care intensity rather than physiology and is nonspecific for kidney injury. Any association would be via general acuity, so kept low."
25_36h_respiratory_therapy_o2_device_measured,2,"More frequent respiratory therapy assessments at 25–36h may indicate persistent respiratory instability and higher overall severity, indirectly associated with AKI. Still a behavioral proxy, so limited to a low score."
0_12h_r_chest_tube_output_mean,2,"Chest tube output reflects bleeding/inflammation and can contribute to hypovolemia/transfusion needs, indirectly affecting renal perfusion. In the immediate 0–12h period it is often transient and the mean is less informative than extremes."
13_24h_r_chest_tube_output_mean,2,"Ongoing average drainage may indicate continued bleeding or effusion management with potential volume depletion, but it is an indirect AKI driver. Mean is less specific than peak output for acute hemodynamic insult."
25_36h_r_chest_tube_output_mean,2,"Persistently elevated average output late may signal ongoing losses and need for resuscitation, which can affect kidney perfusion. However, mean remains a nonspecific proxy compared with maximum output."
0_12h_r_chest_tube_output_max,3,"High peak chest tube output can indicate significant bleeding leading to hypotension, transfusion, and renal hypoperfusion. In 0–12h this is common post-op, so capped at moderate importance."
13_24h_r_chest_tube_output_max,3,A high peak output in 13–24h suggests ongoing bleeding/tamponade physiology risk and potential hemodynamic instability impacting renal perfusion. Still indirect and not a renal biomarker.
25_36h_r_chest_tube_output_max,4,"Late peak chest tube output is more abnormal and may reflect ongoing hemorrhage or complications causing sustained hypoperfusion and transfusion exposure, both strongly linked to AKI. This window is closer to the creatinine outcome and more prognostic."
0_12h_r_chest_tube_output_min,1,Minimum output is usually near zero and does not capture bleeding severity or hemodynamic insult. It has little mechanistic link to AKI compared with maximum output.
13_24h_r_chest_tube_output_min,1,Minimum drainage provides minimal information about clinically meaningful blood loss or volume depletion. It is not a recognized predictor of postoperative AKI.
25_36h_r_chest_tube_output_min,1,Minimum output late is typically uninformative and does not reflect the magnitude of losses or instability. It adds little beyond other summaries like maximum output.
0_12h_r_chest_tube_output_measured,1,Measurement frequency mainly reflects nursing/ICU routine and documentation rather than physiology. It is a weak behavioral proxy for acuity and not specific for AKI risk.
13_24h_r_chest_tube_output_measured,1,How often output is recorded is largely protocol-driven and not a direct marker of bleeding severity or renal injury. At most it reflects general monitoring intensity.
25_36h_r_chest_tube_output_measured,1,Recording frequency is not a physiological mechanism and is unlikely to add specific prognostic value for creatinine rise. It is primarily a care-process variable.
0_12h_r_pap_systolic_mean,2,"Mean systolic PAP reflects pulmonary hypertension/right ventricular load, which can affect cardiac output and renal perfusion indirectly. In 0–12h values are often influenced by ventilation/CPB effects and mean is less sensitive than extremes."
13_24h_r_pap_systolic_mean,3,"Persistently elevated mean systolic PAP may indicate RV dysfunction and venous congestion, both associated with postoperative AKI risk. Still indirect and less informative than peak pressures or direct perfusion measures."
25_36h_r_pap_systolic_mean,3,Sustained elevated PAP closer to hour 60 can signal ongoing RV failure/venous congestion reducing renal perfusion gradient. Mean captures chronic load but is less specific than maxima for acute decompensation.
0_12h_r_pap_systolic_max,3,"High peak systolic PAP can reflect acute RV strain, hypoxia/hypercapnia, or pulmonary vasoconstriction that may reduce forward flow and renal perfusion. In the immediate post-op window this can be transient, so importance is moderated."
13_24h_r_pap_systolic_max,2,"Elevated PAP systolic can reflect RV strain/PH and venous congestion that may contribute to AKI, but it is an indirect marker. Max is more relevant than mean for acute RV afterload spikes, yet in this mid window it is only moderately informative."
25_36h_r_pap_systolic_max,3,"Late persistent or episodic high PAP systolic suggests ongoing RV afterload and potential venous congestion, which is associated with renal dysfunction after cardiac surgery. As an extreme value close to the outcome window, it can be a meaningful hemodynamic risk indicator."
0_12h_r_pap_systolic_min,2,"Low PAP systolic may indicate low RV output/low flow states that can reduce renal perfusion, but immediate post-op values are often transient and procedure-related. Min captures acute collapse better than mean, but early epoch caps its prognostic value."
13_24h_r_pap_systolic_min,2,"A low PAP systolic in this phase can reflect low cardiac output or aggressive unloading, indirectly linked to renal hypoperfusion. It is not a direct renal biomarker and is less specific than systemic MAP/CI measures."
25_36h_r_pap_systolic_min,3,"Late low PAP systolic may signal persistent low-flow physiology (e.g., RV failure/low CO) that can precipitate AKI. As an extreme close to hour 60, it can capture clinically important hemodynamic compromise."
0_12h_r_pap_systolic_measured,1,"Measurement frequency mainly reflects monitoring intensity (e.g., presence of PA catheter/acuity) rather than a physiologic mechanism of AKI. Early post-op monitoring is routine and not specific for impending renal injury."
13_24h_r_pap_systolic_measured,1,"How often PAP is recorded is a behavioral/monitoring proxy and is not a direct driver of creatinine rise. Continued frequent measurements may reflect severity, but remains nonspecific."
25_36h_r_pap_systolic_measured,2,"Persistent frequent PAP measurements late may indicate ongoing hemodynamic instability or RV failure concern, which can correlate with AKI risk. Still, it is a proxy for clinician concern rather than a physiologic insult."
0_12h_r_pap_diastolic_mean,1,Mean PAP diastolic smooths transient post-bypass fluctuations and is an indirect marker of pulmonary vascular/RV loading. In the immediate post-op window it is common to be abnormal without implying later AKI.
13_24h_r_pap_diastolic_mean,2,"Sustained higher PAP diastolic can suggest ongoing pulmonary hypertension/RV dysfunction and venous congestion, indirectly linked to renal dysfunction. However, mean is less sensitive than extremes for capturing acute hemodynamic insults."
25_36h_r_pap_diastolic_mean,2,Late sustained elevation in PAP diastolic may reflect persistent RV afterload and congestion that can worsen renal function. Mean remains less specific than max/min for identifying clinically important episodes.
0_12h_r_pap_diastolic_max,2,"High PAP diastolic spikes can indicate acute RV afterload increases and potential congestion, which can contribute to AKI risk. In the immediate post-op period these spikes are often transient, limiting predictive strength."
13_24h_r_pap_diastolic_max,2,Max PAP diastolic captures episodic pulmonary hypertensive crises/RV strain that may impair renal perfusion via low output or congestion. Still an indirect predictor and less established than systemic hypotension or creatinine/urine output.
25_36h_r_pap_diastolic_max,3,"Late high PAP diastolic episodes suggest ongoing RV strain and venous congestion, both associated with postoperative AKI. As an extreme value near the outcome window, it can be a stronger hemodynamic warning sign."
0_12h_r_pap_diastolic_min,1,"Low PAP diastolic may reflect low preload/low flow or measurement variability, and is not a specific AKI mechanism. Early post-op minima are common and often transient."
13_24h_r_pap_diastolic_min,1,"A low PAP diastolic in this phase is a nonspecific marker of low pulmonary pressures and does not directly indicate renal injury. Compared with extremes of systemic perfusion (e.g., MAP), it has weak linkage to creatinine rise."
25_36h_r_pap_diastolic_min,3,"Low diastolic PAP can reflect low RV output/low pulmonary perfusion and overall hemodynamic compromise, which can reduce renal perfusion and precipitate AKI. The minimum value best captures episodic hypotensive/low-flow insults in the closest pre-outcome window."
0_12h_r_pap_diastolic_measured,1,Measurement frequency mainly reflects monitoring intensity immediately post-op rather than a renal mechanism. Early post-bypass monitoring is routine and not specific for impending AKI.
13_24h_r_pap_diastolic_measured,1,Counts of measurements are a proxy for clinician concern/acuity but are not a direct physiologic driver of AKI. In this phase it remains nonspecific for renal injury.
25_36h_r_pap_diastolic_measured,2,"More frequent PAP checks may indicate ongoing hemodynamic instability or RV failure, which can be associated with AKI risk. Still a behavioral proxy, so limited importance."
0_12h_pulse_mean,2,"Average heart rate in the immediate post-op period is often influenced by pain, pacing, and catecholamines and is less specific for renal hypoperfusion. Mean also smooths short tachy/brady episodes that may matter more."
13_24h_pulse_mean,2,"Sustained tachycardia can correlate with stress/low stroke volume, but mean HR is an indirect and nonspecific marker for AKI risk. Extremes are typically more informative than averages."
25_36h_pulse_mean,2,"Persistent abnormal HR may reflect ongoing shock, arrhythmia, or high catecholamine support, indirectly affecting renal perfusion. However, mean HR is less pathophysiologically specific than min/max for acute insults."
0_12h_pulse_max,3,"Marked tachycardia can signal bleeding, low cardiac output, or high vasopressor/inotrope needs, which are established AKI risk contexts. In the 0–12h window, derangements are common post-op so capped conservatively."
13_24h_pulse_max,3,"High peak HR during the trajectory phase may indicate ongoing instability (pain, sepsis, low output, AF with RVR) associated with renal hypoperfusion. Max captures acute stress better than mean."
25_36h_pulse_max,3,"Late peak tachycardia can be a leading indicator of deterioration (shock, infection, arrhythmia) that increases AKI risk via reduced effective renal perfusion. Still indirect without concurrent BP/CO data."
0_12h_pulse_min,2,"Bradycardia may reflect conduction issues or pacing/sedation effects early after surgery and is not specific for renal injury. Minimum HR can matter if it reflects low cardiac output, but early period is noisy."
13_24h_pulse_min,2,Low HR could indicate conduction disease or over-sedation and only indirectly relates to renal perfusion unless associated with low output. As an isolated feature it is a weak predictor of AKI.
25_36h_pulse_min,3,"Late bradycardia may reflect conduction failure, excessive beta-blockade, or low-output states that can reduce renal blood flow and contribute to AKI. The minimum captures potentially harmful low-rate episodes better than mean."
0_12h_pulse_measured,1,Heart rate measurement frequency is routine ICU monitoring and does not represent a renal mechanism. In the immediate post-op period it provides little discriminatory value for AKI.
13_24h_pulse_measured,1,Measurement counts largely reflect standard monitoring rather than physiology. It is not specific for renal hypoperfusion or tubular injury.
25_36h_pulse_measured,1,"Even late, pulse measurement frequency is typically continuous/standard and not a meaningful predictor of creatinine rise. It is a behavioral/monitoring artifact rather than a causal AKI signal."
0_12h_r_an_agents_o2_mean,1,Mean inspired O2/anesthetic gas exposure in the immediate post-op window has no direct mechanistic link to AKI and is largely routine ventilator/anesthesia management. Any association would be confounded by overall illness severity rather than renal perfusion.
0_12h_r_an_agents_o2_max,2,"High O2 exposure may correlate with severity of respiratory/cardiac dysfunction and oxidative stress, but it is not an established direct driver of post-cardiac surgery AKI. In 0–12h, transient high FiO2 is common, so prognostic value is limited."
0_12h_r_an_agents_o2_min,2,"Low O2 delivery (proxy for hypoxemia) could contribute to renal ischemia, but minimum O2 agent value is an indirect and noisy marker compared with direct oxygenation/hemodynamic measures. Early post-op fluctuations are common, so cap relevance in 0–12h."
0_12h_r_an_agents_o2_measured,1,"Measurement frequency reflects documentation/monitoring intensity rather than a physiologic mechanism for AKI. In the immediate post-op period, frequent recording is routine."
13_24h_r_an_agents_o2_measured,1,O2 agent measurement frequency is primarily a care-process marker and not a direct predictor of renal injury. At 13–24h it may weakly reflect ongoing instability but remains nonspecific.
25_36h_r_an_agents_o2_measured,2,"More frequent O2 agent measurements late may indicate persistent respiratory failure/acuity, which can correlate with AKI risk via shock/low perfusion. Still a behavioral proxy, so kept low."
0_12h_r_an_agents_n2o_mean,1,Nitrous oxide exposure has no established direct relationship to postoperative AKI in this context. Mean use in 0–12h mainly reflects anesthetic practice rather than renal risk.
0_12h_r_an_agents_n2o_max,1,Peak nitrous oxide administration is not a recognized trigger for renal hypoperfusion or nephrotoxicity after cardiac surgery. Any association would be indirect and likely confounded.
0_12h_r_an_agents_n2o_min,1,Minimum nitrous oxide level is clinically uninformative for kidney outcomes and largely reflects whether/when the agent was discontinued. No meaningful physiologic link to AKI.
0_12h_r_an_agents_n2o_measured,1,Frequency of N2O recording is a documentation artifact and does not represent a renal injury mechanism. In 0–12h it is routine peri-anesthesia monitoring.
13_24h_r_an_agents_n2o_measured,1,"N2O measurement frequency after surgery is uncommon and, when present, reflects care patterns rather than kidney physiology. Not a specific indicator of impending AKI."
25_36h_r_an_agents_n2o_measured,1,Late measurement frequency of N2O is not a plausible direct predictor of creatinine rise and is likely sparse/noisy. Retained as minimal importance.
0_12h_r_an_agents_air_mean,1,Mean air (carrier gas) administration is routine ventilator/anesthesia management and has no direct causal pathway to AKI. It is largely redundant with other respiratory support variables.
0_12h_r_an_agents_air_max,1,Maximum air delivery is not a recognized marker of renal hypoperfusion or nephrotoxicity. In early post-op care it mainly reflects ventilator settings rather than kidney risk.
0_12h_r_an_agents_air_min,1,Minimum air delivery is not clinically meaningful for AKI prediction and is dominated by routine transitions in respiratory support. No established association with postoperative creatinine rise.
0_12h_r_an_agents_air_measured,1,Measurement frequency is a care-process proxy and provides little specific information about renal injury risk. Early post-op recording frequency is standard-of-care.
13_24h_r_an_agents_air_measured,1,Measurement frequency of delivered air/anesthetic carrier gas is a documentation/monitoring artifact and not a physiologic driver of AKI. At most it reflects routine ventilator/anesthesia charting rather than renal risk.
25_36h_r_an_agents_air_measured,1,"Counts of air/anesthetic carrier measurements do not reflect renal perfusion, nephrotoxicity, or kidney injury. More frequent recording is not a specific marker of impending AKI."
0_12h_r_an_agents_isoflurane_mean,2,"Volatile anesthetic exposure can influence blood pressure and renal perfusion indirectly, but mean dose in the immediate post-op window is not a strong or specific AKI predictor. Collinearity: extremes would better capture hypotension-related insult than the mean."
0_12h_r_an_agents_isoflurane_max,2,"Higher peak isoflurane may correlate with deeper anesthesia and hypotension, which can reduce renal perfusion, but this is indirect and confounded by intraop management. In 0–12h, transient anesthetic effects are common, so relevance is capped."
0_12h_r_an_agents_isoflurane_min,1,Minimum isoflurane largely reflects weaning/off anesthesia and is not a marker of renal hypoperfusion or nephrotoxicity. It has little mechanistic link to subsequent creatinine rise.
0_12h_r_an_agents_isoflurane_measured,1,Measurement frequency reflects charting intensity rather than physiologic exposure or renal injury. It is not a direct predictor of AKI.
13_24h_r_an_agents_isoflurane_measured,1,How often isoflurane is recorded is a behavioral/monitoring proxy and not a renal mechanism. Continued measurement may reflect ongoing sedation but is nonspecific for AKI risk.
25_36h_r_an_agents_isoflurane_measured,1,Recording frequency of isoflurane does not quantify hemodynamic instability or kidney injury and is highly practice-dependent. It provides minimal incremental signal for creatinine_ratio.
0_12h_r_saturated_venous_o2_mean,2,"Mean SvO2 reflects global oxygen delivery/consumption balance and can relate to perfusion, but early post-CPB values are often transient and treatment-responsive. Collinearity: the minimum SvO2 better captures hypoperfusion episodes relevant to AKI."
13_24h_r_saturated_venous_o2_mean,2,"Sustained lower SvO2 can indicate inadequate cardiac output and renal hypoperfusion, but the mean can mask critical low episodes. The minimum SvO2 is typically the more pathologic aggregation for AKI risk."
0_12h_r_saturated_venous_o2_max,1,"High SvO2 is generally not a direct trigger for AKI and may reflect high FiO2, sedation, or impaired extraction rather than renal hypoperfusion. In the immediate post-op period it is especially nonspecific."
13_24h_r_saturated_venous_o2_max,1,Maximum SvO2 does not capture hypoperfusion risk and is weakly related to renal injury mechanisms. It is often driven by ventilatory/oxygenation settings and sedation rather than kidney-relevant physiology.
0_12h_r_saturated_venous_o2_min,3,"Low SvO2 episodes suggest low cardiac output/systemic hypoperfusion, a recognized pathway to postoperative AKI. In 0–12h this is common and may be transient, so importance is conservatively capped."
13_24h_r_saturated_venous_o2_min,4,"A low SvO2 nadir in 13–24h indicates persistent or recurrent inadequate oxygen delivery/low output state, strongly linked to renal hypoperfusion and AKI after cardiac surgery. This trajectory-phase signal is more prognostic than early transient lows."
0_12h_r_saturated_venous_o2_measured,2,"More frequent SvO2 checks can reflect clinician concern for shock/low output, which is indirectly related to AKI risk. However it is a behavioral proxy and early post-op monitoring is often routine."
13_24h_r_saturated_venous_o2_measured,2,"Increased SvO2 measurement frequency may indicate ongoing hemodynamic instability or concern for low output, indirectly associated with AKI. Still, it is not a physiologic mechanism and is practice-dependent."
25_36h_r_saturated_venous_o2_measured,2,"Measurement frequency of SvO2 is mainly a proxy for clinician concern about low cardiac output/shock, which can predispose to AKI. As a _measured feature it is not a physiologic value and should be kept low."
0_12h_r_maintenance_iv_volume_mean,2,"Maintenance IV volume relates indirectly to renal perfusion and fluid overload, but early post-op fluids are routine and highly protocolized. Mean volume is also less informative than extremes for AKI-relevant insults."
13_24h_r_maintenance_iv_volume_mean,2,"Ongoing maintenance fluids may reflect evolving hemodynamics and attempts to support perfusion, but mean volume is a nonspecific management variable. Extremes (e.g., high max suggesting aggressive resuscitation) would better capture pathology."
25_36h_r_maintenance_iv_volume_mean,2,"Later maintenance fluid requirements can correlate with instability or poor intake, but mean volume remains a weak, nonspecific driver of AKI compared with hemodynamics, urine output, or creatinine trends. Prefer extremes to avoid collinearity."
0_12h_r_maintenance_iv_volume_max,3,"A high maximum maintenance IV volume in the immediate post-op window can indicate aggressive fluid administration for hypotension/low output, which is linked to AKI risk. However, in 0–12h this is often transient and routine, so capped at 3."
13_24h_r_maintenance_iv_volume_max,3,"A high max maintenance IV volume during 13–24h may reflect persistent hemodynamic compromise or ongoing resuscitation, both associated with AKI. Still indirect and treatment-driven rather than a direct renal biomarker."
25_36h_r_maintenance_iv_volume_max,4,"A high max maintenance IV volume close to the outcome suggests ongoing instability/low effective circulating volume or attempts to treat it, which strongly correlates with subsequent AKI in post-cardiac surgery patients. This extreme is more informative than mean/min for capturing acute insult."
0_12h_r_maintenance_iv_volume_min,1,Low minimum maintenance IV volume early post-op is usually protocol/line-management related and not a reliable marker of renal hypoperfusion. The minimum is less likely than the maximum to capture AKI-relevant pathology.
13_24h_r_maintenance_iv_volume_min,1,Minimum maintenance IV volume is a weak and nonspecific indicator and may reflect transitions in care rather than physiology. It is unlikely to add AKI-specific signal beyond max volume/hemodynamics.
25_36h_r_maintenance_iv_volume_min,1,A low minimum maintenance IV volume late post-op is not a dependable proxy for renal perfusion and is often driven by orders/feeding status. It is less pathophysiologically linked to AKI than high-volume extremes or direct renal/hemodynamic measures.
0_12h_r_maintenance_iv_volume_measured,1,Measurement frequency is primarily documentation/ordering behavior and routine in the immediate post-op period. As a _measured feature it provides minimal physiologic information for AKI prediction.
13_24h_r_maintenance_iv_volume_measured,1,"How often maintenance IV volume is recorded is largely workflow-related and not a direct mechanism for AKI. At most it weakly reflects acuity, so kept at 1."
25_36h_r_maintenance_iv_volume_measured,1,Recording frequency of maintenance IV volume is not a physiologic marker and is heavily influenced by nursing/EMR practices. It should remain low to avoid spurious behavioral signal.
0_12h_r_an_pap_systolic_measured,2,"Having PAP systolic measured suggests a PA catheter and concern for cardiopulmonary hemodynamics/low output, which relates to AKI risk. As a measured/availability proxy (not the value), and in 0–12h, it should stay low."
13_24h_r_an_pap_systolic_measured,2,Continued PAP monitoring implies ongoing hemodynamic concern that can be associated with renal hypoperfusion and AKI. Still a behavioral proxy rather than a direct physiologic predictor.
25_36h_r_an_pap_systolic_measured,2,"PAP monitoring persisting into 25–36h may indicate unresolved shock/right heart dysfunction, which can contribute to AKI. However, because this is only a measured indicator (not PAP values), importance remains limited."
0_12h_r_an_pap_diastolic_measured,1,Measurement frequency of PA diastolic pressure mainly reflects monitoring intensity rather than renal physiology. Early post-op (0–12h) hemodynamic monitoring is routine and not specific for AKI risk.
13_24h_r_an_pap_diastolic_measured,1,How often PAP diastolic is recorded is a weak behavioral proxy for acuity and is not a direct driver of AKI. In 13–24h this remains largely monitoring practice rather than kidney-specific signal.
25_36h_r_an_pap_diastolic_measured,2,"Increased frequency of PAP diastolic measurements late (25–36h) may indicate ongoing shock/heart failure evaluation, which can correlate with AKI risk. Still, it is a monitoring-intensity proxy rather than a physiologic insult."
0_12h_r_an_central_venous_pressure_measured,1,CVP measurement frequency reflects clinician concern/monitoring and is common immediately after cardiac surgery. It is not itself a physiologic determinant of creatinine rise.
13_24h_r_an_central_venous_pressure_measured,2,"More frequent CVP checks in 13–24h can signal persistent hemodynamic instability or volume management challenges, indirectly linked to AKI. As a _measured feature it remains a weak, non-mechanistic predictor."
25_36h_r_an_central_venous_pressure_measured,2,"Late increased CVP monitoring may reflect ongoing congestion/low-output concerns, which are associated with AKI risk. However, frequency is still an indirect proxy and should not be weighted highly."
0_12h_r_an_etco2_mean,1,"Mean EtCO2 in the immediate post-op window is heavily influenced by ventilator settings and transient anesthesia effects, making it nonspecific for renal perfusion. Collinearity-wise, extremes (especially low EtCO2) would better capture acute hypoperfusion than the mean."
13_24h_r_an_etco2_mean,2,"Sustained lower mean EtCO2 can reflect reduced pulmonary blood flow/low cardiac output, indirectly associated with renal hypoperfusion. Still, mean is less sensitive than minima for detecting episodic low-flow states relevant to AKI."
25_36h_r_an_etco2_mean,2,"In 25–36h, persistently low mean EtCO2 may indicate ongoing low cardiac output or poor perfusion, which can contribute to AKI. However, minima better capture clinically meaningful hypoperfusion episodes, so the mean is capped to reduce redundancy."
0_12h_r_an_etco2_max,1,High EtCO2 is usually related to hypoventilation or increased CO2 production and is not a typical trigger for AKI. In 0–12h it is particularly confounded by ventilation/anesthesia and offers little renal-specific signal.
13_24h_r_an_etco2_max,1,EtCO2 maxima are not a recognized driver of postoperative AKI and are often ventilator-management related. It provides limited information about renal perfusion compared with low EtCO2 extremes.
25_36h_r_an_etco2_max,1,"Even close to outcome, high EtCO2 is not a strong marker of renal hypoperfusion or nephrotoxic exposure. It is more reflective of ventilation strategy than kidney injury risk."
0_12h_r_an_etco2_min,3,"Low EtCO2 can indicate low cardiac output, pulmonary embolic phenomena, or severe hypotension/low pulmonary blood flow—states that can reduce renal perfusion. In 0–12h derangements are common and transient, so the score is conservatively capped."
13_24h_r_an_etco2_min,4,"A low EtCO2 minimum in 13–24h suggests ongoing or recurrent low-flow physiology (e.g., low cardiac output/shock), which is strongly linked to AKI via renal hypoperfusion. This extreme is more pathophysiologically relevant than mean/max for AKI prediction."
25_36h_r_an_etco2_min,4,"In 25–36h, a low EtCO2 minimum is a leading indicator of persistent/recurrent low cardiac output or severe hemodynamic compromise, a strong driver of postoperative AKI. It captures acute perfusion insults better than mean/max and is close to the 60h creatinine outcome."
0_12h_r_an_etco2_measured,1,EtCO2 measurement frequency reflects monitoring intensity (often continuous) rather than a physiologic mechanism for AKI. In the immediate post-op period it is routine and not specific for predicting creatinine rise.
13_24h_r_an_etco2_measured,1,Measurement frequency of EtCO2 mainly reflects monitoring intensity rather than renal physiology. At most it is a weak proxy for ongoing ventilatory/acuity concerns.
25_36h_r_an_etco2_measured,1,EtCO2 measurement count is a behavioral/monitoring signal and not a direct driver of AKI. Even close to hour 60 it is only a weak proxy for instability.
0_12h_r_an_fio2_mean,2,"Higher average FiO2 can reflect respiratory failure and overall severity, which may correlate with AKI risk, but it is indirect. In the immediate post-op window this is often transient and protocol-driven."
0_12h_r_an_fio2_max,3,"Peak FiO2 early post-op can indicate acute hypoxemia/shock physiology and higher illness severity, which is associated with AKI. As an extreme it better captures acute insult than the mean, but in 0–12h scoring is capped."
0_12h_r_an_fio2_min,1,Minimum FiO2 largely reflects weaning/ventilator strategy rather than a pathologic insult linked to AKI. It is not a meaningful predictor of renal injury.
0_12h_r_an_fio2_measured,1,FiO2 measurement frequency is routine in ventilated post-cardiac surgery patients and reflects documentation/monitoring rather than kidney perfusion. Weak proxy for acuity at best.
13_24h_r_an_fio2_measured,1,Counting FiO2 measurements is primarily a care-process variable and not mechanistically linked to AKI. It provides minimal incremental prognostic value beyond actual FiO2 levels.
25_36h_r_an_fio2_measured,1,FiO2 measurement frequency remains a monitoring intensity marker rather than a physiologic driver of creatinine rise. Close to outcome it may reflect concern but is still weak.
0_12h_r_an_tidal_volume_mean,1,"Mean tidal volume is mostly determined by ventilator protocol (e.g., lung-protective settings) and body size, with only indirect links to AKI via ventilator-induced lung injury/inflammation. In 0–12h it is unlikely to be a specific renal predictor."
13_24h_r_an_tidal_volume_mean,1,Average tidal volume is generally protocolized and not a direct marker of renal hypoperfusion or nephrotoxicity. Any association with AKI would be indirect and weak.
25_36h_r_an_tidal_volume_mean,1,"Sustained tidal volume settings are not a primary driver of postoperative AKI compared with hemodynamics, fluids, and nephrotoxins. It is an indirect severity/ventilation strategy marker at most."
0_12h_r_an_tidal_volume_max,2,"Higher peak tidal volumes could reflect ventilator dyssynchrony or non–lung-protective ventilation, which may contribute to systemic inflammation and AKI risk, but evidence is indirect. As an extreme it is more informative than the mean, though early post-op effects are often transient."
13_24h_r_an_tidal_volume_max,2,"Peak tidal volume may capture episodes of non–lung-protective ventilation or agitation, indirectly associated with AKI through inflammation/illness severity. It is not a strong or specific renal predictor."
25_36h_r_an_tidal_volume_max,2,"Later peak tidal volumes may indicate ongoing respiratory failure or poor ventilator tolerance, correlating with severity and potential AKI risk, but remains indirect. Extreme values are more relevant than averages but still not a primary AKI driver."
0_12h_r_an_tidal_volume_min,1,Minimum tidal volume often reflects brief ventilator adjustments or spontaneous breathing/weaning rather than a harmful exposure. It has no clear mechanistic link to AKI.
13_24h_r_an_tidal_volume_min,1,Low minimum tidal volumes are typically due to ventilator strategy or transient changes and are not established predictors of renal injury. Any association with AKI would be weak and nonspecific.
25_36h_r_an_tidal_volume_min,2,"Low tidal volumes can reflect lung-protective ventilation or reduced compliance/ARDS, which may correlate with overall severity and hypoxemia affecting renal perfusion. It is an indirect marker and not a primary AKI driver compared with hemodynamics or renal labs."
0_12h_r_an_tidal_volume_measured,1,Measurement frequency is mainly a proxy for monitoring intensity rather than a physiologic mechanism for AKI. In the immediate post-op window it is routine and nonspecific.
13_24h_r_an_tidal_volume_measured,1,This reflects clinician monitoring/ventilator management rather than a direct renal insult. It is not specific for impending AKI.
25_36h_r_an_tidal_volume_measured,2,"More frequent ventilator documentation may indicate ongoing respiratory instability/acuity closer to the outcome window. Still, it is a behavioral proxy and only indirectly related to AKI risk."
0_12h_r_an_abp_pulse_measured,1,ABP pulse measurement presence/frequency is a monitoring artifact and common immediately post-cardiac surgery. It does not directly indicate renal hypoperfusion or injury.
13_24h_r_an_abp_pulse_measured,1,This is primarily a proxy for continued invasive monitoring rather than a physiologic determinant of AKI. It is nonspecific for renal outcomes.
25_36h_r_an_abp_pulse_measured,2,Continued ABP monitoring closer to hour 60 may reflect persistent hemodynamic concern and higher illness severity. However it remains an indirect behavioral marker rather than a direct AKI predictor.
0_12h_r_an_heart_rate_measured,1,Heart rate measurement frequency is routine in the immediate post-op period and reflects monitoring rather than physiology. It provides little specific signal for AKI risk.
13_24h_r_an_heart_rate_measured,1,This is a monitoring-intensity proxy and not a direct marker of renal perfusion or injury. It is unlikely to add specific predictive value for creatinine rise.
25_36h_r_an_heart_rate_measured,2,"More frequent HR documentation may indicate ongoing instability (arrhythmia, shock) which can contribute to AKI risk. Still, as a _measured feature it is indirect and should be down-weighted."
0_12h_r_an_abp_mean_measured,1,MAP measurement frequency is standard after cardiac surgery and does not itself represent hypotension or renal hypoperfusion. As a behavioral proxy in 0–12h it is not informative for AKI.
13_24h_r_an_abp_mean_measured,1,This reflects monitoring rather than actual MAP values that drive renal perfusion. It is nonspecific for AKI trajectory.
25_36h_r_an_abp_mean_measured,2,"Persistent close MAP monitoring near 25–36h may indicate concern for hemodynamic instability, which is relevant to AKI risk. Nonetheless, measurement frequency is indirect and should remain low importance."
0_12h_anesthesia_respirations_measured,1,Respiration measurement frequency is largely routine perioperative/ICU documentation and not a direct renal injury mechanism. In the immediate post-op period it is especially nonspecific.
13_24h_anesthesia_respirations_measured,1,This is a documentation/monitoring proxy rather than a physiologic driver of AKI. It provides minimal specific information about renal perfusion or nephrotoxicity.
25_36h_anesthesia_respirations_measured,2,"More frequent respiratory monitoring later may reflect ongoing respiratory failure or sedation/ventilation needs, which can correlate with severity and AKI risk. Still, as a _measured feature it is indirect and low priority."
0_12h_anesthesia_pulse_oximetry_measured,1,Measurement frequency reflects routine monitoring and clinician behavior rather than a renal mechanism. In the immediate post-op window it is nearly universal and not specific for AKI risk.
13_24h_anesthesia_pulse_oximetry_measured,1,Still largely routine surveillance; ordering frequency is not a direct driver of renal injury. At most it weakly proxies overall acuity.
25_36h_anesthesia_pulse_oximetry_measured,1,Pulse oximetry measurement frequency is not physiologically linked to creatinine rise and mainly reflects monitoring intensity. Not specific for renal hypoperfusion or nephrotoxicity.
0_12h_r_tube_intake_measured,1,Counts of tube intake documentation/orders are a behavioral/recording proxy and not a direct determinant of renal perfusion. Early post-op feeding/NG use is common and nonspecific.
13_24h_r_tube_intake_measured,1,Measurement frequency is not a renal biomarker and only weakly reflects illness severity. Not a primary AKI predictor.
25_36h_r_tube_intake_measured,1,"Even close to outcome, documentation frequency of tube intake is not mechanistically tied to AKI. At most it reflects care complexity rather than kidney injury."
0_12h_r_maintenance_iv_bolus_volume_mean,2,"IV fluid boluses can influence renal perfusion, but the mean bolus volume over 0–12h is a smoothed measure and early post-op resuscitation is common/transient. Extremes or later hemodynamic markers would be more informative."
0_12h_r_maintenance_iv_bolus_volume_max,3,"A large maximum bolus suggests significant hypotension/vasoplegia or bleeding requiring resuscitation, which can precipitate renal hypoperfusion. Capped at 3 due to the 0–12h epoch where derangements are common and transient."
0_12h_r_maintenance_iv_bolus_volume_min,1,Minimum bolus volume is not clinically meaningful for AKI risk and adds redundancy relative to max/total resuscitation. It does not capture a pathologic insult.
0_12h_r_maintenance_iv_bolus_volume_measured,1,"Number of bolus entries/orders is a behavioral proxy for clinician concern and documentation, not a direct physiologic driver. In the immediate post-op period it is routine and nonspecific."
13_24h_r_maintenance_iv_bolus_volume_measured,2,"More frequent bolus administration/documentation in 13–24h may reflect ongoing instability (shock/bleeding) that increases AKI risk, but it remains an indirect behavioral proxy. Therefore limited to a low score."
25_36h_r_maintenance_iv_bolus_volume_measured,2,"Frequent bolus use close to hour 60 can indicate persistent hemodynamic instability associated with AKI, but measurement frequency is still indirect and collinear with actual volume/hemodynamics. Kept low per _measured rule."
0_12h_r_pacemaker_mean,2,"Need for pacing can indicate conduction issues/low cardiac output states that may reduce renal perfusion, but early post-op pacing is common and often transient. Mean pacing over 0–12h is not a direct AKI marker."
13_24h_r_pacemaker_mean,3,"Ongoing pacing requirement in the trajectory phase can reflect persistent cardiac dysfunction or low output, which is an established AKI risk factor via renal hypoperfusion. Still indirect and capped by epoch to moderate importance."
25_36h_r_pacemaker_mean,4,"Persistent pacing requirement at 25–36h suggests ongoing hemodynamic compromise/low cardiac output, a strong driver of renal hypoperfusion and subsequent creatinine rise. This later window is a leading indicator for AKI risk."
0_12h_r_pacemaker_max,2,"Any pacing use (max) in the immediate post-op period is common after cardiac surgery and not specific for sustained low output. Extremes are less informative here than persistence into later epochs, so kept low."
13_24h_r_pacemaker_max,2,"Need for pacing suggests conduction disease/low cardiac output risk, which can impair renal perfusion, but it is an indirect marker and not kidney-specific. In this mid-phase window it has limited standalone predictive value for AKI."
25_36h_r_pacemaker_max,3,"Ongoing pacing requirement closer to hour 60 can indicate persistent hemodynamic compromise (e.g., low output/bradycardia) that reduces renal perfusion. Still indirect and confounded by routine post-op pacing practices."
0_12h_r_pacemaker_min,2,"Immediate post-op pacing is common and often transient after cardiac surgery, so it is a weak/indirect AKI signal in the initial period. It may reflect perioperative instability but is not specific for renal injury."
13_24h_r_pacemaker_min,2,"Continued pacing in this epoch may reflect ongoing cardiac dysfunction affecting renal blood flow, but remains a nonspecific proxy. Many patients are paced prophylactically, limiting specificity for AKI."
25_36h_r_pacemaker_min,3,Persistent pacing requirement in the leading-indicator window can reflect sustained bradycardia/low output states that predispose to renal hypoperfusion. It is still an indirect marker rather than a renal biomarker.
0_12h_r_pacemaker_measured,1,"Measurement frequency reflects monitoring/documentation behavior rather than physiology. In the immediate post-op period, frequent pacing documentation is routine and not specific for impending AKI."
13_24h_r_pacemaker_measured,1,This is primarily a care/monitoring intensity proxy and not a direct physiologic driver of kidney injury. It is unlikely to add specific AKI signal beyond whether pacing is present.
25_36h_r_pacemaker_measured,2,"More frequent pacing-related measurements may indicate clinician concern about hemodynamic instability closer to the outcome, which can correlate with AKI risk. Still a behavioral proxy and should remain low importance."
0_12h_r_sled_crrt_maintenance_blood_pump_rate_measured,2,"Any CRRT/SLED-related maintenance implies severe illness and possible early renal dysfunction, but this variable is only measurement frequency, not actual therapy intensity. In 0–12h it may reflect perioperative instability and is capped low."
13_24h_r_sled_crrt_maintenance_blood_pump_rate_measured,2,"Ongoing CRRT/SLED maintenance documentation suggests significant renal/hemodynamic derangement, but the feature is a measurement-count proxy rather than a physiologic value. It may track acuity but is not a direct predictor."
25_36h_r_sled_crrt_maintenance_blood_pump_rate_measured,2,"CRRT/SLED maintenance activity close to hour 60 strongly implies severe AKI/critical illness, but this feature captures ordering/recording frequency rather than delivered dialysis dose. Therefore it remains low despite clinical face validity."
0_12h_r_an_agents_sevoflurane_measured,1,"Sevoflurane exposure is not a strong established driver of post-cardiac surgery AKI compared with hemodynamics and nephrotoxins, and this is only a measurement proxy. In the immediate post-op period it largely reflects routine anesthesia documentation."
13_24h_r_an_agents_sevoflurane_measured,1,Measurement frequency of sevoflurane is a documentation artifact and not a renal mechanism. Continued recording may reflect sedation/anesthesia workflow rather than AKI risk.
25_36h_r_an_agents_sevoflurane_measured,1,This remains a behavioral/documentation proxy with weak mechanistic linkage to AKI. Prolonged anesthetic documentation is not a specific predictor of creatinine rise.
0_12h_intravenous_intake_measured,1,"This is measurement frequency (not volume), reflecting charting intensity rather than fluid status. Early post-op intake documentation is routine and not specific for AKI risk."
13_24h_intravenous_intake_measured,1,Counting intake measurements is a weak proxy for acuity and does not directly represent fluid balance or renal perfusion. It is unlikely to add meaningful AKI signal beyond actual intake/output values.
25_36h_intravenous_intake_measured,2,Measurement frequency reflects clinician attention to fluid status/acuity rather than a direct renal mechanism. In the 25–36h window it may weakly proxy evolving hemodynamic instability or oliguria prompting closer I/O tracking.
0_12h_r_drain_output_measured,1,How often drain output is recorded is largely routine post-cardiac surgery care and not a direct driver of AKI. In the immediate 0–12h period it mainly reflects standard monitoring rather than renal risk.
13_24h_r_drain_output_measured,1,Drain output measurement frequency is a behavioral/monitoring variable with minimal physiologic specificity for kidney injury. At 13–24h it may reflect general acuity but is not an established AKI predictor.
25_36h_r_drain_output_measured,2,"More frequent drain checks late may indicate concern for bleeding/tamponade or instability that could reduce renal perfusion, but it remains an indirect proxy. As a measured-count feature it should not be weighted highly."
0_12h_slehs_r_arrival_time_measured,1,This appears to be an administrative/operational timestamp indicator rather than a physiologic exposure affecting renal perfusion. No meaningful mechanistic link to AKI risk.
13_24h_slehs_r_arrival_time_measured,1,"Administrative arrival-time measurement does not capture hemodynamics, nephrotoxins, or renal function. Unlikely to add prognostic value for creatinine rise."
25_36h_slehs_r_arrival_time_measured,1,Administrative timing/measurement is not a renal biomarker and has no direct causal pathway to AKI. Any association would be spurious or site-workflow related.
0_12h_cardiac_rythym_normal_sinus_mean,2,"Average time in sinus rhythm is an indirect marker of hemodynamic stability, but early post-op arrhythmias are common/transient and less specific for AKI. Mean aggregation also dilutes brief hypotensive/low-output episodes that matter more."
13_24h_cardiac_rythym_normal_sinus_mean,2,"Persistent non-sinus rhythm can reduce cardiac output and renal perfusion, but the mean proportion in sinus rhythm remains an indirect marker. Mean aggregation is less informative than capturing episodes of instability directly."
25_36h_cardiac_rythym_normal_sinus_mean,3,"By 25–36h, sustained failure to maintain sinus rhythm may reflect ongoing low-output state or atrial fibrillation burden that can impair renal perfusion. Still indirect and averaged, so not definitive."
0_12h_cardiac_rythym_normal_sinus_max,1,A max indicator for being in sinus rhythm at any point is not clinically informative (most patients will have at least some sinus rhythm). It does not capture the harmful extreme (sustained arrhythmia) and is in the early transient period.
13_24h_cardiac_rythym_normal_sinus_max,1,"Having any sinus rhythm during the window (max) is a weak, non-specific marker and does not represent the pathologic extreme relevant to AKI. High redundancy with other rhythm summaries."
25_36h_cardiac_rythym_normal_sinus_max,1,Max sinus rhythm remains uninformative because it ignores duration/burden of arrhythmia and hemodynamic impact. It is not a recognized predictor of AKI compared with measures of hypotension/vasopressor need.
0_12h_cardiac_rythym_normal_sinus_min,3,"A minimum of sinus rhythm (i.e., any period with no sinus rhythm) can indicate arrhythmia episodes that may compromise cardiac output and renal perfusion. In 0–12h this is common post-op, so capped conservatively."
13_24h_cardiac_rythym_normal_sinus_min,3,"If the minimum indicates sustained non-sinus rhythm at some point, it better captures the harmful extreme than mean/max and can reflect hemodynamic instability affecting kidneys. Still indirect and not a renal biomarker."
25_36h_cardiac_rythym_normal_sinus_min,4,"In the 25–36h leading window, any sustained absence of sinus rhythm suggests ongoing arrhythmia burden with potential low-output/hypoperfusion, a strong contributor to AKI risk. Among rhythm aggregations, the minimum best captures the pathologic extreme, reducing collinearity with mean/max."
0_12h_cardiac_rythym_normal_sinus_measured,1,"Measurement frequency reflects monitoring intensity rather than renal physiology, and normal sinus rhythm itself is not an AKI driver. In the immediate post-op window this is especially nonspecific."
13_24h_cardiac_rythym_normal_sinus_measured,1,A behavioral proxy for monitoring/acuity rather than a mechanism for kidney injury. Presence of NSR monitoring does not directly predict creatinine rise.
25_36h_cardiac_rythym_normal_sinus_measured,1,Still primarily reflects how often rhythm status was documented rather than perfusion or nephrotoxicity. Not a direct predictor of creatinine_ratio.
0_12h_cardiac_rythym_sinus_variant_mean,1,Sinus variants are generally benign and do not reliably indicate hemodynamic compromise causing AKI. Mean over 0–12h further dilutes any transient instability.
13_24h_cardiac_rythym_sinus_variant_mean,1,Average burden of sinus variant rhythm is not an established AKI risk factor and is unlikely to reflect sustained low cardiac output. Mean aggregation is not capturing a specific renal insult.
25_36h_cardiac_rythym_sinus_variant_mean,1,"Even close to the outcome window, sinus variant rhythm burden is not a strong marker of renal hypoperfusion. Mean aggregation is unlikely to add prognostic value for AKI."
0_12h_cardiac_rythym_sinus_variant_max,1,A transient occurrence of sinus variant rhythm in the immediate post-op period is common and typically hemodynamically insignificant. Not a recognized trigger for AKI.
13_24h_cardiac_rythym_sinus_variant_max,1,Max occurrence indicates any episode but sinus variants rarely cause meaningful hypotension or renal hypoperfusion. Weak link to creatinine_ratio.
25_36h_cardiac_rythym_sinus_variant_max,1,"Even if present in the leading-indicator window, sinus variant rhythm is not a strong correlate of low output or shock. Minimal expected predictive value for AKI."
0_12h_cardiac_rythym_sinus_variant_min,1,Min (often indicating absence/lowest burden) is not clinically informative for AKI risk and is collinear with other rhythm summaries. No direct renal relevance.
13_24h_cardiac_rythym_sinus_variant_min,1,Lowest burden/absence of sinus variant rhythm does not convey renal perfusion status. Not an AKI predictor.
25_36h_cardiac_rythym_sinus_variant_min,1,Minimum burden is not a physiologic insult and adds little beyond other rhythm indicators. No meaningful mechanistic link to creatinine rise.
0_12h_cardiac_rythym_sinus_variant_measured,1,Measurement count is a documentation/monitoring proxy rather than a kidney injury mechanism. In 0–12h it is especially driven by routine post-op monitoring.
13_24h_cardiac_rythym_sinus_variant_measured,1,"Frequency of noting sinus variant rhythm reflects clinician attention/telemetry review, not renal pathophysiology. Weak and indirect association at best."
25_36h_cardiac_rythym_sinus_variant_measured,1,"Still a behavioral proxy; increased measurement may reflect general acuity but not specifically impending AKI. Per rules, measured features should remain low."
0_12h_cardiac_rythym_atrial_arrhythmia_mean,3,"Atrial arrhythmias (e.g., AF) can reduce cardiac output and cause hypotension, increasing AKI risk, but early post-op episodes are common and often transient. Mean aggregation in 0–12h captures burden but this epoch is capped and less prognostic than later trajectory."
13_24h_cardiac_rythym_atrial_arrhythmia_mean,2,"Atrial arrhythmias can worsen cardiac output and renal perfusion, but the mean burden is less informative than whether it occurred at all (max) and is collinear with it."
25_36h_cardiac_rythym_atrial_arrhythmia_mean,2,"Later atrial arrhythmia burden may reflect ongoing hemodynamic instability, but presence/absence (max) better captures the clinically relevant insult; mean is capped to reduce redundancy."
0_12h_cardiac_rythym_atrial_arrhythmia_max,3,"Any atrial arrhythmia early after surgery can reduce forward flow and prompt vasoactive/diuretic changes that affect kidney perfusion, but this immediate period is often transient (max score capped at 3)."
13_24h_cardiac_rythym_atrial_arrhythmia_max,3,"New or persistent atrial arrhythmia in the trajectory phase can signal ongoing instability and lower renal perfusion, moderately increasing AKI risk (epoch cap applies)."
25_36h_cardiac_rythym_atrial_arrhythmia_max,4,"Atrial arrhythmia close to the outcome window can meaningfully impair cardiac output and renal blood flow and often co-occurs with shock/vasopressor needs, making it a strong predictor."
0_12h_cardiac_rythym_atrial_arrhythmia_min,1,The minimum of a binary arrhythmia indicator is typically uninformative (often just reflects at least one timepoint without arrhythmia) and adds collinearity without capturing pathology.
13_24h_cardiac_rythym_atrial_arrhythmia_min,1,Binary minimum does not represent arrhythmia burden or severity and is redundant with max/mean features.
25_36h_cardiac_rythym_atrial_arrhythmia_min,1,Binary minimum is not clinically meaningful for AKI prediction and is largely a proxy for documentation structure rather than physiology.
0_12h_cardiac_rythym_atrial_arrhythmia_measured,1,Measurement frequency reflects monitoring/documentation intensity rather than a renal mechanism; early post-op monitoring is routine and not specific for AKI risk.
13_24h_cardiac_rythym_atrial_arrhythmia_measured,1,How often rhythm status is recorded is mainly a behavioral proxy and is not a direct driver of kidney injury.
25_36h_cardiac_rythym_atrial_arrhythmia_measured,2,"Increased rhythm assessments later may reflect clinician concern for instability, which can correlate with AKI risk, but it remains an indirect behavioral marker."
0_12h_cardiac_rythym_paced_rythym_mean,2,"Need for pacing can indicate conduction disease or low-output states, but mean pacing burden is less informative than whether pacing was required at all and early post-op pacing is common."
13_24h_cardiac_rythym_paced_rythym_mean,2,"Ongoing pacing may correlate with cardiac dysfunction and reduced renal perfusion, but mean is a smoothed measure and likely collinear with binary indicators of pacing requirement."
25_36h_cardiac_rythym_paced_rythym_mean,3,"Persistent pacing requirement closer to hour 60 can reflect sustained conduction/low-output problems that impair renal perfusion, giving moderate predictive value."
0_12h_cardiac_rythym_paced_rythym_max,3,"Any pacing in the immediate post-op period can mark hemodynamic vulnerability, but early pacing is often transient and protocol-driven (epoch cap at 3)."
13_24h_cardiac_rythym_paced_rythym_max,3,"Requirement for pacing during 13–24h suggests ongoing instability or low-output physiology that can reduce renal perfusion, but it is not kidney-specific (epoch cap at 4, scored 3)."
25_36h_cardiac_rythym_paced_rythym_max,3,Need for pacing in the 25–36h window can reflect persistent conduction disease/low cardiac output physiology that may reduce renal perfusion and increase AKI risk. It is an indirect marker rather than a renal biomarker.
0_12h_cardiac_rythym_paced_rythym_min,2,"Early postoperative pacing is common and often transient after cardiac surgery, so it is a weak/indirect AKI signal in the 0–12h epoch. It may correlate with hemodynamic instability but is nonspecific."
13_24h_cardiac_rythym_paced_rythym_min,2,"Ongoing pacing requirement in 13–24h suggests slower recovery and possible hemodynamic compromise, which can contribute to AKI risk. Still indirect and not specific for renal injury."
25_36h_cardiac_rythym_paced_rythym_min,3,Persistent pacing requirement close to the outcome window can indicate sustained conduction issues/low output state with potential renal hypoperfusion. Indirect but clinically meaningful in this later epoch.
0_12h_cardiac_rythym_paced_rythym_measured,1,Measurement frequency reflects monitoring/clinical attention rather than a physiologic mechanism of AKI. In 0–12h it is especially routine after cardiac surgery.
13_24h_cardiac_rythym_paced_rythym_measured,1,How often paced rhythm is documented is primarily a behavioral/monitoring artifact and not a direct driver of kidney injury. It adds little beyond the presence/absence of pacing.
25_36h_cardiac_rythym_paced_rythym_measured,2,"More frequent documentation may reflect ongoing instability or clinician concern, which can correlate with AKI risk, but it remains an indirect behavioral proxy. Not a physiologic renal marker."
0_12h_cardiac_rythym_heart_block_mean,2,Average heart block burden in the immediate 0–12h period is often transient post-op and less predictive of sustained hypoperfusion-related AKI. Extremes/persistence later are more informative than the mean.
13_24h_cardiac_rythym_heart_block_mean,2,"Mean heart block burden in 13–24h may indicate delayed recovery and potential hemodynamic effects, but averaging dilutes clinically important episodes. It is an indirect AKI predictor."
25_36h_cardiac_rythym_heart_block_mean,2,"Sustained heart block could contribute to low cardiac output and renal hypoperfusion, but the mean is less specific than presence/episodes captured by max/min. To reduce collinearity, the mean is down-weighted."
0_12h_cardiac_rythym_heart_block_max,3,"Any episode of heart block in 0–12h can cause bradycardia/hypotension and transient renal hypoperfusion, but early post-op conduction issues are common and may resolve. Conservative scoring due to epoch."
13_24h_cardiac_rythym_heart_block_max,3,Heart block episodes persisting into 13–24h suggest ongoing conduction pathology and potential hemodynamic compromise that can increase AKI risk. Still indirect and not kidney-specific.
25_36h_cardiac_rythym_heart_block_max,4,"Heart block episodes in 25–36h are a strong marker of persistent instability and risk for low cardiac output/hypotension, which directly threatens renal perfusion. This later timing makes it more predictive for creatinine rise by 60h."
0_12h_cardiac_rythym_heart_block_min,2,"Minimum (i.e., absence) of heart block in 0–12h is not informative for AKI risk and is largely expected in many patients. Extremes indicating presence are better captured by max."
13_24h_cardiac_rythym_heart_block_min,2,Minimum values mainly reflect periods without heart block and do not capture the injurious episodes relevant to renal hypoperfusion. Max/presence is the more pathologic aggregation.
25_36h_cardiac_rythym_heart_block_min,2,"Minimum heart block in 25–36h largely indicates no heart block at some point and is not a strong AKI signal. Presence/episodes (max) better represent the pathologic trigger, so min is down-weighted for collinearity."
0_12h_cardiac_rythym_heart_block_measured,1,Measurement frequency reflects monitoring/concern rather than a direct renal mechanism. Early post-op conduction issues are common and transient; this is at best an indirect AKI signal.
13_24h_cardiac_rythym_heart_block_measured,1,"Still a behavioral proxy for acuity/monitoring rather than physiology. Heart block may correlate with low output, but the 'measured' count is not a strong predictor."
25_36h_cardiac_rythym_heart_block_measured,2,"Later persistent concern for heart block can imply ongoing hemodynamic instability that threatens renal perfusion, but measurement count remains indirect. Kept low per _measured rule."
0_12h_cardiac_rythym_ischemic_st_change_mean,2,"Sustained ischemic changes can indicate myocardial ischemia/low cardiac output that predisposes to AKI, but in the immediate 0–12h window ST changes may be transient/post-bypass. Mean also smooths brief insults."
13_24h_cardiac_rythym_ischemic_st_change_mean,2,"Ongoing ischemia can contribute to renal hypoperfusion, but the mean aggregation is less specific than an extreme/any-episode indicator. Capped to reduce collinearity with max/min versions."
25_36h_cardiac_rythym_ischemic_st_change_mean,2,"Closer to outcome, persistent ischemia could matter, but mean remains a diluted signal compared with max/min (any episode). Capped for collinearity control."
0_12h_cardiac_rythym_ischemic_st_change_max,3,"Any ischemic ST change (max) suggests myocardial ischemia and potential low-output state, a recognized AKI risk pathway. In 0–12h, however, peri-bypass artifacts/transient changes are common so capped at 3."
13_24h_cardiac_rythym_ischemic_st_change_max,4,"Ischemic ST changes in the trajectory phase more strongly suggest true ongoing myocardial ischemia/low cardiac output, which directly threatens renal perfusion. Max captures acute episodes better than mean."
25_36h_cardiac_rythym_ischemic_st_change_max,4,"Late ischemic ST changes are a strong marker of ongoing cardiac ischemia/instability and likely reduced renal perfusion, increasing AKI risk. Max best captures clinically meaningful episodes."
0_12h_cardiac_rythym_ischemic_st_change_min,2,"For a binary ischemia indicator, min is less informative (often reflects absence at some point) and is redundant with max/mean. In the immediate post-op window it is particularly nonspecific."
13_24h_cardiac_rythym_ischemic_st_change_min,2,Min is a weak/collinear summary for a binary ischemia feature and does not capture the presence of ischemic episodes as well as max. Kept low to avoid redundancy.
25_36h_cardiac_rythym_ischemic_st_change_min,2,"Even late, min is not the best aggregation for detecting ischemic insults and is largely redundant with max. Low importance to reduce collinearity."
0_12h_cardiac_rythym_ischemic_st_change_measured,1,Number of measurements reflects clinician attention/monitoring rather than a physiologic driver of AKI. Early post-op ECG scrutiny is routine and not specific for renal injury.
13_24h_cardiac_rythym_ischemic_st_change_measured,2,"More frequent assessment may indicate concern for ischemia/hemodynamic instability, which can correlate with AKI risk, but it remains an indirect behavioral proxy. Scored low per _measured rule."
25_36h_cardiac_rythym_ischemic_st_change_measured,2,"Late increased monitoring for ischemia may reflect ongoing instability that can impair renal perfusion, but measurement frequency is still indirect. Kept at 2 per rule."
0_12h_cardiac_rythym_other_mean,2,"Non-specific rhythm abnormalities can correlate with hemodynamic instability and vasopressor need, indirectly affecting renal perfusion. Mean in the immediate 0–12h period is nonspecific and likely collinear with more direct hemodynamic features."
13_24h_cardiac_rythym_other_mean,2,"Non-sinus/other rhythms can correlate with hemodynamic instability and renal hypoperfusion, but the mean over 12h is a nonspecific summary and less informative than discrete episodes."
25_36h_cardiac_rythym_other_mean,2,"Persistent ‘other’ rhythm later may reflect ongoing instability, but a mean aggregation is still nonspecific and likely collinear with episode-based indicators."
0_12h_cardiac_rythym_other_max,3,"Any occurrence of an ‘other’ rhythm immediately post-op can indicate acute arrhythmia-related low cardiac output and renal hypoperfusion, though early post-bypass arrhythmias are often transient (0–12h cap)."
13_24h_cardiac_rythym_other_max,3,"An episode of ‘other’ rhythm in the trajectory phase can signal ongoing arrhythmia/hemodynamic compromise that increases AKI risk, but it is not kidney-specific."
25_36h_cardiac_rythym_other_max,4,"Late (25–36h) occurrence of an ‘other’ rhythm suggests persistent or recurrent instability closer to the creatinine outcome window, increasing likelihood of renal hypoperfusion and AKI."
0_12h_cardiac_rythym_other_min,1,The minimum of a binary ‘other rhythm’ indicator is typically uninformative (often 0) and does not capture arrhythmic burden; early window also has many transient changes.
13_24h_cardiac_rythym_other_min,1,Binary minimum is not clinically meaningful for AKI prediction and adds redundancy relative to max/any-episode indicators.
25_36h_cardiac_rythym_other_min,1,Binary minimum provides little signal about arrhythmia presence or severity and is inferior to max/any-episode features for capturing risk.
0_12h_cardiac_rythym_other_measured,1,Measurement frequency reflects monitoring/documentation behavior rather than physiology; in the immediate post-op period it mainly reflects routine ICU surveillance.
13_24h_cardiac_rythym_other_measured,1,"More frequent rhythm documentation may reflect acuity, but it is a weak behavioral proxy and not a direct driver of AKI."
25_36h_cardiac_rythym_other_measured,2,"Increased monitoring later may indicate clinician concern for instability, which can correlate with AKI risk, but it remains an indirect behavioral marker."
0_12h_r_vent_mode_asv_mean,2,"Ventilation mode (ASV) is not a direct AKI driver; it may indirectly relate to illness severity and hemodynamics, but mean mode use in 0–12h is largely protocol-driven (cap)."
13_24h_r_vent_mode_asv_mean,2,"Continued ASV use may reflect ongoing respiratory support needs and overall severity, but it is an indirect and nonspecific predictor of AKI."
0_12h_r_vent_mode_asv_max,2,Any ASV use early post-op is common and reflects ventilatory management rather than renal physiology; at most it weakly proxies severity (0–12h conservative).
13_24h_r_vent_mode_asv_max,2,"ASV use in 13–24h may indicate delayed extubation/greater severity, which can associate with AKI, but it is not a direct renal risk factor."
0_12h_r_vent_mode_asv_min,1,Minimum of a binary ventilation-mode indicator is typically uninformative (often 0) and does not capture severity or exposure meaningfully.
13_24h_r_vent_mode_asv_min,2,"Ventilator mode is at best an indirect marker of respiratory status and illness severity, which can correlate with AKI risk via hemodynamics. As a binary/min indicator it adds limited physiologic specificity for renal injury."
0_12h_r_vent_mode_asv_measured,1,"Measurement frequency reflects clinician behavior/documentation rather than a renal mechanism. In the immediate 0–12h post-op period, ventilator mode checks are routine and not specific for AKI risk."
13_24h_r_vent_mode_asv_measured,1,"Counts of ASV documentation/orders are a weak proxy for acuity and are not a direct driver of renal hypoperfusion or nephrotoxicity. Per rules, _measured features should be low unless strongly tied to AKI suspicion."
25_36h_r_vent_mode_asv_measured,2,"More frequent ASV-related measurements late may reflect ongoing respiratory instability and higher overall ICU acuity, which can co-occur with AKI. Still, it is behavioral and not a direct physiologic predictor."
0_12h_r_vent_mode_controlled_mean,2,"Controlled ventilation early post-cardiac surgery is common and mainly reflects immediate post-op management rather than renal insult. Any AKI link is indirect through severity/sedation/hemodynamics, and 0–12h is capped conservatively."
13_24h_r_vent_mode_controlled_mean,2,"Persistent controlled ventilation into 13–24h can indicate slower recovery and higher illness severity, indirectly associated with AKI. As a mean/average indicator of mode, it remains nonspecific for renal perfusion injury."
0_12h_r_vent_mode_controlled_max,2,"Any use of controlled mode in the first 12h is expected after surgery and not specific for kidney injury. It may weakly track severity and need for deep sedation/vasopressors, hence only indirect relevance."
13_24h_r_vent_mode_controlled_max,3,"Use of controlled ventilation at any point in 13–24h suggests ongoing respiratory failure or hemodynamic instability, which can contribute to renal hypoperfusion. This is still indirect but more informative than early post-op use."
0_12h_r_vent_mode_controlled_min,1,A minimum/always-on indicator of controlled mode in 0–12h largely reflects routine immediate post-op ventilation strategy. It provides little discrimination for AKI risk in this early transient period.
13_24h_r_vent_mode_controlled_min,3,"Being on controlled ventilation throughout 13–24h implies persistent critical illness and potentially higher PEEP/sedation/vasopressor needs, which can worsen renal perfusion. This is a stronger severity proxy than intermittent use."
0_12h_r_vent_mode_controlled_measured,1,Frequency of documenting/ordering controlled mode is behavioral and routine in the immediate post-op window. It is not a physiologic marker of AKI and should be scored low.
13_24h_r_vent_mode_controlled_measured,1,"_measured features primarily capture monitoring intensity rather than renal pathophysiology. Even if higher in sicker patients, it remains a weak and nonspecific proxy."
25_36h_r_vent_mode_controlled_measured,2,"Late increased measurement frequency may reflect ongoing ventilatory instability and higher acuity closer to the creatinine outcome window. Still, it is not a direct renal mechanism and remains a weak predictor."
0_12h_r_vent_mode_simv_mean,1,SIMV use early post-op is common and reflects ventilator weaning strategy more than renal perfusion status. Any association with AKI is minimal and indirect in the 0–12h period.
13_24h_r_vent_mode_simv_mean,2,"SIMV in 13–24h may indicate partial recovery/weaning versus ongoing respiratory failure, indirectly correlating with overall severity and AKI risk. As a mean indicator of mode, it remains nonspecific."
0_12h_r_vent_mode_simv_max,1,Any SIMV use in the first 12h is largely a routine ventilator management choice after surgery. It has no direct mechanistic link to AKI and offers limited prognostic value.
13_24h_r_vent_mode_simv_max,2,"SIMV use can proxy ongoing respiratory failure/sedation needs and illness severity, which may correlate with AKI risk. As a ventilator-mode indicator (and using an extreme aggregation), it is indirect and not a primary renal mechanism."
0_12h_r_vent_mode_simv_min,1,"In the immediate 0–12h post-op period, ventilator mode is heavily driven by routine anesthesia/ICU practice and is weakly linked to renal injury. The minimum SIMV exposure is not a meaningful physiologic insult marker for AKI."
13_24h_r_vent_mode_simv_min,1,Minimum SIMV use in 13–24h mainly reflects ventilator management choices rather than renal perfusion or nephrotoxicity. It provides little direct prognostic information for creatinine rise.
0_12h_r_vent_mode_simv_measured,1,Measurement frequency reflects documentation/monitoring behavior rather than physiology. In 0–12h it is especially routine and unlikely to add AKI-specific signal.
13_24h_r_vent_mode_simv_measured,1,"This is a behavioral proxy (how often mode is recorded) and not a renal mechanism. At most it weakly reflects acuity, so it should remain low importance."
25_36h_r_vent_mode_simv_measured,2,"Later frequent documentation of SIMV may reflect persistent ventilatory dependence and higher overall acuity closer to the outcome window. Still, it is not a direct driver of AKI, so importance remains low."
0_12h_r_vent_mode_spontaneous_mean,2,"Spontaneous modes may indicate earlier recovery and less need for deep sedation/vasopressors, indirectly associated with lower AKI risk. In 0–12h this is often transient and protocol-driven, so conservative scoring applies."
13_24h_r_vent_mode_spontaneous_mean,2,"More time in spontaneous mode can reflect improving cardiopulmonary status and less critical illness, indirectly lowering AKI risk. As an averaged ventilator-mode feature, it remains an indirect marker."
0_12h_r_vent_mode_spontaneous_max,2,"Any spontaneous breathing in the first 12h may signal faster stabilization, indirectly associated with less AKI risk. However, early post-op extubation practices vary and are not kidney-specific."
13_24h_r_vent_mode_spontaneous_max,3,"Presence of spontaneous mode by 13–24h can indicate successful weaning and less ongoing shock/organ dysfunction, which is more informative for AKI trajectory than early post-op. Still, it is an indirect severity marker rather than a renal biomarker."
0_12h_r_vent_mode_spontaneous_min,1,The minimum spontaneous-mode value (often zero) is not a physiologic insult and is largely determined by immediate post-op management. It has minimal specific linkage to AKI.
13_24h_r_vent_mode_spontaneous_min,1,Minimum spontaneous-mode exposure provides little incremental information beyond whether spontaneous breathing occurred at all. It is not a direct predictor of renal hypoperfusion or nephrotoxicity.
0_12h_r_vent_mode_spontaneous_measured,1,Measurement frequency is a documentation/monitoring proxy and not a physiologic driver. In the immediate post-op window it is routine and not AKI-specific.
13_24h_r_vent_mode_spontaneous_measured,1,How often spontaneous mode is recorded reflects workflow rather than kidney risk. Any association with AKI would be indirect and weak.
25_36h_r_vent_mode_spontaneous_measured,2,"Later frequent recording of spontaneous mode may reflect active weaning attempts and evolving clinical status near the outcome window. Nonetheless it remains a behavioral proxy, so importance should stay low."
0_12h_arterial_line_map_mean,3,"Mean arterial pressure relates directly to renal perfusion; sustained hypotension increases AKI risk after cardiac surgery. Because this is a 0–12h mean (and early post-op fluctuations are common), it is capped conservatively and extremes would be more informative than the mean."
13_24h_arterial_line_map_mean,2,"MAP relates to renal perfusion, but the mean over 12h can mask hypotensive episodes that drive AKI; the MAP_min is the more pathophysiologic aggregation. In the 13–24h window, use conservatively to avoid collinearity with extremes."
25_36h_arterial_line_map_mean,2,"Sustained MAP is relevant to kidney perfusion, but AKI risk is more strongly linked to hypotensive nadirs than the average. Keep low to avoid redundancy with MAP_min in the most predictive 25–36h window."
0_12h_arterial_line_map_max,1,Hypertensive peaks are not a typical direct trigger for postoperative AKI compared with hypotension/low perfusion. Early (0–12h) values are often transient and treatment-related.
13_24h_arterial_line_map_max,1,MAP maxima generally reflect vasopressor titration/pain rather than renal hypoperfusion risk. Not a strong mechanistic predictor of creatinine rise compared with MAP_min.
25_36h_arterial_line_map_max,1,High MAP episodes are not a primary driver of AKI in this setting; low MAP is the key insult. Max is also collinear with other MAP summaries without adding renal-specific signal.
0_12h_arterial_line_map_min,3,"Hypotension is a known contributor to renal ischemia after cardiac surgery, and the minimum MAP captures acute low-perfusion insults. Score capped by the 0–12h epoch where transient post-bypass hypotension is common."
13_24h_arterial_line_map_min,4,Persistent or recurrent hypotension in the 13–24h trajectory phase strongly predicts evolving renal hypoperfusion and AKI. The minimum MAP best captures clinically meaningful insults compared with mean/max.
25_36h_arterial_line_map_min,5,Low MAP close to the outcome window is a direct marker of inadequate renal perfusion and impending ischemic tubular injury. The nadir MAP in 25–36h is a leading indicator for subsequent creatinine rise.
0_12h_arterial_line_map_measured,1,"Measurement frequency reflects monitoring intensity rather than physiology, and arterial lines are routine post-cardiac surgery. In 0–12h it mainly indicates standard care rather than AKI risk."
13_24h_arterial_line_map_measured,1,Arterial MAP measurement count is largely protocol-driven in ICU patients and is a weak behavioral proxy for acuity. It does not directly encode renal perfusion compared with the MAP values themselves.
25_36h_arterial_line_map_measured,1,"Even late, arterial line monitoring frequency is not a physiologic mechanism and is often unchanged unless lines are removed. Value-based hypotension metrics are far more informative for AKI risk."
0_12h_diet_type_npo_mean,1,NPO status early after cardiac surgery is routine and not mechanistically linked to AKI. It mainly reflects postoperative workflow rather than renal perfusion or nephrotoxin exposure.
13_24h_diet_type_npo_mean,1,"Continued NPO may correlate with illness severity, but it is an indirect and nonspecific proxy with weak linkage to creatinine rise. Not a primary driver of AKI compared with hemodynamics and renal labs."
25_36h_diet_type_npo_mean,2,"Prolonged NPO by 25–36h can indicate ongoing instability or delayed recovery, indirectly associating with higher AKI risk. Still nonspecific and not a direct renal mechanism."
0_12h_diet_type_npo_max,1,Binary NPO in the immediate postoperative period is expected standard care and provides little discrimination for AKI risk. Not a physiologic marker of renal injury.
13_24h_diet_type_npo_max,1,Being NPO at any point in 13–24h is common and nonspecific; it may reflect routine extubation/feeding timing rather than kidney risk. Weak indirect association at best.
25_36h_diet_type_npo_max,2,"Persistent NPO status late (25–36h) can be an indirect marker of ongoing critical illness, delayed extubation, or hemodynamic instability that may increase AKI risk. It is not a direct physiologic driver of creatinine rise."
0_12h_diet_type_npo_min,1,Being NPO in the immediate 0–12h post-cardiac surgery period is routine and provides little specific prognostic information for AKI. Early postoperative diet status is heavily protocol-driven.
13_24h_diet_type_npo_min,1,NPO status in 13–24h is still commonly protocol- or workflow-driven and only weakly reflects renal risk. Any association with AKI would be indirect via overall acuity.
25_36h_diet_type_npo_min,2,"Remaining NPO by 25–36h may reflect complications (ileus, reintubation risk, vasopressor needs) that correlate with AKI. Still an indirect proxy rather than a kidney-specific mechanism."
0_12h_diet_type_npo_measured,1,"Measurement frequency reflects documentation/ordering behavior rather than physiology, and NPO is routinely recorded early after surgery. It is unlikely to add independent signal for AKI."
13_24h_diet_type_npo_measured,1,How often NPO status is recorded is primarily a workflow artifact and not a renal perfusion marker. At most it weakly tracks acuity.
25_36h_diet_type_npo_measured,2,"More frequent documentation of NPO status late may reflect heightened clinical attention or instability, which can correlate with AKI risk. Still a behavioral proxy, not a direct predictor."
0_12h_diet_type_diet_mean,1,Average diet status in 0–12h is largely determined by standard postoperative care and does not capture a kidney-relevant insult. It is unlikely to be causally linked to creatinine rise.
13_24h_diet_type_diet_mean,1,Mean diet status in 13–24h is a nonspecific recovery marker and not a direct determinant of renal injury. Any relationship to AKI would be indirect and weak.
25_36h_diet_type_diet_mean,2,"Failure to advance diet by 25–36h can indicate ongoing critical illness or complications associated with AKI risk. As an averaged/summary measure, it remains indirect and potentially collinear with NPO indicators."
0_12h_diet_type_diet_max,1,Having any diet intake in 0–12h is uncommon and mostly reflects protocol variation rather than renal physiology. Early feeding status is not a recognized AKI predictor.
13_24h_diet_type_diet_max,2,"Ability to tolerate diet by 13–24h may indicate improving clinical status, indirectly associated with lower AKI risk. It is not a direct renal biomarker."
25_36h_diet_type_diet_max,2,"Diet tolerance by 25–36h suggests recovery and less severe illness, which may correlate with lower AKI risk. Still an indirect marker and not kidney-specific."
0_12h_diet_type_diet_min,1,Minimum diet status in 0–12h largely reflects routine NPO immediately after surgery and adds little AKI-specific information. It is expected and not pathologic.
13_24h_diet_type_diet_min,1,"Minimum diet status in 13–24h is still commonly NPO for non-renal reasons and is a weak, indirect proxy for acuity. It is not a primary AKI driver."
25_36h_diet_type_diet_min,2,"Persistently minimal/no diet in 25–36h can reflect ongoing instability or complications that increase AKI risk. However, it is indirect and potentially redundant with NPO features."
0_12h_diet_type_diet_measured,1,Measurement frequency of diet orders is a care-process marker and not a physiologic driver of AKI. In the immediate 0–12h post-op period it is unlikely to add specific prognostic value for creatinine rise.
13_24h_diet_type_diet_measured,1,Diet order frequency mainly reflects workflow/acuity rather than renal perfusion or nephrotoxicity. Weak and nonspecific association with subsequent creatinine ratio.
25_36h_diet_type_diet_measured,2,"More frequent diet-related documentation/orders late may reflect ongoing instability or delayed feeding, which can correlate with illness severity. Still indirect and behavioral, so limited predictive value for AKI."
0_12h_diet_type_other_mean,1,"Diet category ('other') is not a direct physiologic determinant of renal injury, especially immediately post-op when most patients are NPO or on standardized pathways. Mean encoding is also not clinically interpretable as an AKI trigger."
13_24h_diet_type_other_mean,1,"Diet type remains a weak, nonspecific proxy for overall recovery and does not directly affect kidney perfusion in this window. Mean aggregation further dilutes any signal."
25_36h_diet_type_other_mean,2,"Persistent nonstandard diet status closer to outcome may indicate delayed recovery/ongoing critical illness, indirectly associated with AKI risk. Still not a primary mechanism and mean aggregation is not ideal."
0_12h_diet_type_other_max,1,"Any occurrence of an 'other' diet order in 0–12h is common and largely protocol-driven (e.g., NPO), not kidney-specific. Weak link to creatinine trajectory."
13_24h_diet_type_other_max,1,Presence of an 'other' diet order is not a recognized AKI risk factor and is heavily influenced by practice patterns. Minimal physiologic relevance.
25_36h_diet_type_other_max,2,"Having any 'other' diet status in the 25–36h window may reflect delayed extubation/ileus/ongoing instability, indirectly correlating with AKI risk. Still nonspecific and not causal."
0_12h_diet_type_other_min,1,Minimum of a binary diet indicator is not clinically meaningful for AKI prediction and adds redundancy with max/mean. No direct renal relevance.
13_24h_diet_type_other_min,1,Binary minimum provides little interpretable information and is not linked to renal perfusion or nephrotoxicity. Likely redundant and non-informative.
25_36h_diet_type_other_min,1,Binary minimum is not a useful representation of exposure and does not capture a plausible AKI mechanism. Prefer max if any diet-status signal exists.
0_12h_diet_type_other_measured,1,"Frequency of documenting/ordering an 'other' diet is a behavioral/process variable, not a physiologic AKI driver. In 0–12h it is especially protocolized and nonspecific."
13_24h_diet_type_other_measured,1,Measurement frequency reflects clinician workflow and general acuity rather than kidney injury. Weak and indirect association at best.
25_36h_diet_type_other_measured,2,"More frequent diet-status changes/orders late may indicate ongoing complications and higher illness severity, which can correlate with AKI. Still indirect and should remain low importance."
0_12h_r_cardiac_regularity_regular_mean,2,"Cardiac rhythm regularity relates indirectly to renal perfusion (arrhythmias can reduce cardiac output), but in 0–12h transient rhythm changes are common post-op. Mean aggregation may miss brief high-impact arrhythmias, so importance is capped."
13_24h_r_cardiac_regularity_regular_mean,1,Mean proportion of “regular” rhythm is an indirect proxy for absence of arrhythmia and does not directly reflect renal perfusion. Prefer irregularity extremes/occurrence over averaged regularity to avoid collinearity.
25_36h_r_cardiac_regularity_regular_mean,1,"Sustained “regular” rhythm is not a direct AKI driver and mainly reflects clinical stability. Irregular rhythm presence is the more pathologic signal, so regular_mean adds little unique renal prognostic value."
0_12h_r_cardiac_regularity_regular_max,1,A max of “regular” (binary) in the immediate post-op window is expected and not informative for AKI risk. Early period is noisy/transient and this does not capture a renal insult.
13_24h_r_cardiac_regularity_regular_max,1,Having any regular rhythm during 13–24h is common and not a meaningful predictor of creatinine rise. It is redundant with irregular rhythm indicators and lacks direct physiologic linkage to AKI.
25_36h_r_cardiac_regularity_regular_max,1,Any regular rhythm in 25–36h is not a marker of renal hypoperfusion or nephrotoxicity. The clinically relevant signal would be irregularity/arrhythmia rather than regularity.
0_12h_r_cardiac_regularity_regular_min,2,"A low minimum of “regular” implies periods of irregular rhythm, which can reduce cardiac output and renal perfusion, but 0–12h is highly confounded by transient post-bypass arrhythmias. As an early window feature, cap at low importance."
13_24h_r_cardiac_regularity_regular_min,3,"A low minimum regularity suggests sustained/recurring arrhythmia in the trajectory phase, which can impair renal perfusion and correlate with vasopressor need. This is a plausible established risk factor but not a direct kidney biomarker."
25_36h_r_cardiac_regularity_regular_min,4,"Low minimum regularity in 25–36h indicates ongoing arrhythmia close to the outcome window, increasing risk of low cardiac output and renal hypoperfusion. This is a strong direct clinical predictor of subsequent AKI risk (though not kidney-specific)."
0_12h_r_cardiac_regularity_regular_measured,1,Measurement frequency reflects monitoring/documentation behavior rather than physiology and is routine immediately post-op. It provides minimal specific signal for AKI.
13_24h_r_cardiac_regularity_regular_measured,1,"How often regularity is recorded is primarily a workflow/acuity proxy and not a mechanistic driver of creatinine rise. Without a clear link to suspected AKI, keep low."
25_36h_r_cardiac_regularity_regular_measured,1,"Recording frequency is not a physiologic marker of renal injury and is often standard ICU monitoring. At most it reflects general instability, so low importance."
0_12h_r_cardiac_regularity_irregular_mean,2,"Average irregularity in 0–12h may reflect post-op AF/ectopy, which can affect renal perfusion, but early transient arrhythmias are common and confounded. Extremes/occurrence later are more informative than early mean."
13_24h_r_cardiac_regularity_irregular_mean,3,Sustained irregular rhythm burden in 13–24h suggests ongoing AF/arrhythmia with potential low cardiac output and hemodynamic support needs. This is an established AKI risk factor but not definitive.
25_36h_r_cardiac_regularity_irregular_mean,4,"Higher irregular rhythm burden close to hour 60 indicates persistent arrhythmia and likely hemodynamic compromise, which strongly predicts renal hypoperfusion-related AKI. Mean burden here can reflect sustained pathology rather than transient events."
0_12h_r_cardiac_regularity_irregular_max,3,"Any occurrence of irregular rhythm in the immediate post-op period can indicate AF/ectopy and potential hemodynamic instability, but this window is prone to transient, reversible arrhythmias. Max score capped at 3 for 0–12h."
13_24h_r_cardiac_regularity_irregular_max,4,"Any irregular rhythm episode in 13–24h is clinically meaningful (post-op AF) and associated with low cardiac output, vasopressor use, and renal hypoperfusion. As an extreme/occurrence marker in the trajectory phase, it is a strong predictor."
25_36h_r_cardiac_regularity_irregular_max,3,Sustained or recurrent rhythm irregularity (often AF) can reduce cardiac output and renal perfusion and is associated with postoperative complications including AKI. In the 25–36h window it can be a meaningful leading indicator of hemodynamic instability.
0_12h_r_cardiac_regularity_irregular_min,2,"Early postoperative rhythm irregularity is common and often transient after cardiac surgery, so it is a weaker discriminator for later AKI. Still, arrhythmia can contribute to hypotension and renal hypoperfusion."
13_24h_r_cardiac_regularity_irregular_min,2,Irregular rhythm in this trajectory phase may reflect evolving instability but remains indirect for AKI compared with direct perfusion markers. Scored conservatively given potential collinearity with other irregularity summaries.
25_36h_r_cardiac_regularity_irregular_min,2,"The minimum of a binary irregularity indicator is typically uninformative (often just indicates there was at least some regular rhythm), and is collinear with max/any-occurrence. Prefer the max as the more pathology-capturing aggregation."
0_12h_r_cardiac_regularity_irregular_measured,1,"Measurement frequency reflects monitoring/clinical attention rather than a physiologic mechanism for AKI. In the immediate post-op period, frequent rhythm documentation is routine ICU care."
13_24h_r_cardiac_regularity_irregular_measured,1,"Counts of measurements are primarily a behavioral proxy for acuity/monitoring intensity, not a direct driver of renal injury. Rhythm monitoring remains standard in this phase."
25_36h_r_cardiac_regularity_irregular_measured,2,"More frequent rhythm assessments late may indicate clinician concern for instability, which can correlate with AKI risk, but it is still indirect and non-physiologic. Kept low per the measured-feature rule."
0_12h_r_cardiac_regularity_other_mean,1,"An 'other' rhythm category is heterogeneous and hard to interpret mechanistically for renal perfusion, especially as a mean in the immediate post-op window. Likely reflects documentation noise more than AKI biology."
13_24h_r_cardiac_regularity_other_mean,1,The 'other' rhythm label is non-specific and not an established predictor of AKI. As an averaged/summary indicator it is unlikely to add signal beyond more interpretable rhythm/hemodynamic features.
25_36h_r_cardiac_regularity_other_mean,2,"Late 'other' rhythm could capture clinically relevant dysrhythmias or pacing states that affect perfusion, but the category is too heterogeneous to be a strong predictor. Mean aggregation further dilutes acute events."
0_12h_r_cardiac_regularity_other_max,2,"Any occurrence of a non-standard rhythm early could reflect transient pacing/ectopy or conduction issues, which may relate to hemodynamic swings, but early post-op effects are often temporary. Max is preferred over mean/min for capturing an acute event."
13_24h_r_cardiac_regularity_other_max,2,"Occurrence of an 'other' rhythm in this phase may indicate ongoing conduction/rhythm issues with potential perfusion impact, but remains non-specific. Max captures the event better than mean/min but is still indirect for AKI."
25_36h_r_cardiac_regularity_other_max,3,"In the 25–36h window, any occurrence of an atypical rhythm/pacing state may signal persistent cardiac dysfunction that can impair renal perfusion and contribute to AKI. Max best captures the presence of such an insult compared with mean/min."
0_12h_r_cardiac_regularity_other_min,1,The minimum of a binary 'other rhythm' indicator is generally uninformative and highly collinear with max/any-occurrence. Early post-op documentation variability further limits interpretability.
13_24h_r_cardiac_regularity_other_min,1,Binary-min aggregation provides little clinical meaning (often just indicates there was some time without 'other' rhythm) and is redundant with max. Not a direct or established AKI predictor.
25_36h_r_cardiac_regularity_other_min,1,"As a binary-min summary it is not a good representation of pathologic exposure and is collinear with the max feature. Even late, it does not capture severity or duration relevant to renal hypoperfusion."
0_12h_r_cardiac_regularity_other_measured,1,"Measurement frequency is mainly a proxy for monitoring intensity rather than renal physiology, and early post-op rhythm checks are routine. In the 0–12h window it is especially nonspecific for later AKI."
13_24h_r_cardiac_regularity_other_measured,1,Still primarily reflects clinician attention/acuity rather than a direct mechanism for AKI. Rhythm assessment frequency is not a reliable independent predictor of creatinine rise.
25_36h_r_cardiac_regularity_other_measured,2,"Increased rhythm-related monitoring late may reflect hemodynamic instability (e.g., atrial fibrillation) that can reduce renal perfusion, but it remains an indirect behavioral proxy. Therefore it should stay low."
0_12h_r_heart_rate_source_monitor_pulse_ox_mean,2,"Mean HR in the immediate post-op period is influenced by pain, temperature, and inotropes and is often transient. It is only an indirect marker of hemodynamic stress relevant to AKI."
13_24h_r_heart_rate_source_monitor_pulse_ox_mean,2,"Sustained tachycardia can indicate ongoing stress/low stroke volume that may impair renal perfusion, but the mean smooths important extremes. As an average it is less specific than max/min for AKI risk."
25_36h_r_heart_rate_source_monitor_pulse_ox_mean,3,"Persistent abnormal HR closer to hour 60 can reflect ongoing shock, arrhythmia burden, or inadequate cardiac output affecting renal perfusion. Still, mean HR is less informative than extremes for acute insults."
0_12h_r_heart_rate_source_monitor_pulse_ox_max,3,"Early extreme tachycardia can signal bleeding, pain/agitation, or low cardiac output states that threaten renal perfusion. However, in 0–12h it is common and transient, so capped at 3."
13_24h_r_heart_rate_source_monitor_pulse_ox_max,3,Max HR in this trajectory phase can capture clinically meaningful episodes of tachyarrhythmia or shock that reduce renal blood flow. It is more informative than the mean but still not kidney-specific.
25_36h_r_heart_rate_source_monitor_pulse_ox_max,4,"Late episodes of marked tachycardia are a strong indicator of ongoing instability (e.g., AF with RVR, sepsis, bleeding) that can precipitate AKI via hypoperfusion. Extremes are preferred over mean for capturing insult."
0_12h_r_heart_rate_source_monitor_pulse_ox_min,3,"Bradycardia episodes can reflect conduction issues or over-sedation with potential hypotension and renal hypoperfusion. In the immediate post-op period these events may be transient, so capped at 3."
13_24h_r_heart_rate_source_monitor_pulse_ox_min,3,Low HR extremes may indicate conduction disease or medication effects leading to low cardiac output and renal hypoperfusion. As an extreme it is more relevant than mean but not definitive.
25_36h_r_heart_rate_source_monitor_pulse_ox_min,4,"Late bradycardia extremes can be a strong marker of low cardiac output/hemodynamic compromise, which directly threatens renal perfusion and increases AKI risk. Extremes capture the insult better than averages."
0_12h_r_heart_rate_source_monitor_pulse_ox_measured,1,"Measurement frequency reflects monitoring intensity and nursing workflow rather than physiology, and HR is routinely monitored post-op. It provides little specific signal for AKI."
13_24h_r_heart_rate_source_monitor_pulse_ox_measured,1,Still largely a behavioral/acuity proxy with high baseline monitoring in ICU patients. Not a direct predictor of creatinine rise.
25_36h_r_heart_rate_source_monitor_pulse_ox_measured,2,"Increased measurement frequency late may reflect instability prompting closer observation, which can correlate with AKI risk. Nonetheless it remains indirect and should be kept low."
0_12h_r_heart_rate_source_apical_mean,1,Apical HR mean is redundant with monitor-derived HR and the mean is less informative than extremes for acute hemodynamic insults. In 0–12h it is particularly nonspecific for later AKI.
13_24h_r_heart_rate_source_apical_mean,2,"Sustained tachycardia can reflect ongoing stress/low cardiac output that may reduce renal perfusion, but mean HR is a nonspecific marker and often collinear with extremes."
25_36h_r_heart_rate_source_apical_mean,2,"Later sustained HR elevation may indicate persistent hemodynamic stress associated with AKI risk, but the mean is less informative than max/min for acute insults and is nonspecific."
0_12h_r_heart_rate_source_apical_max,3,"Early postoperative tachycardia can signal bleeding, pain, arrhythmia, or low output that can compromise renal perfusion; however in 0–12h it is often transient and treatment-related."
13_24h_r_heart_rate_source_apical_max,3,"Persistent/recurrent tachycardia in the trajectory phase can reflect ongoing low output or sepsis-like physiology that increases AKI risk, though it remains indirect."
25_36h_r_heart_rate_source_apical_max,3,"Tachycardia closer to the outcome may indicate unresolved hemodynamic compromise (e.g., low cardiac output/arrhythmia) that can reduce renal perfusion, but it is not kidney-specific."
0_12h_r_heart_rate_source_apical_min,2,"Bradycardia may reduce cardiac output and renal blood flow, but in the immediate post-op window it is commonly medication/pacing related and less predictive."
13_24h_r_heart_rate_source_apical_min,2,"Episodes of bradycardia can contribute to low perfusion states, yet this is an indirect and often iatrogenic signal rather than a direct AKI marker."
25_36h_r_heart_rate_source_apical_min,3,"Later bradycardia may more strongly indicate clinically significant low output/conduction issues affecting renal perfusion, making it a more relevant indirect AKI risk signal."
0_12h_r_heart_rate_source_apical_measured,1,"Measurement frequency mainly reflects monitoring intensity/acuity rather than a physiologic mechanism for AKI, especially in the immediate post-op period."
13_24h_r_heart_rate_source_apical_measured,1,How often HR is documented is a behavioral proxy for concern/monitoring and does not directly predict creatinine rise.
25_36h_r_heart_rate_source_apical_measured,1,More frequent HR measurements reflect clinician attention/instability but are not a direct physiologic driver of AKI.
0_12h_r_heart_rate_source_peripheral_mean,2,"Mean peripheral HR trends can correlate with overall hemodynamic stress, but in 0–12h it is commonly influenced by transient post-op factors and is less informative than extremes."
13_24h_r_heart_rate_source_peripheral_mean,2,"Sustained HR elevation may indicate ongoing stress/low output affecting renal perfusion, but mean values are nonspecific and collinear with max/min."
25_36h_r_heart_rate_source_peripheral_mean,2,"Later mean HR may reflect persistent instability associated with AKI risk, but it is an indirect marker and less sensitive than extreme HR events."
0_12h_r_heart_rate_source_peripheral_max,3,"Early tachycardia can indicate acute physiologic stress or low output that can impair renal perfusion, but immediate post-op tachycardia is often transient and multifactorial."
13_24h_r_heart_rate_source_peripheral_max,3,"Tachycardia peaks during 13–24h can reflect ongoing hemodynamic compromise that increases AKI risk, though it remains an indirect predictor."
25_36h_r_heart_rate_source_peripheral_max,1,Indicates the monitoring source (peripheral) rather than a physiologic derangement; it is not a direct driver of renal hypoperfusion or AKI.
0_12h_r_heart_rate_source_peripheral_min,1,Monitoring-source metadata in the immediate post-op window; does not reflect kidney perfusion or nephrotoxic exposure.
13_24h_r_heart_rate_source_peripheral_min,1,Heart-rate source (peripheral) is not a physiologic marker and has no established link to AKI risk.
25_36h_r_heart_rate_source_peripheral_min,1,"Represents where HR was measured, not the HR itself; provides negligible mechanistic or prognostic information for AKI."
0_12h_r_heart_rate_source_peripheral_measured,1,Measurement frequency is a care-process proxy and here reflects routine monitoring rather than specific AKI suspicion; cap per _measured rule and early epoch.
13_24h_r_heart_rate_source_peripheral_measured,1,Counts how often peripheral HR source was recorded; largely workflow-driven and not a physiologic predictor of creatinine rise.
25_36h_r_heart_rate_source_peripheral_measured,1,"Even close to outcome, this is still monitoring behavior/metadata rather than hemodynamic instability; weak link to AKI."
0_12h_r_oxygen_device_mechanical_mean,2,Average mechanical ventilation use early post-op is common after cardiac surgery and is only an indirect marker of illness severity; mean is less informative than extremes/duration.
13_24h_r_oxygen_device_mechanical_mean,2,"Ongoing mechanical ventilation suggests slower recovery and higher acuity, which correlates with AKI risk, but it is indirect and the mean aggregation is collinear with max/min."
25_36h_r_oxygen_device_mechanical_mean,3,Persistent mechanical ventilation by 25–36h is a stronger marker of ongoing critical illness/hemodynamic/respiratory failure that can contribute to renal hypoperfusion and AKI.
0_12h_r_oxygen_device_mechanical_max,2,Any mechanical ventilation in the first 12h is expected post-cardiac surgery and is a nonspecific severity marker; conservative scoring due to early epoch.
13_24h_r_oxygen_device_mechanical_max,3,"Mechanical ventilation at any point in 13–24h suggests delayed extubation and higher illness severity, which is associated with AKI risk."
25_36h_r_oxygen_device_mechanical_max,4,"Need for mechanical ventilation at any time in 25–36h is a strong indicator of ongoing organ dysfunction/instability (often with vasopressors, low cardiac output), which strongly predicts subsequent AKI."
0_12h_r_oxygen_device_mechanical_min,1,The minimum (often 0) mainly reflects that the patient was extubated at some point; in the immediate post-op period this is common and not a direct AKI driver.
13_24h_r_oxygen_device_mechanical_min,1,"Minimum ventilation status is less pathologic than the presence/persistence of ventilation; per collinearity rule, min is less informative than max for AKI risk."
25_36h_r_oxygen_device_mechanical_min,2,"Being off the ventilator at some point in 25–36h may indicate recovery, but the min aggregation is less predictive than max/persistence and can be redundant."
0_12h_r_oxygen_device_mechanical_measured,2,"Mechanical ventilation early post-op reflects illness severity and potential hemodynamic/oxygenation stress, but in 0–12h it is often routine after cardiac surgery. As a _measured count it is also a care-intensity proxy rather than a direct AKI mechanism."
13_24h_r_oxygen_device_mechanical_measured,2,"Ongoing need for mechanical ventilation into 13–24h suggests slower recovery and higher acuity, which can correlate with AKI risk. However, _measured is a behavioral proxy and not a direct renal perfusion marker."
25_36h_r_oxygen_device_mechanical_measured,2,"Persistent mechanical ventilation close to the outcome window can indicate cardiopulmonary instability associated with AKI risk. Still, measurement frequency is indirect and should remain low-importance."
0_12h_r_oxygen_device_none_mean,1,Being on no oxygen device in the immediate post-op period is not a direct driver of renal injury and is heavily influenced by extubation practices. The mean over 0–12h is also less informative than whether the patient ever required support.
13_24h_r_oxygen_device_none_mean,2,More time on no oxygen device during 13–24h may reflect clinical stability and indirectly lower AKI risk via better hemodynamics/oxygenation. As a mean aggregation it is a coarse proxy and not kidney-specific.
25_36h_r_oxygen_device_none_mean,2,"Sustained time without oxygen support in 25–36h suggests recovery and lower overall acuity, indirectly associated with less AKI. Mean aggregation remains indirect and potentially collinear with other respiratory support indicators."
0_12h_r_oxygen_device_none_max,2,"If the patient ever had 'no oxygen device' in 0–12h, it may indicate early extubation and stability, indirectly lowering AKI risk. In this early epoch, respiratory support status is often protocol-driven, so importance is capped."
13_24h_r_oxygen_device_none_max,3,"Having any period with no oxygen device in 13–24h more meaningfully reflects stabilization and less cardiopulmonary stress, which can reduce AKI risk. The extreme (max) captures the clinically relevant transition off support better than the mean."
25_36h_r_oxygen_device_none_max,3,"Any time off oxygen support in 25–36h is a useful leading indicator of recovery and lower severity, indirectly associated with lower AKI risk. Max is preferred over mean/min as it captures the key clinical milestone (off support)."
0_12h_r_oxygen_device_none_min,1,"The minimum for a binary 'none' variable mainly indicates whether the patient was ever on some oxygen device, which is expected in 0–12h post-cardiac surgery. This provides little specific information about renal perfusion or AKI mechanisms."
13_24h_r_oxygen_device_none_min,2,"If 'none' is not sustained throughout 13–24h (min=0), it suggests ongoing oxygen needs and higher acuity, indirectly linked to AKI. Min is less clinically interpretable than max for capturing recovery milestones."
25_36h_r_oxygen_device_none_min,2,"Not being consistently off oxygen in 25–36h can indicate persistent respiratory/cardiac dysfunction and higher AKI risk via systemic illness severity. However, min is a blunt indicator and less informative than max for this binary feature."
0_12h_r_oxygen_device_none_measured,1,Measurement frequency of 'none' is documentation/monitoring behavior and not a physiologic driver of AKI. In 0–12h it is especially routine and weakly informative.
13_24h_r_oxygen_device_none_measured,1,How often 'none' is recorded reflects charting intensity rather than renal risk. It may weakly correlate with acuity but lacks a direct mechanistic link to AKI.
25_36h_r_oxygen_device_none_measured,1,"This is primarily a documentation frequency signal and not a biomarker of kidney injury. Even near the outcome window, it remains an indirect proxy and should be low importance."
0_12h_r_oxygen_device_low_flow_mean,2,"Low-flow oxygen requirement can reflect cardiopulmonary stress and illness severity that may contribute to AKI risk, but in 0–12h it is common and transient post-op. Mean aggregation further dilutes brief hypoxemic episodes that would be more relevant."
13_24h_r_oxygen_device_low_flow_mean,1,Low-flow oxygen use is a nonspecific marker of respiratory support and does not directly reflect renal perfusion or nephrotoxic exposure. As a mean/usage indicator it is also collinear with max/min device-use flags and adds little AKI-specific signal.
25_36h_r_oxygen_device_low_flow_mean,2,"Persistent need for low-flow oxygen late may reflect ongoing cardiopulmonary dysfunction that can indirectly worsen renal perfusion. However, it is nonspecific and less informative than hemodynamics/vasopressors or hypoxemia extremes."
0_12h_r_oxygen_device_low_flow_max,1,"Immediate post-op oxygen device selection is common and heavily influenced by routine extubation/weaning practices rather than kidney injury mechanisms. In the 0–12h epoch, this is a weak and transient marker."
13_24h_r_oxygen_device_low_flow_max,1,Having low-flow oxygen at any point in 13–24h is common and not a direct driver of AKI. It is also a coarse binary indicator that is likely redundant with other respiratory support variables.
25_36h_r_oxygen_device_low_flow_max,2,"Low-flow oxygen use in the 25–36h window may indicate incomplete cardiopulmonary recovery, which can correlate with renal hypoperfusion risk. Still, it is nonspecific and not a direct AKI biomarker."
0_12h_r_oxygen_device_low_flow_min,1,"Minimum low-flow use (i.e., whether low-flow was present at all) in the immediate post-op period mainly reflects routine oxygen supplementation. It has no direct physiologic linkage to AKI and is highly practice-pattern dependent."
13_24h_r_oxygen_device_low_flow_min,1,This binary minimum indicator is a weak proxy for respiratory status and does not capture hypoxemia severity or hemodynamic compromise. It is unlikely to add AKI-specific predictive value beyond other variables.
25_36h_r_oxygen_device_low_flow_min,2,"Any continued low-flow oxygen requirement late may weakly track with ongoing illness severity that can predispose to AKI. However, it remains indirect and less informative than direct perfusion/renal markers."
0_12h_r_oxygen_device_low_flow_measured,1,"Measurement frequency reflects documentation/monitoring behavior rather than a renal mechanism. In 0–12h it is especially driven by routine post-op workflows, not AKI suspicion."
13_24h_r_oxygen_device_low_flow_measured,1,Counts of recorded device status are primarily a charting intensity proxy and not a physiologic driver of AKI. It is unlikely to indicate targeted concern for renal injury.
25_36h_r_oxygen_device_low_flow_measured,2,"More frequent documentation late could reflect higher acuity and closer monitoring, which may correlate with AKI risk. Still, it is a behavioral proxy and should remain low importance."
0_12h_r_oxygen_device_high_flow_mean,2,"High-flow oxygen early can indicate significant respiratory compromise and higher overall illness severity, which may indirectly increase AKI risk. In 0–12h, however, respiratory support needs are often transient and perioperative, so importance is capped low."
13_24h_r_oxygen_device_high_flow_mean,3,"Ongoing high-flow oxygen requirement in 13–24h suggests persistent cardiopulmonary dysfunction and potential low cardiac output/hypoxemia, both associated with AKI risk. As a mean/usage measure it is still less specific than extremes of hypoxemia or vasopressor need."
25_36h_r_oxygen_device_high_flow_mean,4,"Persistent high-flow oxygen requirement in the 25–36h window is a strong marker of ongoing physiologic instability (e.g., pulmonary edema/heart failure) that commonly coexists with renal hypoperfusion and AKI. This late epoch makes it more predictive of the hour-60 creatinine rise."
0_12h_r_oxygen_device_high_flow_max,2,"Any high-flow use in the immediate post-op period can reflect early respiratory failure severity, indirectly linked to AKI via hypoxemia and hemodynamic stress. But early post-op variability is common, so predictive value is limited."
13_24h_r_oxygen_device_high_flow_max,3,"High-flow oxygen at any point in 13–24h indicates more severe or persistent respiratory compromise than low-flow, which can correlate with AKI through systemic hypoxia and low-output states. As a max/binary indicator it captures an acute need better than the mean."
25_36h_r_oxygen_device_high_flow_max,2,"Need for high-flow oxygen late (25–36h) can reflect ongoing cardiopulmonary dysfunction and higher illness severity, which can indirectly increase AKI risk via hypoperfusion/inflammation. It is not a direct renal biomarker and is less specific than hemodynamics/renal labs."
0_12h_r_oxygen_device_high_flow_min,1,"In the immediate 0–12h post-op period, oxygen device requirements are often transient and driven by anesthesia/atelectasis. The minimum high-flow status is not a clear physiologic trigger for AKI."
13_24h_r_oxygen_device_high_flow_min,1,"Minimum high-flow use in 13–24h is not a strong indicator of sustained respiratory/circulatory failure. It has only a weak, indirect relationship to renal hypoperfusion risk."
25_36h_r_oxygen_device_high_flow_min,1,The minimum value is not the aggregation that captures the pathologic insult (persistent or peak support would be more informative). As such it provides little incremental signal for AKI risk.
0_12h_r_oxygen_device_high_flow_measured,1,"Measurement frequency reflects documentation/monitoring behavior rather than a renal mechanism, and early post-op monitoring is routine. It is unlikely to specifically predict creatinine rise."
13_24h_r_oxygen_device_high_flow_measured,1,"Counts of measurements primarily capture clinician attention and workflow, not physiology. Any association with AKI would be indirect via overall acuity."
25_36h_r_oxygen_device_high_flow_measured,2,"More frequent documentation/orders at 25–36h may indicate ongoing instability and clinician concern, which can correlate with AKI risk. Still, it is a behavioral proxy and not a direct driver, so it should remain low."
0_12h_r_heart_block_type_degree_1_measured,1,First-degree AV block is usually benign and measurement frequency is largely routine telemetry documentation in the immediate post-op window. It has minimal direct linkage to renal hypoperfusion or AKI.
13_24h_r_heart_block_type_degree_1_measured,1,This is a monitoring/documentation proxy for a typically low-impact rhythm finding. It is not a strong predictor of AKI compared with hypotension/vasopressors/lactate.
25_36h_r_heart_block_type_degree_1_measured,1,"Even late, first-degree block documentation frequency is unlikely to reflect clinically meaningful low-output states. It provides weak, nonspecific signal for AKI risk."
0_12h_r_heart_block_type_degree_23_measured,2,"Higher-grade AV block can be associated with bradycardia/low cardiac output and renal hypoperfusion, but in 0–12h it may be transient post-op and the feature is only a measurement count. Therefore it is an indirect, low-strength predictor."
13_24h_r_heart_block_type_degree_23_measured,2,"Persistent concern/monitoring for high-grade block in 13–24h may indicate hemodynamic instability that can contribute to AKI. However, as a measured-count proxy it remains a weak-to-moderate indirect marker."
25_36h_r_heart_block_type_degree_23_measured,2,"Ongoing monitoring for high-grade block close to the outcome window can correlate with low-output physiology and AKI risk. Still, because it is measurement frequency rather than the rhythm/hemodynamic consequence itself, it should be kept low."
0_12h_r_heart_block_type_bundle_branch_block_measured,1,Bundle branch block is common post-cardiac surgery and often not hemodynamically significant; measurement frequency is routine telemetry documentation. It has little direct relationship to AKI.
13_24h_r_heart_block_type_bundle_branch_block_measured,1,This remains a documentation proxy for a rhythm/conduction finding that is not typically a primary driver of renal injury. Any association with AKI would be nonspecific via overall illness severity.
25_36h_r_heart_block_type_bundle_branch_block_measured,1,"Late documentation frequency of bundle branch block is unlikely to capture a specific renal-risk mechanism. It is a weak, nonspecific marker compared with direct perfusion and renal function variables."
0_12h_ionized_calcium_mean,1,Mean ionized calcium in the immediate post-op window is more reflective of routine electrolyte management than a specific AKI mechanism. Extremes (especially low calcium) would be more clinically meaningful than the average here.
13_24h_ionized_calcium_mean,1,"Average ionized calcium over 13–24h is not a strong or specific predictor of AKI compared with hemodynamics, lactate, or renal labs. Extremes would better capture clinically relevant derangements."
25_36h_ionized_calcium_mean,2,"Persistently abnormal calcium may correlate with severity of illness and transfusion/citrate load, indirectly relating to AKI risk. However, the mean is less informative than the minimum for capturing clinically important hypocalcemia."
0_12h_ionized_calcium_max,1,"Transient hypercalcemia is uncommon and usually iatrogenic; it is not a typical driver of post-cardiac surgery AKI. In this early epoch, it adds little beyond other severity markers."
13_24h_ionized_calcium_max,1,Maximum ionized calcium is not a recognized trigger for AKI and is often treatment-related. It is unlikely to add prognostic value beyond more direct renal perfusion indicators.
25_36h_ionized_calcium_max,1,Later hypercalcemia remains a weak and nonspecific signal for AKI compared with hypotension/vasopressors or rising creatinine. It is more likely to reflect supplementation practices than renal injury.
0_12h_ionized_calcium_min,3,"Hypocalcemia is common after CPB (hemodilution/citrate from transfusion) and can contribute to myocardial dysfunction and vasoplegia, indirectly worsening renal perfusion. Still, in 0–12h it is often transient and treated, so capped at 3."
13_24h_ionized_calcium_min,3,"A low ionized calcium minimum in the trajectory phase can indicate ongoing critical illness, transfusion burden, or persistent hemodynamic instability that may impair renal perfusion. It is an indirect but established risk marker rather than a direct renal biomarker."
25_36h_ionized_calcium_min,4,"Persistent or recurrent hypocalcemia close to the outcome window can signal ongoing shock/vasoplegia or high transfusion/citrate exposure, both associated with AKI risk. The minimum best captures the clinically relevant insult versus mean/max."
0_12h_ionized_calcium_measured,1,Measurement frequency mainly reflects routine post-CPB electrolyte monitoring and replacement protocols rather than AKI pathophysiology. It is a weak behavioral proxy in this immediate period.
13_24h_ionized_calcium_measured,1,How often ionized calcium is checked is more related to ICU practice patterns and perceived instability than a direct mechanism for AKI. It provides limited incremental prognostic information.
25_36h_ionized_calcium_measured,2,"More frequent checks later may reflect clinician concern for ongoing instability or massive transfusion, which can correlate with AKI risk. Still, it is a behavioral proxy and should remain low importance."
0_12h_magnesium_mean,1,"Mean magnesium early post-op largely reflects routine replacement and perioperative shifts, not a specific AKI driver. Extremes (especially low magnesium) would be more informative than the average."
13_24h_magnesium_mean,1,"Average magnesium in 13–24h is a nonspecific severity marker and not a strong predictor of AKI compared with renal labs or hemodynamic variables. Collinearity-wise, extremes would better capture clinically relevant abnormalities."
25_36h_magnesium_mean,2,"Persistently abnormal magnesium may reflect ongoing renal dysfunction (reduced excretion) or high replacement needs in critical illness, indirectly relating to AKI. However, the mean is less discriminative than min/max for capturing pathologic excursions."
0_12h_magnesium_max,1,"Early magnesium maxima are often iatrogenic from supplementation and are not a typical causal pathway for AKI. In the immediate post-op epoch, it is unlikely to add meaningful predictive signal."
13_24h_magnesium_max,2,"Hypermagnesemia is usually iatrogenic (replacement/renal clearance) and is not a primary AKI driver; it may weakly reflect reduced GFR or illness severity. Max is more informative than mean, but still indirect in this epoch."
25_36h_magnesium_max,2,"Later hypermagnesemia can reflect impaired renal clearance or aggressive repletion, but it is not a direct AKI biomarker. As an extreme closer to outcome it has some indirect signal, but remains weak."
0_12h_magnesium_min,2,"Hypomagnesemia is common post-CPB and with diuresis and may correlate with instability/arrhythmias rather than directly causing AKI. Early (0–12h) abnormalities are often transient, limiting prognostic value."
13_24h_magnesium_min,2,"Low magnesium may indicate ongoing diuresis, poor nutrition, or shifts, which can track with overall acuity but is not a strong renal perfusion marker. Minimum is the most relevant aggregation, but still indirect."
25_36h_magnesium_min,2,"Persistent low magnesium later may reflect continued losses/diuretics and higher care complexity, but it is not an established predictor of creatinine rise. Minimum captures the insult better than mean, yet remains weakly linked."
0_12h_magnesium_measured,1,Measurement frequency mainly reflects routine post-cardiac surgery electrolyte monitoring rather than renal pathophysiology. In the immediate post-op window it is especially protocol-driven.
13_24h_magnesium_measured,1,How often magnesium is checked is largely a behavioral/protocol signal and not a mechanism for AKI. It may reflect general acuity but is nonspecific.
25_36h_magnesium_measured,2,"More frequent magnesium checks later can reflect clinician concern for instability, diuretic use, or evolving renal dysfunction, but remains an indirect behavioral proxy. Thus it warrants only a low score."
0_12h_base_excess_mean,2,"Base excess reflects metabolic acidosis/alkalosis and global perfusion, but the mean can dilute brief hypoperfusion episodes most relevant to AKI. In 0–12h, derangements are common and often transient post-CPB."
13_24h_base_excess_mean,2,"Sustained metabolic acidosis can track with shock and AKI risk, but mean is less sensitive than the minimum for detecting hypoperfusion. In this mid-epoch it is a moderate, nonspecific severity marker."
25_36h_base_excess_mean,3,"Persistently abnormal base excess closer to hour 60 can indicate ongoing lactic/metabolic acidosis from low perfusion or sepsis, which increases AKI risk. Still, mean is less informative than the minimum extreme for renal ischemia."
0_12h_base_excess_max,1,High (more positive) base excess often reflects alkalosis from ventilation/bicarbonate and is not a typical trigger for AKI. In the immediate post-op period it is frequently iatrogenic and nonspecific.
13_24h_base_excess_max,1,A high base excess is generally not a direct marker of renal hypoperfusion and is often treatment-related. It provides little specific prognostic information for AKI compared with low (negative) extremes.
25_36h_base_excess_max,1,Positive base excess later is usually driven by therapy or contraction alkalosis and is not a strong AKI signal. It is less pathophysiologically aligned with ischemic tubular injury than low base excess.
0_12h_base_excess_min,3,"A very negative base excess captures metabolic acidosis from hypoperfusion/low cardiac output, a known contributor to renal ischemia, but early post-CPB acidosis can be transient. Given the 0–12h cap, this is the most informative base-excess aggregation in this window."
13_24h_base_excess_min,4,"A low (more negative) base excess in 13–24h suggests persistent metabolic acidosis and ongoing hypoperfusion/shock, which strongly predicts subsequent AKI. The minimum best captures the clinically relevant insult compared with mean/max."
25_36h_base_excess_min,4,"A very negative base excess (metabolic acidosis) in the 25–36h window suggests ongoing hypoperfusion/shock or lactic acidosis, which strongly predicts subsequent AKI. The minimum captures the worst insult better than mean/max for renal ischemic risk."
0_12h_base_excess_measured,1,Measurement frequency mainly reflects clinician attention and routine post-op ABG monitoring rather than a direct physiologic driver of AKI. Early (0–12h) testing is common after cardiac surgery and is weakly specific.
13_24h_base_excess_measured,1,Counts of base excess measurements are a behavioral proxy for acuity and are not a direct mechanism for AKI. In 13–24h this still often reflects routine trending rather than specific renal risk.
25_36h_base_excess_measured,2,"More frequent acid-base checks late (25–36h) can indicate persistent instability or concern for shock, which correlates with AKI risk. Still, it is indirect and not a physiologic measurement itself."
0_12h_direct_bilirubin_measured,1,Direct bilirubin measurement frequency is largely driven by routine post-op labs or hepatic evaluation and is not specific for AKI. In the immediate 0–12h period it is especially nonspecific.
13_24h_direct_bilirubin_measured,1,"Ordering frequency reflects clinician concern (e.g., cholestasis/hemolysis) but is not a direct predictor of creatinine rise. It remains an indirect, low-specificity marker for AKI."
25_36h_direct_bilirubin_measured,2,"Late repeated bilirubin checks may signal ongoing multi-organ dysfunction or low-flow state, which can co-occur with AKI. However, it is still an indirect behavioral proxy rather than a renal mechanism."
0_12h_wbc_mean,2,"Average WBC early after surgery is heavily influenced by surgical stress response and steroids, limiting specificity for AKI. Mean also smooths peaks that may better reflect inflammatory insult."
13_24h_wbc_mean,2,"Sustained leukocytosis can reflect inflammation/infection that increases AKI risk, but mean is less informative than extremes. In 13–24h it is still moderately nonspecific post-op."
25_36h_wbc_mean,3,"Persistently elevated WBC closer to outcome can indicate evolving infection/SIRS, which is an established contributor to AKI risk. Mean is acceptable here but still less specific than max/min for acute changes."
0_12h_wbc_max,3,"A high WBC peak may indicate early SIRS, infection, or major inflammatory response from CPB, which is associated with AKI. Capped at 3 due to the 0–12h epoch where transient leukocytosis is common."
13_24h_wbc_max,3,A WBC maximum in 13–24h may better capture pathologic inflammation/infection than the mean and is linked to AKI risk. Still not definitive and capped by epoch.
25_36h_wbc_max,4,"A high WBC peak in the 25–36h window suggests evolving infection/SIRS or ongoing inflammatory injury, which strongly increases AKI risk. The maximum captures acute inflammatory surges better than mean for prognostication."
0_12h_wbc_min,1,Low WBC early post-op is uncommon and often reflects dilutional effects or lab variability rather than a direct AKI mechanism. The 0–12h window further reduces specificity.
13_24h_wbc_min,2,"A low WBC nadir can reflect marrow suppression/sepsis-related leukopenia and overall severity, which may correlate with AKI. However it is indirect and less informative than WBC max for inflammatory burden."
25_36h_wbc_min,2,"Leukopenia closer to outcome can indicate severe sepsis or critical illness, which is associated with AKI, but it is an indirect severity marker. It is generally less predictive than WBC maxima for post-op inflammatory complications."
0_12h_wbc_measured,1,"Measurement frequency mainly reflects clinician monitoring intensity rather than a direct AKI mechanism, especially in the immediate post-op period."
13_24h_wbc_measured,1,Ordering frequency is a weak behavioral proxy for acuity and is not a physiologic driver of AKI.
25_36h_wbc_measured,2,"More frequent WBC checks may reflect concern for infection/sepsis, which can precipitate AKI, but it remains an indirect, non-physiologic proxy."
0_12h_prothrombin_time_mean,2,"Coagulopathy can correlate with hepatic dysfunction/bleeding/transfusion and overall severity, but mean PT in the immediate post-op window is often transient and nonspecific for AKI."
25_36h_prothrombin_time_mean,2,"Persistent PT prolongation may indicate ongoing critical illness or hepatic congestion/shock, indirectly increasing AKI risk; however, mean is less informative than extremes for acute insults."
0_12h_prothrombin_time_max,3,"A high PT soon after surgery can signal significant coagulopathy/bleeding risk and severity of illness (e.g., shock, massive transfusion), which can contribute to renal hypoperfusion; capped by early epoch (0–12h)."
25_36h_prothrombin_time_max,4,"Marked PT prolongation close to the outcome suggests ongoing severe illness (shock liver, DIC, major bleeding/transfusion), which is strongly associated with subsequent AKI."
0_12h_prothrombin_time_min,1,Low/normal PT is not a plausible trigger for AKI and provides little prognostic information in this context; early epoch further limits relevance.
25_36h_prothrombin_time_min,1,The minimum PT value is generally non-informative for AKI risk compared with elevated extremes indicating coagulopathy.
0_12h_prothrombin_time_measured,1,"Test frequency reflects monitoring practices (e.g., post-op anticoagulation/bleeding surveillance) rather than a direct renal injury pathway."
13_24h_prothrombin_time_measured,1,Measurement count is a weak proxy for concern about bleeding/coagulopathy and is not itself mechanistically linked to AKI.
25_36h_prothrombin_time_measured,2,"More frequent PT checks may indicate ongoing bleeding/coagulopathy or hepatic dysfunction, which can accompany hemodynamic instability and AKI, but remains indirect."
0_12h_nucleated_red_blood_cells_mean,2,"NRBCs can reflect hypoxemia, inflammation, or physiologic stress, which may correlate with AKI risk, but early post-op values are often nonspecific; capped by early epoch."
13_24h_nucleated_red_blood_cells_mean,2,"Persistent NRBCs suggest ongoing critical illness/hypoxia that can contribute to AKI, but mean values are indirect and less specific than extremes."
25_36h_nucleated_red_blood_cells_mean,3,"Ongoing NRBC presence closer to hour 60 can indicate sustained hypoxia/shock or severe systemic stress, which is an established risk context for AKI."
0_12h_nucleated_red_blood_cells_max,3,"A high NRBC peak may mark significant hypoxemia/shock burden associated with AKI risk, but immediate post-op derangements are common and transient, limiting the score in 0–12h."
13_24h_nucleated_red_blood_cells_max,2,"Elevated NRBCs can reflect physiologic stress, hypoxemia, or inflammation, which may correlate with illness severity and AKI risk. As an indirect marker (not renal-specific), it is a weak-to-plausible predictor in this mid window."
25_36h_nucleated_red_blood_cells_max,3,Persistently high NRBCs closer to the outcome can indicate ongoing hypoxia/critical illness and is more concerning for systemic drivers of AKI. Still indirect and non-specific compared with hemodynamics or renal labs.
0_12h_nucleated_red_blood_cells_min,1,A low/normal NRBC minimum in the immediate post-op period is not mechanistically linked to AKI and is largely uninformative. Early post-bypass variability makes this especially non-specific.
13_24h_nucleated_red_blood_cells_min,1,"NRBC minimum does not capture the pathologic signal (stress-related elevations do), so it adds little for AKI prediction. Kept low to avoid redundancy with NRBC maxima."
25_36h_nucleated_red_blood_cells_min,1,The minimum NRBC value is not a meaningful marker of hypoxic/stress burden and is unlikely to predict creatinine rise. Max values are the more relevant aggregation for this lab.
0_12h_nucleated_red_blood_cells_measured,1,Measurement frequency mainly reflects ordering behavior and routine CBC patterns rather than renal physiology. In the immediate post-op window it is especially unlikely to indicate impending AKI.
13_24h_nucleated_red_blood_cells_measured,1,How often NRBCs are measured is a weak proxy for acuity and is not a direct AKI mechanism. Typically driven by CBC ordering rather than kidney-specific concern.
25_36h_nucleated_red_blood_cells_measured,2,"More frequent CBC/NRBC reporting late may reflect clinician concern for ongoing instability (bleeding, hypoxia, sepsis), which can co-occur with AKI. Still a behavioral proxy, so capped low."
0_12h_glucose_mean,2,"Hyperglycemia is associated with stress response and worse outcomes, but early post-op glucose is heavily influenced by bypass, steroids, and insulin protocols. Mean values smooth peaks and are less tied to acute renal insult in this window."
13_24h_glucose_mean,2,"Sustained dysglycemia may reflect severity of illness and inflammation, which can contribute to AKI risk. However, mean glucose is less informative than extremes and is often protocol-driven."
25_36h_glucose_mean,3,Persistently elevated glucose closer to hour 60 can indicate ongoing stress/infection and is associated with complications including AKI. Still indirect and less specific than hemodynamic or renal markers.
0_12h_glucose_max,3,"Marked hyperglycemic spikes can reflect severe stress response and are associated with adverse outcomes, including AKI, though causality is indirect. In 0–12h this is capped by epoch conservatism and protocol effects."
13_24h_glucose_max,3,"Higher glucose peaks during the trajectory phase may indicate persistent stress, infection, or inadequate control, which correlates with AKI risk. Max is preferred over mean/min as it captures the insult signal."
25_36h_glucose_max,4,"Late hyperglycemic peaks can be a strong marker of ongoing critical illness (e.g., sepsis, high catecholamines) that predisposes to AKI. As an extreme-value feature near the outcome, it is more prognostic than averages."
0_12h_glucose_min,2,"Hypoglycemia can signal overtreatment or hepatic dysfunction and is associated with worse outcomes, but it is not a primary AKI driver. In the immediate post-op period it is often iatrogenic and transient."
13_24h_glucose_min,2,"Low glucose episodes may reflect instability or aggressive insulin therapy and can correlate with severity of illness. However, it remains an indirect, non-renal-specific predictor and less informative than glucose maxima."
25_36h_glucose_min,2,"Hypoglycemia can reflect severe illness, hepatic dysfunction, or overtreatment with insulin, which may correlate with AKI risk indirectly. It is not a primary renal perfusion marker, and extremes in hemodynamics/renal labs are typically more predictive."
0_12h_glucose_measured,1,Measurement frequency mainly reflects ICU protocol intensity and clinician concern rather than a direct AKI mechanism. In the immediate post-op window it is routine and weakly specific for later creatinine rise.
13_24h_glucose_measured,1,Ordering frequency is a behavioral proxy and is commonly protocol-driven after cardiac surgery. It provides little specific information about renal perfusion or tubular injury.
25_36h_glucose_measured,2,"More frequent glucose checks late may indicate instability (vasopressors, insulin infusion, sepsis concern) that can co-occur with AKI. Still, it is indirect and not a physiologic driver, so it should remain low."
0_12h_platelets_mean,2,"Thrombocytopenia after CPB can reflect inflammation/consumption and overall illness severity, which is indirectly associated with AKI. In 0–12h it is often transient/dilutional, so prognostic value is limited."
13_24h_platelets_mean,2,"Persistently lower platelets may track ongoing inflammation, bleeding/transfusion, or sepsis risk, which can accompany AKI. Mean values are less informative than nadir for consumptive processes, so keep low to avoid collinearity."
25_36h_platelets_mean,2,"Later thrombocytopenia can correlate with systemic inflammatory response or complications that increase AKI risk. However, the mean is less pathophysiologically specific than the minimum platelet count for capturing the insult."
0_12h_platelets_max,1,A higher platelet maximum is rarely a trigger for AKI and is often not clinically meaningful post-op. This aggregation is unlikely to capture relevant pathology compared with platelet nadir.
13_24h_platelets_max,1,Platelet maxima do not typically reflect mechanisms leading to AKI in this setting. It adds redundancy without capturing the clinically relevant extreme (nadir).
25_36h_platelets_max,1,A high platelet maximum is not a recognized driver or marker of postoperative AKI. The nadir platelet count is the more relevant extreme for severity/consumption.
0_12h_platelets_min,3,"Platelet nadir can reflect CPB-related consumption, bleeding/transfusion, or early DIC-like physiology, which correlates with postoperative organ dysfunction including AKI. In 0–12h it may still be transient, so cap at 3."
13_24h_platelets_min,3,"A low platelet nadir in this trajectory phase suggests ongoing consumption/inflammation or complications, which are associated with AKI risk. It is a stronger signal than mean/max but not a direct renal biomarker."
25_36h_platelets_min,4,"Late thrombocytopenia (nadir) is a strong marker of systemic illness (sepsis, ongoing bleeding/transfusion, DIC/TMA spectrum) that commonly co-occurs with AKI and worse renal outcomes. As an extreme close to the outcome window, it is a strong predictor though still indirect."
0_12h_platelets_measured,1,Platelet check frequency is largely routine after cardiac surgery and reflects monitoring practices more than renal pathophysiology. In the immediate post-op period it is especially nonspecific.
13_24h_platelets_measured,1,Measurement frequency is a weak behavioral proxy and usually protocolized in ICU care. It does not directly indicate renal injury risk.
25_36h_platelets_measured,2,"More frequent platelet monitoring late may indicate bleeding, suspected HIT, or clinical deterioration that can be associated with AKI. Nonetheless it remains indirect and should be kept low versus physiologic extremes."
0_12h_mean_corpuscular_hemoglobin_mean,1,"Mean corpuscular hemoglobin (MCH) is not a direct marker of renal perfusion or tubular injury; early postoperative shifts are unlikely to predict AKI. As a 0–12h mean, it is also prone to transient perioperative variability."
13_24h_mean_corpuscular_hemoglobin_mean,1,"MCH has minimal physiologic linkage to AKI risk compared with hemodynamics, nephrotoxins, and renal labs. The mean value adds little actionable signal for creatinine rise."
25_36h_mean_corpuscular_hemoglobin_mean,1,"Even close to the outcome window, MCH is largely unrelated to kidney injury mechanisms and is more reflective of baseline hematologic status. It is unlikely to add predictive value for creatinine_ratio."
0_12h_mean_corpuscular_hemoglobin_max,1,"An elevated MCH maximum is not a recognized trigger or early biomarker of AKI after cardiac surgery. In the immediate 0–12h period, extremes are often artifactual or dilutional without renal specificity."
13_24h_mean_corpuscular_hemoglobin_max,1,"MCH maxima do not capture a renal insult pathway (e.g., hypotension, congestion, nephrotoxins). Any association would be indirect and weak."
25_36h_mean_corpuscular_hemoglobin_max,1,Late-window MCH maximum remains non-specific for renal hypoperfusion or tubular necrosis. It is unlikely to improve prediction of creatinine_ratio.
0_12h_mean_corpuscular_hemoglobin_min,1,"Low MCH reflects anemia/microcytosis patterns rather than acute renal injury; postoperative anemia is better captured by hemoglobin/hematocrit rather than MCH. In 0–12h, it is especially non-specific."
13_24h_mean_corpuscular_hemoglobin_min,1,MCH minimum is not an established AKI predictor and does not directly reflect renal perfusion or injury. Any relationship would be confounded by transfusion/dilution effects.
25_36h_mean_corpuscular_hemoglobin_min,1,"Even as a leading indicator window, MCH minimum is not mechanistically tied to AKI development. It is unlikely to provide incremental predictive signal."
0_12h_mean_corpuscular_hemoglobin_measured,1,"Measurement frequency mainly reflects ordering behavior (CBC frequency) rather than renal physiology. In the immediate postoperative period, CBCs are routine and not specific to AKI concern."
13_24h_mean_corpuscular_hemoglobin_measured,1,"CBC/MCH measurement counts are largely driven by standard ICU monitoring and bleeding/anemia evaluation, not kidney injury suspicion. Thus it is a weak proxy for AKI risk."
25_36h_mean_corpuscular_hemoglobin_measured,1,"Even later, MCH measurement frequency is not a targeted AKI surveillance test and is typically routine. As a behavioral proxy, it has low specificity for impending creatinine rise."
0_12h_sodium_mean,2,"Dysnatremias can reflect fluid balance, neurohormonal stress, and severity of illness, which may correlate indirectly with AKI risk. However, as a 0–12h mean it is often influenced by perioperative fluids and is not a primary AKI driver."
13_24h_sodium_mean,2,"Sodium trends may indirectly indicate ongoing fluid/diuretic management and illness severity, which can relate to renal outcomes. The mean value is still non-specific compared with direct renal/hemodynamic markers."
25_36h_sodium_mean,2,"Later sodium mean can reflect evolving volume status and free-water balance, indirectly associated with renal dysfunction and ICU acuity. Still, it is not a direct biomarker of AKI and is less informative than creatinine/urine output/hemodynamics."
0_12h_sodium_max,2,"Hypernatremia extremes can signal dehydration/free-water deficit or high sodium load, which may worsen renal perfusion indirectly. In the 0–12h window, sodium maxima are often iatrogenic/transient, so predictive strength is limited."
13_24h_sodium_max,2,"Hypernatremia can reflect free-water deficit/diuresis and overall illness severity, which may correlate with AKI risk, but it is not a direct renal injury marker. Max is more informative than mean for acute dysnatremia, but in this mid epoch it remains an indirect predictor."
25_36h_sodium_max,2,"Later hypernatremia may indicate ongoing dehydration, osmotic diuresis, or inadequate free-water replacement, which can worsen renal perfusion. Still, sodium is a nonspecific, indirect signal for AKI compared with hemodynamics/creatinine/urine output."
0_12h_sodium_min,2,"Early postoperative hyponatremia is common from hemodilution and fluids/CPB effects and is often transient, making it a weak AKI predictor in the immediate period. The minimum captures the extreme better than mean, but epoch caps clinical relevance."
13_24h_sodium_min,2,"Hyponatremia may reflect fluid overload, SIADH, or severity of illness, which can accompany AKI, but it is not causative or specific. The minimum is the most pathologic aggregation, yet remains an indirect association."
25_36h_sodium_min,2,"Persistent or worsening hyponatremia later can signal ongoing fluid overload or neurohormonal activation seen with organ dysfunction, sometimes coexisting with AKI. It is still a nonspecific marker and not a direct driver of creatinine rise."
0_12h_sodium_measured,1,"Measurement frequency mainly reflects routine ICU lab cadence and clinician monitoring rather than a physiologic mechanism of AKI. In the immediate post-op window, frequent sodium checks are common and not specific for impending renal injury."
13_24h_sodium_measured,1,More frequent sodium testing is largely a behavioral proxy (monitoring fluids/electrolytes) and is not a direct predictor of creatinine rise. It may weakly reflect acuity but is generally nonspecific.
25_36h_sodium_measured,2,"In the later window, increased sodium monitoring can reflect concern for dysnatremia from diuresis, free-water issues, or evolving organ dysfunction, which may co-occur with AKI. Still, it is an indirect behavioral signal rather than a renal biomarker."
0_12h_teg_platelet_aggregation_measured,1,"Ordering TEG platelet aggregation primarily reflects bleeding/coagulopathy evaluation and transfusion planning, not kidney perfusion or nephrotoxicity. Any AKI association would be indirect via overall surgical complexity."
13_24h_teg_platelet_aggregation_measured,1,TEG platelet aggregation testing indicates ongoing hemostasis concerns rather than renal injury risk. It is a behavioral/acuity marker with weak and nonspecific linkage to AKI.
25_36h_teg_platelet_aggregation_measured,1,Later TEG platelet aggregation orders still mainly reflect bleeding/thrombosis management and do not directly inform renal perfusion or tubular injury. Any relationship to AKI would be confounded by severity of illness.
0_12h_mean_corpuscular_hemoglobin_concentration_mean,1,"MCHC is not mechanistically linked to AKI and is largely influenced by anemia/hemodilution and lab variability post-CPB. Using the mean further dilutes any potential signal, and early epoch effects are often transient."
13_24h_mean_corpuscular_hemoglobin_concentration_mean,1,"MCHC provides little direct information about renal perfusion, nephrotoxicity, or tubular injury. The mean aggregation is unlikely to capture clinically meaningful extremes relevant to AKI."
25_36h_mean_corpuscular_hemoglobin_concentration_mean,1,"Even close to the outcome window, MCHC is not an established predictor of postoperative AKI compared with hemoglobin, hemodynamics, lactate, or creatinine/urine output. Mean values are particularly nonspecific."
0_12h_mean_corpuscular_hemoglobin_concentration_max,2,"An elevated MCHC max can reflect hemoconcentration or transfusion-related changes, which might indirectly relate to volume status and renal perfusion, but evidence is weak. In the immediate post-op period, this is often noise/hemodilution dynamics, limiting importance."
13_24h_mean_corpuscular_hemoglobin_concentration_max,2,"A higher MCHC extreme may weakly indicate hemoconcentration/dehydration, which could contribute to reduced renal perfusion, but it is not a validated AKI predictor. Max is the most informative aggregation, yet remains an indirect signal."
25_36h_mean_corpuscular_hemoglobin_concentration_max,2,"MCHC extremes may reflect hemoconcentration/transfusion effects but are not a direct AKI driver. Max is less clinically tied to renal hypoperfusion than anemia/hematocrit nadir, so keep low to avoid collinearity."
0_12h_mean_corpuscular_hemoglobin_concentration_min,2,"Low MCHC can correlate with anemia/hemodilution and reduced oxygen delivery, indirectly affecting renal perfusion. In the immediate 0–12h post-op period values are often transient and nonspecific."
13_24h_mean_corpuscular_hemoglobin_concentration_min,2,Persistently low MCHC may indicate ongoing hemodilution/bleeding and indirectly worse oxygen delivery. Still an indirect marker compared with hematocrit/hemoglobin nadir and hemodynamics.
25_36h_mean_corpuscular_hemoglobin_concentration_min,2,"Later low MCHC could reflect ongoing anemia/hemodilution and correlate with illness severity, but it is not a strong mechanistic predictor of AKI. Hematocrit/hemoglobin measures capture the relevant physiology better."
0_12h_mean_corpuscular_hemoglobin_concentration_measured,1,Measurement frequency mainly reflects routine post-cardiac surgery lab cadence rather than renal pathophysiology. In 0–12h it is especially protocol-driven.
13_24h_mean_corpuscular_hemoglobin_concentration_measured,1,"Number of checks is a behavioral/acuity proxy and not a direct AKI mechanism. MCHC is commonly bundled in CBCs, limiting specificity for renal risk."
25_36h_mean_corpuscular_hemoglobin_concentration_measured,2,"More frequent CBCs later may reflect ongoing bleeding/instability and higher acuity, which can associate with AKI risk. Still indirect and nonspecific, so capped low."
0_12h_hematocrit_mean,2,"Average hematocrit relates to oxygen delivery and hemodilution, which can influence renal ischemia risk. Mean smooths clinically important nadirs and early post-op values are often transient."
13_24h_hematocrit_mean,2,"Sustained lower hematocrit may indicate ongoing anemia/hemodilution and reduced oxygen delivery, indirectly increasing AKI risk. Mean is less informative than the minimum for ischemic insult."
25_36h_hematocrit_mean,2,"Later average hematocrit can reflect ongoing anemia and overall severity, but it is not as predictive as hematocrit minimum for renal hypoxia risk. Kept low to reduce redundancy with min/max."
0_12h_hematocrit_max,1,High hematocrit early is usually hemoconcentration or transfusion-related and is not a typical trigger for AKI compared with hypotension/anemia. In 0–12h it is particularly nonspecific.
13_24h_hematocrit_max,1,Hematocrit maxima are less clinically relevant to AKI than minima (anemia/oxygen delivery) and can reflect fluid shifts. Limited mechanistic link to renal injury.
25_36h_hematocrit_max,2,"Later hemoconcentration may suggest hypovolemia/diuresis and potential renal hypoperfusion, but this is indirect and context-dependent. Max is still less informative than hematocrit minimum for AKI risk."
0_12h_hematocrit_min,3,Hematocrit nadir captures acute anemia/hemodilution/bleeding that can reduce renal oxygen delivery and contribute to ischemic AKI. Score capped by 0–12h epoch where derangements are common and transient.
13_24h_hematocrit_min,3,"A low hematocrit nadir in 13–24h suggests persistent anemia/bleeding and impaired oxygen delivery, which is an established AKI risk factor. More informative than mean/max for capturing insult."
25_36h_hematocrit_min,4,"A low hematocrit nadir close to the outcome window indicates ongoing anemia and reduced oxygen delivery, strongly associated with renal ischemia and AKI after cardiac surgery. Minimum best captures the pathologic exposure compared with mean/max."
0_12h_hematocrit_measured,2,"Measurement frequency reflects clinician concern for bleeding/hemodilution and transfusion needs, which can relate indirectly to renal hypoperfusion. As a behavioral proxy (not physiology) and in the immediate post-op window, it should be low."
13_24h_hematocrit_measured,2,More frequent hematocrit checks may indicate ongoing bleeding/anemia management that can affect renal oxygen delivery. Still a utilization marker rather than a direct AKI mechanism.
25_36h_hematocrit_measured,2,"Late frequent hematocrit monitoring can signal persistent instability or transfusion/bleeding issues that may accompany AKI risk. However it remains a proxy for acuity, so capped low."
0_12h_absolute_basophil_count_mean,1,Basophil count has no established mechanistic or predictive relationship with post-cardiac surgery AKI. Mean values in the immediate post-op period are unlikely to add signal.
13_24h_absolute_basophil_count_mean,1,Basophil mean is not a recognized AKI risk factor and is typically clinically irrelevant in this context. Any association would be nonspecific inflammation at best.
0_12h_absolute_basophil_count_max,1,Transient basophil elevations are not known triggers or markers of renal hypoperfusion or tubular injury. Extreme values here are unlikely to be informative for AKI.
13_24h_absolute_basophil_count_max,1,"Even if elevated, basophil maxima are not established predictors of AKI after cardiac surgery. This would be nonspecific and likely noise."
0_12h_absolute_basophil_count_min,1,Low basophil counts are common and not linked to renal injury mechanisms. The minimum in the early post-op window is not clinically meaningful for AKI prediction.
13_24h_absolute_basophil_count_min,1,"Basophil minima do not reflect kidney perfusion, nephrotoxicity, or renal function. No meaningful evidence for AKI prediction."
0_12h_absolute_basophil_count_measured,1,Frequency of basophil measurement is essentially frequency of CBC differentials and reflects routine care rather than AKI-specific concern. As a measured/utilization feature it should be minimal.
13_24h_absolute_basophil_count_measured,1,"Repeated differentials are usually routine or driven by infection workup, not kidney-specific monitoring. As a behavioral proxy, it has weak relevance to AKI."
25_36h_absolute_basophil_count_measured,1,"Late differential frequency may reflect ongoing infection/inflammation evaluation but is not specific for impending AKI. As a measured feature, it should remain very low."
0_12h_percent_lymphocytes_mean,2,"Lymphopenia can reflect surgical stress/inflammation and may correlate with overall severity, which indirectly relates to AKI risk. Mean in the immediate post-op period is nonspecific and capped conservatively."
13_24h_percent_lymphocytes_mean,2,"Persistently low lymphocyte percentage may indicate ongoing stress response or infection risk, indirectly associated with AKI via severity of illness. Mean aggregation remains nonspecific."
0_12h_percent_lymphocytes_max,2,A high lymphocyte percentage is not a known AKI trigger; extremes here mainly reflect shifts in other leukocyte fractions. In the 0–12h window it is at best an indirect severity marker.
13_24h_percent_lymphocytes_max,2,Max lymphocyte percentage is not directly linked to renal hypoperfusion or nephrotoxicity and is largely nonspecific. At most it weakly tracks systemic inflammatory patterns rather than AKI physiology.
0_12h_percent_lymphocytes_min,1,Low lymphocyte percentage is a nonspecific stress/inflammation marker and not a direct driver of postoperative AKI. In the immediate 0–12h post-CPB period it is especially transient and weakly informative.
13_24h_percent_lymphocytes_min,2,Persistent lymphopenia may reflect ongoing systemic inflammation/infection risk that can contribute indirectly to AKI. Still nonspecific and not a primary renal perfusion/toxin marker.
0_12h_percent_lymphocytes_measured,1,Measurement frequency reflects ordering behavior rather than physiology and is routine in post-op ICU care. It provides little specific signal for impending AKI.
13_24h_percent_lymphocytes_measured,1,CBC differential ordering frequency is largely standard-of-care and is a weak proxy for acuity. Not a direct indicator of renal injury risk.
25_36h_percent_lymphocytes_measured,1,"Even close to the outcome, frequency of lymphocyte measurement is a behavioral proxy and not kidney-specific. At most it reflects general concern rather than AKI mechanism."
0_12h_random_vancomycin_level_measured,2,"Ordering a vancomycin level suggests exposure to a potentially nephrotoxic drug, but this is an indirect proxy (not the level itself). In 0–12h it may reflect perioperative antibiotics and is less predictive."
13_24h_random_vancomycin_level_measured,2,"Continued monitoring implies ongoing vancomycin therapy and clinician concern for dosing/renal clearance, which can correlate with AKI risk. Still a behavioral proxy, not a physiologic measurement."
25_36h_random_vancomycin_level_measured,2,"Late ordering of random levels may indicate reduced clearance or higher acuity, indirectly associated with AKI risk. However it remains an ordering proxy and should not be weighted highly."
0_12h_vancomycin_trough_measured,2,"Trough monitoring implies vancomycin exposure and attention to nephrotoxicity/renal clearance, but it is not the trough value. Early post-op trough checks are less specific for evolving AKI."
13_24h_vancomycin_trough_measured,2,"Ongoing trough monitoring can reflect prolonged therapy and concern for accumulation with declining renal function. As a measured/ordered indicator, it remains indirect."
25_36h_vancomycin_trough_measured,2,"Trough monitoring closer to hour 60 may correlate with suspected impaired clearance and nephrotoxicity risk. Still, it is a behavioral proxy and should be capped low."
0_12h_o2_saturation_mean,2,"Sustained hypoxemia can worsen renal medullary oxygenation, but mean SpO2 in the immediate post-op window is often transient and influenced by ventilation/FiO2. Mean is less sensitive than extremes for acute insults."
13_24h_o2_saturation_mean,2,Persistent lower average oxygenation may indicate ongoing respiratory/cardiac dysfunction that can contribute to AKI via hypoxia and low perfusion. As a mean value it may dilute brief but important desaturations.
25_36h_o2_saturation_mean,3,"In the 25–36h leading window, sustained lower oxygenation more strongly reflects ongoing cardiopulmonary compromise that can reduce renal oxygen delivery and perfusion. Mean SpO2 is still indirect but clinically relevant."
0_12h_o2_saturation_max,1,Maximum SpO2 largely reflects supplemental oxygen/ventilator settings and does not capture hypoxemic injury risk. It is not a meaningful predictor of AKI compared with low SpO2 extremes.
13_24h_o2_saturation_max,1,"High maximum SpO2 is typically treatment-driven and not pathologic, offering little information about renal risk. It is redundant and less informative than measures of hypoxemia."
25_36h_o2_saturation_max,1,"Maximum SpO2 is usually near-normal with supplemental oxygen and is not a meaningful marker of renal hypoperfusion; it is also less pathologic than minima, so it adds little AKI signal."
0_12h_o2_saturation_min,3,"Early postoperative hypoxemia can contribute to systemic/renal ischemia, but in the immediate 0–12h post-CPB period it is often transient and treatment-related, so prognostic value is limited."
13_24h_o2_saturation_min,3,"Persistent or recurrent hypoxemia in this trajectory phase can reflect ongoing cardiopulmonary dysfunction and impaired oxygen delivery, which increases AKI risk, though it remains indirect."
25_36h_o2_saturation_min,4,"Late-window hypoxemia is a stronger leading indicator of inadequate oxygen delivery (e.g., low cardiac output, pulmonary failure) and is more directly associated with subsequent AKI risk by hour 60."
0_12h_o2_saturation_measured,1,"Measurement frequency mainly reflects monitoring intensity/acuity rather than a physiologic mechanism for AKI, especially in the immediate postoperative period when frequent checks are routine."
13_24h_o2_saturation_measured,1,How often SpO2 is recorded is largely a care-process variable and does not directly indicate renal injury; it is weakly related at best to AKI risk.
25_36h_o2_saturation_measured,2,"More frequent SpO2 documentation may proxy clinical instability in the late window, but it remains a behavioral/monitoring signal rather than a direct AKI driver."
0_12h_alanine_aminotransferase_mean,1,Mean ALT in the first 12 hours is a nonspecific marker and averages dilute acute hepatic ischemia; it has weak and indirect linkage to AKI compared with hemodynamics and renal labs.
0_12h_alanine_aminotransferase_max,3,"An early ALT spike can indicate ischemic hepatitis/low-flow state after surgery, which correlates with systemic hypoperfusion and higher AKI risk, though it is not kidney-specific and early period limits strength."
0_12h_alanine_aminotransferase_min,1,ALT minima are not clinically meaningful for AKI risk and do not capture the hypoperfusion-related injury signal (which is reflected by maxima).
0_12h_alanine_aminotransferase_measured,1,ALT ordering frequency reflects clinician concern or routine postoperative panels rather than a direct physiologic pathway to AKI.
13_24h_alanine_aminotransferase_measured,1,Repeated ALT checks are primarily a care-process marker and only weakly proxy severity; they are not a direct predictor of creatinine rise.
25_36h_alanine_aminotransferase_measured,2,"Late repeated ALT testing may indicate ongoing shock/liver injury concern and overall illness severity, but it remains an indirect behavioral proxy rather than a renal biomarker."
0_12h_bun_mean,2,"BUN relates to renal function and catabolic state, but early postoperative values are confounded by hemodilution, transfusion, and fluid shifts; mean further smooths extremes, limiting specificity."
13_24h_bun_mean,3,"BUN in the trajectory phase can reflect evolving renal dysfunction or prerenal azotemia from low effective circulating volume, providing moderate predictive value for later creatinine rise."
25_36h_bun_mean,4,"In the closest window to the outcome, elevated mean BUN more strongly signals developing renal impairment/prerenal physiology and is a strong predictor of subsequent creatinine increase by hour 60."
0_12h_bun_max,3,"Elevated BUN can reflect reduced renal clearance or hypoperfusion, but in the immediate post-CPB period it is often transient/hemodilution-related; capped by 0–12h max score limit."
13_24h_bun_max,3,"Rising BUN in the trajectory phase can indicate evolving renal dysfunction or catabolic stress and is a moderate AKI risk signal, though less direct than creatinine/urine output."
25_36h_bun_max,4,"Late (25–36h) BUN elevation is closer to the outcome window and more consistent with impaired renal clearance or sustained hypoperfusion, making it a strong predictor of higher creatinine_ratio."
0_12h_bun_min,1,"Low BUN is usually driven by hemodilution/low protein intake and is not a meaningful AKI signal, especially immediately post-op."
13_24h_bun_min,1,A low BUN in this window is generally not pathognomonic for AKI and provides little prognostic information for creatinine rise.
25_36h_bun_min,1,Low BUN late is not a typical marker of impending AKI and is more reflective of dilutional state or low urea generation.
0_12h_bun_measured,1,Measurement frequency mainly reflects routine post-cardiac surgery lab protocols and clinician behavior rather than renal physiology.
13_24h_bun_measured,2,"More frequent BUN checks may reflect concern for renal dysfunction/volume status, but it is an indirect behavioral proxy rather than a mechanism."
25_36h_bun_measured,2,"Increased ordering late may indicate escalating acuity or suspected AKI, but remains an indirect marker and should be low-weighted."
0_12h_amylase_measured,1,Amylase testing relates to pancreatitis/abdominal pathology and is not a standard AKI predictor; ordering early is unlikely to add renal-specific signal.
13_24h_amylase_measured,1,Amylase measurement is not kidney-specific and typically reflects evaluation for pancreatitis or ischemia rather than AKI risk.
25_36h_amylase_measured,1,"Even late, amylase ordering is a nonspecific behavioral marker and has weak linkage to postoperative AKI compared with hemodynamics and renal labs."
0_12h_blood_ph_mean,2,Average pH early is influenced by transient perioperative acid-base shifts; sustained severe acidosis is more informative than the mean in this window.
13_24h_blood_ph_mean,3,"Persistently low average pH can reflect ongoing shock/lactic acidosis and is associated with renal hypoperfusion, giving moderate AKI relevance."
25_36h_blood_ph_mean,4,Ongoing acidemia close to hour 60 suggests persistent hypoperfusion/organ dysfunction and is strongly associated with subsequent creatinine rise.
0_12h_blood_ph_max,1,Alkalemia extremes are generally less directly linked to AKI than acidemia; early post-op pH highs often reflect ventilation/bicarbonate and are not renal-specific.
13_24h_blood_ph_max,2,Alkalemia is usually not a primary driver of AKI; pH extremes matter more on the acidemic side. Using max is less pathophysiologically relevant than pH minima for renal hypoperfusion/poor perfusion states.
25_36h_blood_ph_max,2,Late alkalemia may reflect ventilation/diuresis but is not a strong direct predictor of AKI compared with acidemia. Max pH is generally less informative than minimum pH for shock/ischemia-related kidney injury.
0_12h_blood_ph_min,3,"Early postoperative acidemia can indicate low cardiac output, hypoperfusion, or high lactate burden, all linked to AKI risk. However, in the immediate post-CPB period derangements are common/transient, so capped at 3."
13_24h_blood_ph_min,4,"Persistent or recurrent acidemia in the trajectory phase suggests ongoing hypoperfusion/shock or severe respiratory/metabolic failure, which strongly increases AKI risk. Minimum pH captures the acute insult better than mean/max."
25_36h_blood_ph_min,4,"Acidemia close to the outcome window is a strong marker of ongoing systemic illness and impaired perfusion, both tightly linked to subsequent creatinine rise. The minimum pH best captures clinically meaningful extremes relevant to AKI."
0_12h_blood_ph_measured,2,"More frequent blood gas checks reflect acuity/instability and clinician concern rather than a direct renal mechanism. In the immediate postoperative period frequent sampling is common, limiting specificity for AKI."
13_24h_blood_ph_measured,2,Higher measurement frequency may indicate ongoing instability (ventilation/hemodynamics) and thus indirectly higher AKI risk. Still primarily a behavior/acuity proxy rather than a physiologic driver.
25_36h_blood_ph_measured,2,"Late frequent blood gas monitoring suggests persistent critical illness and may correlate with AKI risk, but it is not mechanistic. As a utilization proxy it should remain low importance."
0_12h_cholesterol_measured,1,Cholesterol testing is not part of AKI physiology and is rarely clinically indicated in the immediate post-cardiac surgery ICU course. Measurement mainly reflects routine/history-taking rather than renal risk.
13_24h_cholesterol_measured,1,Ordering cholesterol in this window is unlikely to relate to evolving AKI and provides minimal prognostic information for creatinine rise. It is largely unrelated to perioperative renal perfusion or nephrotoxicity.
25_36h_cholesterol_measured,1,Cholesterol measurement late post-op is not a meaningful indicator of impending AKI and is not a renal biomarker. Any association would be incidental or confounded by care patterns.
0_12h_absolute_lymphocyte_count_mean,2,"Lymphopenia can reflect stress/inflammation and overall illness severity, which may correlate with AKI risk indirectly. Mean values are less informative than extremes and early post-op changes are often nonspecific."
13_24h_absolute_lymphocyte_count_mean,2,"Sustained lymphopenia may indicate ongoing systemic inflammation/sepsis risk, indirectly associated with AKI. As a mean aggregation it is a weaker signal than minima and not kidney-specific."
0_12h_absolute_lymphocyte_count_max,1,High lymphocyte counts are not a recognized trigger or marker for AKI in this setting. Max values are unlikely to capture relevant pathology compared with lymphocyte minima (stress lymphopenia).
13_24h_absolute_lymphocyte_count_max,1,Maximum lymphocyte count has little physiologic linkage to AKI risk after cardiac surgery. It is more likely noise/collinear with other inflammatory markers than a meaningful predictor.
0_12h_absolute_lymphocyte_count_min,3,"Marked early lymphopenia can reflect severe physiologic stress/inflammation and higher overall postoperative acuity, which is associated with AKI risk. In the immediate 0–12h period it remains nonspecific, so capped at 3."
13_24h_absolute_lymphocyte_count_min,2,"Lymphopenia can reflect stress/inflammation and overall illness severity, which correlates indirectly with AKI risk. The minimum value is not a specific renal-perfusion marker and is less directly linked to creatinine rise."
0_12h_absolute_lymphocyte_count_measured,1,Measurement frequency mainly reflects ordering behavior/acuity rather than a physiologic driver of AKI. In the immediate 0–12h post-op period it is especially nonspecific.
13_24h_absolute_lymphocyte_count_measured,1,This is a behavioral proxy for clinician concern and does not directly indicate renal injury. It is not specific for impending creatinine rise.
25_36h_absolute_lymphocyte_count_measured,2,"More frequent checks late may indicate evolving complications/sepsis concern, which can precede AKI. Still, it is an indirect, non-physiologic proxy so capped low."
0_12h_gluccose_measured,1,Whether glucose was measured is largely routine ICU practice and reflects monitoring intensity rather than kidney injury. In 0–12h it is particularly standard-of-care.
13_24h_gluccose_measured,1,Glucose measurement frequency is nonspecific and mostly reflects protocolized care. It has no direct mechanistic link to AKI beyond general acuity.
25_36h_gluccose_measured,2,"Late glucose monitoring may increase with instability, insulin infusions, or infection concern, which can correlate with AKI risk. Still an indirect behavioral marker, so low importance."
0_12h_ck_measured,2,"Ordering CK may reflect concern for rhabdomyolysis/ischemia, which can contribute to AKI, but measurement frequency is not a physiologic value. Early post-op ordering is often precautionary, limiting specificity."
13_24h_ck_measured,2,CK ordering in this window may indicate suspected muscle injury/low-flow states that can predispose to AKI. However it remains an ordering-behavior proxy rather than a direct biomarker.
25_36h_ck_measured,2,"Late CK checks can signal ongoing concern for rhabdomyolysis or ischemic injury, which can precede creatinine rise. Still, as a measured-count feature it is capped at low importance."
0_12h_egfr_mean,3,"Lower eGFR reflects reduced renal function and is related to subsequent creatinine rise, but in 0–12h it can be transiently distorted by perioperative fluid shifts and creatinine kinetics. Mean eGFR is less sensitive to acute insults than a nadir/min would be."
13_24h_egfr_mean,4,"Sustained reduction in eGFR during the trajectory phase suggests evolving renal dysfunction and is a strong predictor of later creatinine elevation. Mean captures persistent impairment over the window, though still derived from creatinine."
25_36h_egfr_mean,5,"In the closest pre-outcome window, a low mean eGFR strongly indicates established renal dysfunction and is highly predictive of creatinine_ratio at 60h. It is effectively an early creatinine-based marker of AKI progression."
0_12h_egfr_max,1,"The maximum eGFR reflects the best (least impaired) renal estimate and is not the pathologic signal for AKI risk. Also redundant with mean eGFR, so kept minimal to reduce collinearity."
13_24h_egfr_max,1,Peak eGFR is not informative for AKI risk compared with lower/average values and is collinear with eGFR_mean. It does not capture renal insult.
25_36h_egfr_max,1,Maximum eGFR in this window reflects transiently better creatinine estimates and does not represent kidney injury. It is redundant with eGFR_mean and not the relevant direction for AKI prediction.
0_12h_egfr_min,3,"Low eGFR reflects reduced renal filtration and is closely tied to creatinine rise, but in the immediate 0–12h post-CPB period transient shifts and dilution are common (cap at 3). The minimum value best captures early renal insult vs mean/measured."
13_24h_egfr_min,4,Persistently low nadir eGFR in 13–24h suggests evolving renal dysfunction beyond immediate postoperative noise and is a strong predictor of later creatinine rise. Minimum captures the clinically relevant insult better than mean.
25_36h_egfr_min,5,A low eGFR nadir close to the 60h outcome is essentially an early biomarker of impaired filtration and strongly predicts creatinine_ratio. This is the most proximal and pathophysiologically direct signal among eGFR aggregates.
0_12h_egfr_measured,2,"Measurement frequency mainly reflects clinician concern/acuity rather than renal physiology. Early postoperative labs are routine, so ordering count has limited specificity for impending AKI."
13_24h_egfr_measured,2,"More frequent eGFR/chemistry checks may indicate concern for instability or renal issues, but it is a behavioral proxy and not a direct mechanism. Keep low to avoid over-weighting practice-pattern effects."
25_36h_egfr_measured,2,"Increased measurement frequency late may reflect suspected AKI and closer monitoring, but remains indirect and confounded by ICU practice. Score kept low per measured-feature rule."
0_12h_ldh_measured,1,"LDH ordering frequency is a nonspecific marker of illness/workup (e.g., hemolysis, ischemia) and not directly linked to renal filtration. In 0–12h it is often routine/confirmatory, offering little AKI-specific signal."
13_24h_ldh_measured,1,LDH measurement count reflects clinician behavior and nonspecific concern (hemolysis/ischemia) rather than kidney injury. Limited specificity for predicting creatinine_ratio.
25_36h_ldh_measured,1,"Even late, LDH ordering frequency is an indirect, nonspecific acuity proxy and not a renal biomarker. Weak mechanistic link to AKI compared with hemodynamics/renal labs."
0_12h_inr_mean,2,Average INR early post-op reflects coagulation status and liver function/warfarin effect; it is only indirectly related to AKI via bleeding/transfusion or shock. Mean is less informative than extremes for acute complications (cap at 2).
25_36h_inr_mean,2,"Sustained INR elevation may correlate with hepatic dysfunction/bleeding risk and overall severity, but is not a primary AKI driver. Mean is less pathologically specific than INR extremes for acute bleeding/coagulopathy."
0_12h_inr_max,3,"A high INR peak can signal significant coagulopathy/bleeding risk leading to hypotension/transfusion and renal hypoperfusion, but early post-CPB coagulopathy is common and transient (cap at 3). Max better captures clinically relevant derangement than mean/min."
25_36h_inr_max,3,"Late INR spikes may indicate ongoing coagulopathy, hepatic dysfunction, or anticoagulation issues associated with bleeding/hemodynamic instability that can precipitate AKI. Still indirect compared with renal/hemodynamic markers, so moderate importance."
0_12h_inr_min,1,Low INR is generally not a trigger for AKI and is less clinically relevant than high INR for bleeding-related renal hypoperfusion. Minimum adds little beyond other coagulation features.
25_36h_inr_min,1,A low INR late is not a recognized AKI risk factor and is typically clinically reassuring rather than harmful. Minimal mechanistic connection to creatinine rise.
0_12h_inr_measured,1,"INR measurement frequency is largely protocol-driven after cardiac surgery and reflects monitoring practices more than renal pathophysiology. As a behavioral proxy, it has weak AKI-specific predictive value."
13_24h_inr_measured,2,Frequency of INR checks reflects bleeding/anticoagulation management and overall acuity rather than a direct AKI mechanism. Could correlate indirectly with shock/transfusion needs that affect renal perfusion.
25_36h_inr_measured,2,"More frequent INR monitoring late may indicate ongoing bleeding, liver dysfunction, or anticoagulation complexity, which can track with critical illness. Still a behavioral proxy and not a direct renal injury marker."
0_12h_percent_eosinophils_mean,1,"Eosinophil percentage is not a typical driver or early marker of post-cardiac surgery AKI, and early postoperative leukocyte shifts are nonspecific. Mean values in this immediate period are unlikely to add prognostic signal."
13_24h_percent_eosinophils_mean,1,"Average eosinophil percentage remains a weak, nonspecific inflammatory/allergic signal with little established link to ischemic/ATN-type AKI after cardiac surgery. Mean aggregation further dilutes any transient signal."
0_12h_percent_eosinophils_max,2,"A spike in eosinophils could rarely suggest drug reaction/atheroembolic phenomena, but this is uncommon and early postoperative changes are often noise. In 0–12h, cap applies and clinical linkage to AKI is indirect."
13_24h_percent_eosinophils_max,2,"An elevated maximum eosinophil percentage could weakly indicate hypersensitivity/interstitial nephritis risk, but this is not a common pathway for early post-cardiac surgery AKI. Best interpreted as a nonspecific inflammatory signal."
0_12h_percent_eosinophils_min,1,Low eosinophil percentage is common with stress response and has no meaningful mechanistic link to AKI. Minimum values are not a recognized trigger or marker for renal injury.
13_24h_percent_eosinophils_min,1,Minimum eosinophil percentage mainly reflects stress leukogram/catecholamine effect and is not informative for AKI prediction. No established association with renal hypoperfusion or nephrotoxicity.
0_12h_percent_eosinophils_measured,1,"Measurement count reflects CBC ordering frequency and general monitoring rather than renal pathophysiology. In the immediate postoperative window, this is routine and not specific to AKI concern."
13_24h_percent_eosinophils_measured,1,CBC/eosinophil measurement frequency is largely standard ICU practice and a weak proxy for acuity. It does not directly indicate impending AKI.
25_36h_percent_eosinophils_measured,1,"Even late, eosinophil measurement frequency is more about monitoring behavior than kidney injury mechanisms. It is not typically ordered specifically to evaluate AKI risk in this context."
0_12h_ldl_cholesterol_measured,1,LDL testing is unrelated to acute renal perfusion or tubular injury and is not part of AKI evaluation. Ordering in 0–12h is likely incidental or baseline risk profiling.
13_24h_ldl_cholesterol_measured,1,"LDL measurement does not reflect hemodynamics, nephrotoxicity, or renal function trajectory. Any association with AKI would be confounded and indirect."
25_36h_ldl_cholesterol_measured,1,LDL testing late post-op is not clinically tied to AKI prediction and is unlikely to carry meaningful signal for creatinine rise. Primarily reflects non-renal care processes.
0_12h_mean_corpuscular_volume_mean,2,"MCV reflects chronic anemia/nutritional status and can correlate with frailty, but it is not a direct AKI driver. In 0–12h, mean values are unlikely to capture acute renal insults and are capped conservatively."
13_24h_mean_corpuscular_volume_mean,2,"MCV remains an indirect marker (baseline hematologic status, transfusion history) with weak linkage to renal hypoperfusion/ATN. Mean aggregation provides limited incremental information for AKI trajectory."
25_36h_mean_corpuscular_volume_mean,2,MCV is not a direct AKI marker; it may indirectly reflect anemia/transfusion or chronic nutritional status that can affect oxygen delivery. Mean values are less informative than acute extremes for perioperative insults.
0_12h_mean_corpuscular_volume_max,2,"Early postoperative MCV elevations are usually dilution/transfusion-related and not a primary AKI driver. In the 0–12h epoch, transient shifts are common and weakly predictive."
13_24h_mean_corpuscular_volume_max,2,MCV max in this window may reflect ongoing transfusion or hemoconcentration but has only an indirect relationship to renal injury. Not an established predictor of creatinine rise.
25_36h_mean_corpuscular_volume_max,2,"Later MCV extremes could signal hemoconcentration/dehydration or transfusion effects, which can influence renal perfusion indirectly. Still nonspecific and not a direct AKI biomarker."
0_12h_mean_corpuscular_volume_min,2,"Low MCV may reflect anemia/hemodilution after bypass, which can reduce oxygen delivery but is not a direct AKI indicator. Conservative scoring due to immediate post-op variability."
13_24h_mean_corpuscular_volume_min,2,"Persistently low MCV suggests anemia/hemodilution and possible transfusion needs, indirectly affecting renal oxygenation. Association with AKI is weak and nonspecific."
25_36h_mean_corpuscular_volume_min,2,"Low MCV at 25–36h may correlate with anemia and reduced oxygen delivery, which can contribute to renal vulnerability. However it remains an indirect, non-specific signal."
0_12h_mean_corpuscular_volume_measured,1,Measurement frequency mainly reflects routine CBC ordering post-cardiac surgery rather than renal physiology. In 0–12h it is standard-of-care and not specific for impending AKI.
13_24h_mean_corpuscular_volume_measured,1,CBC/MCV measurement count is largely a care-pattern variable and not a mechanistic AKI predictor. Typically driven by routine monitoring rather than targeted AKI concern.
25_36h_mean_corpuscular_volume_measured,1,"More frequent MCV checks may reflect overall acuity but is not specifically linked to kidney injury. As a behavioral proxy, it should remain low importance."
0_12h_mean_platelet_volume_mean,2,"MPV can reflect inflammation/platelet activation after CPB, which may correlate with systemic injury but is not a direct AKI marker. Mean values in the immediate post-op period are nonspecific."
13_24h_mean_platelet_volume_mean,2,"Sustained MPV changes may indicate ongoing inflammatory/thrombotic milieu that could contribute to microvascular renal injury, but evidence is indirect. Mean aggregation reduces sensitivity to acute insults."
25_36h_mean_platelet_volume_mean,2,"Later MPV mean may track persistent inflammation or platelet consumption, indirectly associated with organ dysfunction risk. Still not an established strong predictor of creatinine rise."
0_12h_mean_platelet_volume_max,2,"MPV maxima may better capture acute platelet activation than means, but in 0–12h post-CPB this is common and transient. Link to AKI is indirect and weak."
13_24h_mean_platelet_volume_max,2,"Higher MPV peaks could reflect ongoing inflammatory/thrombotic activation that may contribute to renal microcirculatory dysfunction. However it remains a nonspecific, indirect predictor."
25_36h_mean_platelet_volume_max,3,"In the 25–36h leading-indicator window, elevated MPV peaks may signal persistent systemic inflammation/platelet activation associated with subsequent organ dysfunction, including AKI. Max aggregation better captures pathologic extremes than mean, supporting a modestly higher score."
0_12h_mean_platelet_volume_min,1,Mean platelet volume is not a direct marker of renal perfusion or tubular injury; early postoperative shifts are common and nonspecific. The 0–12h window further limits prognostic specificity for AKI.
13_24h_mean_platelet_volume_min,1,MPV has weak and indirect association with inflammation/thrombosis and is not an established predictor of postoperative AKI. A minimum value adds little clinically actionable signal.
25_36h_mean_platelet_volume_min,1,"Even close to the outcome window, MPV is not a validated or direct biomarker for AKI after cardiac surgery. Minimum MPV is unlikely to capture a renal-relevant insult."
0_12h_mean_platelet_volume_measured,1,"Measurement frequency reflects ordering behavior rather than physiology and MPV is typically bundled with routine CBCs. In the immediate post-op period this is standard monitoring, not AKI-specific suspicion."
13_24h_mean_platelet_volume_measured,1,CBC/MPV ordering frequency is largely routine ICU practice and not specific for evolving AKI. As a behavioral proxy it provides minimal incremental renal-risk information.
25_36h_mean_platelet_volume_measured,1,"Even in the leading-indicator window, MPV measurement count mainly reflects routine labs rather than targeted AKI evaluation. Thus it has weak relevance to creatinine rise."
0_12h_lactate_mean,2,"Elevated lactate reflects global hypoperfusion/low cardiac output that can contribute to AKI, but early post-CPB lactate is often transient and nonspecific. Mean further smooths peaks that better represent shock burden."
13_24h_lactate_mean,3,"Persistently elevated lactate in the trajectory phase suggests ongoing hypoperfusion and higher AKI risk. However, mean may dilute clinically important spikes compared with maxima."
0_12h_lactate_max,3,"Peak lactate captures the worst hypoperfusion/oxygen debt, a plausible trigger for renal ischemia, but immediate post-op peaks are common after CPB. Given the 0–12h epoch, prognostic value is capped."
13_24h_lactate_max,4,"A high lactate maximum in 13–24h indicates persistent or recurrent shock/low output, strongly linked to subsequent AKI after cardiac surgery. Max is preferred over mean/min as it captures the acute insult."
0_12h_lactate_min,1,Minimum lactate mainly reflects best perfusion state and is not a trigger for AKI. In the immediate post-op period it is particularly uninformative for renal injury risk.
13_24h_lactate_min,1,A low minimum lactate does not indicate hypoperfusion burden and has weak mechanistic linkage to AKI. It is less informative than lactate maxima for renal risk stratification.
0_12h_lactate_measured,2,"More frequent lactate checks can reflect clinician concern for shock/poor perfusion, which correlates with AKI risk, but it is an indirect behavioral proxy. Early post-op lactate monitoring is also common, limiting specificity."
13_24h_lactate_measured,2,"Increased lactate measurement frequency may indicate ongoing hemodynamic instability and higher AKI risk, but remains an indirect marker of acuity rather than physiology. Therefore it should be kept low."
25_36h_lactate_measured,2,"Frequent lactate monitoring late suggests persistent concern for hypoperfusion, which can precede creatinine rise, but it is still a behavioral proxy. Score is limited to 1–2 by rule."
0_12h_alkaline_phosphatase_mean,1,Alkaline phosphatase reflects hepatobiliary/bone processes and is not a direct predictor of postoperative AKI. Early postoperative mean values are unlikely to add renal-specific prognostic information.
0_12h_alkaline_phosphatase_max,2,"Alkaline phosphatase reflects cholestasis/hepatic or bone processes rather than renal perfusion; only indirectly relates to AKI via overall critical illness. In the immediate 0–12h post-op window, transient lab noise is common, so prognostic value is limited."
0_12h_alkaline_phosphatase_min,1,Low alkaline phosphatase has no established mechanistic link to postoperative AKI risk. Likely reflects baseline variation or dilution rather than kidney injury.
0_12h_alkaline_phosphatase_measured,1,Measurement frequency mainly reflects ordering behavior and routine post-op panels rather than a renal mechanism. Early post-op ALP checks are not specific for impending AKI.
13_24h_alkaline_phosphatase_measured,1,Repeat ALP ordering in this phase is still a nonspecific marker of general monitoring rather than kidney-focused concern. It is not a typical trigger test for AKI surveillance.
25_36h_alkaline_phosphatase_measured,1,"Even close to the outcome window, ALP measurement frequency is a weak, nonspecific proxy for acuity and not directly tied to renal injury assessment. Creatinine/urine output drive AKI suspicion more than ALP."
0_12h_red_cell_distribution_width_mean,2,"Higher RDW is associated with chronic inflammation, frailty, and worse outcomes, which can correlate with AKI risk, but it is not a direct renal marker. In 0–12h, perioperative transfusion/hemodilution can confound the mean."
13_24h_red_cell_distribution_width_mean,2,Persistently elevated RDW may reflect ongoing inflammation/illness severity that indirectly increases AKI risk. Mean RDW remains nonspecific and influenced by transfusions and fluid shifts.
25_36h_red_cell_distribution_width_mean,2,"Later RDW may better reflect sustained physiologic stress and anemia/transfusion burden, which can track with AKI risk, but it remains indirect. As an average, it is less sensitive to acute insults than an extreme value."
0_12h_red_cell_distribution_width_max,3,"An elevated RDW extreme can capture significant anisocytosis from preexisting disease or transfusion burden, both associated with worse postoperative outcomes including AKI. Capped at 3 due to the conservative 0–12h window and nonspecificity."
13_24h_red_cell_distribution_width_max,3,"A high RDW maximum in this trajectory phase may indicate ongoing transfusion/hemolysis/inflammation and higher illness severity, which correlates with AKI risk. It is still an indirect predictor rather than a renal biomarker."
25_36h_red_cell_distribution_width_max,3,"A persistently high RDW maximum closer to hour 60 can reflect sustained critical illness and transfusion burden, which are associated with AKI after cardiac surgery. It remains nonspecific and not a direct kidney injury marker."
0_12h_red_cell_distribution_width_min,1,Low RDW is not a recognized risk factor for AKI and is generally not clinically meaningful for renal prediction. Early postoperative dilutional effects can further reduce interpretability.
13_24h_red_cell_distribution_width_min,1,RDW minimum provides little pathophysiologic information relevant to AKI compared with elevated extremes. It is unlikely to add predictive value beyond other anemia/illness markers.
25_36h_red_cell_distribution_width_min,1,RDW minimum remains non-informative for AKI risk and is not a known trigger or marker of renal hypoperfusion/injury. Any signal would be redundant with more meaningful extremes or hemoglobin indices.
0_12h_red_cell_distribution_width_measured,1,"RDW is typically reported automatically with CBCs; measurement count reflects routine lab cadence rather than AKI-specific concern. In the immediate post-op period, frequent CBCs are standard and nonspecific."
13_24h_red_cell_distribution_width_measured,1,"CBC/RDW measurement frequency is largely driven by routine monitoring, bleeding/transfusion evaluation, or protocolized care rather than renal physiology. As a behavioral proxy, it has weak specificity for impending AKI."
25_36h_red_cell_distribution_width_measured,1,"Measurement frequency reflects clinician behavior rather than renal physiology; RDW ordering is not a specific AKI signal. At most it proxies overall acuity, so it should remain low."
0_12h_chloride_mean,2,"Hyperchloremia can contribute to renal vasoconstriction and metabolic acidosis, but the mean in the immediate post-op window is less informative than extremes and often reflects transient fluid/CPB effects. Capped to avoid collinearity with chloride extremes."
13_24h_chloride_mean,2,"Sustained chloride burden may relate to fluid choice and acid-base status, but mean values are less predictive than max/min for AKI risk. Kept low to reduce redundancy with chloride extremes."
25_36h_chloride_mean,2,"Closer to the outcome, chloride may reflect ongoing saline load and acidosis risk, but the mean still smooths clinically important spikes. Capped to prevent collinearity with max/min chloride."
0_12h_chloride_max,3,"Peak hyperchloremia can indicate high chloride load (e.g., normal saline) and is linked to acidosis and renal vasoconstriction, which may worsen AKI risk. In 0–12h many derangements are transient, so capped at 3."
13_24h_chloride_max,3,"Persistently high peak chloride in the trajectory phase suggests ongoing chloride-rich resuscitation and acid-base disturbance, plausibly increasing AKI risk. Not definitive alone but more informative than the mean."
25_36h_chloride_max,4,Late peak hyperchloremia is a strong marker of ongoing high chloride exposure and metabolic stress close to the creatinine outcome window. Extremes are more pathophysiologically relevant than averages for AKI risk.
0_12h_chloride_min,2,Low chloride is less directly linked to AKI than hyperchloremia and may reflect dilutional states or diuretic/alkalosis effects early after surgery. In the immediate post-op period it is often transient and nonspecific.
13_24h_chloride_min,2,"Hypochloremia may correlate with diuretic use or alkalosis and overall illness, but it is not a primary AKI driver. Kept low relative to chloride_max."
25_36h_chloride_min,2,"Late low chloride can reflect ongoing diuresis or dilution but has a weaker mechanistic link to AKI than hyperchloremia. Extremes matter, yet this direction is less predictive for renal injury."
0_12h_chloride_measured,1,"Number of chloride checks mainly reflects routine post-cardiac surgery lab cadence and clinician behavior, not a direct AKI mechanism. Measurement-frequency features should remain low."
13_24h_chloride_measured,1,"More frequent chloride testing may indicate higher acuity, but it is a nonspecific behavioral proxy and commonly protocol-driven in ICU care. Not a direct predictor of creatinine rise."
25_36h_chloride_measured,2,"Increased late electrolyte monitoring can reflect concern for instability (fluid shifts, acid-base issues) that may co-occur with evolving AKI. Still a behavioral proxy, so capped at 2."
0_12h_hdl_cholesterol_measured,1,"Ordering HDL cholesterol is not physiologically linked to acute postoperative AKI and is typically unrelated to ICU renal perfusion management. As a measurement-frequency proxy, it provides minimal prognostic value."
13_24h_hdl_cholesterol_measured,1,"HDL measurement is not part of AKI evaluation and does not reflect renal injury or hemodynamic compromise. Likely incidental or protocol-driven, so low importance."
25_36h_hdl_cholesterol_measured,1,Late HDL ordering remains unrelated to AKI pathophysiology and is unlikely to capture clinician suspicion for renal failure. Kept at minimal importance.
0_12h_percent_neutrophils_mean,1,Post-op neutrophilia is common after CPB/inflammation and is not a direct driver of renal hypoperfusion or nephrotoxicity. Mean value in the immediate 0–12h window is nonspecific for AKI.
13_24h_percent_neutrophils_mean,2,"Persistent systemic inflammation may correlate with illness severity and AKI risk, but neutrophil percent is indirect and confounded by leukocyte shifts. Mean aggregation is less informative than extremes for acute inflammatory surges."
0_12h_percent_neutrophils_max,2,"A high peak neutrophil percent may reflect a strong inflammatory response to surgery/CPB, which can be associated with AKI risk, but it is still indirect. In 0–12h this is often transient and nonspecific (epoch cap keeps it conservative)."
13_24h_percent_neutrophils_max,2,"A higher peak in the trajectory phase can indicate ongoing inflammation/infection risk and greater physiologic stress, indirectly linked to AKI. Still not a primary mechanistic predictor compared with hemodynamics or renal labs."
0_12h_percent_neutrophils_min,1,Low neutrophil percent is not a typical causal pathway for post-cardiac surgery AKI and is often driven by relative lymphocytosis or lab variability. The minimum is unlikely to capture a renal-relevant insult.
13_24h_percent_neutrophils_min,1,Minimum neutrophil percent remains nonspecific and not mechanistically tied to renal injury. It is less informative than peaks for inflammatory stress and adds collinearity.
0_12h_percent_neutrophils_measured,1,Measurement frequency mainly reflects ordering behavior (CBC frequency) and routine post-op monitoring rather than renal pathophysiology. In 0–12h it is especially protocol-driven.
13_24h_percent_neutrophils_measured,1,CBC/neutrophil monitoring frequency is a weak proxy for acuity and is not specific for impending AKI. Often reflects routine ICU practice or infection workup rather than kidney injury.
25_36h_percent_neutrophils_measured,2,"More frequent checks late may reflect clinician concern for infection/sepsis, which can precipitate AKI, but it remains an indirect behavioral marker. Scored low per measured-feature rule."
0_12h_albumin_mean,2,"Hypoalbuminemia correlates with frailty, inflammation, and capillary leak and can be associated with AKI risk, but early post-op levels are heavily diluted by fluids/CPB. Mean in 0–12h is therefore indirect and nonspecific."
0_12h_albumin_max,1,Higher albumin is generally not a risk factor for AKI and may reflect less hemodilution. The maximum is not a meaningful renal-insult marker and is less relevant than low extremes.
0_12h_albumin_min,3,"A low albumin nadir can reflect significant hemodilution/capillary leak and higher illness severity, which are associated with AKI risk. The minimum better captures the pathologic extreme than the mean (within 0–12h cap)."
0_12h_albumin_measured,1,Albumin ordering frequency is largely protocolized and reflects clinician behavior rather than kidney injury mechanisms. In the immediate post-op window it is rarely targeted to AKI prediction.
13_24h_albumin_measured,1,"Repeat albumin testing frequency is a weak, nonspecific proxy for acuity or nutritional/fluid assessment and not a direct AKI predictor. Scored low per measured-feature rule."
25_36h_albumin_measured,2,"Late repeat albumin checks may indicate ongoing capillary leak, large-volume resuscitation, or consideration of albumin administration, which can correlate with severity and AKI risk. Still primarily a behavioral marker, so kept low."
0_12h_triglycerides_measured,1,Whether triglycerides were measured is usually related to nutrition/propofol monitoring rather than renal perfusion or nephrotoxicity. It provides minimal specific prognostic information for AKI.
13_24h_triglycerides_measured,1,"Measurement frequency reflects clinician behavior rather than renal physiology, and triglycerides are not a typical AKI driver post-cardiac surgery. At most it signals metabolic monitoring without direct linkage to creatinine rise."
25_36h_triglycerides_measured,1,"Ordering triglycerides is not a direct marker of renal hypoperfusion or nephrotoxicity; it is mainly a surveillance/acuity proxy. Per rules, _measured features should stay low unless strongly AKI-suspicion driven."
0_12h_hemoglobin_mean,2,"Anemia/hemodilution can contribute to reduced oxygen delivery, but the mean in the immediate post-op window is less informative than nadir values and is often transient after CPB. Collinearity rule: defer to hemoglobin_min for capturing the insult."
13_24h_hemoglobin_mean,2,"Sustained anemia may worsen renal oxygen delivery, but mean smooths clinically important nadirs and is less predictive than hemoglobin_min. Trajectory phase also warrants conservative scoring."
25_36h_hemoglobin_mean,2,"Later sustained anemia can matter for renal oxygenation, but mean remains less pathophysiologically specific than the minimum (nadir) for ischemic risk. Capped to reduce redundancy with hemoglobin_min."
0_12h_hemoglobin_max,1,High hemoglobin is not a typical causal trigger for AKI in this setting and may reflect transfusion/hemoconcentration rather than renal injury. In the immediate post-op period it is especially nonspecific.
13_24h_hemoglobin_max,1,Hemoglobin maxima are generally not informative for AKI risk compared with anemia/nadir or hemodynamic variables. Likely reflects transfusion practices rather than renal perfusion.
25_36h_hemoglobin_max,1,A high hemoglobin value is not a direct predictor of postoperative creatinine rise; it is less mechanistically linked than low hemoglobin or hypotension. Limited incremental value for sparse modeling.
0_12h_hemoglobin_min,3,"Hemoglobin nadir captures acute anemia/hemodilution and reduced oxygen delivery, which can contribute to renal ischemia after CPB. However, early post-op derangements are common/transient, so capped at 3 for 0–12h."
13_24h_hemoglobin_min,4,"A low hemoglobin nadir in the trajectory phase suggests persistent anemia/bleeding/hemodilution and impaired renal oxygen delivery, increasing AKI risk. More prognostic than mean/max and closer to evolving injury."
25_36h_hemoglobin_min,4,"Late low hemoglobin nadir is a strong leading indicator of ongoing inadequate oxygen delivery and physiologic stress, which can precipitate or worsen AKI before the 60h creatinine. Not a direct kidney biomarker, so not 5."
0_12h_hemoglobin_measured,2,"Frequent hemoglobin checks can indicate bleeding/transfusion needs and higher acuity, indirectly relating to AKI risk. Still a behavioral proxy rather than a physiologic mechanism, and early post-op monitoring is routine."
13_24h_hemoglobin_measured,2,"More frequent hemoglobin measurement may reflect ongoing bleeding/anemia management and instability, which can correlate with AKI risk. As a _measured feature it remains an indirect proxy and is capped low."
25_36h_hemoglobin_measured,2,"Continued frequent hemoglobin monitoring late suggests persistent concern for bleeding/anemia or instability, indirectly associated with AKI. Nonetheless it is not a physiologic variable and should remain low importance."
0_12h_teg_fibrinogen_activity_measured,1,"TEG fibrinogen testing frequency reflects bleeding/coagulopathy evaluation rather than renal physiology, and is common perioperatively. As a behavioral proxy in 0–12h it has weak specific linkage to AKI."
13_24h_teg_fibrinogen_activity_measured,1,"Ordering TEG fibrinogen in this window mainly indicates ongoing coagulation/bleeding assessment and does not directly predict creatinine rise. Per rules, _measured features without strong AKI-specific suspicion stay at 1."
25_36h_teg_fibrinogen_activity_measured,1,Measurement frequency reflects clinician concern about bleeding/coagulopathy rather than renal physiology. It has no direct mechanistic link to AKI and should be treated as a weak behavioral proxy.
0_12h_activated_clotting_time_mean,2,"ACT reflects heparinization/CPB anticoagulation and bleeding risk, not kidney injury directly. In the immediate 0–12h post-op window it is common and transient; mean is less informative than extremes for complications."
0_12h_activated_clotting_time_max,3,"Markedly high ACT can indicate excessive anticoagulation/CPB-related coagulopathy and may correlate with complex surgery and transfusion/inflammation that increase AKI risk. In 0–12h it is still nonspecific, so capped at 3."
0_12h_activated_clotting_time_min,2,"Low ACT may suggest inadequate anticoagulation or heparin reversal effects, but links to AKI are indirect and confounded by routine peri-CPB management. Extremes matter more than mean, but renal relevance remains limited."
0_12h_activated_clotting_time_measured,1,"Number of ACT checks mainly reflects procedural monitoring intensity (e.g., CPB/heparin management) rather than renal perfusion or injury. As a behavioral proxy it should be low importance."
13_24h_activated_clotting_time_measured,1,"Ongoing ACT measurement frequency indicates continued anticoagulation monitoring/concern, not a physiologic driver of AKI. As a measured-count feature it should remain low."
25_36h_activated_clotting_time_measured,2,"Late ACT monitoring may signal ongoing bleeding/ECMO/anticoagulation complexity and higher overall acuity, which can associate with AKI risk. Still, it is a behavioral proxy, so capped at 2."
0_12h_aspartate_aminotransferase_mean,2,"AST elevation can reflect hepatic/ischemic injury and global hypoperfusion, indirectly relating to AKI risk. In 0–12h, mean values are diluted by perioperative transients and are less informative than peaks."
0_12h_aspartate_aminotransferase_max,3,"A high AST peak early after surgery can indicate ischemic hepatitis/rhabdomyolysis or severe systemic hypoperfusion, which is associated with subsequent AKI. In the immediate 0–12h window it remains nonspecific, so capped at 3."
0_12h_aspartate_aminotransferase_min,1,Low/normal AST has little discriminatory value for AKI risk and does not capture the relevant insult. This aggregation is not clinically informative for kidney injury prediction.
0_12h_aspartate_aminotransferase_measured,1,Frequency of AST checks reflects clinician monitoring for hepatic injury/overall acuity rather than a renal mechanism. As a measured-count feature it should be low importance.
13_24h_aspartate_aminotransferase_measured,1,"Repeated AST ordering is a behavioral marker of concern for liver injury or systemic illness, not a direct predictor of AKI. Measured-count features are low value for renal prediction."
25_36h_aspartate_aminotransferase_measured,2,"Late repeated AST testing may indicate ongoing shock/multiorgan dysfunction, which correlates with AKI risk. Still, it is measurement frequency rather than physiology, so capped at 2."
0_12h_total_protein_mean,2,"Total protein reflects hemodilution, capillary leak, and nutritional/inflammatory state, which can indirectly relate to renal outcomes via fluid balance and oncotic pressure. Mean in 0–12h is heavily influenced by perioperative fluids and is nonspecific."
0_12h_total_protein_max,1,Higher total protein is rarely a driver of AKI in this context and may simply reflect less hemodilution. It is not a recognized acute trigger for postoperative AKI.
0_12h_total_protein_min,3,"Low total protein early can indicate significant hemodilution/capillary leak and low oncotic pressure, often accompanying large fluid shifts and critical illness that increase AKI risk. In 0–12h it is still confounded by routine resuscitation, so capped at 3."
0_12h_total_protein_measured,1,Measurement frequency mainly reflects ordering behavior and nonspecific acuity rather than a renal mechanism; early post-op labs are often routine.
13_24h_total_protein_measured,1,"Ordering frequency for total protein is not a direct AKI driver and is a weak, nonspecific proxy for illness severity."
25_36h_total_protein_measured,1,"Even close to the outcome, total protein measurement frequency is not a specific indicator of impending AKI compared with renal labs/hemodynamics."
0_12h_hemoglobin_a1c_measured,1,"HbA1c reflects chronic glycemic control, but a post-op 'measured' flag is mostly administrative and not informative for acute creatinine rise in the first 12h."
13_24h_hemoglobin_a1c_measured,1,HbA1c ordering in ICU is uncommon and does not track acute renal perfusion/toxicity; as a measured flag it is a weak proxy at best.
25_36h_hemoglobin_a1c_measured,1,HbA1c measurement presence is not a leading indicator of AKI trajectory; it does not capture acute kidney injury physiology.
0_12h_co2_mean,2,Mean serum CO2 (bicarbonate) reflects acid-base status but averages can dilute brief hypoperfusion-related acidosis; early post-op derangements are often transient.
13_24h_co2_mean,2,"Sustained low bicarbonate can correlate with shock/AKI risk, but the mean is less sensitive than the minimum for detecting clinically relevant metabolic acidosis."
25_36h_co2_mean,2,"Closer to hour 60, persistent metabolic acidosis may track worsening perfusion/renal dysfunction, but mean remains collinear and less informative than CO2_min."
0_12h_co2_max,1,High bicarbonate/CO2 is not a typical trigger for AKI and may reflect ventilation/alkalosis; early post-op values are often treatment-related.
13_24h_co2_max,1,CO2_max is generally not mechanistically linked to AKI compared with low CO2 indicating metabolic acidosis from hypoperfusion.
25_36h_co2_max,1,"Even in the leading window, elevated CO2 is a weak and nonspecific signal for AKI relative to CO2_min or direct renal markers."
0_12h_co2_min,3,"Low bicarbonate (metabolic acidosis) can indicate hypoperfusion/lactate burden and is plausibly linked to AKI, but in the immediate post-op period it is often transient (cap at 3)."
13_24h_co2_min,4,"A low CO2 minimum in this trajectory phase suggests ongoing metabolic acidosis from shock/sepsis/poor perfusion, which is strongly associated with subsequent AKI."
25_36h_co2_min,4,"In the closest window to the outcome, a low CO2 minimum is a strong indicator of persistent metabolic acidosis and systemic hypoperfusion/renal dysfunction risk."
0_12h_co2_measured,2,"More frequent CO2 checks can reflect clinician concern for instability/acid-base derangements, but it is an indirect behavioral proxy and early post-op monitoring is often routine."
13_24h_co2_measured,1,Measurement frequency reflects clinician monitoring rather than a direct physiologic driver of AKI. At most it weakly proxies acuity/ventilation issues.
25_36h_co2_measured,2,"More frequent CO2 checks late may indicate ongoing respiratory failure/instability, which can correlate with shock and AKI risk. Still a behavioral proxy, not a renal mechanism."
0_12h_bnp_measured,1,Ordering BNP early post-op mainly reflects concern for cardiac dysfunction/volume status rather than a direct AKI marker. In the immediate post-bypass period this is nonspecific.
13_24h_bnp_measured,2,"BNP ordering in this phase may reflect suspected heart failure/venous congestion, which can contribute to renal dysfunction. However it remains an ordering-behavior proxy."
25_36h_bnp_measured,2,"Late BNP ordering may indicate persistent/worsening cardiac dysfunction or congestion, both linked to AKI risk. Still indirect because it is only the fact of measurement, not the BNP value."
0_12h_pco2_mean,1,Average PCO2 in the immediate post-op window is often influenced by ventilator management and transient anesthesia effects. It is not a primary driver of AKI compared with hemodynamics/perfusion.
13_24h_pco2_mean,1,Mean PCO2 is a smoothed measure and less informative than extremes for acute insults. Hypercapnia may correlate with respiratory failure severity but is an indirect AKI link.
25_36h_pco2_mean,2,"Sustained hypercapnia later can reflect ongoing respiratory failure and potential hemodynamic compromise, indirectly increasing AKI risk. Extremes would better capture acute physiologic insult than the mean."
0_12h_pco2_max,2,"Episodes of marked hypercapnia can indicate hypoventilation/respiratory failure and may worsen pulmonary vasoconstriction and cardiac output, indirectly affecting renal perfusion. Early post-op derangements are common and transient (score capped by epoch)."
13_24h_pco2_max,3,"High PCO2 spikes in this trajectory phase suggest clinically significant respiratory failure, which can be associated with shock, vasopressor need, and AKI. Extremes are more informative than mean for acute insults."
25_36h_pco2_max,3,"Late hypercapnic extremes indicate ongoing/worsening respiratory failure and potential hemodynamic stress, indirectly raising AKI risk. Not a direct renal biomarker, but a meaningful severity marker."
0_12h_pco2_min,1,Low PCO2 often reflects hyperventilation/ventilator settings and is not a typical direct trigger for AKI. In the immediate post-op period it is usually iatrogenic and transient.
13_24h_pco2_min,1,Hypocapnia extremes are generally less linked to AKI than hypercapnia and often reflect ventilator management. Any renal effect is indirect and weak.
25_36h_pco2_min,1,"Late hypocapnia is still more likely ventilator-driven than a renal-perfusion insult, and its association with AKI is weak. Compared with PCO2_max, it is less pathophysiologically relevant."
0_12h_pco2_measured,1,Frequency of PCO2 checks reflects monitoring intensity rather than kidney injury physiology. Early post-op ABG monitoring is routine and nonspecific.
13_24h_pco2_measured,1,More frequent PCO2 measurements may indicate respiratory instability but remains a behavioral proxy. It provides limited incremental information for AKI prediction versus actual gas values/hemodynamics.
25_36h_pco2_measured,1,Measurement frequency of PCO2 mainly reflects ventilatory monitoring intensity rather than renal physiology. It is at best an indirect proxy for acuity and not a specific AKI predictor.
0_12h_indirect_bilirubin_measured,1,"Ordering indirect bilirubin early post-op is a nonspecific marker of hemolysis/hepatic dysfunction workup and not directly linked to AKI. As a measured/behavioral feature in the immediate post-op window, it has weak prognostic value."
13_24h_indirect_bilirubin_measured,1,Test-order frequency for indirect bilirubin reflects clinician concern for hemolysis/liver injury more than kidney injury. It is not a direct driver of creatinine rise.
25_36h_indirect_bilirubin_measured,2,"Persistent need to check indirect bilirubin late may indicate ongoing hemolysis/low-flow state after bypass, which can co-occur with AKI. Still, as a measured feature it is an indirect proxy and not kidney-specific."
0_12h_calcium_mean,1,"Mean calcium in the first 12 hours is heavily influenced by transfusion/citrate, albumin shifts, and replacement protocols and is not a primary AKI driver. Early post-op derangements are common and transient."
13_24h_calcium_mean,1,Average calcium over 13–24h is a nonspecific metabolic marker and usually reflects replacement practices rather than renal perfusion. It has limited direct linkage to subsequent creatinine rise.
25_36h_calcium_mean,2,"Sustained abnormal calcium later may reflect ongoing critical illness, massive transfusion effects, or endocrine/metabolic disturbance that can accompany AKI. However, mean values are less informative than extremes for acute insults."
0_12h_calcium_max,2,"Hypercalcemia can contribute to renal vasoconstriction and nephrogenic effects, but early post-op peaks are often iatrogenic and transient. In 0–12h, interpret conservatively."
13_24h_calcium_max,2,A later calcium peak may indicate ongoing supplementation or metabolic disturbance and can be indirectly associated with illness severity. It is not a strong established predictor of AKI compared with hemodynamics or renal labs.
25_36h_calcium_max,3,"Marked hypercalcemia closer to outcome can worsen renal concentrating ability and renal blood flow and may signal significant metabolic derangement. As an extreme, it is more informative than the mean, though still not kidney-specific."
0_12h_calcium_min,3,"Hypocalcemia (often from citrate load/transfusion) can impair myocardial contractility and contribute to hypotension, indirectly risking renal hypoperfusion. As an extreme, it better captures potential hemodynamic insult than the mean, but early window caps strength."
13_24h_calcium_min,3,"Persistent hypocalcemia may reflect ongoing transfusion/citrate effect or critical illness and can contribute to low cardiac output and vasopressor needs, increasing AKI risk. The minimum is more pathologically relevant than the mean."
25_36h_calcium_min,4,"Late hypocalcemia can be a marker of ongoing critical illness and may contribute to myocardial dysfunction and renal hypoperfusion, which are strong pathways to AKI. As a minimum close to hour 60, it is a more actionable leading indicator than average calcium."
0_12h_calcium_measured,1,Frequency of calcium checks largely reflects routine post-cardiac surgery electrolyte monitoring and replacement protocols. It is a behavioral proxy with minimal specificity for AKI.
13_24h_calcium_measured,1,Calcium measurement count is driven by ICU protocol and supplementation rather than renal injury mechanisms. It provides little incremental AKI signal beyond actual calcium values.
25_36h_calcium_measured,2,"More frequent calcium checks late may indicate instability or ongoing electrolyte replacement needs, indirectly correlating with severity of illness and AKI risk. Still, it is a behavioral proxy and not a direct biomarker."
0_12h_partial_thromboplastin_time_mean,2,"PTT reflects anticoagulation/coagulopathy and bleeding risk, which can indirectly affect renal perfusion, but the mean in the immediate post-op window is nonspecific. Extremes (very high PTT) are more clinically meaningful than averages, so cap to limit collinearity."
25_36h_partial_thromboplastin_time_mean,2,"Persistently abnormal PTT may indicate ongoing heparin effect, liver dysfunction, or consumptive coagulopathy that can accompany critical illness, but it is not a direct AKI marker. The mean is less informative than extreme elevations for capturing clinically relevant derangements."
0_12h_partial_thromboplastin_time_max,3,"A high PTT early after cardiac surgery can signal excessive anticoagulation or coagulopathy with bleeding/transfusion risk, which can contribute to hypotension and renal hypoperfusion. In 0–12h many abnormalities are transient, so importance is conservatively limited."
25_36h_partial_thromboplastin_time_max,3,"Marked PTT elevation closer to the outcome can reflect ongoing coagulopathy/anticoagulation and higher likelihood of bleeding, transfusion, and hemodynamic instability that can precipitate AKI. Still indirect rather than a renal biomarker."
0_12h_partial_thromboplastin_time_min,1,Low/normal PTT is not a typical driver of postoperative AKI and is often clinically unremarkable in this context. It provides little signal compared with high PTT extremes.
25_36h_partial_thromboplastin_time_min,1,A low PTT is not a recognized predictor of AKI after cardiac surgery and usually reflects absence of anticoagulation effect rather than renal risk. Minimal physiologic linkage to creatinine rise.
0_12h_partial_thromboplastin_time_measured,1,Measurement frequency mainly reflects routine post-cardiac surgery monitoring and anticoagulation management rather than kidney injury physiology. In the immediate post-op period it is especially protocol-driven.
13_24h_partial_thromboplastin_time_measured,1,"Repeated PTT checks are largely driven by anticoagulation protocols and general acuity, not a direct mechanism for AKI. At most it weakly proxies concern for bleeding/instability."
25_36h_partial_thromboplastin_time_measured,2,"More frequent PTT monitoring late may reflect ongoing instability, bleeding, or anticoagulation titration, which can correlate with higher illness severity and AKI risk. Still a behavioral proxy, not a physiologic driver."
0_12h_absolute_monocyte_count_mean,1,Monocyte count is a nonspecific inflammatory marker and is not an established early predictor of postoperative AKI. The mean in the immediate post-op window is heavily influenced by surgical stress and dilution.
13_24h_absolute_monocyte_count_mean,1,"Average monocyte count is a weak, nonspecific marker of inflammation and does not directly reflect renal perfusion or tubular injury. Limited evidence for predicting creatinine rise in this setting."
0_12h_absolute_monocyte_count_max,2,"An elevated monocyte count may reflect heightened inflammatory response or infection risk, which can contribute indirectly to AKI via cytokine-mediated injury and hemodynamic effects. In 0–12h it is often reactive to surgery, so keep conservative."
13_24h_absolute_monocyte_count_max,2,Higher monocyte peaks may indicate evolving inflammation/infection that can increase AKI risk indirectly through sepsis physiology and vasopressor needs. Still nonspecific and not a direct renal marker.
0_12h_absolute_monocyte_count_min,1,Low monocyte counts are not a typical causal pathway for AKI after cardiac surgery and may reflect dilution or lab variability. Provides little prognostic value for creatinine trajectory.
13_24h_absolute_monocyte_count_min,1,A low monocyte nadir is not an established predictor of AKI and is generally nonspecific. Weak linkage to renal hypoperfusion or nephrotoxicity.
0_12h_absolute_monocyte_count_measured,1,Frequency of monocyte measurement is usually part of routine CBC ordering rather than targeted concern for AKI. It is a behavioral/protocol signal with minimal kidney-specific meaning.
13_24h_absolute_monocyte_count_measured,1,Measurement frequency mainly reflects clinician ordering behavior rather than renal physiology. Monocyte count ordering is not a specific AKI signal in this context.
25_36h_absolute_monocyte_count_measured,1,Test frequency is a weak proxy for acuity and is not a direct driver of creatinine rise. Monocyte monitoring is not typically used to anticipate AKI after cardiac surgery.
0_12h_phosphorus_mean,2,"Phosphate can rise with impaired renal excretion, but early post-op values are often confounded by shifts, transfusions, and refeeding. Mean is less informative than extremes for acute renal insult, and this early epoch is capped."
13_24h_phosphorus_mean,2,"Sustained phosphate elevation may reflect evolving renal dysfunction, but the mean smooths potentially important spikes. In this mid epoch it is a modest, indirect indicator rather than a primary AKI predictor."
25_36h_phosphorus_mean,3,"By 25–36h, persistent hyperphosphatemia can reflect reduced GFR and correlate with impending creatinine rise. Still, mean is less specific than a maximum for detecting acute deterioration."
0_12h_phosphorus_max,3,"An early phosphate spike can signal reduced renal clearance or significant tissue injury/hemolysis after bypass, both associated with AKI risk. However, immediate post-op derangements are common and transient, limiting specificity."
13_24h_phosphorus_max,4,A high phosphate maximum in the trajectory phase more strongly suggests impaired renal excretion and evolving AKI physiology. Extremes capture acute deterioration better than averages.
25_36h_phosphorus_max,4,Late-window peak phosphate is a strong leading indicator of reduced GFR and impending creatinine rise by hour 60. The maximum best captures clinically meaningful hyperphosphatemia compared with mean/min.
0_12h_phosphorus_min,1,"Low phosphate is more often due to dilution, insulin/feeding shifts, or repletion practices and is not a typical trigger for AKI. In the immediate post-op window it has weak specificity for later creatinine rise."
13_24h_phosphorus_min,1,A low minimum phosphate generally reflects supplementation or intracellular shifts rather than renal hypoperfusion or injury. It is not an established predictor of postoperative AKI.
25_36h_phosphorus_min,1,Minimum phosphate late is usually driven by replacement/shift phenomena and does not indicate worsening renal function. It provides little mechanistic linkage to creatinine_ratio.
0_12h_phosphorus_measured,2,"More frequent phosphate checks may reflect clinician concern for metabolic derangements or renal dysfunction, but it is an indirect behavioral marker. Per rules, measured features should remain low importance."
13_24h_phosphorus_measured,2,"Ordering frequency can proxy evolving instability/concern for AKI, but it is not a physiological driver. Thus it remains low importance despite some association with acuity."
25_36h_phosphorus_measured,2,"Late frequent phosphate monitoring may indicate concern for renal failure or electrolyte issues, but it is still an indirect marker. It should not compete with actual phosphate values for importance."
0_12h_absolute_neutrophil_count_mean,2,"Neutrophilia reflects inflammation/stress response from surgery and bypass, which can correlate with AKI risk but is nonspecific. Mean in the immediate post-op period is heavily confounded and capped."
13_24h_absolute_neutrophil_count_mean,2,"Persistent neutrophilia may indicate ongoing inflammation/infection contributing to AKI risk, but it is indirect and nonspecific. Mean aggregation further reduces sensitivity to clinically meaningful spikes."
0_12h_absolute_neutrophil_count_max,2,"Peak neutrophilia reflects postoperative inflammation/stress or early infection, which can contribute indirectly to AKI risk, but is nonspecific. In the immediate 0–12h post-CPB period this is often transient, so prognostic value is limited."
13_24h_absolute_neutrophil_count_max,2,"Persistently high ANC may indicate ongoing inflammation/infection that can worsen renal perfusion and AKI risk, but remains indirect and nonspecific. Max is more informative than mean for acute inflammatory surges, but still not a primary AKI driver."
0_12h_absolute_neutrophil_count_min,1,Low ANC is not a typical mechanistic predictor of postoperative AKI and is more related to hematologic issues or dilutional effects. In 0–12h it is unlikely to add specific renal prognostic information.
13_24h_absolute_neutrophil_count_min,1,ANC nadir is not an established predictor of AKI after cardiac surgery and is generally not linked to renal hypoperfusion/toxicity. Any association would be indirect and weak.
0_12h_absolute_neutrophil_count_measured,1,Measurement frequency mainly reflects routine postoperative lab ordering rather than renal pathophysiology. In 0–12h this is standard-of-care and not specific for impending AKI.
13_24h_absolute_neutrophil_count_measured,1,Repeated ANC checks are a behavioral proxy for acuity/infection workup but are not a direct renal injury marker. Typically driven by routine CBC schedules rather than AKI suspicion.
25_36h_absolute_neutrophil_count_measured,2,"More frequent ANC measurement at 25–36h may reflect clinician concern for infection/sepsis, which can precipitate AKI via hypotension and inflammation. Still a behavioral proxy, so capped low."
0_12h_troponin_measured,1,"Troponin ordering frequency reflects postoperative MI surveillance and overall acuity, not kidney injury directly. In the first 12h it is commonly routine after cardiac surgery."
13_24h_troponin_measured,2,"More frequent troponin checks at 13–24h may indicate concern for myocardial injury/low cardiac output, which can reduce renal perfusion and increase AKI risk. Still a behavioral proxy rather than a physiologic measurement."
25_36h_troponin_measured,2,"Ongoing troponin monitoring at 25–36h suggests suspected cardiac complications (e.g., low output) that can strongly affect renal perfusion. As a measurement-frequency feature it remains indirect and is kept low."
0_12h_po2_mean,2,"Sustained hypoxemia can contribute to renal ischemia, but mean PaO2 in the immediate postoperative window is heavily influenced by ventilator management and transient factors. Extremes would better capture acute insults, so mean is down-weighted."
13_24h_po2_mean,2,"Ongoing lower average PaO2 may reflect respiratory failure and systemic illness that can increase AKI risk, but it is indirect. Mean is less informative than minima for hypoxemic insults, so importance is limited."
25_36h_po2_mean,3,"At 25–36h, persistently low average PaO2 suggests ongoing respiratory failure/poor oxygen delivery that can contribute to renal hypoxia and AKI risk. Still indirect and less specific than hypoxemia minima, but closer to outcome so weighted higher."
0_12h_po2_max,1,"High PaO2 peaks (hyperoxia) are not a primary established driver of postoperative AKI compared with hypotension or nephrotoxins. In 0–12h, maxima largely reflect ventilator/FiO2 settings and are not specific."
13_24h_po2_max,1,"PaO2 maxima mainly reflect oxygen administration rather than tissue oxygen delivery or renal perfusion. Hyperoxia has at most a weak/controversial link to AKI, so predictive value is low."
25_36h_po2_max,1,"Even close to outcome, PaO2 maxima are dominated by ventilator/FiO2 adjustments and do not reliably indicate renal ischemic risk. Any association with AKI is weak and indirect."
0_12h_po2_min,2,"Low PaO2 can reflect hypoxemia and overall illness severity, which may contribute to renal ischemia, but early post-op hypoxemia is often transient. In the 0–12h epoch, be conservative and treat as an indirect AKI signal."
13_24h_po2_min,2,Persistent hypoxemia may indicate ongoing cardiopulmonary dysfunction and higher AKI risk via reduced oxygen delivery. Still an indirect marker rather than a primary renal driver.
25_36h_po2_min,3,Later sustained or recurrent hypoxemia closer to the outcome suggests ongoing low oxygen delivery/critical illness that can worsen renal perfusion and tubular injury. As an extreme (min) it captures acute insults better than mean values would.
0_12h_po2_measured,1,Measurement frequency mainly reflects monitoring intensity/acuity rather than a physiologic mechanism of AKI. Early post-op ABG frequency is routine after cardiac surgery.
13_24h_po2_measured,1,More frequent PaO2 checks indicate clinician concern/instability but are not directly causal for AKI. Typically reflects respiratory management rather than renal pathophysiology.
25_36h_po2_measured,2,"Increased PaO2 measurement frequency late may proxy ongoing instability (ventilation/hemodynamics) and higher AKI risk, but remains a behavioral marker. Therefore capped low per the _measured rule."
0_12h_potassium_mean,2,"Potassium abnormalities can accompany AKI, but the mean blunts clinically important peaks and early post-op shifts are common from transfusion/CPB and acid-base changes. Prefer extremes for pathology, so mean is kept low."
13_24h_potassium_mean,2,Average potassium may reflect evolving renal dysfunction but is less sensitive than hyperkalemic peaks for early AKI signal. Collinearity control favors max/min over mean.
25_36h_potassium_mean,2,"Later mean potassium can correlate with reduced renal excretion, but clinically meaningful AKI signal is better captured by potassium_max. Thus mean is capped to avoid redundancy."
0_12h_potassium_max,3,"Hyperkalemia can be an early consequence of impaired renal excretion or severe tissue injury/hemolysis after CPB, and is clinically concerning. In 0–12h, transient elevations are common, so score is capped at 3."
13_24h_potassium_max,3,A high potassium peak in this trajectory phase suggests persistent impaired excretion or ongoing shock/hemolysis and is more informative than the mean. Still not a definitive renal biomarker on its own.
25_36h_potassium_max,4,"Late hyperkalemia is a strong indicator of reduced renal clearance and/or ongoing severe illness and often accompanies impending/worsening AKI. As an extreme value close to hour 60, it is a strong predictor."
0_12h_potassium_min,2,Hypokalemia is less directly linked to AKI and often reflects diuretics/insulin shifts or alkalosis early post-op. As an extreme it may indicate aggressive diuresis but is an indirect AKI signal.
13_24h_potassium_min,2,"Low potassium may reflect ongoing diuretic use or intracellular shifts rather than renal injury. It is not a primary driver of creatinine rise, so remains low importance."
25_36h_potassium_min,2,"Later hypokalemia can indicate continued diuresis or poor intake and is not a typical marker of AKI progression. Compared with potassium_max, it is less pathognomonic for reduced renal function."
0_12h_potassium_measured,1,"Potassium measurement frequency reflects monitoring intensity and routine post-cardiac surgery electrolyte surveillance rather than a causal AKI mechanism. Per the _measured rule, it should be scored very low."
13_24h_potassium_measured,2,Measurement frequency reflects clinician concern for electrolyte/renal issues rather than a direct AKI mechanism. In the 13–24h trajectory phase it may weakly proxy evolving renal dysfunction but is nonspecific.
25_36h_potassium_measured,2,"More frequent potassium checks can indicate concern for renal impairment or arrhythmia risk, but it is still a behavioral proxy rather than physiology. Closer to hour 60 it may correlate with acuity, yet remains indirect."
0_12h_total_bilirubin_mean,2,"Hyperbilirubinemia can reflect hepatic congestion/low-flow states that also predispose to AKI, but early post-op averages are diluted by transient peri-CPB effects. Collinearity: extremes (max) better capture acute insult, so mean is capped."
0_12h_total_bilirubin_max,3,"An early peak bilirubin may signal significant hypoperfusion/hemolysis or right-sided congestion after surgery, which is associated with subsequent AKI risk. In 0–12h, derangements are common/transient so the score is conservatively capped at 3."
0_12h_total_bilirubin_min,1,The minimum bilirubin in the immediate post-op window is not a meaningful marker of organ dysfunction or AKI risk. It mainly reflects baseline/normal values and adds little beyond other summaries.
0_12h_total_bilirubin_measured,1,Ordering frequency for bilirubin is a weak behavioral proxy for concern about liver function/hemolysis and is not specific for AKI. In the immediate post-op period it is often routine.
13_24h_total_bilirubin_measured,1,"Repeat bilirubin checks may reflect ongoing concern for hepatic dysfunction, but measurement frequency is not a direct physiologic driver of AKI. It is generally nonspecific for renal outcomes."
25_36h_total_bilirubin_measured,2,"More frequent bilirubin monitoring late may indicate persistent shock/congestion or hemolysis, which can co-occur with AKI, but it remains an indirect behavioral signal. Thus it is kept low per the _measured rule."
0_12h_rbc_count_mean,2,"Lower RBC count/anemia can worsen renal oxygen delivery, but early post-op means are influenced by hemodilution and transfusions. Collinearity: the minimum better captures clinically relevant anemia, so mean is capped."
13_24h_rbc_count_mean,2,"Sustained anemia may contribute to renal hypoxia, but the mean is less informative than the nadir for AKI risk and is affected by transfusion practices. Therefore it is capped to reduce redundancy."
25_36h_rbc_count_mean,2,"Persistent anemia later can be associated with worse outcomes, but mean RBC still smooths clinically important nadirs and is confounded by transfusion/hemodilution. The minimum is the more pathologic aggregation, so mean is capped."
0_12h_rbc_count_max,1,A high RBC count is rarely a driver of AKI in this context and may reflect hemoconcentration or lab variability. It is not a typical post-cardiac surgery AKI predictor.
13_24h_rbc_count_max,1,Maximum RBC count is not a meaningful marker for renal hypoperfusion or nephrotoxicity and is heavily influenced by transfusion/volume status. It provides little specific prognostic value for AKI.
25_36h_rbc_count_max,1,Later maximum RBC count is generally not pathologic and does not directly indicate renal injury risk. Any association would be indirect via volume status and is weak.
0_12h_rbc_count_min,3,"The nadir RBC count captures clinically relevant anemia/hemodilution and potential bleeding/transfusion needs, which can impair renal oxygen delivery and correlate with AKI risk. In 0–12h, effects are often transient so the score is capped at 3."
13_24h_rbc_count_min,3,"A low RBC nadir in the 13–24h window suggests ongoing anemia/bleeding or inadequate recovery, which can contribute to renal hypoxia and is associated with AKI risk. It is more informative than mean/max but not a direct kidney biomarker."
25_36h_rbc_count_min,3,"Low RBC count (anemia/bleeding/hemodilution) can worsen renal oxygen delivery and is associated with transfusion and hemodynamic instability, increasing AKI risk. The minimum in the 25–36h window best captures clinically relevant nadir anemia close to the outcome."
0_12h_rbc_count_measured,1,"Measurement frequency mainly reflects routine post-op monitoring and clinician behavior rather than a direct AKI mechanism. In the immediate 0–12h period, frequent CBC checks are common after cardiac surgery."
13_24h_rbc_count_measured,1,CBC ordering frequency is a weak proxy for acuity/bleeding concern but not a physiologic driver of AKI. This remains largely standard monitoring in the first post-op day.
25_36h_rbc_count_measured,2,"More frequent RBC checks at 25–36h may indicate ongoing bleeding, transfusion needs, or instability, which can correlate with AKI risk. Still, it is a behavioral proxy and not a direct renal biomarker."
0_12h_d_dimer_measured,1,"Ordering D-dimer early post-cardiac surgery is nonspecific and often reflects evaluation for thrombosis/PE rather than kidney injury. As a measured/ordered indicator, it is a weak behavioral proxy."
13_24h_d_dimer_measured,1,"D-dimer ordering frequency is not a direct predictor of AKI and is highly nonspecific in post-op patients. As a measured feature, it should remain low importance."
25_36h_d_dimer_measured,2,"Late D-dimer ordering may reflect concern for thrombotic complications or systemic inflammation, which can accompany renal hypoperfusion or shock. However, it remains an indirect behavioral proxy rather than a renal mechanism."
0_12h_teg_activated_clotting_time_measured,1,"TEG ACT measurement frequency reflects perioperative coagulation management (e.g., heparin/protamine) and bleeding risk, not kidney function directly. In 0–12h it is routine after bypass and thus weakly informative for AKI."
13_24h_teg_activated_clotting_time_measured,2,"Continued TEG ACT checks may indicate ongoing bleeding/coagulopathy requiring transfusion or re-exploration, which can increase AKI risk via hypotension and inflammation. Still, it is a measured-frequency proxy rather than a physiologic renal marker."
25_36h_teg_activated_clotting_time_measured,2,"Late TEG ACT monitoring suggests persistent coagulopathy/bleeding management, which can correlate with hemodynamic stress and transfusion exposure linked to AKI. As an ordering-frequency feature, it remains indirect."
0_12h_percent_immature_granulocyte_mean,2,"Immature granulocytes can reflect systemic inflammation/stress response, which is associated with AKI risk, but early post-bypass inflammation is common and nonspecific. Mean values also smooth peaks, reducing specificity for acute insult."
13_24h_percent_immature_granulocyte_mean,2,"Persistent inflammatory response may relate to infection/SIRS and subsequent AKI, but the mean is a diluted signal compared with extremes. In 13–24h this remains an indirect predictor."
0_12h_percent_immature_granulocyte_max,3,"A high early peak immature granulocyte percentage can indicate pronounced inflammatory response or early infection, which can contribute to AKI via cytokine-mediated injury and hemodynamic effects. In 0–12h, cap at 3 due to common transient post-CPB inflammation."
13_24h_percent_immature_granulocyte_max,3,"A higher peak in 13–24h may better indicate evolving infection/SIRS rather than immediate surgical stress, which is more relevant to later AKI. Max captures the pathologic spike better than mean/min, but remains not kidney-specific."
0_12h_percent_immature_granulocyte_min,1,Low immature granulocyte percentage is not a plausible driver or marker of AKI. The minimum provides little clinically meaningful information for renal risk.
13_24h_percent_immature_granulocyte_min,1,"The minimum immature granulocyte percentage is not informative for AKI prediction and does not capture inflammatory pathology. Extremes of concern are high values, not low values."
0_12h_percent_immature_granulocyte_measured,1,"Measurement frequency reflects clinician concern/inflammation workup rather than a direct renal perfusion or injury marker, especially in the immediate post-op period."
13_24h_percent_immature_granulocyte_measured,1,Ordering frequency is a weak behavioral proxy for acuity and is not a specific predictor of AKI compared with hemodynamics/renal labs.
25_36h_percent_immature_granulocyte_measured,2,"More frequent checks may indicate evolving infection/SIRS which can contribute to AKI, but it remains an indirect, non-physiologic proxy."
0_12h_teg_fibrinolysis_measured,1,TEG fibrinolysis testing reflects bleeding/coagulopathy management and is not a direct driver or biomarker of postoperative AKI; early post-op ordering is common.
13_24h_teg_fibrinolysis_measured,1,Continued TEG testing suggests coagulation/bleeding issues but has no specific mechanistic link to creatinine rise beyond overall illness severity.
25_36h_teg_fibrinolysis_measured,2,"Late need for TEG may indicate ongoing bleeding/transfusion/inflammation that can worsen renal perfusion, but it is still an indirect proxy rather than a renal marker."
0_12h_creatinine_ratio_mean,2,Early mean creatinine ratio is influenced by hemodilution and perioperative fluid shifts; it is less informative than extremes and capped for collinearity.
13_24h_creatinine_ratio_mean,2,Average creatinine ratio over this window can reflect trajectory but is less sensitive than the maximum for detecting early AKI signal; capped to reduce redundancy.
25_36h_creatinine_ratio_mean,2,"While closer to the outcome, the mean smooths acute rises; the maximum in this epoch better captures evolving AKI, so mean is capped for collinearity."
0_12h_creatinine_ratio_max,3,"An early peak in creatinine ratio can indicate immediate renal insult, but in 0–12h it is often confounded by dilution and transient perioperative effects (max score capped at 3)."
13_24h_creatinine_ratio_max,4,A rising peak creatinine ratio in the trajectory phase is a strong early indicator of evolving AKI and predicts further worsening by 60 hours.
25_36h_creatinine_ratio_max,5,The peak creatinine ratio in the closest pre-outcome window is essentially an early biomarker of AKI progression and strongly predicts the 60-hour creatinine ratio.
0_12h_creatinine_ratio_min,1,A low minimum creatinine ratio early after surgery is typically driven by hemodilution and does not represent renal injury; also less pathologic than maxima.
13_24h_creatinine_ratio_min,1,"Minimum values are not informative for AKI risk (AKI is characterized by rises), and add collinearity without capturing the insult."
25_36h_creatinine_ratio_min,1,"Even late, the minimum creatinine ratio does not capture kidney injury signal compared with the maximum/trajectory of increases."
0_12h_creatinine_ratio_measured,2,"More frequent creatinine checks may reflect clinician concern for renal dysfunction, but it is a behavioral proxy and early post-op monitoring is routine."
13_24h_creatinine_ratio_measured,2,Measurement frequency reflects clinician concern and monitoring intensity rather than renal physiology. In the 13–24h window it may weakly proxy evolving renal dysfunction but is not a direct predictor.
25_36h_creatinine_ratio_measured,2,"More frequent creatinine checks closer to hour 60 can indicate suspected AKI, but it remains a behavioral/acuity marker rather than a mechanistic driver. Score capped per _measured rule."
0_12h_x25_percent_albumin_dose_total_12h,2,"Hyperoncotic 25% albumin is often given for hypotension/third spacing and may correlate with hemodynamic instability or aggressive diuresis, indirectly relating to AKI risk. In the immediate 0–12h post-op period, use is common and nonspecific (max score 3)."
13_24h_x25_percent_albumin_dose_total_12h,3,"Ongoing need for 25% albumin in 13–24h may signal persistent capillary leak, hypotension, or low effective circulating volume, which can impair renal perfusion. Still an indirect marker rather than a direct renal biomarker."
25_36h_x25_percent_albumin_dose_total_12h,3,"Use in 25–36h suggests continued hemodynamic/volume management issues closer to the outcome window, which can contribute to renal hypoperfusion. Association is plausible but not definitive for AKI."
0_12h_albumin_5_percent_dose_total_12h,2,"5% albumin is a volume expander and may reflect early post-bypass vasoplegia/third spacing; renal relevance is indirect via perfusion/volume status. In 0–12h it is common and transient, limiting specificity."
13_24h_albumin_5_percent_dose_total_12h,3,"Continued colloid resuscitation in 13–24h can indicate ongoing hypotension or inadequate effective circulating volume, both linked to AKI risk. It remains a treatment proxy rather than a direct injury marker."
25_36h_albumin_5_percent_dose_total_12h,3,"Need for 5% albumin in 25–36h suggests persistent hemodynamic/volume derangements near the prediction horizon, which can worsen renal perfusion. Predictive value is moderate as it reflects management response and severity."
0_12h_acetaminophen_codeine_dose_total_12h,1,Acetaminophen/codeine is not a typical nephrotoxin at standard doses and mainly reflects analgesia needs. In 0–12h it is routine and not informative for AKI risk.
13_24h_acetaminophen_codeine_dose_total_12h,1,Primarily an analgesic exposure with minimal direct renal toxicity; dose more likely reflects pain management practices. Weak link to AKI aside from nonspecific illness severity.
25_36h_acetaminophen_codeine_dose_total_12h,1,Ongoing use is unlikely to causally affect creatinine ratio and mostly indicates analgesia requirements. Not a recognized driver of post-cardiac surgery AKI.
0_12h_acetaminophen_dose_total_12h,1,Acetaminophen is generally kidney-safe at therapeutic dosing and is routine post-op. Provides little prognostic information for AKI in the immediate post-surgery window.
13_24h_acetaminophen_dose_total_12h,1,Continued acetaminophen use is common and not mechanistically linked to AKI. Any association would be confounded by general postoperative care intensity.
25_36h_acetaminophen_dose_total_12h,1,Not a nephrotoxic exposure in typical ICU dosing and unlikely to predict creatinine rise. Reflects routine analgesic/antipyretic administration.
0_12h_allopurinol_dose_total_12h,1,Allopurinol is not a typical acute nephrotoxin and perioperative continuation is usually unrelated to renal perfusion or tubular injury. In 0–12h it mainly reflects home-med reconciliation.
13_24h_allopurinol_dose_total_12h,1,Ongoing allopurinol use is generally unrelated to postoperative AKI mechanisms; any renal dosing adjustments are downstream of kidney function rather than predictive. Weak and likely confounded signal.
25_36h_allopurinol_dose_total_12h,1,Allopurinol is not typically used for perioperative hemodynamic management and is not a common driver of post-cardiac surgery AKI. Its presence more likely reflects chronic gout management than acute renal injury risk.
0_12h_aminocaproic_acid_dose_total_12h,2,"Aminocaproic acid use reflects bleeding risk/antifibrinolytic strategy and can correlate with complex surgery, but it is not a direct AKI mechanism. In the immediate 0–12h window, it is common and nonspecific, so prognostic value is limited."
13_24h_aminocaproic_acid_dose_total_12h,2,"Continued antifibrinolytic exposure may indicate ongoing bleeding/complex course, indirectly increasing AKI risk via transfusion/inflammation. Still not a direct renal biomarker or primary AKI driver."
25_36h_aminocaproic_acid_dose_total_12h,2,"Late use may signal persistent bleeding or re-exploration risk, which can contribute indirectly to AKI through hemodynamic instability and transfusions. However, the medication itself is not a strong direct predictor of creatinine rise."
0_12h_amiodarone_dose_total_12h,2,"Amiodarone use indicates postoperative arrhythmias, which can reduce cardiac output and renal perfusion, but in 0–12h this is often transient and treated prophylactically. It is an indirect marker rather than a direct AKI predictor."
13_24h_amiodarone_dose_total_12h,3,"Ongoing amiodarone suggests persistent atrial/ventricular arrhythmia burden, which can impair forward flow and renal perfusion. This trajectory-phase signal is a more meaningful indirect risk factor for AKI than immediate postoperative use."
25_36h_amiodarone_dose_total_12h,3,"Late amiodarone use implies sustained arrhythmias or hemodynamic fragility closer to the outcome window, which can contribute to renal hypoperfusion. Still indirect and not a renal-specific biomarker."
0_12h_amlodipine_dose_total_12h,1,Amlodipine is a chronic antihypertensive and is rarely a key determinant of acute postoperative renal perfusion in the ICU. Early administration is uncommon and generally not informative for AKI risk.
13_24h_amlodipine_dose_total_12h,1,Continuation of home amlodipine mainly reflects medication reconciliation rather than evolving shock or renal injury. It has minimal direct relationship to postoperative creatinine rise.
25_36h_amlodipine_dose_total_12h,1,Late amlodipine use typically indicates clinical stability (tolerating oral meds) rather than impending AKI. It is not a recognized driver of postoperative AKI.
0_12h_ampicillin_dose_total_12h,1,Ampicillin is not a typical nephrotoxic antibiotic and early postoperative antibiotics are often protocolized. In 0–12h it is more reflective of routine prophylaxis than AKI risk.
13_24h_ampicillin_dose_total_12h,2,"Antibiotic continuation may indicate suspected infection, which can increase AKI risk via inflammation and hemodynamic effects. Ampicillin itself is not strongly nephrotoxic, so the link is indirect."
25_36h_ampicillin_dose_total_12h,2,"Late antibiotic use can be a marker of evolving infection/sepsis closer to the outcome window, which is a known AKI precipitant. The medication is still an indirect proxy rather than a direct renal insult."
0_12h_angiotensin_ii_dose_total_12h,3,"Angiotensin II use indicates vasodilatory shock requiring high-level vasopressor support, which is associated with renal hypoperfusion and AKI risk. In 0–12h, however, postoperative vasoplegia can be transient, so scoring is capped conservatively."
13_24h_angiotensin_ii_dose_total_12h,4,"Need for angiotensin II in 13–24h suggests persistent vasoplegic shock and severe circulatory failure, strongly linked to subsequent AKI. This is a high-acuity hemodynamic marker with direct relevance to renal perfusion."
25_36h_angiotensin_ii_dose_total_12h,5,"Angiotensin II requirement at 25–36h indicates ongoing refractory shock close to the creatinine outcome window, a major driver of ischemic tubular injury. This is among the strongest hemodynamic predictors of postoperative AKI."
0_12h_apixaban_dose_total_12h,1,Apixaban is not directly nephrotoxic and early post-op use mainly reflects anticoagulation strategy rather than renal perfusion. In the immediate 0–12h window it is unlikely to add specific AKI signal.
13_24h_apixaban_dose_total_12h,1,Apixaban dosing is not a direct driver of AKI; it more often reflects atrial fibrillation/VTE prophylaxis decisions. Any association with creatinine rise would be indirect (illness severity/bleeding risk).
25_36h_apixaban_dose_total_12h,2,"Later initiation/continuation may reflect clinical stability and renal function sufficient to permit anticoagulation, making it a weak indirect marker. It is still not a physiologic cause of AKI."
0_12h_aspirin_dose_total_12h,1,Low-dose aspirin post-cardiac surgery is routine and not typically nephrotoxic at these doses. In 0–12h it provides little specific prognostic information for AKI.
13_24h_aspirin_dose_total_12h,1,Aspirin use is standard secondary prevention and does not meaningfully alter renal perfusion in this context. Any link to AKI would be minimal and confounded by routine care.
25_36h_aspirin_dose_total_12h,1,Continued aspirin remains routine and is not a recognized driver of postoperative AKI. It is unlikely to improve prediction of creatinine_ratio beyond other hemodynamic/lab features.
0_12h_atorvastatin_dose_total_12h,1,Statins are not direct AKI triggers and are often continued as standard care; early dosing mainly reflects medication reconciliation. In the immediate post-op window it is not a strong renal risk signal.
13_24h_atorvastatin_dose_total_12h,1,Atorvastatin continuation is routine and has no strong short-term causal relationship with postoperative creatinine rise. Any association would be indirect and weak.
25_36h_atorvastatin_dose_total_12h,1,Statin dosing at 25–36h is still largely standard-of-care and not a direct marker of renal injury. Rhabdomyolysis-related AKI is rare and not captured by typical dosing alone.
0_12h_bisacodyl_dose_total_12h,1,Bisacodyl use reflects bowel regimen practices rather than renal perfusion or nephrotoxicity. It has no meaningful physiologic link to AKI in this setting.
13_24h_bisacodyl_dose_total_12h,1,Bowel regimen administration is not a recognized predictor of postoperative AKI. It is more indicative of routine ICU care than renal risk.
25_36h_bisacodyl_dose_total_12h,1,Bisacodyl remains unrelated to kidney injury mechanisms; any dehydration effect is typically minimal and not captured reliably by a binary indicator. Predictive value for creatinine_ratio is expected to be negligible.
0_12h_bivalirudin_dose_total_12h,2,"Bivalirudin use early post-op may indicate HIT concern, ECMO/VAD support, or complex anticoagulation needs, which correlate with higher illness severity and AKI risk. However it is not directly nephrotoxic and 0–12h scoring is capped conservatively."
13_24h_bivalirudin_dose_total_12h,3,"Ongoing bivalirudin in 13–24h can be a marker of complicated postoperative course (mechanical support, thrombosis/HIT), which is associated with renal hypoperfusion and AKI. The link is indirect but clinically meaningful."
25_36h_bivalirudin_dose_total_12h,3,"Bivalirudin use close to the outcome window often signals persistent high-acuity support or thrombotic/bleeding complexity, both associated with AKI risk. Still, it is a proxy for severity rather than a direct renal biomarker."
0_12h_bumetanide_dose_total_12h,3,"Loop diuretic requirement early after cardiac surgery reflects volume overload/heart failure physiology and attempts to manage congestion, both linked to renal venous congestion and AKI risk. In 0–12h it is informative but capped at 3 due to immediate post-op transience and confounding by routine diuresis."
13_24h_bumetanide_dose_total_12h,3,"Loop diuretic requirement suggests volume overload/venous congestion or evolving renal dysfunction and is commonly associated with AKI risk, though it is not a direct biomarker. In this mid-phase window it reflects trajectory but remains partly treatment-driven."
25_36h_bumetanide_dose_total_12h,4,"Ongoing or escalating bumetanide need closer to the outcome often reflects persistent congestion/low effective circulating volume and diuretic resistance, both strongly linked to subsequent creatinine rise. This late window is a stronger leading indicator of AKI risk."
0_12h_calcium_acetate_dose_total_12h,1,Calcium acetate is a phosphate binder typically reflecting chronic kidney disease management rather than acute postoperative renal perfusion changes. In the immediate postoperative period it is unlikely to add specific prognostic signal for creatinine rise.
13_24h_calcium_acetate_dose_total_12h,1,Use mainly indicates baseline CKD/ESRD-related hyperphosphatemia management and is not a direct driver of postoperative AKI. Medication continuation patterns add limited predictive value.
25_36h_calcium_acetate_dose_total_12h,2,"Late use may reflect recognition of worsening renal function/hyperphosphatemia, but it remains an indirect, treatment-pattern marker rather than a physiologic insult. Thus it has only modest relevance."
0_12h_calcium_carbonate_dose_total_12h,1,Calcium carbonate is commonly used for supplementation or as a binder and is not a typical cause or marker of acute postoperative AKI. Early postoperative administration is often routine and nonspecific.
13_24h_calcium_carbonate_dose_total_12h,1,Continued calcium carbonate use is largely unrelated to renal perfusion/hemodynamic injury and is not a recognized predictor of AKI in this context. It mainly reflects baseline supplementation/binder practice.
25_36h_calcium_carbonate_dose_total_12h,2,"In the late window it could weakly proxy CKD management or clinician response to electrolyte/phosphate issues accompanying renal dysfunction, but remains indirect. Not a primary AKI driver."
0_12h_calcium_chloride_dose_total_12h,3,"Calcium chloride is often given for hemodynamic instability, massive transfusion/citrate load, or post-CPB myocardial dysfunction—states associated with renal hypoperfusion. However, in 0–12h it is common and transient, so prognostic specificity is limited."
13_24h_calcium_chloride_dose_total_12h,3,"Need for calcium chloride beyond the immediate post-op period can indicate ongoing shock, high vasopressor/inotrope needs, or persistent citrate exposure, all linked to AKI risk. Still, it is an indirect marker of severity rather than renal injury itself."
25_36h_calcium_chloride_dose_total_12h,4,"Late requirement for calcium chloride suggests persistent hemodynamic compromise or ongoing transfusion-related derangements, which strongly predispose to renal hypoperfusion and AKI. Proximity to hour-60 creatinine makes it a stronger predictor."
0_12h_calcium_gluconate_dose_total_12h,2,Calcium gluconate is frequently used for mild hypocalcemia or hyperkalemia treatment and is less specific for severe shock than calcium chloride. In the immediate post-op window it is common and only indirectly related to AKI risk.
13_24h_calcium_gluconate_dose_total_12h,2,"Ongoing calcium gluconate use may reflect electrolyte disturbances (e.g., hyperkalemia) that can accompany renal dysfunction, but it is not a direct renal injury marker. Overall it is a weak-to-moderate indirect signal."
25_36h_calcium_gluconate_dose_total_12h,3,"Late calcium gluconate administration can indicate hyperkalemia or persistent metabolic derangements consistent with evolving AKI, making it a more meaningful indirect predictor. Still, it remains treatment-mediated rather than a direct biomarker."
0_12h_carvedilol_dose_total_12h,1,Carvedilol use mainly reflects chronic heart failure/hypertension management and is often held or variably resumed post-op; it is not a direct AKI driver. In 0–12h it is particularly nonspecific and protocol-dependent.
13_24h_carvedilol_dose_total_12h,2,"Resumption may indicate hemodynamic stability and underlying cardiac disease burden, which can relate indirectly to renal perfusion risk. However, it is a weak, practice-pattern-dependent predictor of AKI."
25_36h_carvedilol_dose_total_12h,2,"Beta-blockade can contribute to lower cardiac output or hypotension in susceptible patients, indirectly affecting renal perfusion. Dose in this window may reflect heart failure/arrhythmia management rather than a direct AKI driver."
0_12h_cefepime_dose_total_12h,2,"Cefepime is renally cleared and dosing may be adjusted with renal dysfunction, but it is not a classic nephrotoxin. In the immediate 0–12h post-op period, antibiotic choice/dose more often reflects prophylaxis/early infection concern than evolving AKI."
13_24h_cefepime_dose_total_12h,2,"Ongoing cefepime use may indicate infection/sepsis risk, which can contribute to AKI, but the drug itself is not strongly nephrotoxic. Dose changes can be influenced by clinician response to renal function, making it an indirect marker."
25_36h_cefepime_dose_total_12h,3,"In this later window, cefepime use/dose may better proxy significant infection/sepsis or renal-dose adjustment, both associated with subsequent creatinine rise. Still, it is an indirect predictor rather than a direct renal injury biomarker."
0_12h_ceftriaxone_dose_total_12h,1,Ceftriaxone is generally not nephrotoxic and is commonly used perioperatively. In 0–12h it mostly reflects routine prophylaxis/empiric coverage rather than AKI physiology.
13_24h_ceftriaxone_dose_total_12h,1,"Continued ceftriaxone use is a weak, nonspecific marker of infection management and has minimal direct renal toxicity. It provides little mechanistic signal for AKI risk."
25_36h_ceftriaxone_dose_total_12h,2,"Later ceftriaxone use may indicate ongoing infection/inflammation, which can contribute to AKI risk, but the medication itself is not a strong nephrotoxin. Thus it is at most an indirect proxy for illness severity."
0_12h_clonidine_dose_total_12h,2,"Clonidine can cause hypotension/bradycardia, potentially reducing renal perfusion, but early post-op hemodynamics are often transiently labile. In 0–12h it is a weak, indirect contributor compared with direct BP/vasopressor measures."
13_24h_clonidine_dose_total_12h,2,"Clonidine dosing may reflect ongoing sedation/analgesia strategy and can contribute to lower MAP, indirectly affecting kidney perfusion. However it is not an established primary AKI predictor."
25_36h_clonidine_dose_total_12h,3,"In the 25–36h window, clonidine-associated hypotension/bradycardia may more meaningfully signal sustained low perfusion risk for AKI. It remains indirect and context-dependent relative to direct hemodynamic variables."
0_12h_clopidogrel_dose_total_12h,1,Clopidogrel has no direct nephrotoxicity and is not a typical driver of postoperative AKI. Early administration mainly reflects antiplatelet strategy rather than renal risk.
13_24h_clopidogrel_dose_total_12h,1,Ongoing clopidogrel use is largely unrelated to renal perfusion or tubular injury. Any association with AKI would be confounded by cardiovascular indication rather than causal.
25_36h_clopidogrel_dose_total_12h,1,Clopidogrel remains a weak predictor for creatinine rise because it does not directly affect kidney function. It primarily reflects post-op antithrombotic management.
0_12h_colchicine_dose_total_12h,1,Colchicine is not a common cause of AKI in typical dosing and is rarely central in immediate post-cardiac surgery care. Early use is unlikely to provide meaningful signal for creatinine_ratio.
13_24h_colchicine_dose_total_12h,1,Colchicine use may reflect pericarditis prophylaxis/treatment and has minimal direct renal injury signal. Any renal relevance is mostly via dose adjustment in existing renal dysfunction.
25_36h_colchicine_dose_total_12h,2,"Later colchicine dosing could indirectly reflect clinician awareness of renal function (dose reduction/avoidance) or inflammatory complications, but it is not a strong AKI driver. Therefore it is only a weak-to-plausible indirect predictor."
0_12h_d10_lr_dose_total_12h,2,"D10 in LR is primarily a maintenance/caloric fluid choice; any AKI link is indirect via overall fluid balance and chloride/lactate load. In the immediate 0–12h post-op period, use is common and not specific for renal injury."
13_24h_d10_lr_dose_total_12h,2,"Continued dextrose-containing crystalloid may reflect ongoing support needs, but it is not a direct driver of AKI. Association is mainly through fluid balance and illness severity rather than kidney-specific toxicity."
25_36h_d10_lr_dose_total_12h,2,"Use closer to the outcome may indicate persistent need for IV fluids/nutrition, but D10 LR itself is not nephrotoxic. Any predictive value is indirect (volume status/acuity)."
0_12h_d10w_dose_total_12h,1,D10W is typically given for hypoglycemia prevention/treatment or free-water delivery and has no direct renal injury mechanism. In 0–12h post-cardiac surgery it is common and nonspecific.
13_24h_d10w_dose_total_12h,2,"Ongoing D10W may reflect metabolic instability or attempts to manage sodium/glucose, which can correlate with severity of illness. It remains an indirect and weak predictor of AKI."
25_36h_d10w_dose_total_12h,2,"Later D10W use may signal persistent metabolic issues or fluid management complexity, which can track with AKI risk. The fluid itself is not a direct renal insult, so relevance is limited."
0_12h_d5_0_45ns_dose_total_12h,2,Hypotonic saline with dextrose is a maintenance fluid; AKI relevance is indirect via fluid balance and potential hyponatremia/volume status effects. Early post-op administration is common and not specific for renal hypoperfusion.
13_24h_d5_0_45ns_dose_total_12h,2,Use in the trajectory phase may reflect ongoing maintenance needs and clinician preference rather than kidney injury. Any association with creatinine rise is likely confounded by overall acuity and fluid strategy.
25_36h_d5_0_45ns_dose_total_12h,2,"Later maintenance fluid choice can correlate with prolonged ICU course and fluid management challenges, modestly relating to AKI risk. Still not a direct predictor compared with hemodynamics, urine output, or creatinine trends."
0_12h_d5_lr_dose_total_12h,2,D5 LR is mainly a maintenance/volume fluid; renal impact is indirect through volume status and chloride/lactate exposure. In the immediate post-op window it is routine and weakly informative.
13_24h_d5_lr_dose_total_12h,2,Continued D5 LR may indicate ongoing need for IV support but is not itself nephrotoxic. Predictive value for AKI is indirect and likely confounded by illness severity and fluid balance.
25_36h_d5_lr_dose_total_12h,3,"Higher volume of crystalloid closer to hour 60 can reflect persistent hemodynamic instability, third spacing, or attempts to treat low perfusion, all of which relate to AKI risk. Still indirect (fluid strategy is a proxy for shock/low effective circulating volume)."
0_12h_d5_ns_dose_total_12h,2,"Normal saline exposure can contribute to hyperchloremic acidosis and renal vasoconstriction, but early post-op use is common and nonspecific. In 0–12h, cap relevance given routine resuscitation practices."
13_24h_d5_ns_dose_total_12h,3,"Ongoing saline administration may increase chloride load and reflect continued resuscitation needs, both associated with AKI risk. It remains a moderate, indirect predictor compared with direct renal/hemodynamic markers."
25_36h_d5_ns_dose_total_12h,3,"Later saline use may indicate persistent volume/pressor needs and adds hyperchloremia risk, which can worsen renal perfusion. As a closer-in-time proxy for ongoing instability and chloride burden, it has moderate relevance."
0_12h_d50w_dose_total_12h,1,D50W is typically a bolus for hypoglycemia treatment and has no direct causal link to AKI. In the immediate post-op period it is episodic and not informative for renal injury prediction.
13_24h_d50w_dose_total_12h,2,D50W use is usually a marker of hypoglycemia treatment or insulin therapy rather than a direct AKI driver; it may weakly reflect illness severity. In the 13–24h window it is an indirect signal at best.
25_36h_d50w_dose_total_12h,2,"Late D50W administration can indicate ongoing metabolic instability or aggressive insulin use, which correlates weakly with acuity but is not mechanistically linked to renal injury. Thus it remains an indirect predictor."
0_12h_d5w_dose_total_12h,2,"D5W volume reflects fluid/maintenance strategy and can contribute to overall fluid balance, but it is not nephrotoxic and has no specific AKI mechanism. Early (0–12h) dosing is common post-op and nonspecific."
13_24h_d5w_dose_total_12h,2,"Ongoing D5W may reflect attempts to manage sodium/osmolality or provide free water, indirectly relating to fluid management. It is not a direct AKI predictor."
25_36h_d5w_dose_total_12h,2,"Later D5W use may signal evolving dysnatremia or fluid strategy, which can correlate with severity but is not a primary AKI driver. Predictive value is indirect."
0_12h_dialysate_infusion_dose_total_12h,3,"Dialysate infusion implies renal replacement therapy (or preparation for it), which is strongly associated with kidney dysfunction, but in the immediate 0–12h post-op period it may reflect transient perioperative issues. Capped at 3 due to early epoch conservatism."
13_24h_dialysate_infusion_dose_total_12h,4,"Need for dialysate infusion in the 13–24h trajectory phase suggests persistent or worsening renal failure requiring RRT, which strongly predicts higher creatinine at 60h. This is close to a direct marker of severe AKI."
25_36h_dialysate_infusion_dose_total_12h,5,"Dialysate infusion in the 25–36h leading window is essentially evidence of ongoing RRT for significant AKI, making it a near-definitive indicator of elevated creatinine ratio by 60h. It reflects established renal failure rather than a distant risk factor."
0_12h_dilaudid_pca_dose_total_12h,1,Opioid PCA dosing is primarily analgesia management and does not directly cause AKI; any association is confounding by surgical pain/acuity. Early post-op use is routine and nonspecific.
13_24h_dilaudid_pca_dose_total_12h,1,Continued PCA opioid use reflects pain control needs and care practices rather than renal perfusion or nephrotoxicity. It has minimal direct prognostic value for AKI.
25_36h_dilaudid_pca_dose_total_12h,1,"Later PCA opioid dosing remains a weak, nonspecific marker; opioids are not typical nephrotoxins and dosing is driven by pain and sedation goals. Any AKI link is indirect and likely confounded."
0_12h_hydromorphone_dose_total_12h,1,Hydromorphone dosing is analgesia/sedation related and not a direct AKI mechanism; it may only weakly correlate with severity or hypotension. In 0–12h it is common and not predictive.
13_24h_hydromorphone_dose_total_12h,1,"Ongoing opioid requirements do not directly indicate renal injury and are heavily confounded by pain, ventilation status, and delirium management. Thus it provides little AKI-specific signal."
25_36h_hydromorphone_dose_total_12h,1,Hydromorphone dose later in the ICU course is still primarily a care/comfort variable rather than a renal perfusion marker. It is not an established predictor of postoperative AKI.
0_12h_dobutamine_dose_total_12h,3,"Dobutamine use indicates low cardiac output/cardiogenic shock physiology, which can reduce renal perfusion and precipitate AKI. However, in the immediate 0–12h post-op period inotrope use is common and transient, so conservatively capped at 3."
13_24h_dobutamine_dose_total_12h,4,"Persistent dobutamine requirement in the 13–24h window suggests ongoing low-output state and renal hypoperfusion, a strong driver of postoperative AKI. This trajectory-phase signal is more prognostic than immediate post-bypass use."
25_36h_dobutamine_dose_total_12h,4,"Dobutamine use/dose in the 25–36h window is a strong marker of ongoing low cardiac output/cardiogenic shock physiology, which directly threatens renal perfusion and is strongly associated with CSA-AKI."
0_12h_docusate_dose_total_12h,1,Stool softener dosing is routine ICU care and has no meaningful physiologic link to renal injury; early post-op use does not indicate AKI risk.
13_24h_docusate_dose_total_12h,1,Docusate is not nephrotoxic and mainly reflects bowel regimen practices rather than hemodynamics or kidney stress.
25_36h_docusate_dose_total_12h,1,Continued bowel regimen use is not informative for AKI prediction and does not reflect renal perfusion or nephrotoxic exposure.
0_12h_dopamine_dose_total_12h,3,"Dopamine use early after surgery suggests hemodynamic instability/vasopressor need, a known AKI risk context, but the 0–12h epoch is confounded by transient post-bypass effects (cap at 3)."
13_24h_dopamine_dose_total_12h,4,"Ongoing dopamine requirement in 13–24h indicates persistent shock/low output or vasoplegia, which is strongly linked to subsequent AKI via renal hypoperfusion."
25_36h_dopamine_dose_total_12h,5,"Vasopressor/inotrope requirement close to the outcome window is a near-direct marker of sustained hemodynamic compromise, a major driver of ischemic tubular injury and rising creatinine."
0_12h_enoxaparin_dose_total_12h,2,"Enoxaparin is not a typical cause of AKI; dosing mainly reflects VTE prophylaxis decisions and bleeding risk, with only indirect linkage through renal clearance/illness severity (conservative in 0–12h)."
13_24h_enoxaparin_dose_total_12h,2,"Use/dose is largely protocol-driven prophylaxis; it may weakly proxy stability and renal function (dose adjustments), but is not a primary AKI driver."
25_36h_enoxaparin_dose_total_12h,2,"Later enoxaparin dosing can reflect clinician comfort with hemostasis and renal clearance-based dosing, but remains an indirect and weak predictor of creatinine rise."
0_12h_ephedrine_sulfate_dose_total_12h,2,"Ephedrine boluses typically treat transient anesthesia-related hypotension; hypotension is relevant to AKI, but in 0–12h this is common and nonspecific (cap at 3; scored 2)."
13_24h_ephedrine_sulfate_dose_total_12h,3,"Need for ephedrine beyond the immediate post-op period suggests ongoing hypotensive episodes, which can impair renal perfusion and increase AKI risk."
25_36h_ephedrine_sulfate_dose_total_12h,3,"Late requirement for pressor boluses indicates intermittent hypotension/vasoplegia close to the outcome window, a meaningful contributor to renal hypoperfusion though less definitive than continuous vasopressors."
0_12h_esmolol_dose_total_12h,2,Esmolol use early post-op usually reflects tachyarrhythmia or hypertension management; it can affect cardiac output and renal perfusion but is not a direct AKI marker and is confounded in 0–12h.
13_24h_esmolol_dose_total_12h,2,Continued beta-blockade may indicate arrhythmia control needs; any AKI link is indirect via hemodynamics rather than nephrotoxicity.
25_36h_esmolol_dose_total_12h,2,"Late esmolol suggests ongoing rate control issues; potential renal impact is mediated through cardiac output/blood pressure effects and is generally a weak, indirect predictor compared with shock/pressor variables."
0_12h_etomidate_dose_total_12h,2,"Etomidate can cause transient adrenal suppression and hypotension risk, which could indirectly affect renal perfusion, but it is not a primary AKI driver. In the immediate 0–12h post-op period, its signal is nonspecific and confounded by anesthesia/CPB effects."
13_24h_etomidate_dose_total_12h,2,"Ongoing etomidate use may reflect continued sedation needs/instability and potential adrenal suppression, indirectly linked to AKI via hemodynamics. Still not a direct nephrotoxin or established AKI predictor."
25_36h_etomidate_dose_total_12h,2,"Late etomidate exposure may indicate persistent critical illness and potential hemodynamic vulnerability, which can contribute to AKI risk. However, the medication itself is not a strong direct predictor of creatinine rise."
0_12h_ezetimibe_dose_total_12h,1,Ezetimibe has no meaningful acute effect on renal perfusion or tubular injury in the perioperative ICU setting. Use is largely chronic cardiovascular risk management and not informative for AKI prediction.
13_24h_ezetimibe_dose_total_12h,1,Ezetimibe dosing reflects continuation of home lipid therapy rather than renal physiology or AKI risk. It is not nephrotoxic and provides minimal prognostic value for creatinine_ratio.
25_36h_ezetimibe_dose_total_12h,1,Continuation of ezetimibe is not mechanistically linked to postoperative AKI and is unlikely to track with evolving renal dysfunction. Any association would be confounding by baseline comorbidity management.
0_12h_famotidine_dose_total_12h,1,"Famotidine is routine stress-ulcer prophylaxis and does not directly affect renal perfusion or cause AKI. Dose may be adjusted for renal function, but in 0–12h this is usually protocol-driven."
13_24h_famotidine_dose_total_12h,2,"Famotidine dosing can be reduced in renal impairment, so it may weakly reflect clinician recognition of decreased kidney function. It is still primarily standard prophylaxis and not a causal AKI factor."
25_36h_famotidine_dose_total_12h,2,"Later famotidine dose adjustments may indirectly signal evolving renal dysfunction (renal dosing), modestly relating to subsequent creatinine rise. It remains a weak, non-specific proxy rather than a driver."
0_12h_fentanyl_pca_dose_total_12h,1,"Opioid PCA dosing mainly reflects analgesia needs and sedation strategy, not renal injury mechanisms. Any AKI link would be indirect via hypotension/respiratory effects and is highly confounded early post-op."
13_24h_fentanyl_pca_dose_total_12h,2,"Higher opioid requirements may correlate with illness severity and hemodynamic/respiratory instability, indirectly affecting renal perfusion. PCA use itself is not nephrotoxic and is a weak predictor."
25_36h_fentanyl_pca_dose_total_12h,2,"Persistent high opioid needs can be a proxy for ongoing critical illness and may associate with hypotension or reduced mobility/ventilation, indirectly impacting AKI risk. Still not a direct renal biomarker."
0_12h_fentanyl_dose_total_12h,2,"High fentanyl dosing can contribute to hypotension and reduced sympathetic tone, potentially lowering renal perfusion, but it is not a primary AKI determinant. In 0–12h, dosing is heavily driven by anesthesia and immediate post-op care."
13_24h_fentanyl_dose_total_12h,2,"Ongoing fentanyl requirements may reflect severity of illness and need for ventilation/sedation, indirectly linked to AKI through hemodynamics. The association is modest and non-specific."
25_36h_fentanyl_dose_total_12h,3,"In the 25–36h window, continued high opioid/sedation needs can be a stronger marker of persistent instability (e.g., ongoing ventilation, hypotension), which is an established AKI risk context. Still indirect and not a direct renal injury marker."
0_12h_flutacisone_nasal_spray_dose_total_12h,1,Intranasal fluticasone has minimal systemic absorption and no meaningful acute impact on renal perfusion or tubular injury. Use is unrelated to postoperative AKI risk.
13_24h_flutacisone_nasal_spray_dose_total_12h,1,Intranasal fluticasone has minimal systemic absorption and no meaningful effect on renal perfusion or nephrotoxicity. Use is unrelated to postoperative AKI risk.
25_36h_flutacisone_nasal_spray_dose_total_12h,1,Intranasal fluticasone is not a driver or marker of AKI and does not affect hemodynamics or kidney function in typical dosing. Likely reflects chronic rhinitis management rather than acuity.
0_12h_folic_acid_dose_total_12h,1,Folic acid supplementation is not linked to acute postoperative kidney injury and does not influence renal perfusion. In the immediate post-op window it is routine and non-informative.
13_24h_folic_acid_dose_total_12h,1,Folic acid administration is not a recognized predictor of AKI after cardiac surgery. It mainly reflects baseline supplementation practices rather than renal risk.
25_36h_folic_acid_dose_total_12h,1,Folic acid dose is not mechanistically related to AKI development and is not a biomarker of renal dysfunction. Its presence is unlikely to add prognostic value for creatinine rise.
0_12h_furosemide_dose_total_12h,3,"Loop diuretic use early post-op often reflects oliguria/volume management and can be associated with evolving AKI or attempts to manage congestion. However, in 0–12h many patients receive diuretics transiently, so prognostic specificity is limited."
13_24h_furosemide_dose_total_12h,4,"Ongoing or escalating furosemide in 13–24h can indicate persistent oliguria, fluid overload, or cardiorenal physiology, all strongly associated with subsequent creatinine rise. It may also contribute to intravascular depletion if overdiuresed."
25_36h_furosemide_dose_total_12h,4,"Diuretic requirement close to the outcome window is a strong marker of ongoing congestion/oliguria and hemodynamic stress, which correlates with AKI progression. High doses may also worsen renal perfusion if they cause hypovolemia."
0_12h_gabapentin_dose_total_12h,1,"Gabapentin is not nephrotoxic and does not directly affect renal perfusion; early dosing mainly reflects analgesia protocols. Although renally cleared, dose given in 0–12h is not a reliable AKI predictor."
13_24h_gabapentin_dose_total_12h,2,"Gabapentin dosing may be indirectly influenced by renal function (dose reduction in CKD/AKI), but it is not a primary driver of AKI. Any association is likely confounding by baseline renal impairment or clinician caution."
25_36h_gabapentin_dose_total_12h,2,"Later gabapentin dosing can reflect renal-dose adjustment or sedation/analgesia needs, providing at most an indirect signal of renal dysfunction. It is not a direct physiologic cause of postoperative AKI."
0_12h_guaifenesin_dose_total_12h,1,Guaifenesin has no established relationship to renal perfusion or AKI risk and is typically symptomatic respiratory care. In the immediate post-op period it is non-specific.
13_24h_guaifenesin_dose_total_12h,1,Guaifenesin use is unrelated to kidney injury mechanisms and does not serve as a meaningful acuity marker for AKI. Likely reflects secretion management rather than renal risk.
25_36h_guaifenesin_dose_total_12h,1,Guaifenesin dosing does not influence creatinine trajectory and is not a recognized AKI predictor. Any correlation would be incidental.
0_12h_half_normal_saline_dose_total_12h,2,"Early hypotonic fluid administration may reflect maintenance fluids and can contribute to fluid balance changes, but in 0–12h it is common and not specific for AKI. It has limited direct linkage to renal tubular injury compared with hemodynamic variables."
13_24h_half_normal_saline_dose_total_12h,3,"Continued IV fluid needs in 13–24h can reflect ongoing hemodynamic instability, attempts to support perfusion, or evolving renal hypoperfusion, which are associated with AKI risk. The fluid type itself is less specific, but volume administered can be informative."
25_36h_half_normal_saline_dose_total_12h,2,"IV fluid choice/amount can influence renal perfusion and chloride load, but 0.45% saline is not a classic direct AKI driver. More likely reflects clinician response to volume/electrolyte issues than a specific renal insult."
0_12h_heparin_dose_total_12h,1,"Heparin dosing in the immediate post-op period is not a direct predictor of AKI and mainly reflects anticoagulation strategy. In 0–12h, it is common and not specific for renal injury."
13_24h_heparin_dose_total_12h,1,Ongoing heparin use is generally unrelated to renal perfusion or tubular injury and is not a typical AKI predictor. It more often reflects thrombosis prophylaxis/management.
25_36h_heparin_dose_total_12h,1,"Heparin dose at 25–36h remains a weak, nonspecific marker for AKI risk. Any association would be indirect (overall illness/lines/ECMO), not causal."
0_12h_hydralazine_dose_total_12h,2,"Antihypertensive use can contribute to hypotension and reduced renal perfusion, but hydralazine is not a primary AKI driver. In 0–12h, BP lability is common post-bypass, so interpret conservatively."
13_24h_hydralazine_dose_total_12h,2,Hydralazine may indicate hypertension management and could indirectly relate to renal perfusion if it precipitates hypotension. Still a weak-to-indirect predictor compared with direct hemodynamic measures.
25_36h_hydralazine_dose_total_12h,3,Need for hydralazine at 25–36h may reflect persistent hemodynamic instability or aggressive BP control that can affect renal perfusion. It is an indirect but plausible contributor to AKI risk in the leading-indicator window.
0_12h_hydrocodone_acetaminophen_dose_total_12h,1,Opioid/acetaminophen analgesia is not a direct AKI predictor at typical doses and mainly reflects pain control. In 0–12h it is routine post-op care.
13_24h_hydrocodone_acetaminophen_dose_total_12h,1,Continued use is common and not mechanistically linked to AKI except via nonspecific sedation/hypoventilation effects. Not a strong renal risk marker.
25_36h_hydrocodone_acetaminophen_dose_total_12h,1,Analgesic dosing at 25–36h remains nonspecific for renal injury and is not a recognized AKI predictor. Any association would be confounding by severity/pain.
0_12h_hydrocortisone_dose_total_12h,2,"Steroid use may indicate vasoplegia, adrenal support, or inflammatory shock states that can be associated with AKI, but hydrocortisone itself is not a direct nephrotoxin. In 0–12h, use is often protocolized and nonspecific."
13_24h_hydrocortisone_dose_total_12h,3,"Ongoing hydrocortisone at 13–24h can signal persistent vasoplegia/shock requiring support, which is an established AKI risk context. Still indirect compared with direct hemodynamic/renal markers."
25_36h_hydrocortisone_dose_total_12h,4,"Hydrocortisone requirement at 25–36h suggests ongoing shock/vasoplegia and high illness severity close to the outcome window, strongly linked to renal hypoperfusion and AKI. It is a strong indirect predictor of subsequent creatinine rise."
0_12h_hypertonic_saline_dose_total_12h,2,"Hypertonic saline use may reflect severe hyponatremia, cerebral edema concerns, or resuscitation needs; it can affect osmolarity and renal handling but is not a classic AKI trigger. In 0–12h it is uncommon but still indirect."
13_24h_hypertonic_saline_dose_total_12h,2,"Use in 13–24h suggests ongoing electrolyte/neurologic management or high acuity, which can correlate with AKI risk. The link remains indirect rather than mechanistic."
25_36h_hypertonic_saline_dose_total_12h,3,"Hypertonic saline at 25–36h may indicate persistent critical illness with significant electrolyte derangements or aggressive resuscitation, which is associated with AKI risk. It is a moderate, indirect predictor in the leading-indicator window."
0_12h_ibuprofen_dose_total_12h,3,"NSAIDs can reduce renal prostaglandin-mediated afferent arteriolar dilation and precipitate AKI in older post-op patients, but early post-CPB physiology is often transient; capped at 3 for 0–12h."
13_24h_ibuprofen_dose_total_12h,3,"Ongoing NSAID exposure during the trajectory phase can worsen renal perfusion, especially with hypovolemia/vasopressors, making it a meaningful AKI risk factor though not a direct biomarker."
25_36h_ibuprofen_dose_total_12h,4,"NSAID dosing close to the outcome window can directly contribute to reduced renal blood flow and AKI in elderly cardiac surgery patients, particularly if renal reserve is limited."
0_12h_inhaled_acetylcysteine_dose_total_12h,1,Inhaled acetylcysteine is used for airway secretion management and has no established direct relationship to postoperative AKI risk.
13_24h_inhaled_acetylcysteine_dose_total_12h,1,"Primarily reflects pulmonary toilet/bronchial hygiene needs rather than renal perfusion or nephrotoxicity, so it is not informative for creatinine rise."
25_36h_inhaled_acetylcysteine_dose_total_12h,1,Continued inhaled mucolytic therapy is not a known driver or marker of AKI; at most it reflects respiratory care intensity.
0_12h_inhaled_arformoterol_dose_total_12h,1,Inhaled LABA use reflects COPD/bronchospasm management and does not directly affect renal function; early post-op use is not a specific AKI predictor.
13_24h_inhaled_arformoterol_dose_total_12h,1,Arformoterol dosing is unlikely to influence kidney perfusion or creatinine trajectory and mainly indicates pulmonary comorbidity/therapy.
25_36h_inhaled_arformoterol_dose_total_12h,1,Ongoing inhaled bronchodilator therapy has minimal mechanistic link to AKI and is not a recognized predictor of postoperative creatinine rise.
0_12h_inhaled_budesonide_dose_total_12h,1,Inhaled corticosteroids have minimal systemic absorption at typical doses and are not a meaningful AKI risk factor in the immediate post-op period.
13_24h_inhaled_budesonide_dose_total_12h,1,Represents chronic airway disease management rather than renal injury risk; no strong evidence it predicts postoperative creatinine increase.
25_36h_inhaled_budesonide_dose_total_12h,1,Inhaled budesonide is not nephrotoxic and does not serve as a marker of hemodynamic compromise relevant to AKI.
0_12h_inhaled_levalbuterol_dose_total_12h,1,Short-acting bronchodilator use reflects bronchospasm/airway management and has no direct established association with AKI; early period also prone to transient respiratory issues.
13_24h_inhaled_levalbuterol_dose_total_12h,1,Levalbuterol dosing is not a renal risk factor; at most it is a nonspecific marker of pulmonary disease severity.
25_36h_inhaled_levalbuterol_dose_total_12h,1,Continued SABA use does not directly affect renal perfusion or tubular injury and is unlikely to add predictive value for creatinine_ratio.
0_12h_inhaled_sodium_chloride_dose_total_12h,1,Inhaled saline is used for secretion clearance/humidification and has no meaningful physiologic link to postoperative AKI; capped low in the immediate post-op window.
13_24h_inhaled_sodium_chloride_dose_total_12h,1,Inhaled saline is primarily for airway humidification/clearance and has no direct renal perfusion or nephrotoxic effect. Dose mainly reflects respiratory secretion management rather than AKI physiology.
25_36h_inhaled_sodium_chloride_dose_total_12h,1,"Inhaled saline use is not a recognized driver or biomarker of postoperative AKI. At most it is a proxy for pulmonary care intensity, not kidney injury risk."
0_12h_inhlaed_levalbuterol_dose_total_12h,1,Inhaled beta-agonist dosing reflects bronchospasm/airway management and is not directly linked to renal hypoperfusion or nephrotoxicity. In the immediate 0–12h post-op period it is common and nonspecific.
13_24h_inhlaed_levalbuterol_dose_total_12h,1,"Levalbuterol dose is not an established predictor of AKI; it mainly tracks pulmonary status and ventilator/airway needs. Any renal effect (e.g., via tachycardia) is indirect and weak."
25_36h_inhlaed_levalbuterol_dose_total_12h,2,"Persistent need for bronchodilators may indicate ongoing respiratory failure and higher overall illness severity, which can correlate with AKI risk. However, it remains an indirect, nonspecific marker rather than a renal mechanism."
0_12h_insulin_glargine_dose_total_12h,2,"Basal insulin use suggests diabetes/stress hyperglycemia, a known AKI risk context, but the dose itself is not a direct renal insult. In 0–12h it is often protocol-driven and less prognostic."
13_24h_insulin_glargine_dose_total_12h,2,"Ongoing basal insulin requirement reflects underlying diabetes and metabolic stress, which are associated with postoperative AKI risk. Still, glargine dosing is not a direct biomarker of kidney injury."
25_36h_insulin_glargine_dose_total_12h,3,"In the 25–36h window, higher basal insulin needs can reflect persistent stress hyperglycemia/insulin resistance and severity of illness, which correlates with AKI risk after cardiac surgery. It remains indirect compared with hemodynamics/renal labs."
0_12h_insulin_levemir_dose_total_12h,2,"Detemir use similarly indicates diabetes/stress hyperglycemia, an established AKI risk background, but dosing is not causative for AKI. Early post-op dosing is often routine and not specific."
13_24h_insulin_levemir_dose_total_12h,2,Basal insulin requirement in this phase is an indirect marker of metabolic stress and comorbidity burden. It is not a direct predictor of creatinine rise compared with perfusion/volume variables.
25_36h_insulin_levemir_dose_total_12h,3,"Persistent basal insulin needs closer to the outcome can indicate ongoing systemic stress/inflammation and higher acuity, which is associated with AKI after cardiac surgery. Still an indirect signal rather than a renal-specific marker."
0_12h_insulin_lispro_dose_total_12h,2,"Short-acting insulin dose reflects stress hyperglycemia and insulin resistance, which correlate with worse postoperative outcomes including AKI, but is not mechanistically nephrotoxic. In 0–12h it is heavily protocolized and transient."
13_24h_insulin_lispro_dose_total_12h,3,"Ongoing need for correctional insulin suggests persistent hyperglycemia, which is associated with endothelial dysfunction and higher AKI risk post-cardiac surgery. It remains an indirect predictor compared with direct renal/hemodynamic measures."
25_36h_insulin_lispro_dose_total_12h,3,"Higher correctional insulin requirements in the 25–36h window indicate sustained stress hyperglycemia and illness severity, both linked to AKI risk. Not a definitive renal biomarker but can add prognostic signal."
0_12h_insulin_regular_infusion_dose_total_12h,3,"An insulin infusion typically indicates significant stress hyperglycemia and higher acuity, which is associated with postoperative AKI risk. In the immediate 0–12h period, however, it can be routine after cardiac surgery, limiting specificity (capped by epoch)."
13_24h_insulin_regular_infusion_dose_total_12h,4,"Continued insulin infusion into 13–24h suggests persistent severe hyperglycemia/critical illness rather than transient post-bypass effects, which correlates strongly with complications including AKI. It is still indirect but a stronger severity marker than intermittent dosing."
25_36h_insulin_regular_infusion_dose_total_12h,3,"Higher insulin infusion often reflects stress hyperglycemia/critical illness severity, which correlates with AKI risk after cardiac surgery. It is an indirect marker rather than a direct renal insult."
0_12h_iopamidol_contrast_dose_total_12h,3,"Iodinated contrast can contribute to contrast-associated AKI, but in the immediate 0–12h post-op window many derangements are transient and attribution is less specific. Still a recognized nephrotoxic exposure."
13_24h_iopamidol_contrast_dose_total_12h,4,Contrast exposure in the 13–24h trajectory phase is a strong nephrotoxic risk factor and may compound perioperative renal hypoperfusion. Timing is closer to subsequent creatinine rise than the immediate post-op period.
25_36h_iopamidol_contrast_dose_total_12h,5,Contrast exposure in the 25–36h leading-indicator window is a direct nephrotoxic insult temporally close to the hour-60 creatinine outcome. In very elderly patients it strongly predicts subsequent creatinine rise.
0_12h_ipratropium_bromide_dose_total_12h,1,Inhaled ipratropium is not nephrotoxic and mainly reflects airway management rather than renal perfusion. In the immediate post-op period it provides little AKI-specific signal.
13_24h_ipratropium_bromide_dose_total_12h,1,Continued ipratropium use is primarily a marker of pulmonary disease/bronchospasm treatment and has minimal direct relationship to renal injury. Any association with AKI would be weak and confounded by illness severity.
25_36h_ipratropium_bromide_dose_total_12h,1,Ipratropium dosing remains non-nephrotoxic and is unlikely to add predictive value for creatinine rise. It is more reflective of respiratory care than kidney physiology.
0_12h_ipratropium_albuterol_dose_total_12h,1,"Inhaled bronchodilators are not direct drivers of AKI; early post-op use is common and nonspecific. Potential beta-agonist effects (e.g., tachycardia) are indirect and typically minor for renal outcomes."
13_24h_ipratropium_albuterol_dose_total_12h,2,"Ongoing bronchodilator requirement may indicate respiratory compromise and higher overall acuity, which can correlate with AKI risk. The medication itself is not a primary renal insult."
25_36h_ipratropium_albuterol_dose_total_12h,2,"Persistent need for bronchodilators late may reflect ongoing pulmonary dysfunction and critical illness severity, indirectly associated with AKI. Still not a direct renal biomarker or nephrotoxin."
0_12h_iron_dose_total_12h,1,Iron administration is not a typical cause of AKI in this setting and is usually related to anemia management. In the immediate post-op window it is unlikely to be informative for creatinine trajectory.
13_24h_iron_dose_total_12h,1,Iron dosing mainly reflects anemia/bleeding management rather than renal perfusion or nephrotoxicity. Any link to AKI would be weak and indirect.
25_36h_iron_dose_total_12h,1,Iron administration remains largely unrelated to AKI pathophysiology and is not a recognized predictor of postoperative creatinine rise. It is more a treatment choice than a renal risk marker.
0_12h_isosorbide_mononitrate_dose_total_12h,2,"Nitrates can lower blood pressure and potentially reduce renal perfusion, but early post-op hemodynamics are highly managed and transient. Use may also reflect underlying coronary disease rather than renal risk."
13_24h_isosorbide_mononitrate_dose_total_12h,2,"Ongoing nitrate therapy may contribute to hypotension in susceptible patients, indirectly affecting renal perfusion. However it is not a strong or specific AKI predictor compared with direct hemodynamic measures."
25_36h_isosorbide_mononitrate_dose_total_12h,3,"In the 25–36h window, nitrate use may be more indicative of ongoing ischemia/afterload management and can contribute to hypotension, which is a known AKI driver. Still an indirect proxy compared with MAP/vasopressor requirements."
0_12h_k_phos_dose_total_12h,2,"KPhos use reflects hypophosphatemia management and overall illness/renal handling but is not a direct AKI driver. In the immediate 0–12h post-op period it is often routine electrolyte repletion, so prognostic value is limited."
13_24h_k_phos_dose_total_12h,2,"Ongoing phosphate replacement may indicate persistent electrolyte derangements or evolving renal dysfunction, but remains an indirect marker. Not a primary causal factor for AKI."
25_36h_k_phos_dose_total_12h,3,"Later need for phosphate replacement can reflect worsening renal tubular dysfunction, refeeding/insulin shifts, or high acuity with ongoing metabolic instability closer to the outcome window. Still indirect, but more informative as a leading indicator."
0_12h_ketamine_dose_total_12h,2,Ketamine is not typically nephrotoxic; dose mainly reflects analgesia/sedation needs and hemodynamic strategy. Early post-op dosing is common and only indirectly related to AKI risk.
13_24h_ketamine_dose_total_12h,2,"Continued ketamine may signal ongoing critical illness or difficulty weaning sedation, which correlates with AKI risk indirectly. No strong direct renal mechanism."
25_36h_ketamine_dose_total_12h,2,"Later ketamine use can be a proxy for persistent instability or prolonged ventilation, but remains a weak/indirect predictor of creatinine rise. Not a direct biomarker or established AKI trigger."
0_12h_lactated_ringers_dose_total_12h,3,"Early crystalloid volume relates to intravascular filling, hemodilution, and risk of fluid overload, all of which can affect renal perfusion after cardiac surgery. However, in 0–12h much fluid is protocolized/resuscitative, so cap at 3."
13_24h_lactated_ringers_dose_total_12h,3,Ongoing crystalloid needs in the trajectory phase may indicate persistent vasoplegia/third spacing and can contribute to venous congestion and renal hypoperfusion. Still nonspecific and confounded by clinician practice.
25_36h_lactated_ringers_dose_total_12h,4,"Crystalloid administration closer to hour 60 can reflect ongoing shock/resuscitation or attempts to treat low urine output, both strongly associated with subsequent creatinine rise. Excess fluid can worsen renal venous congestion and dilute/obscure early AKI while contributing to worse outcomes."
0_12h_lactulose_dose_total_12h,1,Lactulose use is usually for constipation or hepatic encephalopathy prophylaxis and has no direct link to post-cardiac surgery AKI. Early administration is largely routine and not prognostic for creatinine ratio.
13_24h_lactulose_dose_total_12h,1,Continued lactulose remains primarily bowel-regimen related and does not meaningfully predict renal injury. Any association would be incidental.
25_36h_lactulose_dose_total_12h,1,"Later lactulose dosing is still a weak, nonspecific care marker without a renal perfusion or nephrotoxic mechanism. Not expected to add predictive value for AKI."
0_12h_levothyroxine_dose_total_12h,1,Levothyroxine dosing reflects chronic hypothyroidism management and is not an acute determinant of renal perfusion or tubular injury post-op. Early ICU continuation is routine.
13_24h_levothyroxine_dose_total_12h,1,Ongoing thyroid replacement is standard maintenance therapy and does not track AKI pathophysiology over this time scale. Minimal relevance to creatinine ratio.
25_36h_levothyroxine_dose_total_12h,1,Levothyroxine administration remains a chronic medication continuation signal rather than an AKI predictor. No direct or established short-term link to postoperative creatinine rise.
0_12h_lidocaine_patch_dose_total_12h,1,Topical lidocaine is for analgesia and has negligible systemic hemodynamic or nephrotoxic effects at typical doses. Early use is routine and not informative for AKI risk.
13_24h_lidocaine_patch_dose_total_12h,1,Topical lidocaine has minimal systemic hemodynamic or nephrotoxic effect and is not a recognized AKI driver. Dose mainly reflects analgesia practice rather than renal risk.
25_36h_lidocaine_patch_dose_total_12h,1,Topical lidocaine exposure is unlikely to affect renal perfusion or creatinine trajectory. More indicative of pain management than AKI physiology.
0_12h_lidocaine_dose_total_12h,2,"Systemic lidocaine can contribute to hypotension/bradyarrhythmia at higher doses, indirectly affecting renal perfusion, but it is not a typical AKI predictor. Early post-op period is confounded by anesthesia/CPB effects."
13_24h_lidocaine_dose_total_12h,2,"Ongoing systemic lidocaine may signal arrhythmia management and can indirectly influence hemodynamics, but has weak direct linkage to AKI. Generally not nephrotoxic."
25_36h_lidocaine_dose_total_12h,2,"Later systemic lidocaine use may reflect persistent arrhythmias/instability with potential indirect renal hypoperfusion, but remains a weak and nonspecific AKI predictor. Not a direct renal biomarker."
0_12h_lisinopril_dose_total_12h,3,"ACE inhibitors can reduce glomerular filtration pressure (efferent vasodilation) and worsen creatinine in hypovolemia/low perfusion states, which is relevant post-cardiac surgery. In the immediate 0–12h window, effects are harder to interpret and capped by epoch."
13_24h_lisinopril_dose_total_12h,3,ACE inhibitor exposure during the trajectory phase can contribute to functional AKI when renal perfusion is marginal and may be withheld in sicker patients (confounding by indication). Still a recognized medication-related AKI risk factor.
25_36h_lisinopril_dose_total_12h,4,"ACE inhibitor use close to the outcome can more directly influence creatinine rise by lowering intraglomerular pressure, especially with ongoing diuresis/vasodilation/low MAP. Medication continuation at this stage can meaningfully affect creatinine_ratio."
0_12h_losartan_dose_total_12h,3,"ARBs can decrease intraglomerular pressure and precipitate creatinine rise in low effective circulating volume, relevant after cardiac surgery. Immediate post-op physiology is highly confounded, so importance is limited by epoch."
13_24h_losartan_dose_total_12h,3,"ARB exposure in 13–24h can contribute to functional AKI in patients with borderline renal perfusion, though prescribing is influenced by clinical stability. Overall an established but nonspecific AKI risk factor."
25_36h_losartan_dose_total_12h,4,ARB use in the 25–36h leading window can directly worsen creatinine by reducing filtration pressure when renal perfusion remains tenuous. This timing makes it more predictive of subsequent creatinine_ratio.
0_12h_magnesium_sulfate_dose_total_12h,2,"Magnesium sulfate is not typically nephrotoxic; effects are mainly via vasodilation/hypotension at high doses, which could indirectly affect renal perfusion. Early post-op dosing often reflects routine repletion/arrhythmia prophylaxis."
13_24h_magnesium_sulfate_dose_total_12h,2,Continued magnesium sulfate generally reflects electrolyte management and has weak direct association with AKI. Any renal link is indirect (hemodynamics) and confounded by replacement practices.
25_36h_magnesium_sulfate_dose_total_12h,2,Later magnesium sulfate dosing is more likely replacement/arrhythmia management than a driver of renal injury. Only indirect relevance through potential hypotension at high doses.
0_12h_magnesium_dose_total_12h,2,Magnesium replacement is not a direct AKI predictor; it may reflect electrolyte derangements but is usually routine post-op care. Any association with creatinine is indirect and weak in the immediate period.
13_24h_magnesium_dose_total_12h,2,Magnesium dosing in 13–24h is primarily supportive care and not a known causal factor for AKI. It may correlate with illness severity or diuretic use but remains nonspecific.
25_36h_magnesium_dose_total_12h,2,"Magnesium replacement is common post-cardiac surgery and is not directly nephrotoxic; dose may weakly reflect illness severity, arrhythmias, or electrolyte derangements that co-occur with AKI."
0_12h_melatonin_dose_total_12h,1,Melatonin use is largely for sleep/delirium prevention and has no established link to renal hypoperfusion or nephrotoxicity; early postoperative use is unlikely to predict AKI.
13_24h_melatonin_dose_total_12h,1,Primarily reflects sleep management rather than kidney physiology; not a recognized AKI risk factor.
25_36h_melatonin_dose_total_12h,1,Continued melatonin use is not mechanistically tied to AKI and is unlikely to add prognostic value for creatinine rise.
0_12h_meropenem_dose_total_12h,2,"Meropenem is not strongly nephrotoxic, but early broad-spectrum antibiotic use can proxy severe infection/shock risk; in the immediate 0–12h window this is a weak, nonspecific signal."
13_24h_meropenem_dose_total_12h,3,"Ongoing meropenem suggests suspected/confirmed infection and higher inflammatory/hemodynamic stress, which are established contributors to AKI risk, though the drug itself is not a primary cause."
25_36h_meropenem_dose_total_12h,3,Antibiotic continuation close to the outcome can indicate persistent infection/sepsis physiology that increases AKI risk; still an indirect marker rather than a direct renal insult.
0_12h_methocarbamol_dose_total_12h,1,Methocarbamol is used for muscle spasm/pain and is not a typical driver of AKI; early postoperative dosing is unlikely to reflect renal perfusion status.
13_24h_methocarbamol_dose_total_12h,1,Not a recognized nephrotoxin or AKI predictor; dosing mainly reflects analgesia strategy rather than kidney injury risk.
25_36h_methocarbamol_dose_total_12h,1,Continued use has minimal physiologic linkage to AKI beyond nonspecific sedation/illness context.
0_12h_methylene_blue_dose_total_12h,3,"Methylene blue use typically indicates vasoplegic shock after CPB, a hemodynamic state associated with renal hypoperfusion; however in 0–12h this may be transient and thus capped."
13_24h_methylene_blue_dose_total_12h,4,"Need for methylene blue beyond the immediate postoperative period suggests persistent vasoplegia/refractory hypotension, a strong driver of renal ischemia and subsequent creatinine rise."
25_36h_methylene_blue_dose_total_12h,4,"Late requirement implies ongoing severe vasoplegia/hemodynamic instability close to the outcome window, strongly predictive of AKI via sustained renal hypoperfusion."
0_12h_metoclopramide_dose_total_12h,1,Metoclopramide is an antiemetic/prokinetic without a meaningful causal link to AKI; early use reflects routine postoperative nausea management.
13_24h_metoclopramide_dose_total_12h,1,Primarily indicates nausea/gastroparesis treatment and does not track renal perfusion or nephrotoxic exposure.
25_36h_metoclopramide_dose_total_12h,1,Continued antiemetic use is not an established predictor of postoperative AKI and is unlikely to add signal for creatinine_ratio.
0_12h_metoprolol_dose_total_12h,2,Beta-blocker exposure is not directly nephrotoxic; any AKI link is indirect via bradycardia/low cardiac output and hypotension. In the immediate 0–12h post-op period this is common practice and less specific for impending AKI.
13_24h_metoprolol_dose_total_12h,2,"Ongoing beta-blockade may reflect hemodynamic stability or contribute to lower cardiac output in susceptible patients, but it is not a primary AKI driver. Association with creatinine rise is typically weak and confounded by indication."
25_36h_metoprolol_dose_total_12h,2,"Later metoprolol dosing can still influence renal perfusion indirectly through heart rate/cardiac output, but it is not a strong or specific predictor of AKI compared with direct hemodynamic or renal markers. Likely reflects routine management rather than renal injury."
0_12h_metronidazole_dose_total_12h,1,Metronidazole is not typically nephrotoxic and is not a recognized driver of post-cardiac surgery AKI. Early use mainly reflects infection/prophylaxis decisions rather than renal physiology.
13_24h_metronidazole_dose_total_12h,1,Continued metronidazole use has minimal direct renal impact and is not an established AKI predictor. It more likely proxies suspected infection without strong specificity for kidney injury.
25_36h_metronidazole_dose_total_12h,1,"Metronidazole exposure remains a weak, nonspecific marker for AKI risk and is generally not nephrotoxic. Any association would be indirect via sepsis severity rather than medication effect."
0_12h_midazolam_dose_total_12h,2,"Sedation dose can indirectly relate to AKI through hypotension, prolonged ventilation, and overall illness severity, but midazolam is not directly nephrotoxic. In the immediate post-op window, use is routine and less discriminative."
13_24h_midazolam_dose_total_12h,2,"Ongoing midazolam may indicate prolonged mechanical ventilation and higher acuity, which correlates with AKI risk, but the link is indirect and confounded. Not a direct renal biomarker."
25_36h_midazolam_dose_total_12h,3,"Persistent sedation at 25–36h can be a stronger proxy for ongoing critical illness, hemodynamic instability, or respiratory failure—contexts associated with AKI. Still indirect and not causative, but more informative closer to the 60h creatinine outcome."
0_12h_midodrine_dose_total_12h,2,"Midodrine use suggests vasoplegia or attempts to support blood pressure, which can relate to renal perfusion, but early post-op vasopressor strategies are common and variable. The signal is indirect and limited in 0–12h."
13_24h_midodrine_dose_total_12h,3,"Need for midodrine in 13–24h may indicate persistent hypotension/vasoplegia and difficulty weaning IV vasopressors, which is associated with AKI risk via renal hypoperfusion. Still a proxy rather than a direct renal marker."
25_36h_midodrine_dose_total_12h,4,"Midodrine requirement at 25–36h suggests ongoing hemodynamic instability or low effective arterial blood pressure close to the outcome window, a strong driver of renal hypoperfusion and AKI. This is a clinically meaningful leading indicator of risk."
0_12h_milrinone_dose_total_12h,3,"Milrinone use reflects low cardiac output/right ventricular dysfunction and need for inotropic support, which can compromise renal perfusion and precipitate AKI. In 0–12h it is common post-bypass, so specificity is capped."
13_24h_milrinone_dose_total_12h,4,"Continued milrinone in 13–24h indicates persistent cardiac dysfunction and reliance on inotropy, a strong context for renal hypoperfusion and cardiorenal syndrome. This is more prognostic than immediate post-op use."
25_36h_milrinone_dose_total_12h,5,"Ongoing milrinone requirement at 25–36h strongly signals sustained low cardiac output physiology near the prediction horizon, a major direct mechanism for postoperative AKI. It is one of the clearest medication proxies for hemodynamic drivers of creatinine rise."
0_12h_minocycline_dose_total_12h,1,Minocycline is not a typical nephrotoxin in ICU dosing and is not an established predictor of post-cardiac surgery AKI. Early administration mainly reflects antimicrobial choice rather than renal injury risk.
13_24h_minocycline_dose_total_12h,2,"Minocycline is not a typical nephrotoxin, but antibiotic exposure can reflect infection/sepsis risk that can contribute to AKI. In this mid-phase window it is an indirect marker rather than a direct renal driver."
25_36h_minocycline_dose_total_12h,2,"Ongoing antibiotic use may indicate persistent infection/inflammation, which can worsen renal perfusion and AKI risk. Minocycline itself is not a strong direct cause of postoperative AKI."
0_12h_morphine_dose_total_12h,2,"Opioid dosing is mainly a marker of analgesia/sedation needs and can correlate with hypotension or respiratory depression, indirectly affecting renal perfusion. In the immediate post-op period this is common and nonspecific (capped by epoch)."
13_24h_morphine_dose_total_12h,2,"Higher opioid requirements may track ongoing instability or need for ventilation, indirectly associated with AKI risk. Morphine is not a primary nephrotoxin and dose is a weak proxy for severity."
25_36h_morphine_dose_total_12h,2,"Continued opioid needs can reflect prolonged critical illness and potential hemodynamic effects, which may relate to AKI risk. Still largely nonspecific and not a direct renal biomarker."
0_12h_nicardipine_dose_total_12h,2,"Nicardipine use reflects postoperative hypertension management; excessive BP lowering could reduce renal perfusion, but early post-op use is common and transient. Thus it is an indirect and nonspecific AKI predictor in 0–12h (capped by epoch)."
13_24h_nicardipine_dose_total_12h,3,"Ongoing need for nicardipine suggests persistent hypertension or tight BP control, which can influence renal perfusion pressure and AKI risk. More informative in the trajectory phase than immediately post-op."
25_36h_nicardipine_dose_total_12h,3,"Late nicardipine requirement may indicate sustained hemodynamic management issues; overly aggressive afterload reduction can compromise renal perfusion in older patients. It is a moderate, indirect predictor rather than a direct renal marker."
0_12h_nitroglycerin_dose_total_12h,2,"Nitroglycerin use often reflects ischemia/afterload management and can cause hypotension, indirectly affecting renal perfusion. In the immediate post-op window it is common and not specific for AKI (capped by epoch)."
13_24h_nitroglycerin_dose_total_12h,3,"Continued nitroglycerin may indicate ongoing cardiac dysfunction/ischemia or need for preload/afterload manipulation, which can reduce effective renal perfusion. This is a moderate hemodynamic proxy for AKI risk."
25_36h_nitroglycerin_dose_total_12h,3,"Late nitroglycerin requirement suggests persistent cardiac issues and potential hypotension/low forward flow, both linked to postoperative AKI. Still indirect and less specific than direct hemodynamic or renal labs."
0_12h_normal_saline_dose_total_12h,2,"Early saline volume reflects resuscitation and can contribute to fluid overload and renal congestion, but immediate post-op fluids are routine and nonspecific. Thus it is only a weak-to-indirect AKI predictor in 0–12h (capped by epoch)."
13_24h_normal_saline_dose_total_12h,3,"Ongoing saline administration may indicate continued resuscitation needs or hypotension, both associated with AKI risk, and can worsen chloride load/hyperchloremic acidosis. Moderately informative in the trajectory phase."
25_36h_normal_saline_dose_total_12h,4,"Substantial saline needs late (25–36h) can signal persistent shock/third spacing or ongoing fluid shifts, which strongly correlate with renal hypoperfusion and congestion-related AKI. High chloride load may also contribute to renal vasoconstriction, making this a stronger predictor close to the outcome."
0_12h_nystatin_dose_total_12h,1,Nystatin is minimally absorbed and not nephrotoxic; its use is typically prophylactic or for local fungal issues. It has no meaningful physiologic link to AKI risk.
13_24h_nystatin_dose_total_12h,1,Nystatin exposure remains clinically unrelated to renal perfusion or nephrotoxicity and is usually routine prophylaxis. It provides little prognostic information for postoperative creatinine rise.
25_36h_nystatin_dose_total_12h,1,Nystatin is minimally systemically absorbed and is not nephrotoxic; dosing mainly reflects oral/skin fungal prophylaxis rather than renal perfusion or injury.
0_12h_ondansetron_dose_total_12h,1,Ondansetron is not a meaningful driver of AKI risk; early postoperative use mainly reflects nausea prophylaxis and routine care.
13_24h_ondansetron_dose_total_12h,1,Continued antiemetic use has no direct physiologic link to renal hypoperfusion or nephrotoxicity and is largely supportive care.
25_36h_ondansetron_dose_total_12h,1,Ondansetron dosing in this later window is unlikely to predict creatinine rise except as a weak proxy for illness severity.
0_12h_oxycodone_dose_total_12h,2,"Opioid dosing can indirectly relate to hypotension, reduced oral intake, and urinary retention, but it is not an established direct predictor of postoperative AKI; early window effects are often transient."
13_24h_oxycodone_dose_total_12h,2,"Ongoing opioid requirement may weakly proxy pain/complications and can contribute to hemodynamic/respiratory depression, but links to AKI are indirect."
25_36h_oxycodone_dose_total_12h,2,"Later opioid dosing may reflect persistent illness or reduced mobility and can indirectly affect perfusion/ventilation, but it is not a primary AKI driver."
0_12h_pantoprazole_dose_total_12h,1,Pantoprazole is routine stress-ulcer prophylaxis post-cardiac surgery and has no acute mechanistic link to AKI in this timeframe.
13_24h_pantoprazole_dose_total_12h,1,Continued PPI use is standard ICU practice; PPI-associated interstitial nephritis is rare and typically not an acute 60-hour phenomenon.
25_36h_pantoprazole_dose_total_12h,1,Pantoprazole dosing remains a maintenance/prophylaxis marker rather than a predictor of renal hypoperfusion or tubular injury.
0_12h_phenylephrine_dose_total_12h,3,"Need for vasopressor support indicates perioperative vasoplegia/hypotension risk, which can reduce renal perfusion; however, immediate post-bypass use is common and transient so prognostic value is limited."
13_24h_phenylephrine_dose_total_12h,4,"Persistent vasopressor requirement in the trajectory phase suggests ongoing shock/low effective renal perfusion pressure, a strong risk factor for subsequent AKI."
25_36h_phenylephrine_dose_total_12h,5,"Vasopressor dependence close to the outcome window strongly indicates sustained hemodynamic instability/shock, a direct driver of ischemic tubular injury and creatinine rise."
0_12h_phos_na_k_dose_total_12h,2,Phosphate replacement may reflect hypophosphatemia from shifts/hemodilution and is only indirectly related to AKI; early postoperative electrolyte repletion is common.
13_24h_phos_na_k_dose_total_12h,2,"Ongoing phosphate replacement can be a weak marker of nutritional/respiratory status or renal handling changes, but it is not a primary AKI predictor."
25_36h_phos_na_k_dose_total_12h,3,"Later need for phosphate replacement may reflect evolving renal dysfunction (impaired handling) or severe illness with electrolyte derangements, giving modest predictive value near the outcome window."
0_12h_piperacilin_tazobactam_dose_total_12h,2,"Piperacillin-tazobactam can be associated with AKI (often in the setting of critical illness and/or concomitant nephrotoxins), but early post-op use is more a marker of infection concern than a direct renal insult. In the immediate 0–12h window, dosing is less predictive of later creatinine rise."
13_24h_piperacilin_tazobactam_dose_total_12h,3,"Ongoing broad-spectrum antibiotics in this phase may reflect evolving infection/sepsis and higher illness severity, both of which increase AKI risk. The drug itself has a plausible nephrotoxic association, though not a definitive driver alone."
25_36h_piperacilin_tazobactam_dose_total_12h,3,"Continued need for piperacillin-tazobactam closer to the outcome suggests persistent infection/inflammation and higher acuity, which are established AKI risk contexts. Direct nephrotoxicity is possible but typically modest without other hits."
0_12h_plasmalyte_dose_total_12h,2,"Crystalloid volume relates indirectly to renal perfusion and hemodilution, but early post-bypass resuscitation is routine and often transient. Dose mainly reflects standard post-op management rather than a specific AKI mechanism in this window."
13_24h_plasmalyte_dose_total_12h,3,"Higher crystalloid requirements in the trajectory phase can indicate ongoing hypotension/vasoplegia or capillary leak, which are established contributors to AKI risk. It also correlates with fluid overload that can worsen renal congestion."
25_36h_plasmalyte_dose_total_12h,4,"Persistently high crystalloid needs late (25–36h) suggest unresolved shock/poor perfusion or aggressive resuscitation with risk of venous congestion, both strongly linked to subsequent AKI. This window is close to the creatinine outcome and more prognostic."
0_12h_polyethylene_glycol_dose_total_12h,1,Polyethylene glycol is a bowel regimen and has no meaningful physiologic link to renal perfusion or tubular injury in this context. Early administration is routine ICU care and not predictive of AKI.
13_24h_polyethylene_glycol_dose_total_12h,1,Bowel regimen use reflects routine care and does not indicate renal injury risk. Any association would be confounding by general ICU course rather than mechanism.
25_36h_polyethylene_glycol_dose_total_12h,1,Continued polyethylene glycol use is not mechanistically related to AKI and is largely standard supportive care. It provides minimal prognostic information for creatinine rise.
0_12h_potassium_chloride_dose_total_12h,2,"Potassium repletion can indirectly reflect shifts from bypass, diuretics, or early renal dysfunction, but in 0–12h it is commonly protocol-driven and transient. It is not a direct predictor of later creatinine increase."
13_24h_potassium_chloride_dose_total_12h,3,"Ongoing potassium supplementation may indicate diuretic use, metabolic derangements, or evolving renal handling abnormalities, which are associated with AKI risk. It is an indirect marker rather than a direct cause."
25_36h_potassium_chloride_dose_total_12h,3,"Late potassium repletion can signal persistent diuretic-driven kaliuresis or instability in renal electrolyte handling, both seen in patients with hemodynamic stress and AKI risk. Still, it is an indirect proxy rather than a definitive biomarker."
0_12h_dexmedetomidine_dose_total_12h,1,"Dexmedetomidine is primarily a sedative; while it can affect heart rate and blood pressure, it is not a recognized direct driver of AKI. Early post-op sedation choice is routine and weakly informative for renal outcomes."
13_24h_dexmedetomidine_dose_total_12h,2,"Continued dexmedetomidine may reflect prolonged ventilation/ICU acuity, which correlates with AKI risk, but the medication itself is not strongly nephrotoxic. Thus it is an indirect severity marker."
25_36h_dexmedetomidine_dose_total_12h,2,"Ongoing sedation late suggests persistent critical illness and may correlate with hemodynamic instability, indirectly increasing AKI risk. Dexmedetomidine itself has no strong direct renal injury signal."
0_12h_prednisone_dose_total_12h,1,"Prednisone in the immediate post-op period is not a typical direct contributor to AKI and is often given for non-renal indications (e.g., chronic steroid use, airway/reactive disease). In 0–12h it is unlikely to add specific prognostic value for creatinine rise."
13_24h_prednisone_dose_total_12h,2,"Systemic steroids are not a primary driver of post-cardiac surgery AKI, but may indirectly relate via hyperglycemia, infection risk, and fluid retention. In this mid-phase window it is at most a weak indirect marker of illness severity."
25_36h_prednisone_dose_total_12h,2,"Later steroid exposure can correlate with ongoing inflammation/respiratory issues and may worsen glycemic control, indirectly affecting AKI risk. Still not a direct nephrotoxin or renal perfusion marker."
0_12h_propofol_dose_total_12h,2,"Propofol dose mainly reflects sedation needs and can contribute to hypotension, which can reduce renal perfusion. In the immediate post-op period this is common and nonspecific, so predictive value is limited."
13_24h_propofol_dose_total_12h,2,Ongoing propofol may indicate prolonged ventilation/instability and can still contribute to hypotension. However it remains an indirect severity proxy rather than a direct AKI predictor.
25_36h_propofol_dose_total_12h,3,"Persistent higher sedation requirements closer to the outcome can signal ongoing shock/ventilator dependence and may be associated with hypotension affecting renal perfusion. Still indirect, but more informative in this later window."
0_12h_protamine_dose_total_12h,2,"Protamine use is routine after cardiopulmonary bypass and not inherently nephrotoxic. Rare reactions can cause hypotension/pulmonary vasoconstriction, but in 0–12h it is mostly standard-of-care and nonspecific."
13_24h_protamine_dose_total_12h,2,"Protamine administration beyond the immediate OR period may reflect bleeding/re-exploration or ongoing anticoagulation reversal, indirectly linked to hemodynamic stress. Still not a direct renal injury marker."
25_36h_protamine_dose_total_12h,2,"Late protamine suggests atypical course (bleeding/procedures) that can increase AKI risk via hypotension/transfusion burden. The medication itself is not a primary AKI driver, so importance remains modest."
0_12h_quetiapine_dose_total_12h,1,Quetiapine is used for agitation/delirium and has no meaningful direct link to renal tubular injury. Any association with AKI would be confounding by severity of illness.
13_24h_quetiapine_dose_total_12h,1,Primarily reflects delirium management and ICU course rather than renal perfusion or nephrotoxicity. Not an established predictor of postoperative creatinine rise.
25_36h_quetiapine_dose_total_12h,1,Continued quetiapine indicates delirium/agitation but does not directly affect kidney function. Likely weak and confounded relationship with AKI.
0_12h_rocuronium_dose_total_12h,2,"Neuromuscular blockade reflects ventilation strategy and severity; it does not directly cause AKI. In early post-op care it is common and nonspecific, with only indirect links via critical illness."
13_24h_rocuronium_dose_total_12h,2,"Ongoing paralysis may indicate severe respiratory failure or ventilator dyssynchrony, indirectly associated with hemodynamic instability and AKI risk. Still not a direct renal insult."
25_36h_rocuronium_dose_total_12h,3,"Persistent neuromuscular blockade late suggests ongoing critical illness (e.g., ARDS, high ventilator support) that often co-tracks with shock and AKI. It remains an indirect but more informative severity marker near hour 60."
0_12h_rosuvastatin_dose_total_12h,1,Statin continuation is routine and not a typical cause of acute postoperative AKI; any rhabdomyolysis-related renal injury is rare. In 0–12h it is largely maintenance therapy.
13_24h_rosuvastatin_dose_total_12h,1,Ongoing statin dosing mainly reflects baseline cardiovascular management rather than renal perfusion or nephrotoxicity. Not an established predictor of postoperative creatinine ratio changes.
25_36h_rosuvastatin_dose_total_12h,2,Statins are not typical direct drivers of postoperative AKI; dose mainly reflects chronic cardiovascular therapy. Rare rhabdomyolysis/hepatic injury could secondarily affect kidneys but is uncommon in this setting.
0_12h_senna_docusate_dose_total_12h,1,Bowel regimen use is routine ICU care and has no meaningful physiologic link to renal perfusion or tubular injury. In the immediate 0–12h postoperative period it is especially non-informative for AKI risk.
13_24h_senna_docusate_dose_total_12h,1,Primarily reflects constipation prophylaxis and general care rather than kidney injury mechanisms. Not a recognized predictor of creatinine rise.
25_36h_senna_docusate_dose_total_12h,1,Continued bowel regimen dosing is not mechanistically related to AKI and is unlikely to add prognostic value for creatinine_ratio. At most it reflects routine care patterns.
0_12h_senna_dose_total_12h,1,Senna use is standard constipation management and does not indicate renal hypoperfusion or nephrotoxicity. Early postoperative dosing is not informative for AKI prediction.
13_24h_senna_dose_total_12h,1,Not a known AKI risk factor; largely reflects routine bowel care. Any dehydration effect from laxatives is typically minimal in ICU dosing and not a primary driver.
25_36h_senna_dose_total_12h,1,Ongoing laxative administration is not a direct or indirect marker of renal injury in this context. Unlikely to predict creatinine_ratio beyond noise.
0_12h_sevelamer_carbonate_dose_total_12h,2,"Sevelamer use suggests hyperphosphatemia/CKD or concern for phosphate control, which correlates with baseline renal vulnerability. In 0–12h, however, it is more reflective of pre-existing disease/medication reconciliation than evolving AKI."
13_24h_sevelamer_carbonate_dose_total_12h,3,"Ongoing need for phosphate binder may indicate persistent hyperphosphatemia and reduced renal clearance, aligning with higher AKI risk or underlying CKD. Still an indirect marker rather than a causal driver."
25_36h_sevelamer_carbonate_dose_total_12h,3,"In the 25–36h leading window, continued sevelamer use can proxy worsening/recognized renal dysfunction or significant hyperphosphatemia management. It remains indirect (treatment/recognition) rather than a direct biomarker."
0_12h_simethicone_dose_total_12h,1,Simethicone is for gas discomfort and has no physiologic relationship to renal perfusion or nephrotoxicity. Early postoperative administration is routine and non-predictive for AKI.
13_24h_simethicone_dose_total_12h,1,Represents symptomatic GI care without linkage to kidney injury mechanisms. Not expected to predict creatinine_ratio.
25_36h_simethicone_dose_total_12h,1,Continued simethicone use is unrelated to AKI pathophysiology and is unlikely to carry prognostic information. Mostly reflects comfort care/feeding tolerance.
0_12h_sodium_bicarbonate_dose_total_12h,3,"Bicarbonate use often reflects metabolic acidosis, hyperkalemia, or resuscitation needs, which correlate with shock/poor perfusion and AKI risk. In 0–12h, acidosis can be transient post-CPB, so predictive value is capped."
13_24h_sodium_bicarbonate_dose_total_12h,4,"Persistent need for bicarbonate in 13–24h suggests ongoing metabolic acidosis or renal acid-handling impairment, often tied to hypoperfusion or evolving AKI. This is a stronger trajectory signal than in the immediate postoperative window."
25_36h_sodium_bicarbonate_dose_total_12h,4,"In the 25–36h leading window, bicarbonate requirement strongly indicates ongoing acidosis/renal dysfunction or severe illness physiology that precedes creatinine rise. It is not a direct creatinine biomarker, so not scored as 5."
0_12h_tpn_dose_total_12h,1,TPN use early post-op is more a marker of nutrition/feeding status than a direct AKI driver. In the immediate 0–12h window it has little specific mechanistic link to creatinine rise.
13_24h_tpn_dose_total_12h,1,TPN reflects care decisions and GI tolerance rather than renal perfusion or nephrotoxicity. Any association with AKI is indirect and weak.
25_36h_tpn_dose_total_12h,2,"Ongoing need for TPN may correlate with higher illness severity and prolonged ICU course, which can track with AKI risk. Still not a primary physiologic driver of creatinine increase."
0_12h_tamsulosin_dose_total_12h,1,Tamsulosin is used for urinary retention/BPH symptoms and does not meaningfully affect renal perfusion or intrinsic kidney injury. Early post-op use is unlikely to predict creatinine ratio.
13_24h_tamsulosin_dose_total_12h,1,Tamsulosin dosing is not nephrotoxic and is largely unrelated to AKI pathophysiology after cardiac surgery. At most it reflects urinary retention management.
25_36h_tamsulosin_dose_total_12h,1,Continued tamsulosin use does not indicate renal injury and has minimal relevance to postoperative creatinine rise. Any link would be incidental.
0_12h_tramadol_dose_total_12h,1,Tramadol is not a typical nephrotoxin and dosing mainly reflects analgesia needs. In 0–12h it is unlikely to add specific predictive value for AKI beyond overall acuity.
13_24h_tramadol_dose_total_12h,1,"Analgesic dosing is a weak, indirect marker of severity and does not directly drive renal hypoperfusion or tubular injury. Tramadol itself is not strongly linked to AKI."
25_36h_tramadol_dose_total_12h,1,Later tramadol use remains primarily a pain-management signal with minimal mechanistic connection to AKI. Not expected to be a meaningful predictor of creatinine ratio.
0_12h_tranexamic_acid_dose_total_12h,2,TXA is commonly used in cardiac surgery; rare renal cortical thrombosis has been reported but is uncommon. In 0–12h it is mostly a procedural marker rather than a strong AKI predictor.
13_24h_tranexamic_acid_dose_total_12h,1,TXA is typically perioperative and not a sustained driver of postoperative renal dysfunction. Continued documentation in this window is unlikely to reflect AKI physiology.
25_36h_tranexamic_acid_dose_total_12h,1,TXA use this late is uncommon and would more likely reflect documentation/ordering patterns than renal injury mechanisms. Overall predictive value for creatinine ratio is weak.
0_12h_vancomycin_dose_total_12h,3,"Vancomycin is a recognized nephrotoxin (risk increases with exposure and critical illness), but AKI from vancomycin is usually not immediate. In 0–12h, cap at moderate importance given temporal distance and perioperative confounding."
13_24h_vancomycin_dose_total_12h,3,"Ongoing vancomycin exposure can contribute to nephrotoxicity and often co-occurs with infection/sepsis risk, both relevant to AKI. Still not a definitive early biomarker on its own."
25_36h_vancomycin_dose_total_12h,4,"Vancomycin exposure closer to the outcome window is a stronger predictor of subsequent creatinine rise, especially in elderly post-cardiac surgery patients. It can directly contribute to tubular injury and also signals infectious complications."
0_12h_vasopressin_dose_total_12h,3,"Need for vasopressin indicates vasoplegia/shock and risk of renal hypoperfusion, which is relevant to AKI. In the immediate 0–12h period, transient pressor use is common post-CPB, so importance is conservatively capped."
13_24h_vasopressin_dose_total_12h,3,"Ongoing vasopressin requirement suggests persistent vasoplegia/shock and risk of renal hypoperfusion, but is an indirect marker rather than a kidney-specific biomarker in this mid window."
25_36h_vasopressin_dose_total_12h,4,Continued vasopressin need close to the outcome indicates refractory shock/vasoplegia and high risk of renal ischemia and subsequent creatinine rise.
0_12h_warfarin_dose_total_12h,1,Early postoperative warfarin dosing is not a typical driver of AKI and is more related to anticoagulation strategy than renal perfusion; also limited interpretability in the immediate post-op period.
13_24h_warfarin_dose_total_12h,1,Warfarin dose is generally not mechanistically linked to postoperative AKI risk in this setting and mainly reflects anticoagulation management.
25_36h_warfarin_dose_total_12h,1,"Warfarin dosing remains a weak/indirect signal for AKI compared with hemodynamics, urine output, and nephrotoxins; little direct physiologic linkage to creatinine rise by hour 60."
0_12h_heparin_line_flush_dose_total_12h,1,Heparin line flush dosing is routine ICU maintenance and does not meaningfully reflect renal perfusion or nephrotoxicity.
13_24h_heparin_line_flush_dose_total_12h,1,Line flush heparin is standard care and provides no specific prognostic information for AKI beyond general ICU intensity.
25_36h_heparin_line_flush_dose_total_12h,1,Heparin flush dose is not a physiologic driver or marker of kidney injury and is unlikely to add predictive value for creatinine_ratio.
0_12h_urine_output_total_12h,3,"Low urine output is an early functional marker of renal hypoperfusion/AKI, but in the immediate post-op window it can be transient (anesthesia, CPB effects), so interpret conservatively."
13_24h_urine_output_total_12h,4,Persistent oliguria in the trajectory phase is a strong predictor of evolving AKI and often precedes creatinine rise.
25_36h_urine_output_total_12h,5,Urine output close to hour 60 is a direct functional indicator of kidney injury or ongoing hypoperfusion and is highly predictive of subsequent creatinine elevation.
0_12h_norepinephrine_equivalent_dose_total_12h,3,"High vasopressor requirement reflects perioperative shock/low effective renal perfusion, but early post-CPB vasoplegia is common and may be transient."
13_24h_norepinephrine_equivalent_dose_total_12h,4,"Ongoing norepinephrine requirement indicates persistent hemodynamic instability and renal hypoperfusion risk, strongly associated with postoperative AKI."
25_36h_norepinephrine_equivalent_dose_total_12h,5,"Sustained high vasopressor needs in the 25–36h window imply refractory shock and severe renal ischemic risk, making it a very strong predictor of creatinine rise by hour 60."
