value,importance,reason
age,0.03,"Within an already ≥80 cohort, incremental age adds limited additional signal, though frailty and reduced renal reserve can increase AKI susceptibility."
gender,0.01,Sex has inconsistent and generally modest association with post-cardiac surgery AKI compared with hemodynamics and renal labs.
race_caucasian,0.01,Race category is not a direct physiologic driver of AKI and often acts as a proxy for unmeasured social/health factors; limited incremental predictive value in this setting.
race_black,0.02,"Black race can correlate with higher CKD burden and creatinine kinetics, but it is an indirect proxy rather than a mechanistic perioperative AKI driver."
race_asian,0.01,Race category is not a direct perioperative AKI mechanism and typically contributes little beyond comorbidities and perioperative physiology.
race_native_am,0.01,Indirect proxy for comorbidity and access factors rather than a direct determinant of postoperative renal hypoperfusion or nephrotoxic exposure.
race_native_pacific,0.01,Not a direct physiologic predictor of AKI; any association is likely mediated through comorbidities captured elsewhere.
race_other,0.01,Heterogeneous category with no direct mechanistic link to AKI; low expected incremental value.
ethnicity,0.01,"Ethnicity is not a direct physiologic driver of AKI and is typically a weak proxy compared with perioperative hemodynamics, fluids, and renal labs."
height_cm,0.01,Height has minimal direct relationship to AKI risk; body size effects are better captured by weight/BSA-related dosing and hemodynamics.
weight_kg,0.03,"Higher weight/obesity can increase AKI risk via hemodynamic stress, dosing differences, and metabolic comorbidity, but it is an indirect predictor."
family_history_premature_cardiac_death,0.005,Family history is not mechanistically linked to postoperative renal hypoperfusion or nephrotoxic exposure and is unlikely to add predictive value.
diabetes,0.08,"Diabetes is an established risk factor for perioperative AKI due to microvascular disease and reduced renal reserve, especially after cardiopulmonary bypass."
diab_ctrl,0.03,"Poor glycemic control can worsen endothelial dysfunction and infection risk, but its independent effect on AKI is modest compared with perioperative perfusion and nephrotoxins."
pre_op_dyslipidemia,0.01,Dyslipidemia is not a direct driver of AKI and is largely a proxy for vascular disease already reflected by other comorbidities.
hypertension,0.06,"Hypertension is an established AKI risk factor via chronic nephrosclerosis and impaired autoregulation, increasing vulnerability to perioperative hypotension and low flow."
endocarditis_history,0.02,"Prior endocarditis can imply prior sepsis/valve disease and higher perioperative complexity, but it is not a direct driver of postoperative renal hypoperfusion in this setting."
chronic_lung_disease,0.03,"COPD is associated with higher postoperative complications and potential hypoxemia/hypercapnia that can worsen renal perfusion indirectly, but it is not a primary AKI predictor."
pre_op_home_oxygen,0.04,"Home oxygen is a marker of advanced cardiopulmonary disease and frailty, which correlates with perioperative instability and AKI risk, though the link is indirect."
bronchodilator_therapy,0.01,Bronchodilator use mainly reflects obstructive lung disease management and has minimal direct relationship to renal injury after cardiac surgery.
pre_op_sleep_apnea,0.02,"OSA is associated with cardiometabolic risk and perioperative hypoxemia, but evidence for it as an independent driver of post-cardiac surgery AKI is weak."
pneumonia,0.05,"Active/recent pneumonia increases inflammatory burden and risk of sepsis, hypotension, and nephrotoxic exposure, which can contribute to AKI indirectly."
iv_drug_abuse,0.01,IV drug use is not a direct physiologic predictor of postoperative AKI; any effect is mediated through infections or comorbidities captured elsewhere.
depression,0.01,Depression has no direct mechanistic link to perioperative renal hypoperfusion or tubular injury and is unlikely to add predictive value in a sparse model.
alcohol,0.02,"Alcohol use can correlate with malnutrition, liver dysfunction, and hemodynamic vulnerability, but its independent association with AKI here is indirect."
liver_dis,0.08,"Liver disease is an established risk factor for AKI via cirrhotic physiology (low effective arterial volume, hepatorenal susceptibility) and higher perioperative bleeding/vasopressor needs."
imm_supp,0.03,"Immunosuppression increases infection risk and may correlate with nephrotoxic drug exposure, but it is not a direct biomarker of renal injury."
mediast_rad,0.01,Prior mediastinal radiation mainly affects surgical complexity and cardiopulmonary reserve; it has little direct linkage to postoperative creatinine rise.
cancer,0.02,"Cancer is a nonspecific marker of frailty and potential nephrotoxic exposures, but it is not a strong independent predictor of AKI after cardiac surgery."
peripheral_artery_disease,0.05,"PAD reflects systemic atherosclerosis and microvascular disease, which is associated with higher AKI risk through impaired renal perfusion reserve and comorbidity burden."
pre_op_thoracic_aorta_disease,0.06,"Thoracic aortic disease often implies complex surgery (longer bypass/cross-clamp, embolic risk) and greater hemodynamic instability, increasing AKI risk."
syncope,0.01,Syncope is a nonspecific symptom and does not directly indicate renal vulnerability; any association is likely mediated by underlying cardiac disease captured elsewhere.
unresponsive_state_history,0.01,Neurologic unresponsiveness history is not a direct driver of renal perfusion or nephrotoxicity in the perioperative period. Any association with AKI is likely mediated by overall illness severity and is nonspecific.
cerebrovascular_disease,0.03,"Cerebrovascular disease is a marker of systemic atherosclerosis and vascular fragility, which can correlate with perioperative hypoperfusion risk. However, it is an indirect and nonspecific predictor of postoperative AKI."
pre_op_hemoglobin,0.07,"Preoperative anemia reduces oxygen delivery and increases transfusion likelihood, both associated with cardiac-surgery–associated AKI. It is a reasonably established baseline risk factor but not a direct biomarker."
total_albumin_before_surgery,0.06,"Low albumin reflects frailty, inflammation, and liver synthetic dysfunction and is associated with worse postoperative outcomes including AKI. The link is indirect (risk marker rather than mechanism-specific) but clinically meaningful."
total_bilirubin_before_surgery,0.05,"Elevated bilirubin indicates hepatic dysfunction and higher perioperative risk, which can correlate with hemodynamic instability and renal hypoperfusion. It is an indirect predictor and less specific than creatinine-based liver scores."
a1c_lvl,0.04,"Higher HbA1c suggests diabetes/chronic glycemic exposure, which increases susceptibility to renal injury and microvascular disease. In this setting it is an indirect baseline risk marker and not strongly proximal to hour-60 creatinine rise."
pre_op_heparin_induced_thrombocytopenia_antibodies,0.01,HIT antibody status is not a typical determinant of postoperative creatinine trajectory unless active HIT with thrombosis occurs. As a screening/serologic variable it has weak and inconsistent linkage to AKI risk.
meld_scr,0.12,"MELD (creatinine-based) captures severity of liver disease and baseline renal vulnerability, and higher scores are associated with postoperative renal failure risk. Because it embeds renal function and systemic illness, it is a relatively strong baseline predictor for creatinine_ratio."
bnp,0.08,"Elevated BNP reflects cardiac dysfunction/volume overload and is associated with low forward flow and venous congestion, both contributors to AKI after cardiac surgery. It is an established but not definitive predictor."
five_m_walk_test,0.02,"Poor functional capacity/frailty can correlate with postoperative complications including AKI, but the relationship is indirect and confounded by overall comorbidity burden. It provides limited mechanistic specificity for renal injury."
previous_cardiovascular_intervention,0.03,"Prior cardiovascular interventions indicate advanced coronary/vascular disease and potentially higher operative complexity, which can increase AKI risk. The association is indirect and heterogeneous across intervention types."
previous_coronary_bypass_graft,0.04,"Prior CABG suggests complex coronary disease and may increase risk in redo operations (longer bypass time, hemodynamic instability), which can contribute to AKI. Still, it is a contextual risk marker rather than a direct renal predictor."
previous_surgery_cardiac_value,0.04,"History of prior cardiac surgery can imply redo sternotomy and longer/complex procedures with higher risk of hypotension and inflammation, increasing AKI risk. The effect is indirect and variable by procedure details."
previous_percutaneous_coronary_intervention,0.03,Prior PCI is a marker of coronary disease burden and may correlate with perioperative hemodynamic risk. It is not a direct determinant of postoperative creatinine rise.
previous_percutaneous_coronary_intervention_this_episode_of_care,0.05,"PCI during the same episode often implies recent contrast exposure and acute coronary syndrome physiology, both of which can increase AKI susceptibility before surgery. This is a more proximal and plausible risk factor than remote PCI history."
previous_percutaneous_coronary_intervention_stent,0.02,"Presence of a stent mainly reflects prior coronary disease and antiplatelet management considerations, with limited direct linkage to renal injury. Any AKI association is indirect via comorbidity and procedural complexity."
time_since_previous_cardiac_intervention,0.02,"May weakly proxy overall cardiovascular disease burden and surgical complexity, which can influence perioperative hemodynamics. Not a direct renal perfusion or nephrotoxin marker."
past_cardiac_interventions,0.03,"History of prior interventions can indicate advanced cardiac disease and higher-risk re-operations, indirectly increasing AKI risk via low cardiac output or longer bypass times. Still an indirect predictor compared with postoperative hemodynamics/labs."
pre_op_ace_inhibitor_within_48_hours,0.07,"ACE inhibitors can reduce efferent arteriolar tone and predispose to perioperative hypotension and functional AKI, especially with volume shifts and vasoplegia. A recognized perioperative AKI risk modifier but not definitive alone."
pre_op_adp_inhibitor_within_5_days,0.02,"Primarily relates to bleeding/transfusion risk rather than direct nephrotoxicity; any AKI link is indirect through hemodilution, hypotension, or transfusion. Weak standalone signal for creatinine rise."
pre_op_amiodarone,0.02,Amiodarone use is a marker of arrhythmia/advanced cardiac disease and may correlate with perioperative instability. It is not a typical direct driver of AKI.
pre_op_anticoagulants,0.02,"Mostly reflects thromboembolic risk and can increase bleeding/transfusion needs, which may indirectly affect renal perfusion. Not a direct renal injury mechanism in this context."
pre_op_aspirin,0.01,Aspirin at antiplatelet doses has minimal direct nephrotoxicity and is common standard-of-care. Any association with AKI is likely confounded and weak.
pre_op_beta_blockers,0.02,"Beta-blockers can influence perioperative heart rate/cardiac output and hypotension risk, indirectly affecting renal perfusion. Generally not a strong independent predictor of postoperative creatinine rise."
pre_op_beta_blocker_therapy_for_2_weeks,0.01,Chronic beta-blocker therapy mainly reflects baseline cardiac management and is not directly nephrotoxic. Limited incremental prognostic value beyond overall comorbidity/hemodynamics.
pre_op_calcium_channel_blocker_therapy_for_2_weeks,0.01,Chronic CCB use is not a typical AKI driver and mainly indicates hypertension/angina management. Weak and likely confounded association with postoperative renal outcomes.
pre_op_glycoprotein_inhibitor,0.03,"Often indicates acute coronary syndrome/high-risk PCI and can increase bleeding/transfusion risk, indirectly contributing to AKI. Still an indirect marker rather than a renal-specific predictor."
pre_op_inotropic_agents,0.09,"Pre-op inotrope requirement suggests low cardiac output/cardiogenic shock physiology, strongly linked to renal hypoperfusion and subsequent AKI. A meaningful preoperative severity marker for creatinine rise."
pre_op_lipid_lowering_med,0.01,Statins/lipid-lowering therapy are common and not direct AKI triggers; any protective/harmful effect is modest. Limited utility for predicting creatinine_ratio compared with perioperative physiology.
pre_op_long_acting_nitrate_therapy_for_2_weeks,0.01,Primarily a marker of chronic angina and coronary disease; not directly nephrotoxic. Weak incremental signal for postoperative AKI.
pre_op_iv_nitrates,0.04,"IV nitrates may indicate active ischemia/heart failure and can contribute to hypotension, indirectly worsening renal perfusion. Plausible but not established as a strong independent AKI predictor."
pre_op_other_antianginal_therapy_for_2_weeks,0.01,Broad antianginal therapy reflects coronary disease burden but is not a direct renal injury mechanism. Likely redundant with other comorbidity/severity indicators.
pre_op_steroid_usage,0.03,"Chronic steroid use can reflect frailty/inflammation and may worsen infection risk and glycemic control, indirectly increasing AKI risk. It is not a direct perioperative renal perfusion marker."
pre_op_thrombin_inhibitor_within_24_hours,0.01,Primarily affects bleeding/transfusion risk rather than renal perfusion directly. Any AKI association is indirect and inconsistent.
pre_op_warfarin_within_5_days,0.01,Warfarin exposure mainly signals anticoagulation indication and perioperative bleeding management; it is not a direct AKI driver. Renal effects are indirect and uncommon in this context.
pre_op_factor_xa_inhibitor_within_5_days,0.01,"Similar to other anticoagulants, it mainly influences bleeding/transfusion pathways rather than kidney injury mechanisms. Any relationship to creatinine rise is indirect."
pre_op_thrombin_inhibitor_within_5_days,0.01,Anticoagulant timing is more relevant to bleeding risk than renal ischemia/toxicity. Weak and indirect link to postoperative creatinine changes.
pre_op_lipid_lowering_med_is_statin,0.02,Statin use is a marker of atherosclerotic burden and may have modest anti-inflammatory effects; associations with CSA-AKI are mixed. Overall indirect predictor rather than a primary driver.
cardiac_catheterization_performed,0.05,"Recent catheterization can imply contrast exposure and higher baseline cardiovascular complexity, both linked to AKI risk. Without timing/contrast dose, it remains an indirect predictor."
cor_anat_dis_known,0.03,"Known coronary disease reflects systemic atherosclerosis and higher perioperative hemodynamic risk, which can predispose to renal hypoperfusion. It is not a direct biomarker of impending AKI."
number_of_diseased_coronary_vessels,0.04,"Greater coronary disease burden correlates with operative complexity and risk of low cardiac output states that can precipitate AKI. Still an indirect, baseline risk marker."
aortic_valve_disease,0.04,"Severe aortic valve disease can be associated with perioperative hemodynamic instability and low forward flow, increasing AKI susceptibility. However, it is a coarse proxy without severity/gradient."
mitral_valve_disease,0.03,"Mitral disease can contribute to pulmonary hypertension/low output and venous congestion, indirectly affecting renal perfusion. Predictive value is limited without severity and postoperative hemodynamics."
tricuspid_valve_disease,0.06,"Tricuspid disease often reflects right-sided failure and venous congestion, which is a recognized contributor to cardiorenal syndrome and postoperative AKI. This is a more kidney-relevant valvular marker than left-sided lesions."
pulmonic_valve_disease,0.01,Pulmonic valve disease is uncommon and typically not a primary determinant of postoperative renal injury in cardiac surgery. Any association would be indirect via right-sided hemodynamics.
n_past_cardiac_surgeries,0.05,"Re-operations are associated with longer bypass times, bleeding/transfusion, and hemodynamic instability, all of which increase AKI risk. This is a reasonable baseline complexity marker."
status,0.01,"Without clear clinical definition (e.g., elective vs emergent), this variable is difficult to interpret mechanistically for AKI prediction. Treat as weak evidence to avoid spurious inclusion."
current_case_canceled,0.01,Case cancellation is an administrative/process variable and not a physiologic driver of postoperative creatinine rise. Any association would be incidental or confounded.
operative_approach_converted,0.04,"Conversion (e.g., minimally invasive to open) is a proxy for intraoperative complexity, bleeding, and longer bypass/ischemia time, which can increase AKI risk indirectly. Not a direct renal biomarker and likely collinear with other severity markers."
robotic,0.01,Robotic approach mainly reflects surgical technique and case selection rather than renal perfusion or nephrotoxic exposure. Any AKI association is indirect and likely mediated by other intraoperative factors.
op_cab,0.06,"CABG is associated with cardiopulmonary bypass exposure (if on-pump), hemodynamic swings, and atheroembolism risk, all established contributors to postoperative AKI. Procedure type is a moderate baseline risk marker but not definitive alone."
op_valve,0.07,"Valve surgery often entails longer bypass/cross-clamp times and higher risk of low cardiac output syndrome, both linked to renal hypoperfusion and AKI. This is an established procedural risk factor but nonspecific."
other_cardiac_procedure_completed,0.03,"Additional cardiac procedures generally indicate greater operative complexity and longer ischemic/bypass exposure, indirectly increasing AKI risk. Heterogeneous category limits specificity."
a_fib_proc,0.02,"AF ablation/maze adds operative time but is not strongly linked to renal injury mechanisms compared with hemodynamics, bypass duration, or nephrotoxins. Any effect is indirect via complexity."
aort_proc,0.1,"Aortic procedures are higher-risk for AKI due to prolonged circulatory arrest/hypothermia, embolic burden, and major hemodynamic instability. This is a well-established strong procedural risk factor in cardiac surgery."
other_non_cardiac_procedure_done,0.02,Concurrent non-cardiac procedures may reflect overall surgical burden and inflammation but have no specific renal mechanism. Association with AKI is indirect and variable.
appropriate_antibiotic_selection,0.01,"Appropriate prophylactic antibiotic choice is standard-of-care and not a direct driver of postoperative creatinine rise. Nephrotoxicity risk depends on specific agents/doses, which this variable does not capture."
appropriate_antibiotic_administration_timing,0.01,Timing of prophylactic antibiotics primarily affects infection risk rather than renal perfusion or direct nephrotoxicity. Any AKI link would be downstream and weak.
antibiotic_discontinuation_ordered,0.01,Discontinuation orders reflect protocol adherence and clinician behavior more than renal physiology. Not a reliable predictor of creatinine ratio without agent-specific exposure data.
additional_intraoperative_prophylactic_antibiotic_dose,0.03,"An extra dose may proxy longer operative duration or higher blood loss, which can increase AKI risk indirectly; some antibiotics can be nephrotoxic but prophylaxis is usually limited. Overall a weak-to-plausible indirect marker."
operative_lowest_core_temperature,0.05,"Lower nadir temperature can indicate deep hypothermia/circulatory arrest and more complex surgery, which are associated with AKI risk. Temperature itself is an indirect proxy and may be collinear with procedure type (e.g., aortic surgery)."
operative_lowest_hemoglobin,0.08,"Intraoperative anemia/hemodilution reduces oxygen delivery and is associated with postoperative AKI, especially in older patients with limited renal reserve. Nadir hemoglobin captures an acute insult relevant to renal ischemia risk."
high_intra_glu,0.04,"Perioperative hyperglycemia is associated with stress response, inflammation, and worse outcomes including AKI, but is not a direct renal injury marker. Likely confounded by illness severity and diabetes."
cardiopulmonary_coronary_perfused_used,0.03,"Use of specialized perfusion strategies reflects operative complexity and attempts to mitigate ischemia, but its directionality with AKI risk is unclear. More a proxy for case severity than a direct predictor."
arterial_cannulation_site_aortic,0.01,Aortic cannulation is standard for many cardiac surgeries and is not independently predictive of renal injury beyond overall case complexity.
arterial_cannulation_site_femoral,0.03,"Femoral cannulation can reflect higher-risk/emergent cases and greater atheroembolism risk, which can indirectly contribute to AKI, but it is not a direct renal biomarker."
arterial_cannulation_site_axillary,0.02,Axillary cannulation is often chosen for aortic pathology and complex operations; it is an indirect marker of surgical complexity rather than a direct AKI driver.
arterial_cannulation_site_innominate,0.02,Innominate cannulation typically indicates arch/aortic work and complexity; any AKI association is indirect via operative risk and perfusion strategy.
arterial_cannulation_site_other,0.01,Other cannulation sites are heterogeneous and mainly reflect procedural variation; limited specific mechanistic linkage to postoperative creatinine rise.
venous_cannulation_site_femoral,0.02,Femoral venous cannulation may indicate minimally invasive or complex access needs; any AKI signal is indirect and confounded by case type.
venous_cannulation_site_jugular,0.01,Jugular venous cannulation is generally an access choice and does not directly affect renal perfusion or nephrotoxic exposure.
venous_cannulation_site_right_atrial,0.01,Right atrial venous cannulation is routine for CPB and provides little incremental information about AKI risk beyond CPB exposure itself.
venous_cannulation_site_left_atrial,0.01,Left atrial venous cannulation is uncommon and procedure-specific; no consistent direct pathway to postoperative AKI risk.
venous_cannulation_site_pulmonary,0.01,Pulmonary venous cannulation is rare and reflects surgical technique; not a recognized independent predictor of renal dysfunction.
venous_cannulation_site_bicaval,0.02,Bicaval cannulation can indicate valve/complex intracardiac procedures and longer bypass; AKI relevance is indirect via operative complexity.
venous_cannulation_site_other,0.01,Heterogeneous category with unclear physiologic meaning; unlikely to add stable predictive value for creatinine ratio.
cardiopulmonary_bypass_time,0.18,"Longer CPB time is a well-established risk factor for AKI via inflammation, hemolysis, nonpulsatile flow, and renal hypoperfusion; it strongly predicts postoperative creatinine rise."
circulatory_arrest,0.12,"Circulatory arrest implies profound systemic hypoperfusion and high-risk aortic surgery, increasing ischemic tubular injury risk and subsequent creatinine elevation."
deep_hypothermic_circulatory_arrest_time,0.2,Longer DHCA time directly increases duration of global hypoperfusion/ischemia and is strongly associated with postoperative AKI and creatinine rise.
cerebral_perfusion_utilized,0.03,Use of cerebral perfusion is mainly a marker of arch surgery strategy; renal implications are indirect and largely mediated by arrest duration and overall complexity.
cerebral_perfusion_time,0.03,"Longer selective cerebral perfusion often co-occurs with complex/prolonged aortic surgery and higher CPB burden, which can increase systemic inflammatory response and AKI risk. It is an indirect proxy rather than a renal-specific mechanism."
intraop_circulatory_arrest_time,0.12,"Longer circulatory arrest implies global hypoperfusion/ischemia and typically prolonged CPB, both strongly associated with postoperative AKI. Particularly relevant in very elderly patients with limited renal reserve."
aortic_occlusion,0.02,Aortic occlusion is common in many cardiac operations and is not itself a specific predictor of renal injury without duration/hemodynamic context. Its effect is largely captured by cross-clamp/CPB complexity variables.
aortic_cross_clamp_time,0.1,"Longer cross-clamp time is a well-established marker of operative complexity and ischemic/CPB exposure, which increases AKI risk after cardiac surgery. It is a standard perioperative risk factor but not a direct renal biomarker."
cerebral_oximetry_used,0.01,Use of cerebral oximetry reflects monitoring practice and case type rather than a direct physiologic driver of renal injury. Any association with AKI is likely confounded by procedure complexity.
diffuse_aortic_calcification,0.04,"Diffuse aortic calcification indicates advanced atherosclerosis and higher risk of embolic phenomena and perioperative hemodynamic instability, which can contribute to AKI. It is an indirect comorbidity/procedural complexity marker."
assessment_of_ascending_aorta_arch,0.01,Documented assessment is largely a process-of-care variable and does not directly reflect renal perfusion or nephrotoxic exposure. It is unlikely to add predictive value beyond operative type and times.
aorta_plaque_assessment,0.01,This is primarily a documentation/assessment variable and not a physiologic measure of renal insult. Any signal would be indirect and likely redundant with calcification/operative complexity.
aortic_condition_altered_plan,0.03,"A change in surgical plan due to aortic condition suggests higher complexity and potential for longer CPB, embolic risk, and hemodynamic perturbations that can predispose to AKI. Still an indirect proxy variable."
intraop_blood_products_refused,0.01,Refusal is a preference/behavioral factor and does not directly cause AKI; its impact depends on subsequent bleeding/anemia/hypotension not captured here. Likely sparse and confounded.
intraop_blood_products_received,0.06,"Receiving blood products is a marker of bleeding, coagulopathy, and operative complexity, all associated with AKI via inflammation, hypotension, and transfusion-related effects. It is moderately informative but nonspecific."
intraop_red_blood_cells_transfused,0.08,RBC transfusion volume correlates with bleeding/anemia and is associated with postoperative AKI through inflammatory/hemolysis-mediated tubular injury and severity-of-illness. More specific than the aggregate 'blood products received' variable.
intraop_fresh_frozen_plasma_transfused,0.04,"FFP transfusion reflects coagulopathy/bleeding and higher surgical complexity, which can increase AKI risk indirectly. Its effect is generally weaker and overlaps with overall transfusion burden."
intraop_platelets_transfused,0.04,"Platelet transfusion is a proxy for bleeding/consumption and complex surgery, which are associated with AKI risk. It is indirect and often collinear with other transfusion variables."
intraop_cryoprecipitate_transfused,0.03,"Cryoprecipitate use indicates significant bleeding or hypofibrinogenemia and thus higher operative stress and inflammation, which can contribute to AKI. Typically less frequent and largely redundant with transfusion burden."
intra_clot_fact,0.02,Intraoperative clotting factor administration is mainly a marker of coagulopathy/bleeding severity and complex surgery rather than a direct renal insult. Any AKI association is indirect and overlaps with transfusion variables.
intraop_received_amino_captroic_acid,0.01,Antifibrinolytic use is primarily related to bleeding/transfusion management rather than renal perfusion or direct nephrotoxicity. Any AKI association is indirect via illness severity and hemodilution/transfusion.
intraop_received_tranexamic_acid,0.01,Tranexamic acid is not a direct driver of postoperative AKI; its relevance is mainly through bleeding severity and transfusion needs. Overall signal for creatinine rise is weak and indirect.
intraop_transesophageal_echocardiogram_performed,0.01,TEE performance reflects procedural complexity/monitoring practice rather than a physiologic mechanism causing AKI. It is unlikely to add independent predictive value beyond other hemodynamic and surgical variables.
post_repair_aortic_insufficiency,0.05,"Residual aortic insufficiency can reduce effective forward flow and contribute to low cardiac output, impairing renal perfusion. However, its impact on AKI is indirect and often captured by downstream hemodynamics."
post_repair_mitral_insufficiency,0.05,"Residual mitral regurgitation can worsen pulmonary congestion and reduce effective cardiac output, indirectly increasing AKI risk via renal hypoperfusion/venous congestion. Predictive value is plausible but not definitive without hemodynamic context."
post_repair_tricuspid_insufficiency,0.08,"Tricuspid regurgitation is closely linked to elevated right-sided pressures and renal venous congestion, a recognized contributor to cardiorenal AKI after cardiac surgery. Residual TR can therefore be a meaningful risk factor for creatinine rise."
op_val_surg_input,0.03,"Valve surgery indicates operative type/complexity and potential bypass time, which can correlate with AKI risk. The relationship is indirect and typically mediated by hemodynamics, bleeding, and CPB-related inflammation."
a_fib_proc_surg_input,0.02,"Concomitant AF procedures may increase operative duration and complexity, indirectly raising AKI risk. It is not a direct renal insult and often adds limited incremental signal."
general_anesthesia_used,0.01,General anesthesia is standard for most cardiac surgeries and provides little discrimination for AKI risk. Any effect is largely non-specific and mediated through intraoperative hemodynamics already captured elsewhere.
intraop_prothrombin_complex_concentrate_used,0.04,"PCC use is a marker of significant bleeding/coagulopathy and higher acuity, which can associate with hypotension, transfusion, and AKI. The link is indirect and confounded by severity of illness."
post_repair_aortic_mean_gradient,0.03,"Higher residual aortic gradient may reflect suboptimal valve hemodynamics and potential low forward flow, indirectly affecting renal perfusion. However, it is not a direct biomarker of AKI and may be collinear with cardiac output measures."
post_repair_aortic_paravalvular_leak,0.04,"Paravalvular leak can cause hemolysis and reduced effective forward stroke volume, potentially contributing to renal injury risk. Still, the association with creatinine rise is indirect and variable."
post_repair_mitral_mean_gradient,0.03,"Residual mitral stenosis/gradient can limit cardiac output and contribute to congestion, indirectly increasing AKI risk. Predictive value is modest without accompanying hemodynamic data."
post_repair_mitral_paravalvular_leak,0.04,"Mitral PVL may worsen effective forward flow and can be associated with hemolysis/inflammation, plausibly contributing to AKI. Overall it is an indirect marker and not consistently predictive alone."
post_repair_mitral_tricuspid_leak,0.05,"Combined residual AV valve leaks suggest persistent volume overload and venous congestion, which can impair renal function postoperatively. The signal is plausible but overlaps with direct hemodynamic/volume status features."
ejection_fraction_post_procedure,0.1,"Lower post-procedure EF is a well-established risk factor for low cardiac output syndrome and renal hypoperfusion after cardiac surgery. It can meaningfully predict subsequent creatinine rise, especially in very elderly patients."
pp_planed_pci,0.02,"Planned PCI mainly reflects coronary disease complexity and potential contrast exposure, but is an indirect and inconsistent driver of postoperative AKI compared with direct hemodynamic/renal markers."
iabp,0.12,"IABP use is a strong marker of perioperative cardiogenic shock/low cardiac output and need for mechanical support, which directly threatens renal perfusion and increases AKI risk."
cath_bas_assist,0.03,Baseline cath-assist suggests higher procedural complexity/instability but is a nonspecific proxy and less directly linked to renal injury than postoperative hemodynamics and renal labs.
ecmo,0.18,"ECMO indicates severe circulatory/respiratory failure with high risk of renal hypoperfusion, hemolysis, inflammation, and need for nephrotoxic exposures, making it a strong predictor of AKI."
bld_prod,0.08,"Blood product transfusion burden correlates with bleeding, inflammation, hemolysis, and hemodynamic instability; it is an established risk factor for AKI after cardiac surgery but not definitive alone."
extubated_in_or,0.02,"Extubation in the OR is a general marker of lower illness severity and smoother course, but it is indirect and not a primary physiologic driver of creatinine rise."
re_intub,0.06,"Re-intubation reflects postoperative deterioration (e.g., pulmonary edema, shock, sepsis) often accompanied by hypotension and higher vasopressor needs, increasing AKI risk."
icu_visit,0.01,ICU visit is routine after cardiac surgery and provides little specific information about renal perfusion or nephrotoxic exposure beyond standard care.
postop_hemoglobin,0.07,"Low postoperative hemoglobin can reduce oxygen delivery to the kidney and often co-occurs with bleeding/transfusion and hemodynamic instability, making it an established but nonspecific AKI risk factor."
postop_hct,0.05,Hematocrit overlaps strongly with hemoglobin and adds limited independent signal; anemia/hemodilution is an indirect AKI risk factor but collinear with hemoglobin.
postop_intub,0.03,Postoperative intubation is common and reflects general acuity; it is an indirect marker and less specific for renal hypoperfusion than shock/vasopressor or renal lab features.
prev_mi,0.04,"Prior MI indicates underlying cardiac dysfunction and a propensity for low-output states, but it is an indirect baseline risk factor rather than a direct predictor of postoperative creatinine rise."
mi_when,0.01,Timing of prior MI has weak and inconsistent mechanistic linkage to postoperative AKI compared with current hemodynamics and renal function markers.
card_symp_time_of_adm,0.01,Symptom timing at admission is not a direct physiologic determinant of renal injury and is unlikely to add predictive value beyond objective severity/hemodynamic variables.
card_symp_time_of_surg,0.01,"Symptom timing at surgery is a weak proxy for urgency and does not directly capture renal perfusion, nephrotoxin exposure, or inflammatory burden driving AKI."
anginal_class,0.02,Angina class reflects coronary disease severity and functional limitation but is an indirect baseline marker with limited specificity for postoperative renal injury.
class_nyh,0.04,"Higher NYHA class reflects worse baseline cardiac reserve and propensity for low cardiac output after surgery, which can reduce renal perfusion. It is indirect and overlaps with other heart failure/hemodynamic variables."
car_shock,0.18,"Cardiogenic shock implies profound hypoperfusion and high vasopressor/inotrope exposure, a strong driver of ischemic ATN and postoperative AKI. It is a high-yield global marker of renal hypoperfusion risk."
resusc,0.06,"Need for resuscitation suggests perioperative instability (hypotension, bleeding, arrest) that can precipitate renal ischemia. It is informative but heterogeneous and less specific than shock."
arrhythmia,0.03,"Arrhythmias can reduce effective cardiac output and cause hemodynamic swings, indirectly increasing AKI risk. As a broad category it is nonspecific and collinear with specific rhythm features."
recent_cardiac_arrhythmia_vtach_vfib,0.08,"Recent VT/VF indicates severe electrical instability and potential episodes of low-flow states or arrest, which can cause renal ischemia. It is an established but not definitive predictor of AKI."
recent_arrhyth_sss,0.01,Sick sinus syndrome mainly reflects conduction disease and pacing need rather than systemic hypoperfusion. It has weak direct linkage to postoperative AKI compared with shock/low output states.
recent_arrhyth_a_flutter,0.02,"Atrial flutter may reduce cardiac output and is associated with comorbidity burden, but its renal impact is usually indirect. Less predictive than shock or sustained hypotension."
recent_arrhyth_second,0.01,Second-degree AV block is primarily a conduction abnormality and is not a consistent driver of renal hypoperfusion unless associated with profound bradycardia. Weak standalone association with AKI.
recent_arrhyth_third,0.03,"Complete heart block can cause significant bradycardia and low cardiac output if not paced, potentially impairing renal perfusion. Still indirect and often mitigated by pacing."
arrhyth_p_paced,0.01,Being paced is usually a management state rather than a marker of ongoing hypoperfusion. It provides limited incremental information for AKI risk beyond hemodynamics.
heart_fail,0.07,"Heart failure is a well-established risk factor for postoperative AKI via low forward flow, venous congestion, and diuretic/vasopressor exposure. It is important but not specific for the hour-60 creatinine rise."
recent_arrhyth_atr_fib,0.04,"Atrial fibrillation is associated with worse cardiac function and perioperative hemodynamic instability, which can contribute to AKI risk. The effect is indirect and often mediated through low output/vasopressor needs."
pain_score_pre,0.01,Preoperative pain score has no clear physiologic pathway to postoperative renal injury and is likely confounded by non-renal factors. Minimal relevance for predicting creatinine ratio.
intraop_cell_saver_volume,0.03,"Higher cell-saver volume can proxy surgical bleeding/complexity and transfusion exposure, which correlate with inflammation and AKI risk. It is indirect and less predictive than direct hemodynamic/renal markers."
total_heparin_before_bypass,0.01,Heparin dose is largely protocol-driven by weight/ACT targets and does not directly predict renal injury. Any association with AKI is weak and confounded by case type and bypass management.
total_protamine_before_or_exit,0.02,"Protamine can cause hypotension or pulmonary vasoconstriction in rare reactions, which could secondarily affect renal perfusion. Overall it is an indirect and uncommon mechanism for AKI."
intra_visco_test,0.01,"Intraoperative viscoelastic testing (e.g., TEG/ROTEM) reflects coagulation management rather than renal perfusion or nephrotoxic exposure. Any AKI association is indirect via bleeding/transfusion pathways and is not specific."
vol_agent_used,0.02,"Use of volatile anesthetic is not an established direct driver of postoperative AKI compared with hemodynamics, CPB factors, and nephrotoxins. It may weakly proxy case complexity/anesthetic strategy."
volatile_agent_isoflurane,0.01,Isoflurane choice has no consistent evidence of materially changing AKI risk after cardiac surgery. Effects on renal outcomes are largely mediated by blood pressure management rather than agent selection.
volatile_agent_sevoflurane,0.02,"Sevoflurane has theoretical renal concerns (fluoride/compound A) but clinically significant AKI signal in modern practice is weak, especially relative to perfusion pressure and CPB-related insults. At most it is an indirect proxy for anesthetic plan."
volatile_agent_desflurane,0.01,Desflurane selection is not a recognized predictor of postoperative AKI. Any relationship would be confounded by case type and hemodynamic management.
vol_agent_oth,0.01,Other volatile agent category is heterogeneous and not mechanistically tied to AKI risk. It mainly reflects documentation/anesthetic preference rather than renal injury pathways.
volatile_agent_used_pre_bypass,0.01,"Pre-bypass volatile use is common and not a direct determinant of postoperative creatinine rise. AKI risk is more strongly linked to hypotension, CPB duration, and postoperative shock."
volatile_agent_used_during_bypass,0.02,"During-bypass volatile use may weakly correlate with CPB management strategy, but it is not an established causal predictor of AKI. Hemodilution, perfusion pressure, and inflammatory load dominate renal risk."
volatile_agent_used_post_bypass,0.02,Post-bypass volatile use is not directly nephrotoxic and mainly reflects anesthetic maintenance choices. Any AKI association would be indirect via hemodynamic instability.
volatile_agent_used_for_maintenance,0.02,"Maintenance volatile use is not a strong or specific predictor of AKI compared with vasopressor needs, lactate, urine output, and creatinine trends. It may weakly proxy overall anesthetic approach."
intra_op_infusion_dexmedetomidine,0.03,"Dexmedetomidine may reduce sympathetic tone and opioid needs and has mixed evidence for renal protection, but effects are modest and inconsistent. More likely it proxies sedation strategy and hemodynamic tolerance."
intraop_propofol_infusion,0.02,Propofol infusion is not directly nephrotoxic and is not a standard AKI predictor in cardiac surgery. Any signal would be indirect through hypotension or case complexity.
intraop_midazolam_infusion,0.01,Midazolam infusion reflects sedation practice and is not mechanistically linked to renal tubular injury. Associations with AKI are likely confounded by illness severity and prolonged ventilation.
total_insulin_before_or_exit,0.05,"Higher insulin requirement can proxy perioperative hyperglycemia/diabetes and stress response, which are established but indirect AKI risk factors. It is not a direct biomarker, so importance remains modest."
pre_anesth_bp_sys,0.05,"Preoperative systolic BP reflects baseline hemodynamic reserve and chronic hypertension, which can increase susceptibility to perioperative renal hypoperfusion. It is an indirect risk marker rather than a direct AKI trigger."
pre_anesth_bp_dia,0.04,"Preoperative diastolic BP may reflect vascular tone and chronic hypertension, influencing renal autoregulation thresholds during surgery. It is a plausible but nonspecific predictor compared with postoperative perfusion metrics."
pre_anesth_hr,0.02,"Pre-induction tachycardia can reflect pain, hypovolemia, or low reserve, which may correlate with perioperative instability. It is nonspecific and weakly linked to subsequent AKI compared with direct perfusion/renal markers."
pulmonary_artery_catheter_used,0.04,"Use of a PA catheter is a proxy for higher surgical/ICU acuity and concern for cardiogenic shock or pulmonary hypertension, which can predispose to renal hypoperfusion. It is a behavioral/severity marker rather than a direct physiologic driver."
core_temp_max,0.01,"Maximum core temperature is not a primary determinant of postoperative AKI in cardiac surgery unless reflecting severe hyperthermia/infection, which is uncommon intraoperatively. It is generally weak and nonspecific for renal injury prediction."
nitric_ox_intraop,0.03,"Inhaled nitric oxide use suggests significant pulmonary hypertension/RV dysfunction and potential low forward flow states that can impair renal perfusion. However, it is mainly a severity-of-illness proxy and not a direct renal biomarker."
total_crystalloid_by_anesthesia_team,0.05,"Large crystalloid volumes can indicate bleeding/vasoplegia and contribute to venous congestion and renal interstitial edema, both associated with AKI risk. Total volume is still an indirect marker and confounded by case complexity."
total_synthetic_colloid_by_anesthesia_team,0.06,"Synthetic colloids (e.g., HES) have recognized associations with AKI in critically ill populations and may worsen renal outcomes. In cardiac surgery practice this may be less common, but when used it can be a meaningful nephrotoxic exposure signal."
total_5_percent_albumin_by_anesthesia_team,0.03,"Albumin administration reflects volume resuscitation needs and hemodynamic instability, which can correlate with AKI risk. Albumin itself is not strongly nephrotoxic, so this is mostly an indirect severity marker."
gluc_trough_intraop,0.02,"Intraoperative hypoglycemia/low glucose may reflect frailty, liver dysfunction, or insulin management issues and can correlate with worse outcomes. The link to AKI is indirect and not a primary driver compared with perfusion variables."
vasodil_intraop,0.04,"Intraoperative vasodilator use can indicate hypertension management or afterload reduction, but may also contribute to hypotension episodes that reduce renal perfusion. Overall it is a nonspecific exposure with modest AKI relevance."
intra_proc_eeg,0.01,Intra-procedural EEG monitoring reflects neurologic monitoring strategy and case type rather than renal physiology. It has no meaningful direct mechanistic link to postoperative creatinine rise.
intra_op_pre_tee,0.01,"Pre-incision TEE use is largely procedural/monitoring practice and case complexity, not a direct determinant of renal injury. Any association with AKI would be indirect and weak."
left_ventricular_ejection_fraction_estimate_pre_incision,0.08,Reduced LVEF is an established risk factor for low cardiac output syndrome and renal hypoperfusion after cardiac surgery. It is a meaningful baseline predictor of AKI risk though not definitive alone.
rv_function_estimate_pre_incision,0.07,"RV dysfunction predisposes to elevated venous pressures and renal venous congestion, a recognized pathway to AKI after cardiac surgery. It is an established hemodynamic risk factor but not a direct renal biomarker."
mitral_valve_regurgitation_pre_incision,0.03,Significant MR can reflect chronic volume overload and heart failure physiology that may increase perioperative instability and AKI risk. The relationship is indirect and heterogeneous depending on severity and repair success.
mitral_stenosis_pre_incision,0.02,"Mitral stenosis can be associated with pulmonary hypertension and right-sided strain, which may secondarily affect renal perfusion. It is a relatively indirect and less common driver of postoperative AKI compared with global ventricular function."
aortic_valve_regurgitation_pre_incision,0.02,"Aortic regurgitation can be associated with LV dilation and perioperative hemodynamic lability, which may contribute indirectly to AKI risk. It is not a strong standalone predictor of postoperative creatinine rise."
aortic_stenosis_regurgitation_pre_incision,0.03,"Significant valvular disease can predispose to perioperative low cardiac output and renal hypoperfusion, but it is an indirect and heterogeneous marker once postoperative hemodynamics are accounted for."
pre_ava_assessed,0.005,Whether aortic valve area was assessed reflects documentation/testing rather than a physiologic insult; it is not a direct predictor of postoperative AKI.
pre_tr,0.04,"Tricuspid regurgitation can indicate right-sided dysfunction and venous congestion, which may worsen renal perfusion pressure, but it remains an indirect risk factor."
pre_pfo,0.005,Presence of a PFO has little direct relationship to renal perfusion or tubular injury and is unlikely to predict creatinine rise.
asc_ao_assessed,0.005,Assessment of the ascending aorta is primarily procedural/documentation and does not itself represent a renal injury mechanism.
maximal_ascending_aortic_diameter,0.01,Aortic size relates to surgical complexity but has no specific mechanistic link to renal ischemia/toxicity beyond broad case severity.
maximal_ascending_aortic_atherosclerotic_thickness,0.02,"Greater aortic atherosclerosis may increase embolic burden and operative complexity, which can contribute to AKI risk, but the link is indirect."
ascending_aortic_atheroma_mobility,0.03,"Mobile atheroma increases risk of embolization and systemic inflammatory response during manipulation/CPB, which can contribute to AKI, though not a direct renal biomarker."
visualize_aortic_arch,0.005,Whether the arch was visualized is a procedural detail and not a physiologic driver of postoperative creatinine change.
mx_arc_ath,0.02,"Aortic arch atheroma burden can correlate with embolic risk and operative complexity, modestly increasing AKI risk via indirect pathways."
aortic_arch_atheroma_mobility,0.03,Mobile arch atheroma suggests higher embolic potential and inflammatory/ischemic complications that can secondarily worsen renal function.
cpb_used,0.1,"Use of cardiopulmonary bypass is an established AKI risk factor via hemolysis, inflammation, nonpulsatile flow, and renal hypoperfusion, especially in older patients."
retr_autol_prim,0.01,"Retrograde autologous priming may affect hemodilution/transfusion needs, but its independent relationship to AKI is inconsistent and typically small."
total_crystalloid_by_perfusion_team,0.03,"Higher crystalloid volumes can reflect hemodilution, capillary leak, and overall case complexity, which may contribute to AKI risk, but it is not a direct renal injury marker."
total_synthetic_colloid_by_perfusion_team,0.05,Synthetic colloids (depending on type) have been associated with renal dysfunction in some settings and may reflect aggressive volume resuscitation; still an indirect perioperative exposure.
total_5_percent_albumin_by_perfusion_team,0.02,Albumin use is generally not nephrotoxic and more reflects volume strategy/illness severity than a direct mechanism for AKI.
hemofil_perf,0.22,"Need for hemofiltration/perfusion support reflects severe perioperative renal dysfunction or profound fluid/solute derangement, which strongly predicts subsequent creatinine rise. It is a near-direct marker of evolving AKI severity."
inotrop_wean_cpb,0.04,"Difficulty weaning inotropes from CPB suggests low cardiac output and renal hypoperfusion risk, but it is indirect and overlaps with other hemodynamic markers. Predictive signal is plausible but not specific."
vasop_wean_cpb,0.05,High vasopressor requirement at CPB separation indicates vasoplegia/shock physiology that can reduce renal perfusion pressure. It is an established but nonspecific AKI risk factor.
intra_op_post_tee,0.01,Having a post-TEE is largely procedural/monitoring practice and not a physiologic driver of AKI. It mainly reflects case complexity and clinician behavior.
systolic_anterior_motion_mitral_valve_presence,0.03,"SAM can cause dynamic LVOT obstruction and hypotension, which could impair renal perfusion, but it is relatively uncommon and episodic. Overall link to later creatinine rise is indirect."
ret_cpb_ech,0.01,Repeat CPB echocardiography is primarily a monitoring/complexity indicator rather than a direct renal insult. Any association with AKI is likely mediated through other hemodynamic variables.
left_ventricular_ejection_fraction_estimate_post_incision,0.05,"Reduced LVEF is an established risk factor for postoperative AKI via low cardiac output and venous congestion. However, a single intraoperative estimate is indirect and may be collinear with shock/vasopressor features."
post_rv_fx,0.08,"Postoperative RV dysfunction can drive venous congestion, elevated renal venous pressure, and reduced renal perfusion gradient, increasing AKI risk. This is a clinically meaningful hemodynamic predictor."
intra_card_arr,0.04,"Intraoperative arrhythmias can cause transient hypotension/low output and renal hypoperfusion, but episodes are often brief and treated. Association with AKI is plausible but not definitive."
post_core_temp,0.02,"Core temperature reflects rewarming/hypothermia management and illness severity, but it is not a direct mechanism for AKI in most cases. Any effect is indirect and confounded by operative complexity."
post_inr,0.06,Elevated INR in liver disease/cardiac surgery reflects coagulopathy and hepatic dysfunction and can correlate with severity of illness and bleeding/transfusion needs that contribute to AKI risk. It is an indirect but established severity marker.
post_wbc,0.02,"Leukocytosis is a nonspecific stress/inflammation marker and may reflect infection or systemic inflammatory response, which can contribute to AKI. Predictive value is generally weak and indirect."
post_plt,0.03,"Thrombocytopenia can indicate CPB-related consumption, bleeding, or systemic inflammation and correlates with illness severity. Link to AKI is indirect and not specific."
post_hct,0.05,"Low hematocrit/anemia reduces oxygen delivery and often tracks bleeding/transfusion, both associated with postoperative AKI. It is an established but nonspecific risk factor."
post_fibrin,0.02,Fibrinogen reflects inflammatory/consumptive states and bleeding risk but is not a direct renal injury marker. Any association with AKI is indirect via severity and transfusion.
post_lact,0.14,"Elevated lactate is a strong marker of tissue hypoperfusion/low cardiac output and shock physiology, which directly increases risk of ischemic tubular injury. It is a robust early predictor of subsequent creatinine rise."
prop_post,0.03,Post-op propofol exposure is not directly nephrotoxic but can contribute indirectly to hypotension and reduced renal perfusion. Overall signal for AKI is weak and likely confounded by illness severity and ventilation needs.
pain_score_pod3,0.01,"Pain score on POD3 is temporally distant and not a physiologic driver of creatinine rise at hour 60. Any association would be indirect (e.g., mobilization/respiratory status) and weak."
current_smoker,0.02,"Smoking is associated with vascular disease and perioperative pulmonary complications, which can indirectly affect renal perfusion. It is not a strong direct predictor of early post-cardiac surgery AKI compared with hemodynamics and renal labs."
former_smoker,0.01,Former smoking has an even weaker and less specific link to acute postoperative AKI than current smoking. Any effect is largely mediated through comorbidities captured elsewhere.
pre_op_arrhyth_a_fib_paroxysmal,0.03,"Atrial fibrillation can reflect underlying cardiac disease and predispose to perioperative hemodynamic instability, indirectly increasing AKI risk. Paroxysmal AF is a modest risk marker rather than a direct driver."
pre_op_arrhyth_a_fib_persistent,0.05,"Persistent AF more strongly indicates chronic cardiac dysfunction and risk of low cardiac output states postoperatively, which can reduce renal perfusion. Still an indirect predictor relative to direct hemodynamic/renal measures."
cardioplegia_delivery_antegrade,0.01,Cardioplegia delivery route is primarily a surgical technique variable and is not a direct determinant of renal injury. Any association with AKI is likely confounded by procedure complexity.
cardioplegia_delivery_retrograde,0.01,Retrograde cardioplegia is a procedural detail with no established direct mechanistic link to postoperative AKI. It may proxy operative complexity but is weak and nonspecific.
cplegia_type_blood,0.01,"Blood vs crystalloid cardioplegia has limited and inconsistent evidence for affecting renal outcomes compared with perfusion pressure, bypass time, and postoperative shock. Likely low incremental predictive value."
cplegia_type_crystalloid,0.01,"Crystalloid cardioplegia choice is not a direct renal biomarker and has weak, confounded associations with AKI. Minimal expected contribution in a sparse model."
heart_fail_tmg_acute,0.08,"Acute heart failure around the time of surgery increases risk of low cardiac output, venous congestion, and renal hypoperfusion, all established contributors to AKI. It is a meaningful baseline risk factor but not definitive alone."
heart_fail_tmg_chronic,0.06,Chronic heart failure predisposes to perioperative renal hypoperfusion and congestion and is a known AKI risk factor after cardiac surgery. Predictive value is moderate and often mediated through postoperative hemodynamics.
heart_fail_type_systolic,0.07,"Systolic dysfunction is associated with low forward flow and higher likelihood of postoperative inotrope/vasopressor needs, increasing AKI risk. It is an established but not definitive predictor."
heart_fail_type_diastolic,0.04,"Diastolic dysfunction can contribute to elevated filling pressures and renal venous congestion, indirectly increasing AKI risk. Compared with systolic failure, the link is less direct and typically weaker."
0_12h_pulse_oximetry_mean,0.03,"Early mean oxygen saturation reflects immediate postoperative respiratory status but is often transient and influenced by ventilation/FiO2; hypoxemia can contribute to renal ischemia indirectly. In the 0–12h epoch, predictive value is limited and capped conservatively."
13_24h_pulse_oximetry_mean,0.04,"Sustained hypoxemia in the 13–24h trajectory phase may indicate ongoing respiratory/cardiac dysfunction and higher illness severity, indirectly raising AKI risk. Mean SpO2 remains a nonspecific marker compared with direct perfusion and renal indices."
25_36h_pulse_oximetry_mean,0.02,Sustained average oxygenation has only an indirect link to AKI via global illness severity; extremes of hypoxemia are more pathophysiologically relevant than the mean.
0_12h_pulse_oximetry_max,0.005,High SpO2 is not a trigger for AKI and mainly reflects adequate oxygen delivery or supplemental oxygen use in the immediate post-op period.
13_24h_pulse_oximetry_max,0.005,Maximum SpO2 is not mechanistically linked to renal injury and is largely driven by oxygen therapy rather than renal perfusion.
25_36h_pulse_oximetry_max,0.005,Maximum SpO2 provides little prognostic information for AKI compared with hypoxemic episodes or hemodynamic variables.
0_12h_pulse_oximetry_min,0.06,"Hypoxemia can worsen renal medullary oxygenation and is a plausible contributor to AKI, but early post-bypass desaturations are often transient; capped by 0–12h rule."
13_24h_pulse_oximetry_min,0.08,"Persistent or recurrent hypoxemia in the trajectory phase suggests ongoing cardiopulmonary dysfunction and can contribute to renal ischemia, making it a modest AKI risk marker."
25_36h_pulse_oximetry_min,0.12,"Later hypoxemic episodes closer to the outcome window can reflect unresolved shock/respiratory failure and reduced renal oxygen delivery, increasing AKI risk."
0_12h_pulse_oximetry_measured,0.01,Measurement frequency mainly reflects monitoring intensity and routine ICU practice rather than a direct physiologic driver of AKI.
13_24h_pulse_oximetry_measured,0.01,More frequent SpO2 documentation is a weak proxy for acuity and is not specific for impending renal injury.
25_36h_pulse_oximetry_measured,0.01,Increased measurement frequency may reflect clinical concern but is nonspecific and should be kept low to avoid behavioral confounding.
0_12h_r_pulmonary_artery_pressure_mean_mean,0.03,"Mean PAP relates indirectly to RV afterload and venous congestion, but the mean is less informative than extremes and early post-op values are often transient; capped to reduce collinearity with max."
13_24h_r_pulmonary_artery_pressure_mean_mean,0.04,"Elevated mean PAP can indicate ongoing RV strain and congestion that may impair renal perfusion, but average values are less predictive than peaks; kept low for collinearity control."
25_36h_r_pulmonary_artery_pressure_mean_mean,0.05,"Sustained pulmonary hypertension/RV dysfunction can contribute to renal venous congestion, but the mean is still less discriminative than the maximum; capped to avoid redundancy."
0_12h_r_pulmonary_artery_pressure_mean_max,0.07,Peak mean PAP may capture acute RV failure or pulmonary hypertensive crises that reduce forward flow and worsen renal perfusion; conservative due to immediate post-op period cap.
13_24h_r_pulmonary_artery_pressure_mean_max,0.12,"Higher PAP peaks during the trajectory phase suggest persistent RV dysfunction/venous congestion, a recognized contributor to AKI via reduced renal perfusion pressure."
25_36h_r_pulmonary_artery_pressure_mean_max,0.16,"Late peaks in mean PAP close to hour 60 can reflect ongoing RV failure and systemic venous congestion, which strongly predispose to cardiorenal AKI after cardiac surgery."
0_12h_r_pulmonary_artery_pressure_mean_min,0.03,"Low pulmonary artery pressure can reflect low RV output/low preload states that may reduce renal perfusion, but early post-op values are often transient and treatment-responsive. Using a minimum is reasonable for capturing brief low-flow episodes, but capped due to 0–12h conservatism."
13_24h_r_pulmonary_artery_pressure_mean_min,0.05,"Persistently low PA pressures in this trajectory phase can indicate ongoing low cardiac output or aggressive diuresis/vasodilation, which can contribute to renal hypoperfusion. Minimum captures episodic low-flow better than mean, but remains an indirect marker."
25_36h_r_pulmonary_artery_pressure_mean_min,0.07,"In the 25–36h leading window, low PA pressures may signal sustained low forward flow or inadequate filling, both associated with AKI risk after cardiac surgery. Minimum values can capture clinically meaningful hypotensive/low-flow insults closer to the creatinine outcome."
0_12h_r_pulmonary_artery_pressure_mean_measured,0.01,"Measurement frequency mainly reflects monitoring intensity (e.g., presence of PA catheter/acuity) rather than a renal mechanism. In the immediate post-op period this is especially protocol-driven."
13_24h_r_pulmonary_artery_pressure_mean_measured,0.02,"More frequent PA pressure documentation may reflect ongoing hemodynamic instability prompting closer monitoring, which can correlate with AKI risk. Still a behavioral proxy and not a direct physiologic driver."
25_36h_r_pulmonary_artery_pressure_mean_measured,0.03,"Continued frequent PA pressure measurements late may indicate persistent shock/complex management, which is associated with AKI. Kept low because it is a proxy for clinician concern rather than a biomarker."
0_12h_r_device_continuous_cardiac_index_measured,0.01,Frequency of continuous cardiac index recording reflects device use and monitoring practices more than renal physiology. Early post-op monitoring is routine and not specific for impending AKI.
13_24h_r_device_continuous_cardiac_index_measured,0.02,"Ongoing intensive CI monitoring can indicate hemodynamic instability or low-output concerns, which relate to AKI risk. Nonetheless it is a utilization proxy and should remain low for sparsity."
25_36h_r_device_continuous_cardiac_index_measured,0.03,Persistent need for continuous CI monitoring in the leading window may mark unresolved low-output/shock physiology associated with AKI. Still indirect and therefore kept <0.05.
0_12h_r_central_venous_pressure_mean,0.04,"Elevated CVP can impair renal venous outflow and reduce GFR (congestive nephropathy), but early post-op CVP is heavily influenced by ventilation, fluids, and transient RV dysfunction. Mean is less specific than extremes, so kept modest."
13_24h_r_central_venous_pressure_mean,0.06,"Sustained venous congestion during 13–24h is a recognized contributor to AKI after cardiac surgery, especially with RV dysfunction. Mean CVP can reflect ongoing congestion, though extremes may be more informative."
25_36h_r_central_venous_pressure_mean,0.1,"In the 25–36h window, persistently high CVP is a strong indicator of venous congestion and cardiorenal physiology linked to rising creatinine. Mean CVP here can capture sustained congestion close to the outcome."
0_12h_r_central_venous_pressure_max,0.06,"Peak CVP may capture acute severe venous congestion/RV failure episodes that can precipitate renal dysfunction, but immediate post-op peaks can be transient and procedure-related. Max is preferred over mean for acute congestion signals."
13_24h_r_central_venous_pressure_max,0.1,"High CVP spikes in the trajectory phase suggest clinically significant congestion or RV dysfunction, both associated with AKI risk. Max captures pathologic episodes better than mean, so prioritized within the epoch cap."
25_36h_r_central_venous_pressure_max,0.18,"Late high CVP peaks strongly suggest ongoing venous congestion/RV failure or fluid overload, a well-supported driver of postoperative AKI via reduced renal perfusion gradient. As a leading indicator close to hour 60, this is one of the most informative hemodynamic features."
0_12h_r_central_venous_pressure_min,0.02,"Low CVP may reflect hypovolemia/underfilling that can reduce renal perfusion, but in early post-op care it is often transient and influenced by ventilation and vasoplegia. Minimum CVP is a weaker and less specific AKI signal than high CVP."
13_24h_r_central_venous_pressure_min,0.05,"Minimum CVP can reflect relative hypovolemia/low preload and potential low renal perfusion, but CVP is an indirect and noisy marker. In the 13–24h trajectory phase, keep modest weight to avoid collinearity with other hemodynamic features."
25_36h_r_central_venous_pressure_min,0.08,"Low CVP closer to the outcome window may indicate inadequate filling/ongoing diuresis or bleeding with risk of renal hypoperfusion. Still indirect, but more informative in 25–36h as a leading indicator."
0_12h_r_central_venous_pressure_measured,0.01,"Measurement frequency mainly reflects monitoring intensity immediately post-op rather than renal physiology. Early post-bypass period is highly protocolized, so this is weakly informative."
13_24h_r_central_venous_pressure_measured,0.02,"More frequent CVP checks may reflect clinician concern for shock/volume status, which can correlate with AKI risk, but it is a behavioral proxy. Keep low to avoid over-weighting practice-pattern effects."
25_36h_r_central_venous_pressure_measured,0.03,"Increased CVP monitoring late may indicate ongoing hemodynamic instability or fluid management complexity, indirectly linked to AKI. Still a proxy variable, so capped <0.05."
0_12h_r_fio2_mean,0.01,Average FiO2 in the immediate post-op window is heavily influenced by routine ventilator weaning protocols and does not directly capture renal perfusion. Early transient oxygen needs are common and nonspecific.
13_24h_r_fio2_mean,0.02,"Sustained higher FiO2 can reflect cardiopulmonary dysfunction and illness severity, indirectly associated with AKI. Mean is less specific than extremes for acute insults, so keep low."
25_36h_r_fio2_mean,0.03,"Persistently elevated FiO2 late suggests ongoing respiratory/cardiac failure and systemic hypoperfusion risk, which can track with AKI. Mean remains an indirect severity marker, so modest probability."
0_12h_r_fio2_max,0.03,"High peak FiO2 early may indicate significant hypoxemia or hemodynamic instability, indirectly increasing AKI risk via systemic stress. However, 0–12h is protocol-driven and transient, so conservative."
13_24h_r_fio2_max,0.05,"A high FiO2 maximum during 13–24h can signal worsening pulmonary edema/ARDS or low cardiac output states, which correlate with AKI risk. Use max rather than mean/min as the more pathologic signal."
25_36h_r_fio2_max,0.07,"Late high FiO2 requirement is a strong marker of ongoing critical illness (e.g., heart failure, ARDS) and potential renal hypoperfusion/inflammation. As an extreme closer to hour 60, it is more predictive than mean/min."
0_12h_r_fio2_min,0.01,Minimum FiO2 largely reflects how quickly ventilator settings were weaned and is not a direct AKI mechanism. In the immediate post-op period it is especially protocol-dependent.
13_24h_r_fio2_min,0.01,Minimum FiO2 is a weak proxy for respiratory recovery and is less informative than FiO2 maxima for acute deterioration. Keep minimal to reduce redundancy with other FiO2 summaries.
25_36h_r_fio2_min,0.01,Minimum FiO2 late mainly captures best-case oxygenation rather than episodes of hypoxemia/instability that drive AKI risk. Prefer FiO2_max for pathology; cap to avoid collinearity.
0_12h_r_fio2_measured,0.01,"Frequency of FiO2 documentation is driven by ventilator charting practices and immediate post-op protocols, not renal physiology. Weak behavioral proxy at best."
13_24h_r_fio2_measured,0.01,More frequent FiO2 recording reflects monitoring intensity rather than a causal pathway to AKI. Keep very low to avoid capturing documentation artifacts.
25_36h_r_fio2_measured,0.02,Measurement frequency mainly reflects clinician concern/acuity rather than a direct renal mechanism. Higher monitoring may correlate with sicker patients but is nonspecific for AKI.
0_12h_r_vent_resp_rate_set_mean,0.01,Set respiratory rate is largely a ventilation management choice and only indirectly relates to renal perfusion via acid-base/hemodynamics. In the immediate 0–12h post-op period it is often protocol-driven and transient.
13_24h_r_vent_resp_rate_set_mean,0.02,"Persistently higher set rates may reflect ongoing respiratory failure/sepsis and overall severity, which can increase AKI risk indirectly. Mean is also collinear with extremes and less informative for acute insults."
0_12h_r_vent_resp_rate_set_max,0.03,"A high maximum set rate can indicate acute ventilatory demand (acidosis/hypercapnia) and greater physiologic stress, indirectly associated with AKI. Early post-op values are commonly transient, so kept conservative."
13_24h_r_vent_resp_rate_set_max,0.04,"A higher maximum set rate in the trajectory phase may signal persistent shock/respiratory failure and higher illness severity, indirectly increasing AKI risk. Max better captures episodic deterioration than mean."
0_12h_r_vent_resp_rate_set_min,0.01,Low minimum set rate is usually due to sedation/weaning strategy rather than a renal insult. It has weak and nonspecific linkage to AKI.
13_24h_r_vent_resp_rate_set_min,0.01,Minimum set rate mainly reflects ventilator strategy and sedation rather than kidney perfusion. It is not an established predictor of postoperative AKI.
0_12h_r_vent_resp_rate_set_measured,0.01,Measurement frequency is a care-process variable and not a physiologic driver of AKI. In the first 12 hours it is typically routine charting.
13_24h_r_vent_resp_rate_set_measured,0.02,"More frequent documentation may reflect instability and clinician concern, which can correlate with AKI risk but is nonspecific. Capped low as a behavioral proxy."
25_36h_r_vent_resp_rate_set_measured,0.03,"Increased measurement frequency closer to outcome may indicate ongoing instability/ventilator adjustments and higher acuity, indirectly associated with AKI. Still a process measure, so kept <0.05."
0_12h_r_vent_tidal_volume_set_mean,0.01,Set tidal volume is primarily a lung-protective strategy variable and only indirectly affects kidneys via hemodynamics/ventilator-induced effects. Early post-op settings are often standardized.
13_24h_r_vent_tidal_volume_set_mean,0.02,"Higher sustained tidal volumes may reflect worse lung mechanics and can contribute to inflammatory/hemodynamic stress, indirectly linked to AKI. Mean is less informative than extremes and thus kept low."
25_36h_r_vent_tidal_volume_set_mean,0.03,"Persistently higher tidal volume settings closer to hour 60 may indicate ongoing respiratory failure and higher severity, indirectly increasing AKI risk. Mean is still a management variable, so modest weight."
0_12h_r_vent_tidal_volume_set_max,0.03,"A high maximum tidal volume may capture episodes of non–lung-protective ventilation or poor compliance, which can worsen hemodynamics/inflammation and indirectly relate to AKI. Conservative due to immediate post-op transience."
13_24h_r_vent_tidal_volume_set_max,0.04,"Higher maximum tidal volume in 13–24h may reflect persistent ventilatory difficulty and greater systemic stress, indirectly associated with AKI. Max is preferred over mean to reduce collinearity and capture episodic risk."
25_36h_r_vent_tidal_volume_set_max,0.05,A high maximum tidal volume in the 25–36h window may indicate ongoing severe respiratory failure or poor compliance with potential hemodynamic/inflammatory consequences that can contribute to AKI. Chosen as the most informative aggregation among tidal-volume summaries while keeping sparsity.
0_12h_r_vent_tidal_volume_set_min,0.01,Set tidal volume is primarily a ventilation strategy variable and only indirectly relates to AKI via severity of lung disease/ventilator intensity. In the immediate 0–12h post-op period it is often protocol-driven and transient.
13_24h_r_vent_tidal_volume_set_min,0.01,Minimum set tidal volume reflects ventilator management rather than renal perfusion; any association with AKI is indirect through overall illness severity. Collinear with other ventilator settings and not a direct kidney insult marker.
25_36h_r_vent_tidal_volume_set_min,0.02,"Persistently low set tidal volumes may indicate ongoing respiratory failure/ARDS and higher systemic inflammation, which can correlate with AKI risk. Still an indirect predictor compared with hemodynamics/renal labs."
0_12h_r_vent_tidal_volume_set_measured,0.005,"Measurement frequency mainly reflects documentation/monitoring intensity rather than physiology. Early post-op ventilator settings are routinely charted, so this is a weak acuity proxy."
13_24h_r_vent_tidal_volume_set_measured,0.005,How often tidal volume is recorded is largely workflow-driven and not mechanistically linked to AKI. At most it weakly reflects clinical attention to ventilator management.
25_36h_r_vent_tidal_volume_set_measured,0.01,"More frequent ventilator setting documentation may weakly indicate instability or ongoing critical illness, which can co-occur with AKI. Still a behavioral proxy and should remain low."
0_12h_r_vent_peep_mean,0.03,"Higher mean PEEP can reduce venous return and renal perfusion and increase renal venous congestion, but early post-op PEEP is often standardized. Mean is also less informative than extremes for acute hemodynamic impact."
13_24h_r_vent_peep_mean,0.04,Sustained higher PEEP in the trajectory phase may reflect ongoing hypoxemia and can contribute to reduced cardiac output/renal perfusion. Mean remains a smoothed measure and is less specific than max PEEP.
25_36h_r_vent_peep_mean,0.05,Persistently elevated mean PEEP closer to the outcome can signal ongoing respiratory failure and sustained cardiopulmonary interactions that predispose to AKI. Kept modest due to indirectness and collinearity with PEEP max.
0_12h_r_vent_peep_max,0.06,"High peak PEEP can acutely impair preload/cardiac output and worsen renal perfusion, a plausible trigger for AKI. Capped by the 0–12h epoch limit and because early PEEP changes may be transient."
13_24h_r_vent_peep_max,0.1,"Maximum PEEP during 13–24h can capture episodes of severe hypoxemia/ARDS management and associated hemodynamic compromise, which are established AKI risk contexts. Max is preferred over mean/min to reduce collinearity and capture insult severity."
25_36h_r_vent_peep_max,0.14,High maximum PEEP in the 25–36h leading window can indicate persistent severe lung pathology and/or aggressive ventilatory support with potential renal hypoperfusion/venous congestion. This extreme is the most informative PEEP aggregation for AKI risk.
0_12h_r_vent_peep_min,0.01,Minimum PEEP is not a known trigger for AKI and often reflects baseline ventilator settings rather than pathology. It is also less informative than max PEEP for hemodynamic stress.
13_24h_r_vent_peep_min,0.01,Low minimum PEEP generally does not indicate renal risk and is heavily influenced by ventilator protocols and weaning practices. Provides little incremental information beyond max/mean PEEP.
25_36h_r_vent_peep_min,0.01,Minimum PEEP late is more reflective of weaning strategy than kidney-relevant physiology. Any association with AKI would be weak and confounded by overall recovery.
0_12h_r_vent_peep_measured,0.005,"PEEP measurement frequency is primarily a documentation/monitoring artifact and not a physiologic driver of AKI. In the immediate post-op period it is routinely charted, limiting its value as an acuity signal."
13_24h_r_vent_peep_measured,0.01,Measurement frequency mainly reflects clinician attention/acuity rather than a physiologic driver of AKI. Keep low to avoid behavioral-proxy noise and collinearity.
25_36h_r_vent_peep_measured,0.015,"More frequent PEEP documentation may correlate with respiratory instability and higher illness severity, but it is not a direct renal mechanism. As a _measured feature it should remain <0.05."
0_12h_r_vent_plateau_pressure_mean,0.01,Early post-op averages are heavily influenced by transient ventilator adjustments and anesthesia effects. Mean plateau pressure is less informative than extremes for hemodynamic/venous return impact.
13_24h_r_vent_plateau_pressure_mean,0.02,"Sustained higher plateau pressures can reduce venous return and cardiac output, indirectly affecting renal perfusion, but mean is still less specific than extremes. Trajectory-phase cap keeps this modest."
0_12h_r_vent_plateau_pressure_max,0.04,"High plateau pressures can increase intrathoracic pressure and impair renal perfusion via reduced cardiac output/venous congestion, but in 0–12h this may be transient post-op. Use max over mean/min as the most pathologic signal."
13_24h_r_vent_plateau_pressure_max,0.07,Persistently high plateau pressures in the 13–24h window suggest ongoing lung injury/poor compliance and higher intrathoracic pressures that can worsen renal perfusion. Max captures acute harmful episodes better than mean/min.
0_12h_r_vent_plateau_pressure_min,0.01,Low plateau pressure is not a typical trigger for AKI and mainly reflects ventilator settings/compliance when stable. Also redundant given max is the more pathologic aggregation.
13_24h_r_vent_plateau_pressure_min,0.01,Minimum plateau pressure is not mechanistically linked to AKI and is less informative than maxima for hemodynamic compromise. Kept minimal to reduce collinearity with other plateau summaries.
0_12h_r_vent_plateau_pressure_measured,0.01,"Frequency of plateau pressure measurement reflects clinician concern/ventilator management rather than renal physiology. As a behavioral proxy in the immediate post-op period, it should be very low."
13_24h_r_vent_plateau_pressure_measured,0.015,"More frequent plateau checks may indicate respiratory instability and higher severity, indirectly associated with AKI risk. Still a _measured feature and should remain <0.05."
25_36h_r_vent_plateau_pressure_measured,0.02,"Ongoing frequent plateau measurements late suggest persistent ventilatory difficulty and severity, which can correlate with AKI risk. However it remains a behavioral proxy and is capped low."
0_12h_r_vent_minute_ventilation_mean,0.01,"Minute ventilation in the first 12h is often protocol-driven and influenced by sedation/temperature, with weak direct linkage to renal injury. Mean is also less informative than extremes for acute derangements."
13_24h_r_vent_minute_ventilation_mean,0.02,"Higher sustained minute ventilation may reflect metabolic acidosis/sepsis or increased dead space, indirectly associated with AKI risk, but it is nonspecific. Mean is kept low to avoid redundancy with max/min."
0_12h_r_vent_minute_ventilation_max,0.03,"Episodes of very high minute ventilation can signal acidosis or respiratory distress, which may accompany shock states affecting kidneys, but early post-op changes are often transient. Max is preferred over mean/min as the pathologic signal."
13_24h_r_vent_minute_ventilation_max,0.05,"High minute ventilation peaks in 13–24h may indicate evolving acidosis/critical illness that increases AKI risk via systemic hypoperfusion/inflammation. Max captures clinically meaningful episodes better than mean/min, but remains indirect."
0_12h_r_vent_minute_ventilation_min,0.01,Low minute ventilation is usually due to sedation/ventilator strategy and is not a direct AKI trigger. Also redundant given max better captures concerning physiology.
13_24h_r_vent_minute_ventilation_min,0.03,"Low minute ventilation can reflect hypoventilation/acidosis and overall instability, which may correlate with AKI risk, but it is indirect and often confounded by ventilator management. Using the minimum captures an extreme, but respiratory variables are not primary renal predictors."
0_12h_r_vent_minute_ventilation_measured,0.01,Measurement frequency mainly reflects monitoring intensity and routine ventilator charting in the immediate post-op period rather than renal physiology. Early (0–12h) values are also heavily influenced by transient post-bypass effects.
13_24h_r_vent_minute_ventilation_measured,0.01,This is a behavioral/acuity proxy (how often it was recorded) and is not a direct mechanism for AKI. Ventilator monitoring frequency is common in ICU care and weakly specific for impending renal injury.
25_36h_r_vent_minute_ventilation_measured,0.02,"Later increased measurement frequency may indicate ongoing respiratory instability and higher acuity, which can co-occur with AKI, but it remains nonspecific. As a _measured feature it should stay low to avoid over-weighting care-process signals."
0_12h_respiratory_therapy_o2_device_mean,0.01,Average oxygen device level in the first 12 hours is largely driven by routine post-op ventilation/weaning practices and is not a direct AKI driver. Mean aggregation further dilutes brief hypoxemic insults.
13_24h_respiratory_therapy_o2_device_mean,0.02,"Persistent need for higher oxygen support can reflect cardiopulmonary dysfunction and systemic illness severity associated with AKI, but the link is indirect. Mean device level is less informative than extremes for acute insults."
25_36h_respiratory_therapy_o2_device_mean,0.03,"Ongoing higher oxygen support closer to the outcome suggests unresolved cardiopulmonary failure and higher illness severity, which increases AKI risk via hypoperfusion/inflammation. Still indirect and management-dependent, so kept low."
0_12h_respiratory_therapy_o2_device_max,0.04,"A maximum oxygen device requirement may capture episodes of severe hypoxemia/respiratory failure, which can contribute to renal hypoxia and AKI risk. In 0–12h this is often transient post-op, so conservatively scored."
13_24h_respiratory_therapy_o2_device_max,0.05,"Peak oxygen support in 13–24h can indicate evolving respiratory/cardiac failure and higher systemic stress, which is associated with AKI. Max captures the extreme better than mean/min, but remains an indirect predictor."
25_36h_respiratory_therapy_o2_device_max,0.07,"High peak oxygen device requirement in the 25–36h window suggests significant ongoing respiratory failure and/or low cardiac output states, which are linked to renal hypoperfusion and AKI. Max is the most pathophysiologically relevant aggregation among device summaries."
0_12h_respiratory_therapy_o2_device_min,0.01,Minimum oxygen device level mostly reflects periods of stability or weaning and is not a trigger for AKI. It is also highly protocol- and practice-dependent in the immediate post-op window.
13_24h_respiratory_therapy_o2_device_min,0.01,Minimum device requirement is a weak marker of illness severity and does not capture hypoxemic insults relevant to AKI. It is less informative than the maximum for identifying respiratory decompensation.
25_36h_respiratory_therapy_o2_device_min,0.01,"Even late, the minimum oxygen device level primarily reflects best-case respiratory status and is not mechanistically linked to kidney injury. To reduce collinearity with max/mean device features, it is kept minimal."
0_12h_respiratory_therapy_o2_device_measured,0.01,Frequency of documenting oxygen device is a care-process variable and common in routine post-op management. It is not a direct physiologic predictor of creatinine rise and should be down-weighted.
13_24h_respiratory_therapy_o2_device_measured,0.01,"This reflects monitoring intensity rather than renal perfusion or nephrotoxicity. Any association with AKI would be via nonspecific acuity, so it remains very low."
25_36h_respiratory_therapy_o2_device_measured,0.02,"More frequent oxygen device documentation later may indicate ongoing respiratory instability and higher acuity, which can correlate with AKI, but it is nonspecific. As a _measured feature it is capped low to avoid bias from clinician behavior."
0_12h_r_chest_tube_output_mean,0.03,"Higher average chest tube output can reflect ongoing bleeding/transfusion needs that may contribute to renal hypoperfusion, but early post-op output is often transient and nonspecific. Mean is also less informative than peak output for acute insult."
13_24h_r_chest_tube_output_mean,0.04,Persistently elevated average drainage may indicate continued bleeding/inflammation with hemodynamic consequences that can raise AKI risk. Still indirect and less specific than maximum output.
25_36h_r_chest_tube_output_mean,0.05,"Ongoing average chest tube losses closer to the outcome can signal sustained volume loss and need for vasoactive support, indirectly increasing AKI risk. Capped to limit redundancy with max output as the more pathologic aggregation."
0_12h_r_chest_tube_output_max,0.08,"A high peak chest tube output in the immediate post-op period suggests acute bleeding with potential hypotension/transfusion and renal hypoperfusion. In 0–12h this can be common after surgery, so importance is kept conservative."
13_24h_r_chest_tube_output_max,0.12,"A high peak output in 13–24h is less expected and more concerning for ongoing bleeding/tamponade physiology or coagulopathy, which can drive renal hypoperfusion. This trajectory-phase signal is a stronger AKI risk marker than the mean."
25_36h_r_chest_tube_output_max,0.16,"A high peak chest tube output at 25–36h is a strong leading indicator of ongoing hemodynamic stress (bleeding, re-exploration risk, transfusion/vasopressors) that can precipitate AKI. Extremes best capture the acute insult relevant to creatinine rise by 60h."
0_12h_r_chest_tube_output_min,0.005,Minimum output is not a meaningful physiologic marker for AKI and may reflect measurement artifacts or periods of no drainage. It does not capture bleeding severity or renal perfusion risk.
13_24h_r_chest_tube_output_min,0.005,"Low/minimum drainage is generally not informative for AKI risk and is prone to non-physiologic influences (clamping, positioning). It adds little beyond other output summaries."
25_36h_r_chest_tube_output_min,0.005,Minimum chest tube output is not a recognized predictor of renal injury and is unlikely to reflect a mechanism affecting creatinine. Kept very low to avoid noise/collinearity.
0_12h_r_chest_tube_output_measured,0.01,"Measurement frequency mainly reflects nursing/ICU workflow rather than physiology and is not a direct AKI mechanism. Early post-op monitoring is routine, limiting prognostic value."
13_24h_r_chest_tube_output_measured,0.02,"More frequent documentation may weakly proxy concern for bleeding/instability, which can relate to AKI risk, but it remains a behavioral signal. Kept <0.05 per rule."
25_36h_r_chest_tube_output_measured,0.03,"Increased measurement frequency late may indicate ongoing concern for bleeding or deterioration, indirectly associated with AKI. Still a clinician-behavior proxy and therefore limited."
0_12h_r_pap_systolic_mean,0.03,"Elevated mean PA systolic pressure can reflect RV dysfunction/pulmonary hypertension with reduced forward flow and renal congestion, but immediate post-op values are often transient. Mean is less sensitive than extremes for acute decompensation."
13_24h_r_pap_systolic_mean,0.06,"Sustained elevation in PA systolic pressure during the trajectory phase may indicate persistent RV strain and venous congestion, which can worsen renal function. Still indirect and potentially collinear with other hemodynamic markers."
25_36h_r_pap_systolic_mean,0.09,"Persistently high PA systolic pressure close to 60h can signal ongoing RV failure/volume overload and renal venous congestion, a recognized contributor to AKI. Mean is relevant here as sustained congestion can drive kidney injury."
0_12h_r_pap_systolic_max,0.07,A high peak PA systolic pressure early may reflect acute RV afterload crisis or pulmonary hypertensive episodes that reduce renal perfusion. Scored conservatively due to common perioperative fluctuations in the first 12 hours.
13_24h_r_pap_systolic_max,0.05,"Elevated RV/pulmonary pressures can reflect RV failure and venous congestion that may impair renal perfusion, but systolic PAP is an indirect marker and collinear with other PAP summaries. In the 13–24h epoch, cap to limit redundancy."
25_36h_r_pap_systolic_max,0.07,"Late persistent high systolic PAP may indicate ongoing RV strain/volume overload and renal venous congestion, which is associated with AKI risk after cardiac surgery. Still indirect compared with MAP/urine output, so keep modest."
0_12h_r_pap_systolic_min,0.03,"Low systolic PAP early post-op may reflect low flow states or measurement/ventilation effects, but this window is often transient and noisy after CPB. Weak-to-plausible link to renal hypoperfusion, so conservative."
13_24h_r_pap_systolic_min,0.04,"A low systolic PAP in the trajectory phase can suggest low cardiac output/RV dysfunction and reduced forward flow, indirectly increasing AKI risk. Not a direct renal biomarker and likely collinear with other hemodynamic variables."
25_36h_r_pap_systolic_min,0.08,"Sustained low systolic PAP closer to outcome may indicate persistent low output or severe RV dysfunction, which can reduce renal perfusion pressure and precipitate AKI. More informative in the 25–36h leading window, but still indirect."
0_12h_r_pap_systolic_measured,0.01,"Measurement frequency mainly reflects monitoring intensity (e.g., PA catheter presence/acuity) rather than a physiologic mechanism of AKI. Early post-op monitoring is routine, so minimal prognostic value."
13_24h_r_pap_systolic_measured,0.02,"More frequent PAP documentation may indicate ongoing hemodynamic instability, but it is a behavioral proxy and highly practice-dependent. Keep low to avoid over-weighting monitoring patterns."
25_36h_r_pap_systolic_measured,0.03,"Continued frequent PAP measurements late may signal persistent shock/RV failure concern, which correlates with AKI risk, but remains an indirect clinician-behavior marker. Therefore kept <0.05."
0_12h_r_pap_diastolic_mean,0.02,"Mean diastolic PAP reflects average pulmonary vascular/left-sided filling pressures and can relate to congestion, but averages dilute acute insults. In the immediate 0–12h period, changes are often transient and less predictive."
13_24h_r_pap_diastolic_mean,0.03,"A sustained higher diastolic PAP can suggest elevated left-sided filling pressures/volume overload contributing to renal venous congestion, but mean values are less sensitive than extremes. Modest importance in 13–24h."
25_36h_r_pap_diastolic_mean,0.04,"Persistently elevated mean diastolic PAP late may indicate ongoing congestion that can worsen renal function, but mean aggregation is less specific than max/min for acute risk. Keep below 0.05 to reduce collinearity with extremes."
0_12h_r_pap_diastolic_max,0.05,"High diastolic PAP peaks can reflect acute pulmonary hypertension/left-sided congestion and correlate with venous congestion affecting kidneys, but early post-op peaks are common and transient. Capped by 0–12h maximum score constraint."
13_24h_r_pap_diastolic_max,0.08,"Peak diastolic PAP in the trajectory phase may capture clinically meaningful congestion or RV/left-sided filling pressure problems that contribute to AKI via renal venous hypertension. More informative than mean, but still indirect."
25_36h_r_pap_diastolic_max,0.12,"Late high diastolic PAP peaks are a stronger signal of persistent congestion and elevated filling pressures, which are associated with worsening renal function after cardiac surgery. Extremes best capture the pathologic insult, so higher than mean/min."
0_12h_r_pap_diastolic_min,0.01,"Low diastolic PAP minima are often driven by ventilation/measurement artifacts or transient post-CPB physiology and are not a specific AKI trigger. Weak physiologic linkage, so minimal weight."
13_24h_r_pap_diastolic_min,0.02,"Low diastolic PAP in 13–24h could reflect low preload/low flow states, indirectly affecting renal perfusion, but it is nonspecific and less informative than max values for congestion-related AKI. Keep low to limit redundancy."
25_36h_r_pap_diastolic_min,0.06,"Low diastolic PA pressure can reflect low RV preload/forward flow or vasodilation and may correlate with low cardiac output and renal hypoperfusion in the late (25–36h) window. Still indirect and often collinear with other hemodynamic markers, so kept modest."
0_12h_r_pap_diastolic_measured,0.01,"Measurement frequency mainly reflects monitoring intensity immediately post-op rather than renal physiology, and early post-bypass monitoring is routine. Capped low per rules for _measured and 0–12h epoch."
13_24h_r_pap_diastolic_measured,0.02,"More frequent PA pressure documentation may indicate ongoing hemodynamic instability, but it is a behavioral proxy and not a direct AKI mechanism. Kept <0.05 per _measured rule."
25_36h_r_pap_diastolic_measured,0.03,"Continued frequent PA pressure measurement late may signal persistent shock/need for advanced monitoring, which can associate with AKI risk. Still a proxy variable, so kept below 0.05."
0_12h_pulse_mean,0.02,"Average heart rate in the immediate post-op period is often influenced by pain, pacing, and catecholamines and is not specific for renal hypoperfusion. Mean is also less informative than extremes for acute insults."
13_24h_pulse_mean,0.03,"Sustained tachycardia can reflect ongoing stress/low stroke volume and may correlate with worse perfusion, but it remains nonspecific. Mean aggregation is likely collinear with pulse_max, so kept low."
25_36h_pulse_mean,0.04,"Persistently elevated or depressed heart rate closer to outcome can reflect ongoing hemodynamic compromise that contributes to AKI risk. Mean remains less specific than extremes, so modest weight."
0_12h_pulse_max,0.05,"Early extreme tachycardia may indicate bleeding, pain, arrhythmia, or low output states that can reduce renal perfusion, but immediate post-op transients are common. Capped at 0.10 max for 0–12h and kept modest."
13_24h_pulse_max,0.06,"Peak tachycardia during the trajectory phase can signal persistent instability (e.g., AF with RVR, low output) associated with AKI risk. Preferred over mean for capturing acute insult, so slightly higher."
25_36h_pulse_max,0.08,"Late peak tachycardia is a stronger leading indicator of ongoing shock/arrhythmia and catecholamine dependence, which can impair renal perfusion and raise AKI risk. Max captures the insult better than mean/min."
0_12h_pulse_min,0.03,"Early bradycardia may reflect pacing, conduction issues, or sedation and is not a specific AKI driver in the immediate post-op window. Extreme low HR could reduce cardiac output but is often iatrogenic early."
13_24h_pulse_min,0.04,Bradycardia in this phase may indicate conduction disease or excessive beta-blockade/pacing dependence that could reduce cardiac output and renal perfusion. Still indirect and less informative than pulse_max.
25_36h_pulse_min,0.05,"Late bradycardia may reflect low-output physiology or significant conduction problems that can compromise renal perfusion. Included modestly, but kept below pulse_max to reduce collinearity and because mechanism is less consistent."
0_12h_pulse_measured,0.01,Heart rate measurement frequency is routine in the ICU and does not represent a renal mechanism. Capped very low per _measured rule.
13_24h_pulse_measured,0.01,Pulse measurement frequency remains standard-of-care and provides little incremental prognostic information for AKI beyond the values themselves. Kept at weak-evidence level.
25_36h_pulse_measured,0.01,"Even late, pulse measurement frequency is ubiquitous and not a specific marker of impending AKI. Maintained at minimal importance per _measured rule."
0_12h_r_an_agents_o2_mean,0.01,Mean delivered O2 as an anesthetic/respiratory agent is not a direct driver of AKI; it mainly reflects routine ventilator/anesthesia management in the immediate post-op period.
0_12h_r_an_agents_o2_max,0.03,"Very high inspired O2 can be a proxy for early respiratory failure/low cardiac output, which can correlate with AKI risk, but it is indirect and highly confounded in 0–12h."
0_12h_r_an_agents_o2_min,0.02,"Low minimum inspired O2 may indicate rapid weaning/stability, indirectly suggesting lower illness severity; not a mechanistic AKI predictor."
0_12h_r_an_agents_o2_measured,0.01,Measurement frequency reflects documentation/monitoring intensity rather than renal physiology; in 0–12h it is largely routine.
13_24h_r_an_agents_o2_measured,0.01,O2 agent measurement frequency is a weak behavioral proxy for acuity and is not specific for impending AKI.
25_36h_r_an_agents_o2_measured,0.02,"More frequent O2 agent recording late may reflect ongoing ventilatory support/instability, which can correlate with AKI risk, but remains nonspecific."
0_12h_r_an_agents_n2o_mean,0.005,Nitrous oxide exposure has no established direct relationship with postoperative AKI compared with hemodynamics/nephrotoxins.
0_12h_r_an_agents_n2o_max,0.005,Peak nitrous oxide use is primarily an anesthesia practice variable and is not a recognized AKI trigger.
0_12h_r_an_agents_n2o_min,0.005,Minimum nitrous oxide use is not physiologically linked to renal hypoperfusion or tubular injury.
0_12h_r_an_agents_n2o_measured,0.005,Measurement frequency of N2O reflects anesthesia documentation rather than renal risk.
13_24h_r_an_agents_n2o_measured,0.005,"N2O measurement frequency after surgery is uncommon and, when present, is not specific for AKI risk."
25_36h_r_an_agents_n2o_measured,0.005,Late N2O measurement is unlikely to reflect a renal-relevant process and is more related to care setting/documentation.
0_12h_r_an_agents_air_mean,0.005,Mean delivered medical air is a ventilator gas-mix setting and does not directly inform renal perfusion or injury.
0_12h_r_an_agents_air_max,0.01,"Higher air delivery may simply reflect lower FiO2 requirements (less severe respiratory failure), an indirect and weak correlate of overall stability."
0_12h_r_an_agents_air_min,0.01,"Low minimum air delivery can indicate high FiO2 needs at times, indirectly reflecting severity of illness, but it is nonspecific for AKI."
0_12h_r_an_agents_air_measured,0.005,Frequency of air agent measurement is routine ventilator documentation and not a meaningful predictor of creatinine rise.
13_24h_r_an_agents_air_measured,0.005,Measurement frequency of air as an anesthetic agent is largely documentation/monitoring behavior and not a physiologic driver of AKI. In the 13–24h window it adds little beyond overall acuity.
25_36h_r_an_agents_air_measured,0.005,"A behavioral proxy for monitoring rather than a mechanism for renal injury. Even close to the outcome, it is unlikely to add specific signal for creatinine rise."
0_12h_r_an_agents_isoflurane_mean,0.01,"Isoflurane exposure may correlate with hemodynamic effects, but mean dose in the immediate post-op period is not a strong established AKI predictor. Early (0–12h) values are often transient and confounded by anesthesia course."
0_12h_r_an_agents_isoflurane_max,0.02,"Peak anesthetic requirement can reflect hemodynamic instability/vasodilation that could reduce renal perfusion, but this is indirect and highly confounded perioperatively. Kept low to avoid redundancy with other hemodynamic features."
0_12h_r_an_agents_isoflurane_min,0.005,Minimum isoflurane dose is not mechanistically linked to AKI and mostly reflects weaning/off periods. Provides little incremental information for renal risk.
0_12h_r_an_agents_isoflurane_measured,0.005,Measurement frequency reflects documentation intensity rather than renal physiology. In the immediate post-op window it is unlikely to predict later creatinine ratio.
13_24h_r_an_agents_isoflurane_measured,0.005,Counts of measurements are a weak behavioral proxy and not a direct AKI driver. Any association would be via nonspecific illness severity.
25_36h_r_an_agents_isoflurane_measured,0.005,Measurement frequency is not a physiologic marker of kidney injury and is likely redundant with other acuity indicators. Kept very low to maintain sparsity.
0_12h_r_saturated_venous_o2_mean,0.03,"Mean SvO2 reflects global oxygen delivery/consumption balance and can relate to renal hypoperfusion, but early post-CPB values are often transient. Mean is less informative than extremes for acute insult."
13_24h_r_saturated_venous_o2_mean,0.05,Persistently low average SvO2 in the trajectory phase can indicate ongoing low cardiac output/shock physiology that increases AKI risk. Still capped to reduce redundancy with SvO2 extremes and other perfusion markers.
0_12h_r_saturated_venous_o2_max,0.01,High SvO2 is less specific for renal hypoperfusion and may reflect sedation or impaired extraction rather than improved perfusion. Early maxima are not strong AKI predictors.
13_24h_r_saturated_venous_o2_max,0.01,SvO2 maxima are generally not the pathologic trigger for AKI compared with low SvO2. Any signal is indirect and nonspecific.
0_12h_r_saturated_venous_o2_min,0.08,"Low SvO2 minima capture episodes of inadequate oxygen delivery/low cardiac output that can precipitate renal ischemia. Despite the conservative 0–12h window, the extreme low value is a plausible early insult marker."
13_24h_r_saturated_venous_o2_min,0.15,"Low SvO2 minima in 13–24h suggest persistent or recurrent low-output/shock physiology, a strong driver of postoperative AKI. Extremes are prioritized over means to reduce collinearity."
0_12h_r_saturated_venous_o2_measured,0.02,"More frequent SvO2 checks may indicate clinician concern for low output or shock, but it is a behavioral proxy and nonspecific. Kept low per measurement-frequency rule."
13_24h_r_saturated_venous_o2_measured,0.03,Increased SvO2 monitoring in 13–24h can reflect ongoing hemodynamic instability and concern for perfusion deficits that relate to AKI risk. Still kept <0.05 because it is not a physiologic mechanism.
25_36h_r_saturated_venous_o2_measured,0.03,"Measurement frequency reflects clinician concern about oxygen delivery/low output, which can precede renal hypoperfusion, but it is not a physiologic value itself. Kept <0.05 per _measured rule."
0_12h_r_maintenance_iv_volume_mean,0.02,Average maintenance IV volume early post-op is largely protocol-driven and confounded by routine resuscitation; weak specificity for AKI. Mean is also less informative than extremes for renal insult.
13_24h_r_maintenance_iv_volume_mean,0.03,"Ongoing maintenance fluids may reflect evolving hemodynamics and renal perfusion strategy, but mean volume is nonspecific and collinear with max. Modest weight in trajectory phase."
25_36h_r_maintenance_iv_volume_mean,0.04,"Later maintenance fluid requirements can reflect persistent instability or attempts to support renal perfusion, but mean volume remains nonspecific. Capped low to avoid redundancy with max."
0_12h_r_maintenance_iv_volume_max,0.06,High peak maintenance IV volume in the immediate post-op window can proxy early shock/resuscitation intensity and risk of fluid overload/venous congestion affecting kidneys. Conservative due to 0–12h cap.
13_24h_r_maintenance_iv_volume_max,0.08,"A high peak maintenance fluid rate/volume during 13–24h may indicate ongoing instability or attempts to treat low perfusion, both associated with AKI risk. More informative than mean/min for capturing acute needs."
25_36h_r_maintenance_iv_volume_max,0.1,"Persistently high peak maintenance fluid volume close to the outcome can indicate continued hemodynamic compromise or fluid overload/venous congestion, both linked to AKI after cardiac surgery. Chosen as the most informative aggregation among maintenance IV summaries."
0_12h_r_maintenance_iv_volume_min,0.01,Low minimum maintenance IV volume early post-op is often due to routine pauses/line changes or protocol variation and is not a clear AKI driver. Also less pathophysiologically direct than max.
13_24h_r_maintenance_iv_volume_min,0.01,Minimum maintenance IV volume is difficult to interpret clinically (may reflect interruptions rather than deliberate restriction) and has weak linkage to renal injury. Kept at weak-evidence level.
25_36h_r_maintenance_iv_volume_min,0.02,"Very low minimum maintenance fluids late could reflect fluid restriction in congestion or improved stability, but directionality is ambiguous and nonspecific. Low importance to avoid collinearity with max/mean."
0_12h_r_maintenance_iv_volume_measured,0.01,How often maintenance IV volume is recorded is primarily workflow/documentation behavior and not a physiologic mechanism for AKI. Scored very low per _measured rule.
13_24h_r_maintenance_iv_volume_measured,0.01,Measurement frequency mainly reflects charting intensity rather than renal risk. Kept minimal per _measured rule.
25_36h_r_maintenance_iv_volume_measured,0.01,More frequent documentation may correlate with acuity but is an indirect behavioral proxy and not a direct AKI predictor. Kept very low per _measured rule.
0_12h_r_an_pap_systolic_measured,0.02,"Presence of PAP monitoring suggests higher acuity/right-heart concerns that can contribute to renal venous congestion, but this is only a monitoring indicator. Conservative due to 0–12h cap and measured/indicator nature."
13_24h_r_an_pap_systolic_measured,0.03,"Continued PAP monitoring in 13–24h may indicate persistent cardiopulmonary instability (e.g., RV failure) associated with AKI risk via low output/venous congestion. Still an indirect proxy, so kept <0.05."
25_36h_r_an_pap_systolic_measured,0.04,"PAP monitoring persisting into 25–36h suggests ongoing hemodynamic complexity (often RV dysfunction/PH) that can drive renal hypoperfusion or congestion. As a monitoring indicator rather than a value, importance remains <0.05."
0_12h_r_an_pap_diastolic_measured,0.01,"Measurement frequency mainly reflects monitoring intensity (e.g., PA catheter use) rather than a renal injury mechanism. Early post-op period is highly protocol-driven and transient."
13_24h_r_an_pap_diastolic_measured,0.02,"Ongoing need to measure PAP diastolic suggests persistent cardiopulmonary instability, which can correlate with renal hypoperfusion, but it is an indirect behavioral proxy. Kept low to avoid over-weighting monitoring practices."
25_36h_r_an_pap_diastolic_measured,0.03,"Continued PAP monitoring late (25–36h) may indicate unresolved shock/right heart dysfunction that can contribute to AKI risk, but the feature is still a measurement-frequency proxy. Scored <0.05 per rule."
0_12h_r_an_central_venous_pressure_measured,0.01,CVP measurement frequency reflects line presence/acuity rather than venous congestion itself. In the immediate post-op window this is common and not specific for AKI.
13_24h_r_an_central_venous_pressure_measured,0.02,"More frequent CVP checks can indicate concern for volume status or shock, indirectly related to AKI risk. Still primarily a clinician-behavior marker, so kept low."
25_36h_r_an_central_venous_pressure_measured,0.03,"Persistent need for CVP monitoring closer to outcome may track ongoing hemodynamic/volume management complexity associated with AKI, but it is not a physiologic CVP value. Capped below 0.05."
0_12h_r_an_etco2_mean,0.02,Mean EtCO2 is a nonspecific marker influenced by ventilation settings and perfusion; early post-op values are often transient. Indirect link to low cardiac output states that can predispose to AKI.
13_24h_r_an_etco2_mean,0.03,"Sustained lower mean EtCO2 may reflect reduced pulmonary blood flow/low cardiac output, which can reduce renal perfusion. Still indirect and potentially confounded by ventilator management."
25_36h_r_an_etco2_mean,0.05,"Later mean EtCO2 may better reflect persistent low flow states (or high dead space) closer to the AKI window, indirectly signaling impaired perfusion. Kept modest because EtCO2 is not kidney-specific."
0_12h_r_an_etco2_max,0.01,"High EtCO2 extremes are more related to hypoventilation or ventilator adjustments than renal perfusion, especially immediately post-op. Weak and nonspecific for AKI."
13_24h_r_an_etco2_max,0.01,EtCO2 maxima usually reflect ventilation changes rather than a direct renal insult. Limited mechanistic connection to AKI.
25_36h_r_an_etco2_max,0.01,"Even late, EtCO2 peaks are not established predictors of AKI and are heavily influenced by ventilator settings and sedation. Minimal renal-specific signal expected."
0_12h_r_an_etco2_min,0.06,"Low EtCO2 minima can indicate acute low cardiac output, pulmonary embolic physiology, or severe hypotension—states that can precipitate renal ischemia. Conservative due to immediate post-op transience (0–12h cap)."
13_24h_r_an_etco2_min,0.1,"Persistently low EtCO2 nadirs in the trajectory phase can reflect ongoing low-flow/shock physiology, a recognized driver of AKI after cardiac surgery. Scored higher than mean/max as the extreme better captures insult."
25_36h_r_an_etco2_min,0.15,"Late low EtCO2 nadirs are a strong leading indicator of sustained low perfusion/low cardiac output close to the 60h creatinine outcome, plausibly preceding AKI. Chosen over mean/max to reduce collinearity and emphasize extremes."
0_12h_r_an_etco2_measured,0.01,"Frequency of EtCO2 recording largely reflects routine ventilator monitoring rather than impending AKI. As a behavioral proxy in the immediate post-op period, it is not specific."
13_24h_r_an_etco2_measured,0.01,Measurement frequency mainly reflects monitoring intensity rather than a renal mechanism; ETCO2 ordering is routine on ventilated patients. Weak and indirect link to AKI risk.
25_36h_r_an_etco2_measured,0.015,"More frequent ETCO2 checks may proxy ongoing ventilatory/hemodynamic instability closer to outcome, but remains a behavioral signal. Kept low to avoid over-weighting monitoring practices."
0_12h_r_an_fio2_mean,0.02,"Higher average FiO2 suggests respiratory failure/illness severity, which can correlate with AKI via hypoxia/inflammation, but is indirect. Early post-op period is noisy and transient."
0_12h_r_an_fio2_max,0.06,"High peak FiO2 in the immediate post-op window can indicate acute hypoxemia/shock states that increase AKI risk, but early derangements are common after cardiac surgery. Capped by 0–12h max-score rule."
0_12h_r_an_fio2_min,0.01,Minimum FiO2 largely reflects weaning/ventilator strategy rather than renal perfusion injury. Weak mechanistic connection to AKI.
0_12h_r_an_fio2_measured,0.01,Frequency of FiO2 documentation is routine and reflects workflow/acuity more than kidney pathophysiology. Not a specific AKI predictor.
13_24h_r_an_fio2_measured,0.015,"More frequent FiO2 recording may indicate ongoing respiratory instability, indirectly associated with AKI risk. Still primarily a monitoring-intensity proxy, so kept <0.05."
25_36h_r_an_fio2_measured,0.02,"Closer to hour-60 outcome, frequent FiO2 checks may reflect persistent critical illness, which correlates with AKI. Remains non-physiologic (behavioral) and thus low."
0_12h_r_an_tidal_volume_mean,0.01,"Mean tidal volume is largely determined by ventilator protocol (e.g., lung-protective ventilation) and body size, with only indirect links to AKI. Early post-op variability further limits specificity."
13_24h_r_an_tidal_volume_mean,0.015,"Sustained higher tidal volumes can contribute to ventilator-induced lung injury and systemic inflammation, indirectly increasing AKI risk. Effect is modest and confounded by ventilator strategy."
25_36h_r_an_tidal_volume_mean,0.02,"Persistently non–lung-protective tidal volumes later may reflect ongoing respiratory failure and inflammatory burden associated with AKI. Still indirect and protocol-driven, so low."
0_12h_r_an_tidal_volume_max,0.03,"Peak tidal volumes may capture episodes of poor ventilator synchrony or recruitment maneuvers that can affect intrathoracic pressure and renal perfusion, but evidence is indirect. Limited by early post-op period cap."
13_24h_r_an_tidal_volume_max,0.04,"Higher maxima may indicate ongoing ventilatory stress and higher intrathoracic pressures, potentially reducing venous return/cardiac output and renal perfusion. Indirect association, kept <0.05 to avoid redundancy with mean."
25_36h_r_an_tidal_volume_max,0.05,"Later peaks in tidal volume may better reflect persistent ventilatory instability and hemodynamic effects that can worsen renal perfusion. Still not a direct AKI biomarker, capped to maintain sparsity and reduce collinearity."
0_12h_r_an_tidal_volume_min,0.01,Minimum tidal volume often reflects brief ventilator adjustments or spontaneous breathing rather than renal injury risk. No strong physiologic link to AKI.
13_24h_r_an_tidal_volume_min,0.01,Low minima are typically due to ventilator mode changes or patient effort and are not established predictors of AKI. Weak and nonspecific association.
25_36h_r_an_tidal_volume_min,0.02,Low tidal volumes mainly reflect lung-protective ventilation strategy or reduced ventilatory demand rather than a direct AKI mechanism. Any association with AKI is indirect via overall illness severity and hemodynamics.
0_12h_r_an_tidal_volume_measured,0.01,Measurement frequency is a care-process marker and not a physiologic driver of AKI. In the immediate post-op window it mostly reflects routine ventilator charting.
13_24h_r_an_tidal_volume_measured,0.01,Measurement frequency is primarily documentation intensity and does not directly predict renal injury. At 13–24h it still largely reflects standard ICU monitoring.
25_36h_r_an_tidal_volume_measured,0.02,"More frequent ventilator measurements may weakly proxy ongoing respiratory instability/acuity, which can correlate with multi-organ dysfunction including AKI. Still a behavioral marker, so kept low."
0_12h_r_an_abp_pulse_measured,0.01,ABP pulse measurement presence/frequency is a monitoring artifact rather than a renal perfusion variable. Early post-op it is near-universal and not discriminative for AKI risk.
13_24h_r_an_abp_pulse_measured,0.01,This is a process-of-care indicator and not a direct hemodynamic insult measure. It provides little incremental information beyond actual BP values.
25_36h_r_an_abp_pulse_measured,0.02,"Continued ABP pulse monitoring may weakly indicate persistent hemodynamic concern, which can be associated with AKI. As a measurement proxy (not physiology), importance remains low."
0_12h_r_an_heart_rate_measured,0.01,Heart rate measurement frequency reflects routine monitoring and documentation rather than a causal AKI pathway. In 0–12h it is expected for nearly all post-cardiac surgery patients.
13_24h_r_an_heart_rate_measured,0.01,"As a measurement-frequency feature, it is not a physiologic predictor of renal injury. It is unlikely to add signal beyond actual HR extremes/means."
25_36h_r_an_heart_rate_measured,0.02,"More frequent HR measurements may weakly proxy arrhythmia/hemodynamic instability and higher acuity, which can correlate with AKI. Still indirect and behavioral, so kept <0.05."
0_12h_r_an_abp_mean_measured,0.01,"This captures how often MAP was recorded, not whether MAP was low (the true AKI-relevant insult). In the immediate post-op period it is routine and minimally informative."
13_24h_r_an_abp_mean_measured,0.01,Measurement frequency is a weak proxy for concern and does not quantify hypotension burden. It is therefore unlikely to be a stable predictor of creatinine rise.
25_36h_r_an_abp_mean_measured,0.03,"Persistent frequent MAP documentation may indicate ongoing hemodynamic instability/vasopressor titration, which is associated with AKI risk. Still a proxy variable, so capped low."
0_12h_anesthesia_respirations_measured,0.01,Respiration measurement frequency is largely routine perioperative documentation and not mechanistically linked to AKI. Early post-op values are often transient and non-specific.
13_24h_anesthesia_respirations_measured,0.01,This is a care-process marker rather than a physiologic insult measure relevant to renal perfusion. It likely reflects charting practices more than AKI risk.
25_36h_anesthesia_respirations_measured,0.02,"More frequent respiratory documentation may weakly indicate ongoing respiratory failure/instability and higher overall acuity, which can co-occur with AKI. As a measurement-frequency proxy, importance remains low."
0_12h_anesthesia_pulse_oximetry_measured,0.005,Measurement frequency mainly reflects routine monitoring/acuity rather than a renal mechanism. In the immediate post-op window it is nearly universal and poorly discriminative for later AKI.
13_24h_anesthesia_pulse_oximetry_measured,0.006,Still largely a care-process variable; more frequent monitoring may reflect instability but is nonspecific for renal injury. Cap low to avoid over-weighting behavioral proxies.
25_36h_anesthesia_pulse_oximetry_measured,0.01,"Persistent need for frequent pulse-ox monitoring may indicate ongoing respiratory/hemodynamic instability that can contribute to renal hypoperfusion, but it remains indirect and nonspecific."
0_12h_r_tube_intake_measured,0.01,"Tube intake measurement reflects nutrition/med administration and documentation intensity, not kidney perfusion. Early post-op feeding/NG use is variable and not a strong AKI driver."
13_24h_r_tube_intake_measured,0.012,"May weakly proxy overall recovery vs. critical illness (inability to tolerate feeds), but the link to creatinine rise is indirect. Keep low for sparsity."
25_36h_r_tube_intake_measured,0.02,"Ongoing inability to advance enteral intake can correlate with severity of illness and vasopressor dependence, indirectly increasing AKI risk. Still not a direct renal marker."
0_12h_r_maintenance_iv_bolus_volume_mean,0.02,"Average bolus volume in the first 12h is a crude proxy for resuscitation needs and hemodynamic lability, but early post-bypass fluid shifts are common and transient. Mean is also less informative than extremes for acute insults."
0_12h_r_maintenance_iv_bolus_volume_max,0.05,"A large single bolus suggests acute hypotension/low cardiac output episodes requiring rescue, which can precipitate renal hypoperfusion. In 0–12h cap at 0.10 and keep at the higher end versus mean/min to reduce collinearity."
0_12h_r_maintenance_iv_bolus_volume_min,0.005,Minimum bolus volume is not clinically meaningful for AKI risk and adds redundancy with mean/max. It does not capture the pathologic insult.
0_12h_r_maintenance_iv_bolus_volume_measured,0.01,Number of bolus documentations is a care-process/acuity proxy and not a physiologic mechanism. Early post-op bolus charting is common and nonspecific.
13_24h_r_maintenance_iv_bolus_volume_measured,0.015,"More frequent bolus administration/documentation may indicate ongoing instability and attempts to support perfusion, indirectly linked to AKI. Still a behavioral proxy and should remain <0.05."
25_36h_r_maintenance_iv_bolus_volume_measured,0.03,"Continued need for repeated boluses late (25–36h) suggests persistent shock/third spacing and difficulty maintaining renal perfusion, which can precede creatinine rise. Keep below 0.05 as it remains indirect and collinear with actual hemodynamic variables not shown here."
0_12h_r_pacemaker_mean,0.03,"Need for pacing early after cardiac surgery can reflect conduction issues/low output states that may reduce renal perfusion, but early transient pacing is common. Mean pacing over 0–12h is less specific than later persistence."
13_24h_r_pacemaker_mean,0.06,"Persistent pacing requirement into 13–24h suggests ongoing cardiac dysfunction or bradyarrhythmia with potential low cardiac output, an established AKI risk factor. Moderate importance but capped by epoch (≤0.20)."
25_36h_r_pacemaker_mean,0.12,"Ongoing pacing requirement close to the outcome window can indicate sustained low cardiac output/hemodynamic compromise, a meaningful driver of renal hypoperfusion and AKI. This later epoch is more prognostic than immediate post-op pacing."
0_12h_r_pacemaker_max,0.05,"Any pacing use (max) in the first 12h may mark acute post-op instability, but it is common and often transient. Prefer max over mean for capturing the acute need while keeping within the conservative 0–12h cap."
13_24h_r_pacemaker_max,0.03,"Need for pacing can reflect conduction disease and perioperative low-output states that may reduce renal perfusion, but it is an indirect marker. In the 13–24h epoch, it is less specific for evolving AKI."
25_36h_r_pacemaker_max,0.05,Persistent pacing requirement closer to hour 60 may indicate ongoing cardiac dysfunction/low cardiac output that can contribute to renal hypoperfusion. Still indirect and non-specific for intrinsic kidney injury.
0_12h_r_pacemaker_min,0.01,"Immediate post-op pacing is common and often transient after cardiac surgery, making it a weak discriminator for later AKI. Early epoch also warrants conservative weighting."
13_24h_r_pacemaker_min,0.02,"Ongoing pacing in this window may suggest hemodynamic instability, but it remains a non-specific proxy rather than a renal biomarker. Limited incremental value over other hemodynamic features."
25_36h_r_pacemaker_min,0.04,"Continued pacing requirement in the leading-indicator window can correlate with persistent low-output physiology affecting kidney perfusion. However, it is still an indirect signal and may be collinear with other shock/vasopressor markers."
0_12h_r_pacemaker_measured,0.01,"Measurement frequency reflects monitoring intensity rather than a physiologic mechanism of AKI. In the immediate post-op period, frequent documentation is routine and not predictive."
13_24h_r_pacemaker_measured,0.02,"More frequent pacing-related documentation may reflect clinician concern about instability, but it is a behavioral proxy and non-specific for AKI. Kept low to avoid over-weighting care intensity."
25_36h_r_pacemaker_measured,0.03,"Increased monitoring/documentation late may indicate ongoing instability, which can be associated with AKI risk, but it remains indirect. Capped <0.05 per measurement-frequency rule."
0_12h_r_sled_crrt_maintenance_blood_pump_rate_measured,0.03,"Any CRRT/SLED-related maintenance activity implies severe illness and possible early renal dysfunction, but in 0–12h it may reflect prophylactic/early initiation and is less discriminative. As a measured (frequency) feature, it is kept low."
13_24h_r_sled_crrt_maintenance_blood_pump_rate_measured,0.04,"CRRT/SLED maintenance activity in this window suggests ongoing renal support needs and high AKI risk, but the feature is still a measurement-frequency proxy rather than delivered dose. Capped below 0.05."
25_36h_r_sled_crrt_maintenance_blood_pump_rate_measured,0.05,"CRRT/SLED maintenance close to the outcome strongly signals established severe AKI/renal failure trajectory, even if captured as a frequency proxy. Kept at the upper limit allowed for _measured features."
0_12h_r_an_agents_sevoflurane_measured,0.01,"Sevoflurane exposure is not a strong established driver of post-cardiac surgery AKI compared with hemodynamics and nephrotoxins. As a measured feature in the immediate post-op period, it mainly reflects routine anesthesia documentation."
13_24h_r_an_agents_sevoflurane_measured,0.01,"Sevoflurane measurement/documentation after surgery is uncommon and likely reflects charting artifacts or ongoing sedation practices, with weak mechanistic linkage to AKI. Kept minimal per _measured rule."
25_36h_r_an_agents_sevoflurane_measured,0.01,Late sevoflurane documentation is unlikely to be a causal or specific predictor of creatinine rise and may represent non-informative care patterns. Maintained at weak-evidence level.
0_12h_intravenous_intake_measured,0.01,"This is measurement frequency (documentation count) rather than actual fluid volume, and early post-op intake tracking is routine. It is therefore a weak, non-specific proxy for AKI risk."
13_24h_intravenous_intake_measured,0.02,"More frequent intake documentation may reflect higher acuity or fluid management complexity, which can correlate with AKI risk, but it is indirect and behavioral. Capped low to preserve sparsity and avoid care-intensity confounding."
25_36h_intravenous_intake_measured,0.03,"Measurement frequency reflects clinician attention/acuity rather than a direct renal mechanism. Higher monitoring may correlate with instability, but it is indirect and potentially confounded."
0_12h_r_drain_output_measured,0.01,Drain output measurement frequency is largely routine post-op care and not a direct driver of renal injury. Early (0–12h) values are especially confounded by immediate post-surgical management.
13_24h_r_drain_output_measured,0.01,"Ongoing drain monitoring is standard and does not directly reflect renal perfusion or nephrotoxicity. As a measured-count feature, it is a weak behavioral proxy at best."
25_36h_r_drain_output_measured,0.02,"Later increased drain monitoring could reflect bleeding/instability prompting closer observation, which can associate with AKI risk. Still, as a measured-count feature it remains indirect and should be kept low."
0_12h_slehs_r_arrival_time_measured,0.0,This appears to be an administrative/timing documentation element without a physiological link to AKI. It should not contribute meaningfully to predicting creatinine rise.
13_24h_slehs_r_arrival_time_measured,0.0,Administrative arrival-time documentation has no plausible mechanistic relationship to postoperative renal dysfunction. Any association would be spurious.
25_36h_slehs_r_arrival_time_measured,0.0,Administrative arrival-time documentation is not a renal risk factor or biomarker. It should be excluded from a sparse AKI model.
0_12h_cardiac_rythym_normal_sinus_mean,0.02,"Loss of sinus rhythm can correlate with low cardiac output and renal hypoperfusion, but mean sinus-rhythm proportion in the immediate post-op window is nonspecific. Early rhythm disturbances are common/transient after cardiac surgery."
13_24h_cardiac_rythym_normal_sinus_mean,0.04,Persistent non-sinus rhythm in the trajectory phase may indicate ongoing hemodynamic compromise that can reduce renal perfusion. Mean proportion is still a smoothed proxy and less specific than direct hemodynamic measures.
25_36h_cardiac_rythym_normal_sinus_mean,0.06,"In the 25–36h leading-indicator window, sustained absence of sinus rhythm may reflect ongoing atrial fibrillation/instability associated with reduced renal perfusion and AKI risk. Mean rhythm burden can capture persistent dysrhythmia over the window."
0_12h_cardiac_rythym_normal_sinus_max,0.01,A max indicator of sinus rhythm (ever in sinus) is not informative because most patients will have at least brief sinus rhythm. It is also redundant with mean/min and poorly captures pathologic burden.
13_24h_cardiac_rythym_normal_sinus_max,0.01,Ever being in sinus rhythm during the window does not distinguish clinically meaningful dysrhythmia burden. This aggregation is less pathologically relevant than sustained absence (min/mean).
25_36h_cardiac_rythym_normal_sinus_max,0.01,Max (any sinus rhythm) is insensitive to persistent atrial fibrillation or pacing dependence and adds collinearity with other rhythm summaries. It should be kept very low.
0_12h_cardiac_rythym_normal_sinus_min,0.03,"A min indicator (never in sinus at some point) can flag continuous dysrhythmia, which may impair cardiac output and renal perfusion. In 0–12h, however, rhythm instability is common and transient, so importance is capped low."
13_24h_cardiac_rythym_normal_sinus_min,0.06,Failure to achieve sinus rhythm at any point in 13–24h suggests persistent atrial fibrillation/pacing and potentially ongoing hemodynamic compromise. This is more informative than max and less redundant than including multiple rhythm aggregations.
25_36h_cardiac_rythym_normal_sinus_min,0.09,"Persistent absence of sinus rhythm in the 25–36h window is a stronger marker of ongoing instability/low effective forward flow, which can precipitate AKI. Among rhythm summaries, min best captures the pathologic extreme (sustained non-sinus) with less redundancy than max."
0_12h_cardiac_rythym_normal_sinus_measured,0.01,Measurement frequency mainly reflects monitoring intensity rather than renal physiology. Early post-op rhythm documentation is routine and not a specific AKI driver.
13_24h_cardiac_rythym_normal_sinus_measured,0.01,Counts of rhythm assessments are a behavioral/acuity proxy and are not mechanistically linked to AKI. Any association is likely confounded by overall illness severity.
25_36h_cardiac_rythym_normal_sinus_measured,0.01,Still primarily reflects monitoring practices rather than kidney perfusion or injury. Keep low to avoid over-weighting documentation frequency.
0_12h_cardiac_rythym_sinus_variant_mean,0.01,"Sinus variants generally have minimal hemodynamic impact compared with true arrhythmias. In the immediate post-bypass period, transient rhythm variation is common and weakly predictive of AKI."
13_24h_cardiac_rythym_sinus_variant_mean,0.01,Average burden of sinus variant rhythm is not a recognized AKI risk factor and is unlikely to materially affect renal perfusion. Any signal would be indirect and small.
25_36h_cardiac_rythym_sinus_variant_mean,0.02,"Persistent sinus rhythm variants late may weakly reflect ongoing physiologic stress, but they are not established drivers of renal hypoperfusion. Kept low for sparsity and limited mechanistic plausibility."
0_12h_cardiac_rythym_sinus_variant_max,0.01,A brief occurrence (max) of sinus variant rhythm in the first 12h is common and rarely causes meaningful hypotension. Not a direct AKI trigger; cap low to reduce redundancy with other rhythm features.
13_24h_cardiac_rythym_sinus_variant_max,0.02,An episode of sinus variant rhythm may correlate with instability but is not itself a strong renal insult. Use a small probability given indirect linkage.
25_36h_cardiac_rythym_sinus_variant_max,0.03,"Late episodes could be a marker of ongoing stress or evolving complications, which can accompany AKI risk. Still indirect and typically less impactful than atrial arrhythmias or hypotension."
0_12h_cardiac_rythym_sinus_variant_min,0.01,Minimum/absence indicators for sinus variant rhythm are not physiologically informative for AKI. Early post-op rhythm patterns are transient and weakly linked to renal outcomes.
13_24h_cardiac_rythym_sinus_variant_min,0.01,This aggregation is unlikely to capture a renal-relevant insult and is largely redundant with other rhythm summaries. Keep minimal to avoid collinearity.
25_36h_cardiac_rythym_sinus_variant_min,0.01,Minimum/absence of sinus variant rhythm does not indicate renal hypoperfusion or nephrotoxic exposure. Not an established predictor of creatinine rise.
0_12h_cardiac_rythym_sinus_variant_measured,0.01,"Measurement frequency reflects documentation/monitoring intensity rather than a causal pathway to AKI. In the first 12h, monitoring is near-universal and non-discriminatory."
13_24h_cardiac_rythym_sinus_variant_measured,0.01,"Counts of rhythm measurements are a weak, confounded proxy for acuity and not a direct renal risk factor. Keep below 0.05 per rule for _measured features."
25_36h_cardiac_rythym_sinus_variant_measured,0.02,"More frequent rhythm documentation late may indicate clinical concern, but it remains a behavioral proxy with substantial confounding. Assign a small probability consistent with sparsity."
0_12h_cardiac_rythym_atrial_arrhythmia_mean,0.06,"Atrial arrhythmias can reduce cardiac output and renal perfusion and often prompt vasoactive/diuretic changes that influence AKI risk. In 0–12h many episodes are transient post-op, so importance is conservative and capped by the early-epoch rule."
13_24h_cardiac_rythym_atrial_arrhythmia_mean,0.03,"Atrial arrhythmias can reflect postoperative instability and may reduce effective cardiac output, indirectly affecting renal perfusion. Mean burden is less informative than presence/episodes and is potentially collinear with max/min indicators."
25_36h_cardiac_rythym_atrial_arrhythmia_mean,0.04,Persistent atrial arrhythmia closer to the outcome window may signal ongoing hemodynamic compromise and higher AKI risk. Still an indirect marker and mean aggregation is less specific than episode presence.
0_12h_cardiac_rythym_atrial_arrhythmia_max,0.06,"Any atrial arrhythmia in the immediate postoperative period can transiently lower cardiac output and renal perfusion. However, early (0–12h) arrhythmias are common and often short-lived, so the score is conservative."
13_24h_cardiac_rythym_atrial_arrhythmia_max,0.08,Atrial arrhythmia occurring in the trajectory phase may indicate failure to stabilize and can contribute to renal hypoperfusion. Presence/episode (max) is more clinically meaningful than mean burden for AKI risk.
25_36h_cardiac_rythym_atrial_arrhythmia_max,0.1,"Atrial arrhythmia in the 25–36h leading-indicator window can reflect ongoing low-output physiology and need for vasoactive support, increasing AKI risk. Episode presence is a more specific signal than averaged burden."
0_12h_cardiac_rythym_atrial_arrhythmia_min,0.01,The minimum value for a binary arrhythmia indicator is not clinically informative (often just reflects periods without arrhythmia). It adds redundancy relative to max/presence features.
13_24h_cardiac_rythym_atrial_arrhythmia_min,0.01,Binary min largely captures time without arrhythmia and is not a meaningful AKI predictor. It is collinear with max/mean and provides little incremental information.
25_36h_cardiac_rythym_atrial_arrhythmia_min,0.01,Binary min is not physiologically interpretable as risk and is redundant with arrhythmia presence measures. It should not drive inclusion in a sparse AKI model.
0_12h_cardiac_rythym_atrial_arrhythmia_measured,0.01,"Measurement frequency reflects monitoring/labeling behavior rather than physiology and is prone to documentation artifacts. In the immediate postoperative period, high monitoring is routine and not specific for AKI risk."
13_24h_cardiac_rythym_atrial_arrhythmia_measured,0.02,"More frequent documentation may correlate with clinician concern/instability, which can co-occur with AKI risk. Still primarily a behavioral proxy and should remain low to avoid spurious associations."
25_36h_cardiac_rythym_atrial_arrhythmia_measured,0.03,Increased monitoring/documentation late may indicate ongoing instability that can precede AKI. Nonetheless it is not a direct physiologic driver and should be kept below 0.05.
0_12h_cardiac_rythym_paced_rythym_mean,0.02,"Paced rhythm often reflects conduction disease or postoperative support needs, indirectly associated with illness severity and potential low-output states. Mean pacing burden is less specific than hemodynamic variables and early pacing is common post-op."
13_24h_cardiac_rythym_paced_rythym_mean,0.03,Ongoing pacing in the trajectory phase may suggest persistent cardiac dysfunction that can impair renal perfusion. Still an indirect marker and mean aggregation is not a direct AKI predictor.
25_36h_cardiac_rythym_paced_rythym_mean,0.04,"Persistent pacing closer to hour 60 can indicate continued dependence on cardiac support and possible low cardiac output, increasing AKI risk. It remains an indirect severity marker rather than a renal biomarker."
0_12h_cardiac_rythym_paced_rythym_max,0.04,"Any pacing requirement early post-op can reflect perioperative myocardial/conduction issues and potential hemodynamic vulnerability. However, early temporary pacing is common after cardiac surgery, limiting specificity for AKI."
13_24h_cardiac_rythym_paced_rythym_max,0.05,Pacing presence in 13–24h may indicate persistent conduction/cardiac dysfunction and higher risk of renal hypoperfusion. Kept at the plausible/indirect cap given limited direct linkage to creatinine rise.
25_36h_cardiac_rythym_paced_rythym_max,0.04,Need for pacing late (25–36h) can proxy persistent conduction disease/low cardiac output states that may reduce renal perfusion. Still an indirect marker and often management-related rather than a direct AKI driver.
0_12h_cardiac_rythym_paced_rythym_min,0.01,"Early postoperative pacing is common and often transient after cardiac surgery, with weak specificity for subsequent AKI. Conservative scoring due to the 0–12h epoch and indirect mechanism."
13_24h_cardiac_rythym_paced_rythym_min,0.02,Ongoing pacing requirement in the trajectory phase may reflect hemodynamic instability that can contribute to renal hypoperfusion. However it remains a nonspecific proxy and not a direct renal biomarker.
25_36h_cardiac_rythym_paced_rythym_min,0.04,"Persistent pacing requirement closest to outcome can indicate continued conduction dysfunction and possible low output, increasing AKI risk via reduced renal blood flow. Indirect association, so kept <0.05."
0_12h_cardiac_rythym_paced_rythym_measured,0.01,Measurement frequency reflects monitoring/clinical attention rather than physiology and is highly practice-pattern dependent. In the immediate 0–12h period it is especially nonspecific for AKI.
13_24h_cardiac_rythym_paced_rythym_measured,0.02,"More frequent documentation may correlate with acuity, but it is a behavioral proxy and not mechanistically linked to kidney injury. Capped low to avoid over-weighting practice variation."
25_36h_cardiac_rythym_paced_rythym_measured,0.03,"Late increased monitoring may indicate ongoing instability, which can co-occur with AKI risk. Still primarily a clinician-behavior signal, so kept <0.05."
0_12h_cardiac_rythym_heart_block_mean,0.01,"A mean value for heart block over 0–12h is a smoothed, nonspecific representation of a typically episodic event. Early postoperative conduction issues are common and weakly predictive of AKI."
13_24h_cardiac_rythym_heart_block_mean,0.02,"Sustained/recurring heart block may relate to low cardiac output and renal hypoperfusion, but the mean aggregation dilutes clinically important episodes. Indirect predictor, kept low."
25_36h_cardiac_rythym_heart_block_mean,0.03,"Persistent heart block later may signal ongoing hemodynamic compromise relevant to renal perfusion, but mean aggregation is less informative than an extreme/any-occurrence indicator. Limited importance to reduce collinearity."
0_12h_cardiac_rythym_heart_block_max,0.03,"Any occurrence of heart block early can reflect perioperative myocardial/conduction injury and transient low output that may contribute to AKI risk. However 0–12h events are often transient, so conservative scoring."
13_24h_cardiac_rythym_heart_block_max,0.06,"Heart block occurring in 13–24h is less likely to be purely transient and may indicate ongoing low output or need for pacing/pressors, increasing AKI risk. Max/any-occurrence better captures the insult than mean."
25_36h_cardiac_rythym_heart_block_max,0.09,"Heart block in the 25–36h window can be a meaningful marker of persistent hemodynamic instability close to the creatinine outcome, plausibly reducing renal perfusion. Max/any-occurrence captures clinically relevant episodes and is the preferred aggregation."
0_12h_cardiac_rythym_heart_block_min,0.01,The min aggregation is not clinically meaningful for a binary/episodic rhythm abnormality and adds redundancy with max. Early postoperative period further reduces specificity for AKI.
13_24h_cardiac_rythym_heart_block_min,0.01,Min is a poor summary for episodic heart block and is collinear with max/mean without adding pathophysiologic signal. Kept at minimal importance.
25_36h_cardiac_rythym_heart_block_min,0.01,Min provides little interpretable information for heart block presence and is redundant with the more informative max indicator. Low score to avoid collinearity and overfitting.
0_12h_cardiac_rythym_heart_block_measured,0.02,Measurement frequency reflects monitoring/concern rather than a renal mechanism; early post-op conduction issues are common and often transient. Weak indirect link via potential low cardiac output/bradycardia.
13_24h_cardiac_rythym_heart_block_measured,0.03,"Ongoing need to document heart block can proxy persistent hemodynamic instability and pacing needs, which may reduce renal perfusion. Still a behavioral/monitoring feature, so kept low."
25_36h_cardiac_rythym_heart_block_measured,0.04,"Late persistence of heart block monitoring may indicate continued conduction disease/pacing dependence and possible low-output physiology closer to the AKI window. As a _measured proxy, capped below 0.05."
0_12h_cardiac_rythym_ischemic_st_change_mean,0.03,"Myocardial ischemia can contribute to low cardiac output and renal hypoperfusion, but mean over 0–12h may dilute brief ischemic episodes. Conservative scoring due to early post-op transient changes and collinearity with max/min."
13_24h_cardiac_rythym_ischemic_st_change_mean,0.04,"Sustained ischemic changes in the trajectory phase may reflect ongoing myocardial dysfunction affecting renal perfusion. Mean aggregation is less specific than extremes, so kept low."
25_36h_cardiac_rythym_ischemic_st_change_mean,0.05,"Persistent ischemic pattern closer to hour-60 can signal ongoing cardiac dysfunction and renal hypoperfusion. Mean is still less informative than max/min for acute insults, so capped at 0.05."
0_12h_cardiac_rythym_ischemic_st_change_max,0.08,"Peak ischemic ST changes can indicate acute myocardial ischemia with potential low-output state and renal hypoperfusion. Early window is noisy post-CPB, so capped below the 0–12h maximum."
13_24h_cardiac_rythym_ischemic_st_change_max,0.12,"Maximal ischemic episodes during 13–24h suggest ongoing myocardial injury/demand ischemia, increasing risk of hypotension and AKI. More prognostic than mean and closer to outcome."
25_36h_cardiac_rythym_ischemic_st_change_max,0.16,"Late peak ischemic ST changes are a strong indicator of ongoing cardiac ischemia/instability near the AKI development window, plausibly driving renal hypoperfusion. Max captures acute insults better than mean/measured."
0_12h_cardiac_rythym_ischemic_st_change_min,0.02,"For a binary ischemia indicator, min is typically less clinically meaningful than max (absence vs presence) and adds collinearity. Early post-op period also has frequent transient artifacts."
13_24h_cardiac_rythym_ischemic_st_change_min,0.02,Minimum of a binary ischemia flag mainly reflects periods without ischemia and is not a direct AKI driver. Retained very low to avoid redundancy with max.
25_36h_cardiac_rythym_ischemic_st_change_min,0.02,Min aggregation is not informative for capturing ischemic insults and is collinear with max/mean. Weak relationship to renal outcomes.
0_12h_cardiac_rythym_ischemic_st_change_measured,0.02,Frequency of documenting ST changes reflects monitoring intensity rather than physiology; early post-op ECG surveillance is routine. Weak proxy for acuity only.
13_24h_cardiac_rythym_ischemic_st_change_measured,0.03,"More frequent ST-change assessments may indicate clinician concern for ischemia/hemodynamic instability, indirectly linked to AKI risk. Still a behavioral proxy, so kept <0.05."
25_36h_cardiac_rythym_ischemic_st_change_measured,0.04,"Late increased monitoring for ischemia can signal ongoing instability closer to the outcome window, indirectly associated with AKI. As a _measured feature, capped below 0.05."
0_12h_cardiac_rythym_other_mean,0.01,"A nonspecific 'other rhythm' mean is difficult to interpret mechanistically and likely heterogeneous (often benign/transient post-op rhythms). Weak and non-actionable link to AKI, so minimal inclusion."
13_24h_cardiac_rythym_other_mean,0.02,Non-specific rhythm categories may correlate with overall instability but are not a direct renal perfusion marker. Mean presence is also less informative than whether an arrhythmia occurred at all.
25_36h_cardiac_rythym_other_mean,0.03,"Persistent non-sinus/other rhythms closer to the outcome can reflect ongoing hemodynamic stress that may contribute to AKI risk. However, the mean is a coarse/collinear summary compared with event occurrence."
0_12h_cardiac_rythym_other_max,0.05,"Any occurrence of an atypical rhythm early post-op can indicate acute instability, but 0–12h is often transient post-bypass and less predictive. Capped to avoid redundancy with later epochs."
13_24h_cardiac_rythym_other_max,0.07,Occurrence of an atypical rhythm in the trajectory phase may signal clinically meaningful instability and potential renal hypoperfusion. Binary max (any occurrence) is the most relevant aggregation for this feature family.
25_36h_cardiac_rythym_other_max,0.1,Any atypical rhythm in the 25–36h window can reflect ongoing hemodynamic compromise and higher AKI risk as it is temporally closer to the creatinine outcome. Max is preferred over mean/min for capturing clinically relevant events.
0_12h_cardiac_rythym_other_min,0.01,The minimum of a binary rhythm indicator is typically uninformative (often just reflects that it was absent at some point). Provides little mechanistic or prognostic value for AKI.
13_24h_cardiac_rythym_other_min,0.01,Binary min is not clinically meaningful for arrhythmia burden and is largely redundant/noisy. It does not capture severity or hemodynamic impact relevant to AKI.
25_36h_cardiac_rythym_other_min,0.01,"Binary min mainly indicates there was at least one time without the rhythm, which is not predictive of renal injury. Prefer the max indicator for any occurrence."
0_12h_cardiac_rythym_other_measured,0.01,Measurement frequency reflects monitoring/documentation behavior rather than physiology and is especially routine immediately post-op. Weak and non-specific proxy for AKI risk.
13_24h_cardiac_rythym_other_measured,0.02,"More frequent rhythm documentation may reflect clinician concern/acuity, but it is an indirect behavioral signal. Kept low to avoid over-weighting practice-pattern effects."
25_36h_cardiac_rythym_other_measured,0.03,"Increased monitoring later may indicate ongoing instability, which can correlate with AKI risk, but remains a non-physiologic proxy. Scored below 0.05 per measurement-frequency rule."
0_12h_r_vent_mode_asv_mean,0.01,Ventilator mode choice (ASV) is primarily a management strategy and not a direct driver/biomarker of AKI. Early post-op mode selection is heavily protocolized and transient.
13_24h_r_vent_mode_asv_mean,0.02,"Continued ASV use may weakly reflect respiratory status and sedation needs, indirectly relating to illness severity and renal risk. Still largely practice-pattern driven and not kidney-specific."
0_12h_r_vent_mode_asv_max,0.01,Any ASV use in the first 12 hours is common and protocol-dependent after cardiac surgery. It has minimal specific linkage to renal perfusion or nephrotoxicity.
13_24h_r_vent_mode_asv_max,0.02,"ASV use during 13–24h may indicate delayed extubation/ongoing respiratory support, indirectly associated with higher acuity and AKI risk. Still non-specific and management-dependent."
0_12h_r_vent_mode_asv_min,0.01,Binary min for ventilator mode is not clinically interpretable for AKI prediction and is largely redundant/noisy. Does not capture severity of ventilation or hemodynamic effects.
13_24h_r_vent_mode_asv_min,0.01,ASV use is not a direct renal biomarker and mainly reflects ventilator strategy rather than kidney perfusion. In the 13–24h epoch it is an indirect severity marker at best.
0_12h_r_vent_mode_asv_measured,0.01,Measurement frequency is a behavioral/monitoring proxy and not a physiologic driver of AKI. Early (0–12h) ventilator documentation is common post-op and weakly specific for renal risk.
13_24h_r_vent_mode_asv_measured,0.01,Counts of ASV entries reflect documentation/acuity rather than renal perfusion. Any association with AKI would be indirect and should be kept very small to avoid overfitting.
25_36h_r_vent_mode_asv_measured,0.02,"Later persistent need for ASV may correlate with ongoing respiratory/cardiac dysfunction and thus renal hypoperfusion risk, but it remains an indirect behavioral proxy. Kept <0.05 per rules for _measured features."
0_12h_r_vent_mode_controlled_mean,0.02,"Controlled ventilation immediately post-cardiac surgery is routine and not specific for AKI. In 0–12h, transient instability is common, so this is only a weak severity surrogate."
13_24h_r_vent_mode_controlled_mean,0.03,Ongoing controlled ventilation into 13–24h can indicate delayed recovery/illness severity that may track with AKI risk via hemodynamic compromise. Still indirect and capped low to maintain sparsity.
0_12h_r_vent_mode_controlled_max,0.03,Any use of controlled mode in the first 12h is expected after surgery and weakly discriminative for renal outcomes. As an extreme indicator it is slightly more informative than the mean but still conservative per 0–12h cap.
13_24h_r_vent_mode_controlled_max,0.05,"Any controlled ventilation during 13–24h may reflect persistent critical illness and higher risk of renal hypoperfusion/vasopressor exposure. Chosen over the mean as the less collinear, more discriminative aggregation."
0_12h_r_vent_mode_controlled_min,0.01,"The minimum (i.e., absence/lowest exposure) to controlled mode is not a plausible trigger for AKI and is largely redundant with other mode indicators. Early post-op period further limits specificity."
13_24h_r_vent_mode_controlled_min,0.01,Minimum exposure/absence of controlled ventilation is not mechanistically linked to AKI and is likely collinear with other ventilation-mode summaries. Kept at minimal importance.
0_12h_r_vent_mode_controlled_measured,0.01,Documentation frequency of controlled mode is a behavioral proxy and not a physiologic insult causing AKI. In 0–12h it mostly reflects routine charting.
13_24h_r_vent_mode_controlled_measured,0.02,"More frequent recording of controlled mode may indicate ongoing instability and clinician attention, indirectly associated with AKI risk. Still constrained <0.05 because it is a _measured feature."
25_36h_r_vent_mode_controlled_measured,0.03,Frequent documentation of controlled ventilation at 25–36h may signal persistent organ dysfunction closer to the creatinine outcome window. Remains an indirect behavioral marker and kept <0.05.
0_12h_r_vent_mode_simv_mean,0.01,SIMV use early post-op is a ventilation management choice and not a direct determinant of renal injury. Mean exposure in 0–12h is especially nonspecific.
13_24h_r_vent_mode_simv_mean,0.02,"SIMV in 13–24h may reflect weaning trajectory and overall recovery, indirectly related to AKI risk through illness severity. Mean aggregation is kept low to reduce redundancy with max indicators."
0_12h_r_vent_mode_simv_max,0.02,Any SIMV use in the first 12h is common during post-op ventilation transitions and only weakly informative for AKI. As an extreme indicator it is slightly preferable to the mean but still conservative in 0–12h.
13_24h_r_vent_mode_simv_max,0.03,"SIMV use can proxy ongoing respiratory failure/sedation needs and overall illness severity, which indirectly relates to AKI risk. Vent mode itself is not a direct renal mechanism, and this is not the closest epoch."
0_12h_r_vent_mode_simv_min,0.01,"Immediate post-op ventilator mode is heavily protocolized and transient after cardiac surgery, with weak specific linkage to renal injury. Early epoch also limits prognostic value."
13_24h_r_vent_mode_simv_min,0.02,"Persistent need for SIMV into 13–24h may reflect slower recovery and higher acuity, indirectly increasing AKI risk. Still a nonspecific marker and not a direct driver of creatinine rise."
0_12h_r_vent_mode_simv_measured,0.01,Measurement frequency reflects documentation/monitoring behavior rather than physiology and is unlikely to add renal-specific signal. Early post-op period is especially routine-driven.
13_24h_r_vent_mode_simv_measured,0.01,How often vent mode is recorded is a behavioral proxy and not a mechanistic predictor of AKI. Any association would be weak and redundant with actual respiratory/hemodynamic variables.
25_36h_r_vent_mode_simv_measured,0.02,"In the closest window, frequent documentation of SIMV may weakly proxy ongoing instability/ICU intensity, which can correlate with AKI risk. Still primarily a behavioral feature, so kept low."
0_12h_r_vent_mode_spontaneous_mean,0.02,"Spontaneous modes early may indicate faster recovery and less severe illness, indirectly associated with lower AKI risk. However, 0–12h is highly protocolized and mean aggregation is not a renal trigger."
13_24h_r_vent_mode_spontaneous_mean,0.03,"Being on spontaneous ventilation during 13–24h can reflect improving trajectory and lower overall severity, indirectly lowering AKI risk. Still nonspecific and mean aggregation adds redundancy with max/min."
0_12h_r_vent_mode_spontaneous_max,0.03,"Any time spent on spontaneous mode in the first 12h may signal early stabilization and less shock/vasopressor need, indirectly reducing AKI risk. Capped due to early epoch and indirectness."
13_24h_r_vent_mode_spontaneous_max,0.04,"Max presence of spontaneous mode in 13–24h captures whether the patient could tolerate lighter support, a proxy for improving physiology and lower AKI risk. Still indirect and not kidney-specific."
0_12h_r_vent_mode_spontaneous_min,0.01,"Minimum (i.e., absence) of spontaneous mode in 0–12h is common immediately post-op and poorly discriminates AKI risk. Early epoch and collinearity with other vent-mode indicators limit value."
13_24h_r_vent_mode_spontaneous_min,0.02,"No spontaneous ventilation throughout 13–24h may indicate persistent critical illness, indirectly increasing AKI risk. This remains a nonspecific severity marker."
0_12h_r_vent_mode_spontaneous_measured,0.01,"Recording frequency is a behavioral/documentation artifact and not a physiologic driver of renal injury. Early post-op monitoring is routine, so signal is minimal."
13_24h_r_vent_mode_spontaneous_measured,0.01,Measurement frequency is not a direct marker of kidney perfusion or injury and is likely redundant with other acuity measures. Kept very low per behavioral-proxy rule.
25_36h_r_vent_mode_spontaneous_measured,0.02,"In 25–36h, frequent documentation of spontaneous mode may weakly reflect active weaning/clinical attention and stability, indirectly related to AKI risk. Still behavioral and thus low."
0_12h_arterial_line_map_mean,0.08,Mean arterial pressure reflects renal perfusion pressure; sustained hypotension after cardiac surgery is an established AKI risk factor. Limited to <0.10 because 0–12h derangements can be transient and mean may dilute brief hypotensive insults.
13_24h_arterial_line_map_mean,0.05,"Sustained MAP relates to renal perfusion, but mean is less sensitive than hypotensive episodes for AKI risk; capped to reduce collinearity with MAP_min."
25_36h_arterial_line_map_mean,0.05,"Later sustained MAP may reflect ongoing perfusion adequacy, but extremes (MAP_min) better capture renal ischemic insult; capped for collinearity control."
0_12h_arterial_line_map_max,0.01,Hypertensive peaks are not a typical direct driver of post-cardiac surgery AKI compared with hypotension; early post-op period is also highly transient.
13_24h_arterial_line_map_max,0.01,MAP maxima are weakly linked to AKI relative to hypotension/low perfusion states and add redundancy with other MAP summaries.
25_36h_arterial_line_map_max,0.01,High MAP is generally not a primary mechanism for AKI in this setting; hypotension and low perfusion are more informative.
0_12h_arterial_line_map_min,0.1,"Hypotension episodes can directly reduce renal perfusion and precipitate ischemic tubular injury; however, in the immediate 0–12h post-op window derangements are common/transient so score is capped."
13_24h_arterial_line_map_min,0.18,Low MAP during the trajectory phase suggests persistent or recurrent hypoperfusion and is a strong established predictor of subsequent AKI.
25_36h_arterial_line_map_min,0.3,Late hypotension close to the outcome window is a direct hemodynamic insult to kidney perfusion and a leading indicator for creatinine rise/AKI.
0_12h_arterial_line_map_measured,0.01,"Measurement frequency mainly reflects monitoring intensity/acuity rather than a physiologic mechanism for AKI, and arterial lines are routine post-cardiac surgery."
13_24h_arterial_line_map_measured,0.01,Arterial MAP measurement frequency is largely standard-of-care and is a weak behavioral proxy with limited incremental AKI signal.
25_36h_arterial_line_map_measured,0.01,Continued MAP measurement frequency is not a direct renal risk factor and is typically routine in ICU patients; minimal prognostic specificity.
0_12h_diet_type_npo_mean,0.01,NPO status early after surgery is routine and not mechanistically linked to AKI beyond general illness severity; weak specificity.
13_24h_diet_type_npo_mean,0.02,"Prolonged NPO may weakly reflect delayed recovery/greater illness severity, but it is an indirect and nonspecific marker for AKI risk."
25_36h_diet_type_npo_mean,0.03,"Remaining NPO later may indicate ongoing instability or need for procedures, indirectly correlating with AKI risk, but remains nonspecific."
0_12h_diet_type_npo_max,0.01,Being NPO at any point in the first 12 hours is expected post-op and provides little discriminatory information for AKI prediction.
13_24h_diet_type_npo_max,0.02,"Any NPO status in 13–24h may weakly signal higher acuity or delayed extubation, but it is an indirect proxy and not a direct AKI driver."
25_36h_diet_type_npo_max,0.02,"NPO status late post-op is mostly a care-process marker (ventilation, ileus, instability) rather than a direct renal insult; it may weakly correlate with overall severity that predisposes to AKI."
0_12h_diet_type_npo_min,0.005,"Immediate post-cardiac surgery patients are routinely NPO, so this provides little discrimination for AKI risk in the early transient phase."
13_24h_diet_type_npo_min,0.01,"Persisting NPO into 13–24h can reflect slower recovery/acuity but remains an indirect, non-physiologic proxy for AKI risk."
25_36h_diet_type_npo_min,0.02,"Still being NPO by 25–36h may indicate ongoing critical illness (e.g., prolonged ventilation/vasopressors) that is associated with AKI, but the link is indirect."
0_12h_diet_type_npo_measured,0.005,Measurement frequency reflects documentation/ordering behavior and is not a renal mechanism; early post-op NPO documentation is routine.
13_24h_diet_type_npo_measured,0.01,More frequent NPO documentation may track clinician concern/complexity but is a weak behavioral proxy and not a direct AKI predictor.
25_36h_diet_type_npo_measured,0.015,"Late frequent NPO documentation may correlate with ongoing instability and closer monitoring, but remains a weak, non-physiologic proxy for AKI."
0_12h_diet_type_diet_mean,0.005,Diet status in the first 12h is largely protocol-driven and not mechanistically linked to renal perfusion or tubular injury.
13_24h_diet_type_diet_mean,0.01,"Average diet status may weakly reflect recovery trajectory, but it is not an established driver of postoperative creatinine rise."
25_36h_diet_type_diet_mean,0.02,"Being on a diet by 25–36h can indicate clinical stability (less shock/vasopressors), indirectly associated with lower AKI risk, but still nonspecific."
0_12h_diet_type_diet_max,0.005,Receiving any diet in the immediate 0–12h window is uncommon and more reflective of workflow than renal physiology; limited AKI relevance.
13_24h_diet_type_diet_max,0.015,"Advancing to diet by 13–24h may indicate hemodynamic stability and recovery, indirectly associated with lower AKI risk, but not a direct predictor."
25_36h_diet_type_diet_max,0.03,"Diet tolerance by 25–36h is a modest marker of overall stability (less ongoing shock/organ failure), which can correlate with lower subsequent creatinine rise."
0_12h_diet_type_diet_min,0.005,Minimum diet status early post-op is typically NPO by protocol and provides minimal information about AKI risk.
13_24h_diet_type_diet_min,0.01,"Remaining without diet through 13–24h can reflect slower recovery, but the association with AKI is indirect and weak."
25_36h_diet_type_diet_min,0.02,"No diet by 25–36h may indicate persistent critical illness (ventilation, vasopressors, complications) that is associated with AKI, but it is not a renal biomarker."
0_12h_diet_type_diet_measured,0.005,Diet documentation frequency is a care-process signal and not a physiologic driver of AKI. In the immediate 0–12h post-op period it is unlikely to add specific prognostic value for creatinine rise.
13_24h_diet_type_diet_measured,0.005,Measurement frequency reflects clinician workflow rather than renal perfusion or injury. At 13–24h it may weakly correlate with acuity but is too nonspecific for AKI prediction.
25_36h_diet_type_diet_measured,0.01,"Later documentation frequency could weakly proxy ongoing critical illness, but remains nonspecific and behavior-driven. Kept low to avoid over-weighting non-physiologic signals."
0_12h_diet_type_other_mean,0.005,Diet type category is not a direct determinant of AKI in the first 12 hours after cardiac surgery. Any association is likely confounded by illness severity and NPO status.
13_24h_diet_type_other_mean,0.01,"Diet advancement delays can reflect instability, but the link to AKI is indirect and nonspecific. Mean over the window further dilutes any signal."
25_36h_diet_type_other_mean,0.02,"Persistent inability to advance diet by 25–36h may indicate ongoing shock/ventilation or complications that increase AKI risk, but remains an indirect proxy. Mean aggregation is less informative than physiologic extremes, so kept low."
0_12h_diet_type_other_max,0.005,A binary indicator of any 'other' diet type in 0–12h is unlikely to capture renal insult mechanisms. Early post-op diet orders are commonly protocolized and transient.
13_24h_diet_type_other_max,0.01,"Presence of an 'other' diet type may weakly reflect complications or prolonged NPO, but is not an established AKI predictor. Capped low due to indirectness."
25_36h_diet_type_other_max,0.03,"By 25–36h, continued atypical diet status can proxy persistent critical illness, which is associated with AKI risk. Still indirect and non-mechanistic, so kept <0.05."
0_12h_diet_type_other_min,0.005,Minimum of a binary diet-type indicator is generally uninformative (often just reflects any time without that diet). Not physiologically linked to AKI.
13_24h_diet_type_other_min,0.005,Binary-min aggregation is not clinically meaningful for AKI risk and adds collinearity with other diet indicators. Kept at weak-evidence level.
25_36h_diet_type_other_min,0.005,"Minimum of a binary diet-type flag does not capture severity or renal perfusion changes. Maintained very low to avoid redundant, non-physiologic predictors."
0_12h_diet_type_other_measured,0.005,"How often 'other diet' is recorded is a documentation/ordering behavior signal, not a renal injury marker. In 0–12h it is especially unlikely to be informative."
13_24h_diet_type_other_measured,0.005,Measurement frequency is a weak proxy for care intensity and is not specific to AKI. Capped <0.05 per rule for _measured features.
25_36h_diet_type_other_measured,0.01,"Later frequent documentation could correlate with ongoing instability, but remains nonspecific and behavior-driven. Kept low to preserve sparsity."
0_12h_r_cardiac_regularity_regular_mean,0.03,"Cardiac rhythm regularity relates indirectly to renal perfusion (arrhythmias can reduce cardiac output and renal blood flow), but early post-op rhythm disturbances are common and transient. Mean aggregation further smooths episodic arrhythmias, so importance is kept low."
13_24h_r_cardiac_regularity_regular_mean,0.02,"Sustained regular rhythm may reflect hemodynamic stability, but it is an indirect proxy for renal perfusion and is collinear with irregularity indicators."
25_36h_r_cardiac_regularity_regular_mean,0.03,"Later sustained regular rhythm suggests stability closer to the outcome window, but it remains an indirect marker and overlaps with irregular rhythm features."
0_12h_r_cardiac_regularity_regular_max,0.01,Early postoperative rhythm regularity is common and transient; a max indicator adds little AKI-specific signal in the immediate post-op period.
13_24h_r_cardiac_regularity_regular_max,0.01,A binary max for regular rhythm is not a strong discriminator of renal risk and is redundant with mean/min regularity measures.
25_36h_r_cardiac_regularity_regular_max,0.01,Presence of any regular rhythm in the window is not AKI-specific and provides limited incremental information beyond irregularity measures.
0_12h_r_cardiac_regularity_regular_min,0.01,A min indicator for regular rhythm in the immediate post-op window is unlikely to capture meaningful renal hypoperfusion risk and is largely redundant.
13_24h_r_cardiac_regularity_regular_min,0.01,Minimum regularity is a weak proxy for arrhythmia burden and does not directly reflect renal perfusion or nephrotoxic exposure.
25_36h_r_cardiac_regularity_regular_min,0.02,"Loss of regular rhythm later could correlate with instability, but this binary minimum remains an indirect and collinear marker."
0_12h_r_cardiac_regularity_regular_measured,0.01,Measurement frequency reflects monitoring/recording behavior rather than physiology; early post-op monitoring is routine and not AKI-specific.
13_24h_r_cardiac_regularity_regular_measured,0.01,Frequency of rhythm documentation is primarily a care-process variable and only weakly related to impending AKI.
25_36h_r_cardiac_regularity_regular_measured,0.02,"Increased rhythm assessments may reflect clinical concern for instability, but it is still a behavioral proxy and not a direct renal risk marker."
0_12h_r_cardiac_regularity_irregular_mean,0.05,"Early arrhythmia burden can reduce cardiac output and renal perfusion, but immediate post-op irregularity is often transient; capped for early epoch and collinearity."
13_24h_r_cardiac_regularity_irregular_mean,0.08,Persistent irregular rhythm in the trajectory phase may indicate ongoing hemodynamic compromise and higher AKI risk via reduced renal perfusion.
25_36h_r_cardiac_regularity_irregular_mean,0.12,"Irregular rhythm burden closest to hour 60 can signal sustained low effective forward flow and renal hypoperfusion, making it a more informative leading indicator."
0_12h_r_cardiac_regularity_irregular_max,0.03,Any irregular rhythm early post-op is common and may not persist; a binary max is less informative than mean burden and is capped to reduce redundancy.
13_24h_r_cardiac_regularity_irregular_max,0.05,"Presence of any irregular rhythm in 13–24h may reflect clinically meaningful arrhythmia, but binary max is less specific than burden and kept low for collinearity control."
25_36h_r_cardiac_regularity_irregular_max,0.06,"Sustained/episodic irregular rhythm late (25–36h) can reflect atrial fibrillation or ectopy with reduced cardiac output and renal perfusion, increasing AKI risk. Use max as the best capture of any irregularity episode; keep moderate to avoid redundancy with other irregular metrics."
0_12h_r_cardiac_regularity_irregular_min,0.01,Immediate post-op rhythm irregularity is common/transient after cardiac surgery and less specific for later AKI. Min aggregation is also less clinically meaningful than presence/episodes (max).
13_24h_r_cardiac_regularity_irregular_min,0.02,"Irregular rhythm in the trajectory phase may indicate evolving hemodynamic instability, but min is not the most informative aggregation for AKI risk. Kept low to reduce collinearity with max-based irregularity features."
25_36h_r_cardiac_regularity_irregular_min,0.02,"Late irregular rhythm could relate to low output states, but the minimum value is not a strong representation of clinically relevant arrhythmia burden. Prefer max for capturing any irregularity episodes, so this is capped low."
0_12h_r_cardiac_regularity_irregular_measured,0.01,"Measurement frequency mainly reflects monitoring/clinical attention rather than a renal mechanism. In the immediate post-op window, frequent documentation is routine and not specific for impending AKI."
13_24h_r_cardiac_regularity_irregular_measured,0.02,"More frequent rhythm assessments may reflect concern for instability, but it is a behavioral proxy and nonspecific for AKI. Kept <0.05 per rule."
25_36h_r_cardiac_regularity_irregular_measured,0.03,"Increased rhythm documentation late may indicate ongoing arrhythmia management and higher acuity, indirectly associated with AKI risk. Still a proxy variable, so kept low."
0_12h_r_cardiac_regularity_other_mean,0.01,“Other” rhythm categories are heterogeneous and the mean over 0–12h is unlikely to capture a specific renal-perfusion insult. Early post-op rhythm variability is common and nonspecific.
13_24h_r_cardiac_regularity_other_mean,0.01,Averaged “other” rhythm status is difficult to interpret clinically and not an established AKI predictor. Mean aggregation further dilutes any acute hemodynamic effect.
25_36h_r_cardiac_regularity_other_mean,0.02,"Late persistent non-sinus rhythms could correlate with hemodynamic compromise, but “other_mean” is nonspecific and collinear with clearer irregularity indicators. Kept low."
0_12h_r_cardiac_regularity_other_max,0.01,"Any “other” rhythm in the first 12h is common post-op and not specific for later creatinine rise. Although max captures episodes, the category is too heterogeneous to be a strong AKI signal."
13_24h_r_cardiac_regularity_other_max,0.02,"Episodes of nonstandard rhythms in 13–24h may reflect instability, but the “other” label lacks specificity for renal hypoperfusion. Kept low to maintain sparsity."
25_36h_r_cardiac_regularity_other_max,0.03,"Late episodes of non-sinus/other rhythms can be associated with low cardiac output and vasopressor needs, indirectly increasing AKI risk. Still nonspecific compared with direct hemodynamic/renal markers, so modest."
0_12h_r_cardiac_regularity_other_min,0.01,Minimum of a heterogeneous rhythm category is not clinically interpretable for AKI prediction. Early window also has many transient rhythm changes.
13_24h_r_cardiac_regularity_other_min,0.01,Min aggregation provides little actionable information about arrhythmia burden or hemodynamic impact. Nonspecific for AKI and capped low.
25_36h_r_cardiac_regularity_other_min,0.01,"Even late, the minimum of an “other” rhythm indicator is not a meaningful representation of renal-perfusion risk. Prefer max-based episode capture; keep minimal to avoid redundancy."
0_12h_r_cardiac_regularity_other_measured,0.005,"Measurement frequency of an atypical rhythm label is a weak, behavior-driven proxy for acuity rather than a direct renal perfusion marker, and early post-op rhythm issues are often transient. Capped low per _measured rule and 0–12h conservatism."
13_24h_r_cardiac_regularity_other_measured,0.01,"Ongoing documentation of irregular rhythm may reflect hemodynamic instability (e.g., AF) that can reduce renal perfusion, but this is still an indirect, ordering/recording proxy. Kept <0.05 per _measured rule."
25_36h_r_cardiac_regularity_other_measured,0.02,"Persistent rhythm concerns closer to the outcome can indicate sustained instability and higher vasopressor/low-output risk, which can contribute to AKI. Still scored low because it is a measurement-frequency feature, not a physiologic value."
0_12h_r_heart_rate_source_monitor_pulse_ox_mean,0.02,"Mean HR in the immediate post-bypass period is often influenced by pain, temperature, and pacing and is not specific for renal hypoperfusion. Average HR is less informative than extremes for shock/arrhythmia-related AKI."
13_24h_r_heart_rate_source_monitor_pulse_ox_mean,0.03,"Sustained tachycardia can reflect ongoing stress, low stroke volume, or sepsis physiology that may impair renal perfusion, but mean HR remains nonspecific. Kept modest to avoid redundancy with HR extremes."
25_36h_r_heart_rate_source_monitor_pulse_ox_mean,0.04,Persistently elevated mean HR closer to hour 60 may signal ongoing low-output state or systemic illness associated with AKI risk. Still capped low because mean HR is an indirect marker and collinear with HR min/max.
0_12h_r_heart_rate_source_monitor_pulse_ox_max,0.05,"Early extreme tachycardia can indicate bleeding, pain, or arrhythmia, which may transiently reduce renal perfusion, but 0–12h abnormalities are common post-op. Max is preferred over mean for capturing acute insult, but capped by 0–12h max score constraint."
13_24h_r_heart_rate_source_monitor_pulse_ox_max,0.08,Recurrent or sustained tachycardic episodes in the trajectory phase can reflect ongoing hemodynamic compromise or arrhythmia burden that increases AKI risk. Max captures clinically relevant extremes better than mean.
25_36h_r_heart_rate_source_monitor_pulse_ox_max,0.1,"Late-window extreme tachycardia is a stronger leading indicator of persistent instability (e.g., AF with RVR, shock) that can impair renal perfusion and precipitate AKI. Max is prioritized as the most pathologic aggregation."
0_12h_r_heart_rate_source_monitor_pulse_ox_min,0.04,"Bradycardia episodes can reduce cardiac output and renal blood flow, but early post-op bradycardia may be pacing/medication related and transient. Min captures acute low-output risk better than mean in this window."
13_24h_r_heart_rate_source_monitor_pulse_ox_min,0.06,Bradycardic events during 13–24h may indicate conduction issues or excessive beta-blockade/sedation with potential low cardiac output and renal hypoperfusion. Min is more informative than mean for this mechanism.
25_36h_r_heart_rate_source_monitor_pulse_ox_min,0.08,"Late bradycardia can be a meaningful marker of low-output physiology or conduction failure, both associated with renal hypoperfusion and AKI. Min is the preferred aggregation for capturing this insult."
0_12h_r_heart_rate_source_monitor_pulse_ox_measured,0.005,Heart rate measurement frequency largely reflects routine monitoring intensity rather than renal pathophysiology. Scored very low per _measured rule.
13_24h_r_heart_rate_source_monitor_pulse_ox_measured,0.005,Ongoing HR measurement frequency is standard ICU care and is not a specific predictor of AKI. Kept minimal per _measured rule.
25_36h_r_heart_rate_source_monitor_pulse_ox_measured,0.005,"Even late, HR measurement frequency is primarily a care-process variable and adds little mechanistic information beyond HR values. Maintained very low importance."
0_12h_r_heart_rate_source_apical_mean,0.01,"Apical mean HR is a redundant alternative source to monitor-derived HR and is not specific for renal injury, especially in the immediate post-op period. Kept very low to reduce collinearity with other HR aggregates."
13_24h_r_heart_rate_source_apical_mean,0.03,"Sustained tachycardia can reflect ongoing stress/low effective circulating volume that may contribute to renal hypoperfusion, but mean HR is nonspecific and collinear with extremes."
25_36h_r_heart_rate_source_apical_mean,0.04,"Persistent abnormal HR closer to the outcome can signal unresolved shock/poor cardiac output affecting renal perfusion, but mean HR remains a weak, nonspecific proxy versus BP/vasopressors."
0_12h_r_heart_rate_source_apical_max,0.05,"Early postoperative peak tachycardia may indicate bleeding, pain, or low output, which can worsen renal perfusion; however, in the immediate 0–12h period this is often transient and nonspecific."
13_24h_r_heart_rate_source_apical_max,0.06,"A high HR maximum during the trajectory phase can mark evolving shock/arrhythmia burden associated with AKI risk, and is more informative than the mean for acute insults."
25_36h_r_heart_rate_source_apical_max,0.08,"Late-window peak tachycardia can reflect ongoing hemodynamic compromise (e.g., low cardiac output, sepsis, AF with RVR) that directly threatens renal perfusion, making it a modest AKI predictor."
0_12h_r_heart_rate_source_apical_min,0.04,"Early bradycardia episodes can indicate conduction issues or excessive beta-blockade with reduced cardiac output, but immediate post-op bradycardia is often procedural/transient."
13_24h_r_heart_rate_source_apical_min,0.05,Bradycardic minima in this phase may signal low output states or pacing/conduction problems that can reduce renal blood flow; still indirect without concurrent perfusion measures.
25_36h_r_heart_rate_source_apical_min,0.06,"Later bradycardia can be a marker of persistent low cardiac output or high-grade block requiring pacing, which can contribute to renal hypoperfusion and AKI risk."
0_12h_r_heart_rate_source_apical_measured,0.01,Measurement frequency mainly reflects monitoring intensity rather than physiology; in the immediate post-op period frequent checks are routine and not specific for impending AKI.
13_24h_r_heart_rate_source_apical_measured,0.02,"More frequent HR documentation may reflect clinician concern/instability, but it is a weak behavioral proxy and highly confounded by ICU workflow."
25_36h_r_heart_rate_source_apical_measured,0.03,"Increased measurement frequency can indicate ongoing instability closer to the outcome, yet it remains an indirect, practice-pattern feature and should be kept low for sparsity."
0_12h_r_heart_rate_source_peripheral_mean,0.02,"Peripheral mean HR provides little additional physiologic information beyond apical HR and is nonspecific for renal injury, especially in the immediate post-op window."
13_24h_r_heart_rate_source_peripheral_mean,0.01,This is largely redundant with other HR summaries and does not directly capture renal perfusion or injury; keep low to reduce collinearity.
25_36h_r_heart_rate_source_peripheral_mean,0.01,"Peripheral mean HR is redundant with apical HR features and is a weak, nonspecific marker for AKI compared with perfusion/vasopressor/lactate/urine output variables."
0_12h_r_heart_rate_source_peripheral_max,0.02,Peripheral HR maxima may reflect acute stress but are redundant with apical maxima and early post-op tachycardia is commonly transient.
13_24h_r_heart_rate_source_peripheral_max,0.03,"A peripheral HR peak may indicate instability/arrhythmia burden, but it is collinear with apical HR max and remains an indirect predictor of AKI."
25_36h_r_heart_rate_source_peripheral_max,0.005,"Peripheral HR source mainly reflects monitoring modality (e.g., lack of arterial line) rather than renal physiology. Any association with AKI would be indirect via overall acuity and should be kept very small."
0_12h_r_heart_rate_source_peripheral_min,0.003,"In the immediate post-op window, HR source choice is routine and highly confounded by OR/ICU workflow. It is not a mechanistic driver of AKI."
13_24h_r_heart_rate_source_peripheral_min,0.004,Monitoring source remains a care-process variable with weak physiologic linkage to kidney injury. At most it proxies stability/line removal decisions.
25_36h_r_heart_rate_source_peripheral_min,0.006,"By 25–36h, being on peripheral monitoring could weakly indicate lower acuity (or conversely loss of invasive monitoring), but it is still not a direct AKI predictor. Keep low to avoid over-weighting process-of-care signals."
0_12h_r_heart_rate_source_peripheral_measured,0.01,Measurement frequency is a behavioral/acuity proxy and not a renal mechanism; early post-op monitoring intensity is near-universal. Cap low per rules for _measured features.
13_24h_r_heart_rate_source_peripheral_measured,0.015,"More frequent peripheral HR documentation may reflect instability or nursing workload, but remains indirect for AKI. Keep below 0.05 as a suspicion/acuity proxy."
25_36h_r_heart_rate_source_peripheral_measured,0.02,"Increased monitoring frequency closer to outcome can correlate with clinical deterioration that also predisposes to AKI, but it is still non-specific. Retain a small probability as an acuity proxy."
0_12h_r_oxygen_device_mechanical_mean,0.03,Mechanical ventilation early post-cardiac surgery is common and often transient; mean exposure in 0–12h is weakly informative. Any AKI link is indirect via severity of illness/hemodynamics.
13_24h_r_oxygen_device_mechanical_mean,0.06,"Ongoing mechanical ventilation into 13–24h suggests slower recovery and higher illness severity, which is associated with AKI risk. Use modest weight but below the epoch cap."
25_36h_r_oxygen_device_mechanical_mean,0.12,"Persistent mechanical ventilation at 25–36h is a strong marker of ongoing critical illness (often with vasopressors, inflammation, fluid overload) that increases AKI risk. This is a relatively informative leading indicator though still indirect."
0_12h_r_oxygen_device_mechanical_max,0.02,A max indicator of mechanical ventilation in 0–12h is nearly ubiquitous post-op and poorly discriminative for AKI. Keep low and prefer later-epoch persistence over early extremes.
13_24h_r_oxygen_device_mechanical_max,0.04,Any mechanical ventilation during 13–24h is more informative than in 0–12h but still overlaps with the mean/persistence signal. Cap to reduce collinearity with the mean feature.
25_36h_r_oxygen_device_mechanical_max,0.05,"Presence of mechanical ventilation at any point in 25–36h indicates ongoing respiratory failure/critical illness, associated with AKI. Capped to avoid redundancy with the more informative mean persistence measure."
0_12h_r_oxygen_device_mechanical_min,0.01,A min indicator for mechanical ventilation in 0–12h is difficult to interpret clinically and largely reflects documentation/transition timing. It has minimal specific linkage to AKI.
13_24h_r_oxygen_device_mechanical_min,0.015,Minimum status for mechanical ventilation in 13–24h is a weak proxy for continuous ventilation vs intermittent documentation. Keep low due to ambiguity and collinearity with mean/max.
25_36h_r_oxygen_device_mechanical_min,0.02,"If interpreted as being mechanically ventilated throughout 25–36h, it could indicate persistent critical illness, but this is better captured by the mean feature. Keep low to limit redundancy."
0_12h_r_oxygen_device_mechanical_measured,0.02,Mechanical ventilation early post-cardiac surgery is common and only indirectly relates to AKI via illness severity/hemodynamics; measurement frequency is a weak behavioral proxy.
13_24h_r_oxygen_device_mechanical_measured,0.03,"Ongoing mechanical ventilation into 13–24h suggests slower recovery and higher acuity, which can correlate with renal hypoperfusion, but this is still indirect and measured-count is non-physiologic."
25_36h_r_oxygen_device_mechanical_measured,0.04,"Persistent mechanical ventilation by 25–36h can indicate cardiopulmonary instability and higher AKI risk, but the feature reflects measurement frequency rather than a direct renal mechanism."
0_12h_r_oxygen_device_none_mean,0.01,Being on no oxygen device in the immediate 0–12h window is not a direct driver of AKI and is heavily confounded by routine post-op practice.
13_24h_r_oxygen_device_none_mean,0.02,"No oxygen requirement during 13–24h may reflect clinical stability and indirectly lower AKI risk, but it is not a renal-specific predictor and mean aggregation is redundant with extremes."
25_36h_r_oxygen_device_none_mean,0.03,"No oxygen device by 25–36h suggests recovery and lower overall severity, which can correlate with less AKI, but it remains an indirect marker and mean is not the best pathology-capturing aggregation."
0_12h_r_oxygen_device_none_max,0.02,"Any period off oxygen in 0–12h may indicate early stability, but immediate post-op extubation patterns are variable; max is preferred over mean/min but still weakly linked to AKI."
13_24h_r_oxygen_device_none_max,0.03,Having any time on room air/no device in 13–24h suggests improving trajectory and indirectly lower AKI risk; still non-specific.
25_36h_r_oxygen_device_none_max,0.04,"Any time on no oxygen device in 25–36h is a stronger indicator of cardiopulmonary stability near the outcome window, indirectly associated with lower AKI risk."
0_12h_r_oxygen_device_none_min,0.01,"Minimum value for 'none' (i.e., any need for oxygen) in 0–12h is expected post-op and not specific for renal injury; also collinear with other oxygen-device summaries."
13_24h_r_oxygen_device_none_min,0.02,"Needing oxygen at some point in 13–24h can reflect ongoing illness severity, which may correlate with AKI, but this binary minimum is a weak and collinear proxy."
25_36h_r_oxygen_device_none_min,0.03,"Continued oxygen requirement into 25–36h can indicate persistent cardiopulmonary dysfunction and higher AKI risk, but this remains indirect and overlaps with other oxygen-device features."
0_12h_r_oxygen_device_none_measured,0.01,Measurement frequency of oxygen device documentation is primarily workflow/monitoring intensity and provides little mechanistic information for AKI prediction.
13_24h_r_oxygen_device_none_measured,0.02,"More frequent documentation may reflect higher acuity, but it is a behavioral proxy and not a direct physiologic predictor of creatinine rise."
25_36h_r_oxygen_device_none_measured,0.02,Documentation frequency near 25–36h may track ICU intensity rather than renal physiology; weak indirect association at best.
0_12h_r_oxygen_device_low_flow_mean,0.02,"Low-flow oxygen use in 0–12h reflects respiratory support needs and overall severity, which can correlate with AKI risk, but it is indirect and early post-op patterns are transient (conservative scoring)."
13_24h_r_oxygen_device_low_flow_mean,0.01,Low-flow oxygen use is a nonspecific marker of respiratory support and does not directly reflect renal perfusion or nephrotoxic exposure. Mean use is also collinear with max/min indicators and is less informative for AKI risk.
25_36h_r_oxygen_device_low_flow_mean,0.01,Ongoing low-flow oxygen requirement is common post-cardiac surgery and is not a direct driver of AKI. Mean aggregation is unlikely to add signal beyond more specific hemodynamic/renal markers.
0_12h_r_oxygen_device_low_flow_max,0.01,"Immediate post-op oxygen device status is heavily influenced by routine extubation/weaning practices and is weakly related to kidney injury mechanisms. In the 0–12h epoch, transient respiratory support changes are common and nonspecific."
13_24h_r_oxygen_device_low_flow_max,0.02,"Needing low-flow oxygen at any point may weakly proxy cardiopulmonary dysfunction that can correlate with renal hypoperfusion, but it is indirect. Max is preferred over mean for capturing any escalation, yet remains nonspecific."
25_36h_r_oxygen_device_low_flow_max,0.03,"Persistent need for low-flow oxygen closer to hour 60 can reflect ongoing heart failure/atelectasis and overall illness severity, which may track with AKI risk. Still an indirect marker and should remain low in a sparse model."
0_12h_r_oxygen_device_low_flow_min,0.01,Minimum low-flow oxygen use is not physiologically interpretable for AKI risk and is largely driven by routine peri-extubation care. It adds little beyond other oxygen-device indicators.
13_24h_r_oxygen_device_low_flow_min,0.01,Minimum low-flow oxygen status is not a meaningful indicator of renal hypoperfusion or nephrotoxicity. It is also collinear with other oxygen-device features without capturing a clear insult.
25_36h_r_oxygen_device_low_flow_min,0.01,"Minimum low-flow oxygen use does not capture deterioration and is not a recognized AKI predictor. It is unlikely to add incremental value beyond hemodynamics, fluids, and renal labs."
0_12h_r_oxygen_device_low_flow_measured,0.01,"Measurement frequency reflects documentation/monitoring behavior rather than a renal mechanism. In the immediate post-op period, frequent recording is routine and not specific for impending AKI."
13_24h_r_oxygen_device_low_flow_measured,0.02,"More frequent oxygen-device documentation may weakly reflect clinical concern/instability, but it is a behavioral proxy and nonspecific for AKI. Keep low to avoid over-weighting monitoring intensity."
25_36h_r_oxygen_device_low_flow_measured,0.03,"Increased monitoring/documentation closer to hour 60 can indicate higher acuity, which correlates with AKI risk, but remains indirect. As a behavioral proxy it should stay <0.05."
0_12h_r_oxygen_device_high_flow_mean,0.03,"High-flow oxygen early post-op can indicate significant respiratory/cardiac dysfunction, which may correlate with renal hypoperfusion, but causality is indirect. In 0–12h this is often transient and protocol-driven, so cap low."
13_24h_r_oxygen_device_high_flow_mean,0.05,"Ongoing high-flow requirement in the trajectory phase suggests persistent cardiopulmonary compromise and higher illness severity, which is associated with AKI. Mean is less ideal than max for capturing escalation, so keep at the indirect-link cap."
25_36h_r_oxygen_device_high_flow_mean,0.07,"High-flow oxygen requirement in the 25–36h window can reflect persistent low cardiac output/pulmonary edema and systemic hypoxia, both associated with AKI risk. Still indirect and potentially collinear with hemodynamic variables, so keep modest."
0_12h_r_oxygen_device_high_flow_max,0.05,"Any need for high-flow oxygen in the immediate post-op period may mark a more severe physiologic insult and higher risk profile, but it is not a direct renal biomarker. Max is preferred over mean for capturing escalation, within the 0–12h cap."
13_24h_r_oxygen_device_high_flow_max,0.08,"Requiring high-flow oxygen at any point during 13–24h suggests failure to stabilize and greater cardiopulmonary dysfunction, which is associated with subsequent AKI. Max captures escalation better than mean and is less redundant."
25_36h_r_oxygen_device_high_flow_max,0.04,"Need for high-flow oxygen late (25–36h) can proxy ongoing cardiopulmonary dysfunction and higher illness severity, which can worsen renal perfusion. Still indirect and not kidney-specific."
0_12h_r_oxygen_device_high_flow_min,0.01,Early (0–12h) oxygen device choice is heavily influenced by immediate post-op practice and transient respiratory issues. Weak and nonspecific link to subsequent AKI.
13_24h_r_oxygen_device_high_flow_min,0.02,Persistent need for high-flow oxygen in the trajectory phase may reflect evolving heart/lung failure and congestion affecting renal perfusion. Indirect predictor and capped for sparsity.
25_36h_r_oxygen_device_high_flow_min,0.03,"Ongoing high-flow oxygen requirement close to the outcome window suggests continued instability (e.g., low cardiac output, pulmonary edema) that can contribute to AKI. Indirect and not a direct renal biomarker."
0_12h_r_oxygen_device_high_flow_measured,0.01,"Measurement frequency reflects documentation/monitoring behavior rather than physiology, especially in the immediate post-op period. Minimal specific signal for AKI risk."
13_24h_r_oxygen_device_high_flow_measured,0.02,"More frequent recording may indicate higher acuity, but it is a behavioral proxy and not mechanistically tied to kidney injury. Kept low to avoid over-weighting practice patterns."
25_36h_r_oxygen_device_high_flow_measured,0.03,Late frequent documentation of high-flow oxygen may reflect persistent respiratory/cardiac instability and clinician concern. Still a proxy variable and should remain low.
0_12h_r_heart_block_type_degree_1_measured,0.01,First-degree AV block documentation early post-op is common and often clinically insignificant. Measurement frequency is not a direct driver of renal injury.
13_24h_r_heart_block_type_degree_1_measured,0.01,"Ongoing documentation of first-degree block is unlikely to materially affect cardiac output or renal perfusion. As a measured/proxy feature, it has weak AKI relevance."
25_36h_r_heart_block_type_degree_1_measured,0.01,Late first-degree block documentation rarely implies hemodynamic compromise sufficient to drive AKI. Measurement frequency adds little kidney-specific information.
0_12h_r_heart_block_type_degree_23_measured,0.03,"High-grade AV block can reduce cardiac output and renal perfusion, but in 0–12h it may be transient and influenced by pacing/anesthesia. As a measured proxy, keep low."
13_24h_r_heart_block_type_degree_23_measured,0.04,Persistent or recurrent high-grade block in 13–24h may indicate ongoing conduction/hemodynamic issues that can contribute to renal hypoperfusion. Still a measurement-frequency proxy rather than a direct physiologic value.
25_36h_r_heart_block_type_degree_23_measured,0.05,"Late high-grade block documentation suggests sustained conduction problems and potential low-output state, which is a plausible AKI contributor. Capped at 0.05 because it is a measured/proxy feature and collinear with other severity markers."
0_12h_r_heart_block_type_bundle_branch_block_measured,0.01,Bundle branch block is often chronic and not necessarily hemodynamically significant; early post-op documentation is nonspecific. Measurement frequency provides little AKI signal.
13_24h_r_heart_block_type_bundle_branch_block_measured,0.01,BBB documentation in this window is more reflective of baseline conduction disease and monitoring intensity than renal risk. Weak indirect association at best.
25_36h_r_heart_block_type_bundle_branch_block_measured,0.01,"Late BBB documentation is not a direct marker of low perfusion or nephrotoxicity and is often pre-existing. As a measured feature, it should remain near-null for AKI prediction."
0_12h_ionized_calcium_mean,0.02,"Ionized calcium abnormalities can reflect transfusion/citrate load and illness severity but are not a direct AKI driver. Mean is less informative than extremes for acute insults, and 0–12h is highly confounded by CPB/anesthesia."
13_24h_ionized_calcium_mean,0.03,"Persistent calcium derangements may indicate ongoing critical illness and vasopressor/transfusion needs, indirectly relating to renal hypoperfusion. Mean aggregation is still less specific than minima/maxima for AKI-relevant insults."
25_36h_ionized_calcium_mean,0.04,"Later sustained calcium abnormalities can track ongoing instability and massive transfusion/critical illness, which correlate with AKI risk. Mean remains an indirect marker rather than a mechanistic renal biomarker."
0_12h_ionized_calcium_max,0.01,Hypercalcemia is uncommon early post-cardiac surgery and is not a typical trigger for postoperative AKI. Early values are often influenced by supplementation and lab variability.
13_24h_ionized_calcium_max,0.01,Elevated ionized calcium is rarely a meaningful predictor of AKI in this setting and often reflects replacement practices. Max adds little pathophysiologic specificity for renal injury.
25_36h_ionized_calcium_max,0.01,Late hypercalcemia is not a standard AKI precursor after cardiac surgery and is more likely treatment-related. Limited direct linkage to creatinine rise.
0_12h_ionized_calcium_min,0.06,"Hypocalcemia can reflect citrate from transfusions and severe physiologic stress, which may accompany hypotension and poor perfusion relevant to AKI. Minimum better captures acute insult than mean, but early epoch is capped conservatively."
13_24h_ionized_calcium_min,0.08,"Ongoing hypocalcemia may indicate continued transfusion/critical illness and hemodynamic instability, indirectly increasing AKI risk. Minimum is the most relevant aggregation for capturing clinically significant lows."
25_36h_ionized_calcium_min,0.1,"Late persistent hypocalcemia can be a marker of ongoing shock, transfusion burden, or severe illness, which are associated with AKI. Minimum captures the clinically important derangement with less collinearity than mean/max."
0_12h_ionized_calcium_measured,0.02,Measurement frequency mainly reflects ICU monitoring/transfusion protocols rather than renal pathophysiology. Early post-op labs are routine and weakly specific for impending AKI.
13_24h_ionized_calcium_measured,0.03,"More frequent checks may reflect clinician concern about instability or ongoing transfusion, indirectly associated with AKI risk. Still primarily a behavior/acuity proxy and kept <0.05."
25_36h_ionized_calcium_measured,0.04,"Increased testing later may indicate persistent instability or metabolic derangements, which can correlate with AKI risk. As a utilization proxy, it remains weak and capped below 0.05."
0_12h_magnesium_mean,0.02,"Magnesium disturbances are common after CPB and replacement is routine; mean levels are not a direct AKI marker. Extremes would better capture clinically significant derangements, and early epoch is highly confounded."
13_24h_magnesium_mean,0.03,"Sustained magnesium abnormalities can reflect severity of illness and ongoing electrolyte management, indirectly linked to AKI risk. Mean aggregation is less specific than minima/maxima for pathologic events."
25_36h_magnesium_mean,0.04,"Later magnesium trends may track ongoing critical illness and renal handling, but mean is still an indirect signal. Association with creatinine rise is plausible but weak compared with direct renal/hemodynamic features."
0_12h_magnesium_max,0.01,Early hypermagnesemia is usually iatrogenic (replacement) and not a typical causal driver of postoperative AKI. Max in the immediate post-op window adds little specific prognostic value.
13_24h_magnesium_max,0.02,"Hypermagnesemia is usually iatrogenic (replacement/renal clearance) and is not a primary driver of AKI; it may weakly reflect evolving renal dysfunction. Max is less informative than low Mg for hemodynamic instability, so kept low to limit collinearity."
25_36h_magnesium_max,0.04,"Later hypermagnesemia can reflect reduced renal clearance and higher illness severity closer to the outcome window. Still indirect and often treatment-related, so inclusion remains low."
0_12h_magnesium_min,0.05,"Early hypomagnesemia can accompany diuresis, transfusion, and arrhythmia risk that may worsen hemodynamics, indirectly affecting renal perfusion. In the immediate post-op epoch, derangements are common/transient, so capped conservatively."
13_24h_magnesium_min,0.05,"Persistent low magnesium may indicate ongoing losses/diuretic exposure and instability, indirectly increasing AKI risk. It is not a direct renal biomarker, so kept at the plausible-link cap."
25_36h_magnesium_min,0.06,"Later hypomagnesemia may reflect ongoing diuresis, poor nutrition, or high catecholamine/diuretic needs, which can track with AKI risk via perfusion/volume effects. Still indirect, so modest weight."
0_12h_magnesium_measured,0.01,"Measurement frequency mainly reflects routine post-cardiac surgery electrolyte monitoring rather than a specific AKI mechanism. Behavioral proxy only, so minimal importance."
13_24h_magnesium_measured,0.01,Ordering frequency is largely protocolized and reflects general acuity rather than kidney-specific injury. Kept very low per measured-feature rule.
25_36h_magnesium_measured,0.02,"More frequent checks later may indicate clinician concern for instability or renal clearance issues, but remains a nonspecific behavioral proxy. Therefore kept <0.05."
0_12h_base_excess_mean,0.03,"Average base excess early is influenced by CPB, ventilation, and transfusion and may not represent sustained hypoperfusion. Mean is less sensitive than extremes for shock-related AKI, so low and conservative in 0–12h."
13_24h_base_excess_mean,0.05,"Sustained metabolic acidosis in the trajectory phase can reflect ongoing hypoperfusion/lactate burden associated with AKI risk. Mean still dilutes acute insults, so capped at plausible-link range."
25_36h_base_excess_mean,0.07,"Persistently negative base excess closer to hour 60 suggests ongoing metabolic acidosis from hypoperfusion/sepsis/renal dysfunction, which correlates with AKI risk. Mean is secondary to extremes but can capture sustained derangement in this later window."
0_12h_base_excess_max,0.01,High/positive base excess is generally not a trigger for AKI and may reflect bicarbonate administration. Also less pathophysiologically relevant than negative extremes for hypoperfusion-related AKI.
13_24h_base_excess_max,0.01,Positive base excess is not a recognized driver of postoperative AKI and is often treatment-related. Kept minimal to avoid redundancy with more informative acidosis features.
25_36h_base_excess_max,0.01,Later alkalosis/positive base excess is not a direct marker of renal hypoperfusion injury and may reflect therapy. Minimal predictive value for creatinine rise.
0_12h_base_excess_min,0.08,"Most negative base excess captures acute metabolic acidosis from hypoperfusion/low cardiac output, a known pathway to ischemic tubular injury. Despite being early and potentially transient, the extreme is the most informative aggregation, so assigned the higher end of the 0–12h cap."
13_24h_base_excess_min,0.14,"Persistently very negative base excess in 13–24h suggests ongoing shock/poor perfusion or sepsis physiology, strongly linked to subsequent AKI after cardiac surgery. Extreme value is preferred over mean for capturing injurious episodes, so given higher weight within epoch limits."
25_36h_base_excess_min,0.12,"More negative base excess (metabolic acidosis) in the 25–36h window can reflect ongoing hypoperfusion/shock or lactic acidosis, which is strongly associated with subsequent AKI after cardiac surgery. The minimum captures acute insults better than mean/max for renal risk."
0_12h_base_excess_measured,0.02,Measurement frequency mainly reflects clinician concern and routine post-op ABG monitoring rather than a direct physiologic driver of AKI. Early (0–12h) ordering is common after bypass and is less specific for later creatinine rise.
13_24h_base_excess_measured,0.02,"Test frequency is a behavioral proxy for acuity and is not a direct mechanism for AKI. In 13–24h it may reflect instability, but remains nonspecific and collinear with actual acid-base values."
25_36h_base_excess_measured,0.03,"More frequent ABGs in 25–36h may indicate persistent shock/ventilatory or metabolic derangements, which can correlate with AKI risk, but it is still an indirect proxy. Kept low to avoid over-weighting clinician behavior."
0_12h_direct_bilirubin_measured,0.01,Direct bilirubin ordering frequency is largely routine in liver disease patients and reflects monitoring rather than kidney injury physiology. In the immediate post-op period it is especially nonspecific for later creatinine changes.
13_24h_direct_bilirubin_measured,0.01,Measurement frequency is an indirect marker of illness severity and is not a direct predictor of AKI. In 13–24h it remains more reflective of hepatic monitoring practices than renal perfusion.
25_36h_direct_bilirubin_measured,0.02,"Increased bilirubin monitoring late may signal worsening cholestasis/critical illness, which can co-occur with AKI, but the frequency itself is not mechanistic. Scored low as a behavioral proxy."
0_12h_wbc_mean,0.02,Average WBC in 0–12h is influenced by surgical stress response and steroids and is weakly specific for infection-related AKI. Mean is also less informative than extremes for acute inflammatory insults.
13_24h_wbc_mean,0.03,"Persistently elevated mean WBC may suggest evolving infection/inflammation that can contribute to AKI, but it is indirect and nonspecific. Mean is down-weighted versus max/min to reduce collinearity."
25_36h_wbc_mean,0.04,"Sustained leukocytosis by 25–36h can indicate infection/SIRS, which increases AKI risk via hemodynamic and inflammatory pathways, but remains indirect. Mean is kept modest relative to extremes."
0_12h_wbc_max,0.04,"A high WBC peak early can reflect strong inflammatory response, but in 0–12h it is often transient post-bypass and less predictive of later AKI. Max is preferred over mean for capturing acute inflammatory surges."
13_24h_wbc_max,0.05,A WBC peak in 13–24h may better indicate evolving infection/SIRS than immediate post-op values and can be associated with AKI risk. Still indirect and capped to limit redundancy with other inflammatory markers.
25_36h_wbc_max,0.06,"A high WBC peak close to the outcome window can signal active infection/SIRS, which is associated with AKI through vasodilation, hypotension, and cytokine-mediated tubular injury. Max is more informative than mean for acute inflammatory burden."
0_12h_wbc_min,0.02,"Low WBC early is uncommon and may reflect hemodilution or marrow suppression, but is not a strong or specific AKI predictor in the immediate post-op period. Min is less directly linked to renal injury than hemodynamics or renal labs."
13_24h_wbc_min,0.03,"Leukopenia in 13–24h could indicate severe sepsis or bone marrow suppression and may correlate with higher AKI risk, but evidence is indirect. Kept low to avoid collinearity with WBC max/mean."
25_36h_wbc_min,0.04,"Leukopenia near 25–36h can be a marker of severe infection/critical illness, which is associated with AKI risk, but remains nonspecific. Min is scored modestly and below stronger hemodynamic/renal biomarkers."
0_12h_wbc_measured,0.01,Measurement frequency mainly reflects clinician concern/infection workup rather than renal physiology. Early post-op ordering is routine and nonspecific for AKI.
13_24h_wbc_measured,0.015,"More frequent WBC checks can proxy evolving sepsis/inflammation which can contribute to AKI, but it remains an indirect behavioral signal. Keep low to avoid over-weighting practice variation."
25_36h_wbc_measured,0.02,"Increased WBC monitoring late may indicate clinical deterioration (infection/shock) that raises AKI risk, but it is still not a physiologic biomarker. Capped low per _measured rule."
0_12h_prothrombin_time_mean,0.03,"Coagulopathy reflects liver dysfunction/bleeding risk and can correlate with illness severity, indirectly affecting renal perfusion. In the immediate post-bypass period PT abnormalities are common/transient, so conservative scoring."
25_36h_prothrombin_time_mean,0.05,"Persistently prolonged PT later suggests ongoing hepatic dysfunction/critical illness and possible bleeding/transfusion burden, which can worsen renal outcomes. Mean is less informative than extremes, so capped to limit collinearity."
0_12h_prothrombin_time_max,0.06,"A high PT early can indicate significant coagulopathy/bleeding risk and potential hemodynamic instability/transfusion exposure, which are AKI risk factors. Still capped by 0–12h maximum and early post-op transience."
25_36h_prothrombin_time_max,0.09,"A markedly prolonged PT close to the outcome window signals ongoing severe hepatic dysfunction/critical illness and higher likelihood of bleeding/transfusion and shock, all linked to AKI. Max captures the worst insult better than mean/min."
0_12h_prothrombin_time_min,0.01,Lower/normal PT is not a trigger for AKI and provides little prognostic information. Min is unlikely to capture pathology relevant to renal injury.
25_36h_prothrombin_time_min,0.01,A low/normal PT late does not indicate AKI risk and is not mechanistically linked to renal hypoperfusion or nephrotoxicity. Min adds redundancy without capturing the harmful extreme.
0_12h_prothrombin_time_measured,0.01,"PT ordering frequency is largely protocolized after cardiac surgery and reflects monitoring rather than kidney injury. Behavioral proxy only, so very low."
13_24h_prothrombin_time_measured,0.015,"More frequent PT checks may reflect bleeding/anticoagulation concerns and higher acuity, indirectly associated with AKI. Still capped low as a practice-pattern variable."
25_36h_prothrombin_time_measured,0.02,"Late frequent PT monitoring can indicate ongoing bleeding/coagulopathy management and critical illness, which correlates with AKI risk. Kept low per _measured rule."
0_12h_nucleated_red_blood_cells_mean,0.02,"NRBCs can reflect hypoxemia, inflammation, or severe physiologic stress, which may accompany renal hypoperfusion. Early post-op changes are nonspecific and mean is less sensitive than max."
13_24h_nucleated_red_blood_cells_mean,0.03,"Sustained NRBC presence suggests ongoing hypoxia/stress and higher illness severity, indirectly increasing AKI risk. Mean remains a smoothed measure, so modest score."
25_36h_nucleated_red_blood_cells_mean,0.05,"Persistent NRBCs close to hour 60 can indicate ongoing hypoperfusion/hypoxemia or systemic inflammation, which are associated with AKI. Mean is still less specific than a peak value, so capped at plausible-indirect."
0_12h_nucleated_red_blood_cells_max,0.05,"A high NRBC peak early may mark severe perioperative hypoxia/shock, which can precipitate AKI. Conservative due to 0–12h epoch cap and potential transient post-op stress response."
13_24h_nucleated_red_blood_cells_max,0.03,"Elevated NRBCs can reflect severe physiologic stress/hypoxemia or inflammation, which may correlate with multiorgan dysfunction including AKI, but it is nonspecific. In the 13–24h trajectory phase, treat as an indirect severity marker."
25_36h_nucleated_red_blood_cells_max,0.05,"Persistently high NRBCs closer to the outcome may indicate ongoing hypoxia/critical illness severity that can accompany renal hypoperfusion. Still nonspecific, so kept low to avoid over-weighting a proxy marker."
0_12h_nucleated_red_blood_cells_min,0.005,NRBC minimum is not a meaningful trigger or direct marker for AKI and is unlikely to add signal beyond other severity indicators. Early (0–12h) values are also heavily confounded by perioperative stress.
13_24h_nucleated_red_blood_cells_min,0.005,NRBC minimum is not clinically interpretable for AKI risk and mainly reflects absence of NRBCs. Provides little incremental prognostic information.
25_36h_nucleated_red_blood_cells_min,0.005,A low/zero NRBC minimum does not indicate renal injury risk and is not mechanistically linked to creatinine rise. Kept at weak-evidence level.
0_12h_nucleated_red_blood_cells_measured,0.01,Measurement frequency is primarily a behavioral proxy (ordering patterns) rather than physiology. In the immediate post-op window it is especially nonspecific for impending AKI.
13_24h_nucleated_red_blood_cells_measured,0.01,More frequent NRBC checks may reflect clinician concern/acuity but is not a direct renal-risk mechanism. Capped low per measured-feature rule.
25_36h_nucleated_red_blood_cells_measured,0.02,"Late repeated NRBC measurement may indicate ongoing critical illness prompting broader lab surveillance, which can correlate with AKI risk. Still a behavioral proxy, so kept <0.05."
0_12h_glucose_mean,0.02,"Stress hyperglycemia is associated with worse outcomes and may correlate with AKI risk, but mean glucose in the immediate post-op period is often transient and treatment-driven. Mean is also less informative than extremes for acute insult."
13_24h_glucose_mean,0.03,Sustained dysglycemia during the trajectory phase can reflect ongoing stress/inflammation and is modestly associated with AKI risk. Mean remains a smoothed metric and is not a direct renal biomarker.
25_36h_glucose_mean,0.04,"Persistently elevated glucose closer to hour 60 may indicate ongoing critical illness and insulin resistance, which correlates with AKI risk. Still indirect and treatment-confounded, so kept low."
0_12h_glucose_max,0.04,"Extreme hyperglycemia can mark acute stress response and is associated with postoperative complications including AKI, but early post-bypass spikes are common and transient. Max is preferred over mean/min for capturing insult, within the 0–12h cap."
13_24h_glucose_max,0.05,"A high glucose maximum in 13–24h may reflect persistent stress/catecholamine exposure and is modestly linked to AKI risk. Max captures clinically relevant excursions better than mean, so it gets the higher score among glucose aggregations for this epoch."
25_36h_glucose_max,0.07,"Late hyperglycemic excursions can indicate ongoing severe illness, infection, or high-dose vasopressors/steroids, all associated with AKI risk. Max is the most informative glucose aggregation for acute risk signaling, though still indirect."
0_12h_glucose_min,0.02,"Hypoglycemia can be harmful and may reflect overtreatment or hepatic dysfunction, but it is not a primary driver of AKI and is less consistently predictive than hyperglycemic extremes. Early post-op values are also highly management-dependent."
13_24h_glucose_min,0.02,"Low glucose episodes may indicate instability or aggressive insulin therapy, but links to AKI are indirect and inconsistent. Min is generally less informative than max for postoperative AKI risk in this setting."
25_36h_glucose_min,0.03,"Hypoglycemia can reflect severe illness, hepatic dysfunction, or excessive insulin and is associated with worse ICU outcomes, but it is not a direct AKI driver. As an extreme it is more informative than mean/max glucose, yet remains an indirect marker for creatinine rise."
0_12h_glucose_measured,0.01,Measurement frequency mainly reflects ICU protocol intensity and clinician concern rather than renal physiology. In the immediate post-op window it is especially routine and non-specific for AKI.
13_24h_glucose_measured,0.01,Ordering frequency is a behavioral proxy and is not a mechanistic predictor of renal injury. Glucose checks are common in post-cardiac surgery and weakly specific for impending AKI.
25_36h_glucose_measured,0.02,"More frequent glucose checks may indicate instability (vasopressors, insulin infusion, sepsis), which can correlate with AKI risk, but remains non-specific. Capped low because it is not a physiologic exposure."
0_12h_platelets_mean,0.02,"Thrombocytopenia can correlate with inflammation/consumption and overall severity, which may track with AKI risk, but early post-CPB platelet changes are common and transient. Mean is less informative than nadir for acute insult."
13_24h_platelets_mean,0.03,"Persistently lower platelets may reflect ongoing systemic inflammation, bleeding, or sepsis that can accompany AKI. However, mean is collinear with min and less specific for the pathologic signal."
25_36h_platelets_mean,0.04,Sustained thrombocytopenia closer to hour 60 can indicate ongoing critical illness and microvascular dysfunction associated with AKI. Still indirect and less discriminative than platelet nadir.
0_12h_platelets_max,0.01,Higher platelet values are not a known trigger for AKI and are largely non-informative postoperatively. Max is also less clinically meaningful than nadir for consumptive processes.
13_24h_platelets_max,0.01,Platelet maxima do not capture the consumptive/thrombotic risk states linked to AKI. This aggregation is unlikely to add signal beyond min/mean.
25_36h_platelets_max,0.01,A high platelet maximum is not a recognized predictor of postoperative AKI. It is likely redundant/noisy compared with platelet nadir.
0_12h_platelets_min,0.05,"Early platelet nadir can reflect CPB-related consumption, bleeding, or inflammatory activation, which may correlate with subsequent organ dysfunction including AKI. Conservative scoring due to common transient early postoperative thrombocytopenia and the 0–12h cap."
13_24h_platelets_min,0.08,"A low platelet nadir in the trajectory phase may indicate ongoing consumption/sepsis/DIC or significant bleeding/transfusion burden, all associated with AKI risk. Min best captures the pathologic extreme compared with mean/max."
25_36h_platelets_min,0.12,"Late thrombocytopenia (nadir) close to the outcome can signal persistent systemic inflammation, sepsis, or microangiopathic processes that often co-occur with AKI. As an extreme and leading indicator, it is more informative than mean/max platelet summaries."
0_12h_platelets_measured,0.01,Platelet measurement frequency is largely protocol-driven after cardiac surgery and not a direct renal risk factor. It is a weak behavioral proxy for acuity in this early window.
13_24h_platelets_measured,0.02,"More frequent platelet checks may reflect concern for bleeding or coagulopathy, which can correlate with AKI risk, but remains non-specific. Kept low as a behavioral rather than physiologic feature."
25_36h_platelets_measured,0.03,"Increased platelet monitoring later may indicate evolving bleeding/coagulopathy or sepsis, conditions associated with AKI, but the feature is still a proxy for clinician concern. Capped below 0.05 per measurement-frequency rule."
0_12h_mean_corpuscular_hemoglobin_mean,0.005,Mean corpuscular hemoglobin (MCH) is not a direct driver of renal perfusion or tubular injury; perioperative shifts are usually dilutional/transfusion-related. Use of the mean is also less informative than extremes for acute insults.
13_24h_mean_corpuscular_hemoglobin_mean,0.005,MCH has weak mechanistic linkage to AKI risk and is largely a red cell index reflecting anemia type rather than kidney injury. The mean adds redundancy without capturing an acute trigger.
25_36h_mean_corpuscular_hemoglobin_mean,0.01,"Later MCH may reflect ongoing anemia/transfusion patterns, which can correlate with illness severity, but it is still an indirect and nonspecific marker for AKI. Mean aggregation is not the best representation of any renal insult."
0_12h_mean_corpuscular_hemoglobin_max,0.005,"Transient high MCH is typically not clinically meaningful for renal outcomes and may reflect lab/volume shifts. In the immediate post-op window, this is unlikely to add AKI-specific signal."
13_24h_mean_corpuscular_hemoglobin_max,0.005,MCH maxima do not represent a known physiologic trigger for AKI and are generally unrelated to renal perfusion. Any association would be indirect via overall acuity.
25_36h_mean_corpuscular_hemoglobin_max,0.01,A later elevated MCH is still not a recognized AKI predictor; at most it may weakly proxy transfusion/hemolysis patterns. Kept low to avoid collinearity with other MCH summaries.
0_12h_mean_corpuscular_hemoglobin_min,0.01,"Low MCH can reflect chronic microcytic anemia and reduced oxygen delivery, which could indirectly worsen renal vulnerability, but it is not an established perioperative AKI predictor. Early post-op values are often confounded by hemodilution."
13_24h_mean_corpuscular_hemoglobin_min,0.01,"Persistently low MCH may indicate baseline anemia phenotype, which is only an indirect risk factor for AKI through oxygen delivery/illness severity. Not a direct biomarker of kidney injury."
25_36h_mean_corpuscular_hemoglobin_min,0.02,"Later low MCH may weakly track ongoing anemia and reduced oxygen-carrying capacity, which can contribute to renal hypoxia in vulnerable patients. Still indirect and nonspecific, so kept low."
0_12h_mean_corpuscular_hemoglobin_measured,0.005,"Measurement frequency mainly reflects ordering behavior (CBC frequency) rather than renal pathophysiology. In the immediate post-op period, frequent labs are routine and not AKI-specific."
13_24h_mean_corpuscular_hemoglobin_measured,0.01,"More frequent CBCs can indicate higher acuity/bleeding concern, which may correlate with AKI risk indirectly, but it is a behavioral proxy. Capped low per the measured-feature rule."
25_36h_mean_corpuscular_hemoglobin_measured,0.02,"Increased lab frequency later may reflect clinical concern for instability (bleeding, hemolysis, sepsis), which can co-occur with AKI risk. Still a non-physiologic proxy, so kept <0.05."
0_12h_sodium_mean,0.03,Early postoperative sodium abnormalities are common from fluids/CPB and are often transient; mean sodium in 0–12h is not a strong AKI driver. Dysnatremia may weakly reflect fluid balance and neurohormonal stress.
13_24h_sodium_mean,0.04,"Sustained dysnatremia in the trajectory phase can reflect ongoing fluid/diuretic management and severity of illness, which may correlate with AKI risk indirectly. Mean is less sensitive than extremes but may capture persistent derangement."
25_36h_sodium_mean,0.06,"Closer to the outcome, persistent hyper/hyponatremia can indicate ongoing volume/renal handling issues and higher acuity, modestly increasing AKI risk signal. Mean sodium can capture sustained dysregulation in this leading-indicator window."
0_12h_sodium_max,0.05,"Acute hypernatremia can reflect free-water deficit or hypertonic exposures and may associate with worse outcomes, but in 0–12h it is often iatrogenic/transient. Max is the most relevant aggregation for acute dysnatremia, but capped by the early-epoch limit."
13_24h_sodium_max,0.03,"Hypernatremia can reflect free-water deficit/diuresis and overall illness severity, indirectly relating to renal hypoperfusion. In the 13–24h epoch it is a nonspecific marker and less proximal than later values."
25_36h_sodium_max,0.04,"Later hypernatremia may indicate ongoing volume depletion or aggressive diuresis, which can worsen renal perfusion and AKI risk. Still indirect and not kidney-specific, so kept low for sparsity."
0_12h_sodium_min,0.02,"Early hyponatremia post-cardiac surgery is often dilutional from fluids/CPB and transient, with weak direct linkage to AKI. Conservative scoring due to the immediate post-op epoch."
13_24h_sodium_min,0.03,"Persistent hyponatremia may reflect fluid overload/hemodilution and severity of illness, which can co-occur with AKI. It is not a direct renal injury marker, so remains low."
25_36h_sodium_min,0.04,"Hyponatremia closer to hour 60 can signal ongoing fluid overload or neurohormonal activation in low effective arterial volume states, indirectly associated with AKI. Still nonspecific, so modest probability."
0_12h_sodium_measured,0.01,"Measurement frequency mainly reflects routine ICU lab cadence immediately post-op rather than a specific AKI mechanism. Behavioral proxy only, so capped very low."
13_24h_sodium_measured,0.02,"More frequent sodium checks may indicate concern for dysnatremia/volume status, but is still largely practice-pattern driven. Kept <0.05 per measurement-frequency rule."
25_36h_sodium_measured,0.03,"Increased monitoring later may reflect evolving instability (diuresis, hypertonic therapy, or fluid shifts) that can accompany AKI risk. Still a behavioral proxy, so limited importance."
0_12h_teg_platelet_aggregation_measured,0.01,"Ordering TEG platelet aggregation primarily reflects bleeding/coagulopathy evaluation after surgery, not a direct predictor of renal tubular injury. Early epoch and behavioral nature keep it minimal."
13_24h_teg_platelet_aggregation_measured,0.01,"Continued TEG platelet aggregation testing suggests ongoing hemostatic concerns, which may correlate with severity but not specifically AKI. Behavioral proxy with weak renal linkage."
25_36h_teg_platelet_aggregation_measured,0.02,"Late TEG testing may indicate persistent bleeding/transfusion needs that can contribute to hemodynamic stress, indirectly affecting kidneys. Still nonspecific and test-order driven, so low."
0_12h_mean_corpuscular_hemoglobin_concentration_mean,0.01,MCHC is not a recognized driver or early biomarker of AKI; perioperative shifts are usually dilutional/analytic. Mean aggregation further reduces sensitivity to acute insults.
13_24h_mean_corpuscular_hemoglobin_concentration_mean,0.01,MCHC mean remains largely unrelated to renal perfusion or nephrotoxicity and is dominated by hemodilution/transfusion effects. Weak evidence for AKI prediction.
25_36h_mean_corpuscular_hemoglobin_concentration_mean,0.01,"Even close to the outcome window, MCHC mean is not kidney-specific and rarely informs AKI risk beyond general illness context. Kept at minimal importance for sparsity."
0_12h_mean_corpuscular_hemoglobin_concentration_max,0.01,"An extreme MCHC value is more likely due to lab artifact, hemolysis, or transfusion-related effects than a causal AKI pathway. Early post-op period further limits interpretability."
13_24h_mean_corpuscular_hemoglobin_concentration_max,0.01,MCHC maxima are not established predictors of postoperative AKI and often reflect measurement variability rather than physiology relevant to renal injury. Capped very low to avoid noise.
25_36h_mean_corpuscular_hemoglobin_concentration_max,0.01,"MCHC extremes are not a direct driver of renal perfusion or tubular injury; changes usually reflect RBC indices/artifact rather than AKI physiology. Any association with AKI would be indirect (e.g., hemolysis/transfusion context)."
0_12h_mean_corpuscular_hemoglobin_concentration_min,0.005,"Early postoperative MCHC minima are unlikely to causally relate to AKI and are often dilutional or analytic variation. In the immediate 0–12h window, this is especially nonspecific."
13_24h_mean_corpuscular_hemoglobin_concentration_min,0.01,MCHC minima in 13–24h are not established predictors of AKI and mainly reflect erythrocyte indices rather than kidney injury. Any signal would be weak and confounded by transfusion/dilution.
25_36h_mean_corpuscular_hemoglobin_concentration_min,0.01,"Even close to the outcome window, low MCHC is not a recognized leading indicator of AKI compared with hemodynamics, urine output, or renal labs. At best it is an indirect marker of anemia/dilution."
0_12h_mean_corpuscular_hemoglobin_concentration_measured,0.005,"Measurement frequency reflects ordering behavior rather than renal pathophysiology, and MCHC is typically bundled with CBCs. In 0–12h, frequent CBCs are common post-op and not specific for impending AKI."
13_24h_mean_corpuscular_hemoglobin_concentration_measured,0.01,More frequent CBC/MCHC checks may weakly proxy overall acuity/bleeding surveillance but is not specific to AKI risk. Kept low to avoid behavioral/collinearity-driven inclusion.
25_36h_mean_corpuscular_hemoglobin_concentration_measured,0.02,"Increased CBC frequency late may indicate ongoing instability (bleeding, transfusions) that can contribute to renal hypoperfusion, but it remains an indirect behavioral proxy. Not a direct biomarker of AKI."
0_12h_hematocrit_mean,0.03,"Lower hematocrit can reduce oxygen delivery and correlate with transfusion/bleeding, which may contribute to AKI risk, but mean values in 0–12h are heavily influenced by hemodilution on bypass. Extremes are generally more informative than averages."
13_24h_hematocrit_mean,0.04,"Sustained anemia in the trajectory phase may reflect ongoing bleeding/hemodilution and reduced oxygen delivery, plausibly increasing AKI risk. Mean is still less specific than minima for renal hypoxia risk."
25_36h_hematocrit_mean,0.05,"Persistently low hematocrit closer to hour 60 can indicate ongoing anemia/bleeding and impaired oxygen delivery, which can worsen renal ischemia. Capped to limit redundancy with hematocrit_min, which better captures the insult."
0_12h_hematocrit_max,0.01,High hematocrit early is not a typical trigger for AKI in this setting and may reflect hemoconcentration or transfusion without clear causal linkage. In 0–12h it is particularly nonspecific.
13_24h_hematocrit_max,0.01,"Hematocrit maxima are not established predictors of postoperative AKI compared with hypotension, lactate, or renal labs. Any association is indirect (volume status/transfusion) and weak."
25_36h_hematocrit_max,0.01,Late hematocrit maxima may reflect hemoconcentration/diuresis but are not a direct marker of renal injury. Kept minimal to prioritize more mechanistic predictors.
0_12h_hematocrit_min,0.06,"Very low hematocrit can reduce oxygen delivery and correlate with bleeding/transfusion, which are linked to AKI risk, but early post-bypass dilution makes this less specific. Scored conservatively due to the 0–12h epoch cap."
13_24h_hematocrit_min,0.1,"A low hematocrit minimum in 13–24h suggests persistent anemia/bleeding and impaired oxygen delivery during recovery, which can contribute to renal ischemia and AKI. Extremes are more informative than means for capturing the insult."
25_36h_hematocrit_min,0.14,"A low hematocrit minimum in 25–36h is a closer leading indicator of inadequate oxygen delivery/ongoing bleeding or hemodilution, which can precipitate or worsen AKI before the 60h creatinine rise. This extreme is more pathophysiologically relevant than mean/max and thus prioritized."
0_12h_hematocrit_measured,0.02,Measurement frequency mainly reflects clinician monitoring/transfusion evaluation rather than a direct AKI mechanism; early post-op ordering is routine. Capped <0.05 per _measured rule and 0–12h conservatism.
13_24h_hematocrit_measured,0.02,"Ordering frequency may reflect ongoing bleeding/hemodilution concerns and overall acuity, but is not a physiologic driver of AKI. Kept low per _measured rule."
25_36h_hematocrit_measured,0.03,"More frequent hematocrit checks late may indicate persistent instability/bleeding/transfusion needs, which can correlate with renal hypoperfusion risk. Still a behavioral proxy, so kept <0.05."
0_12h_absolute_basophil_count_mean,0.005,Basophil count has no established relationship to renal perfusion or post-cardiac surgery AKI. Mean values in the immediate post-op window are unlikely to add prognostic signal.
13_24h_absolute_basophil_count_mean,0.005,No meaningful physiologic link between basophil count and AKI risk in this context. Mean aggregation further dilutes any nonspecific inflammatory signal.
0_12h_absolute_basophil_count_max,0.005,Transient basophil elevations are not a recognized trigger or biomarker for AKI after cardiac surgery. Extreme values here are more likely noise or lab variability.
13_24h_absolute_basophil_count_max,0.005,"Basophil maxima do not capture a known AKI pathway (perfusion, nephrotoxins, tubular injury). Kept at minimal importance."
0_12h_absolute_basophil_count_min,0.005,Low basophil counts are not clinically informative for AKI prediction and may reflect dilutional effects post-CPB. Minimal relevance.
13_24h_absolute_basophil_count_min,0.005,Basophil minima are not established predictors of renal injury or hemodynamic compromise. Minimal relevance.
0_12h_absolute_basophil_count_measured,0.01,Frequency of differential counts is largely routine as part of CBCs early after surgery and does not specifically indicate impending AKI. Kept low per _measured rule and 0–12h cap.
13_24h_absolute_basophil_count_measured,0.01,"Repeat differentials may reflect general acuity/infection workup rather than kidney-specific concern. Behavioral proxy only, so low importance."
25_36h_absolute_basophil_count_measured,0.015,"More frequent CBC differentials later could reflect evolving sepsis/inflammation, which can contribute to AKI risk, but this remains indirect and nonspecific. Kept <0.05 per _measured rule."
0_12h_percent_lymphocytes_mean,0.02,"Lymphopenia can be a nonspecific marker of stress/inflammation and illness severity, which may correlate with AKI risk, but it is indirect. Mean in 0–12h is conservative due to transient post-op effects."
13_24h_percent_lymphocytes_mean,0.03,"Persistent lymphopenia in the trajectory phase may better reflect ongoing systemic inflammation/infection risk that can predispose to AKI. Still indirect and mean-aggregated, so modest importance."
0_12h_percent_lymphocytes_max,0.01,Higher lymphocyte percentages are not a recognized AKI trigger; extremes here are unlikely to represent a causal pathway. Capped low to avoid redundancy with mean and due to early post-op variability.
13_24h_percent_lymphocytes_max,0.015,Max lymphocyte percentage is not a direct AKI predictor and is less pathophysiologically relevant than sustained lymphopenia. Kept low to reduce collinearity with mean features.
0_12h_percent_lymphocytes_min,0.01,Lymphocyte percentage is not a direct AKI biomarker; perioperative leukocyte shifts are common and nonspecific. The 0–12h minimum is unlikely to add renal-specific prognostic value.
13_24h_percent_lymphocytes_min,0.01,A low lymphocyte percentage may reflect stress/inflammation but is not an established driver of postoperative AKI. The minimum value is still nonspecific for renal perfusion or tubular injury.
0_12h_percent_lymphocytes_measured,0.01,Measurement frequency mainly reflects routine CBC ordering in the immediate post-op period rather than AKI physiology. In 0–12h this is especially protocol-driven.
13_24h_percent_lymphocytes_measured,0.01,CBC ordering frequency is a weak behavioral proxy and usually standard ICU practice. It does not specifically indicate impending AKI.
25_36h_percent_lymphocytes_measured,0.02,"More frequent CBCs late may reflect higher acuity/infection concern, which can correlate with AKI risk, but remains indirect and nonspecific. Kept low to avoid over-weighting care-intensity signals."
0_12h_random_vancomycin_level_measured,0.03,"Ordering vancomycin levels suggests exposure to a potentially nephrotoxic drug and clinician concern for dosing/renal function. In 0–12h it is often early stewardship/PK practice, so kept low."
13_24h_random_vancomycin_level_measured,0.04,"Vancomycin level monitoring can indicate ongoing therapy and concern for renal clearance changes, indirectly linked to AKI risk. Still a behavioral proxy rather than a physiologic marker."
25_36h_random_vancomycin_level_measured,0.05,"Late random level checks more often occur when renal function is changing or dosing is difficult, which can precede creatinine rise. Capped at 0.05 because it reflects suspicion/exposure rather than direct injury."
0_12h_vancomycin_trough_measured,0.03,"Trough monitoring implies vancomycin use and attention to nephrotoxicity/clearance, but early post-op trough timing can be protocolized. As a measured feature, it remains an indirect signal."
13_24h_vancomycin_trough_measured,0.04,"Trough checks in this window may reflect ongoing dosing adjustments due to evolving renal clearance. Still primarily a care-process indicator, so kept below 0.05."
25_36h_vancomycin_trough_measured,0.05,"Trough monitoring close to the outcome can correlate with suspected renal dysfunction or high exposure, both associated with AKI. Capped due to being measurement behavior rather than a physiologic variable."
0_12h_o2_saturation_mean,0.03,"Sustained hypoxemia can worsen renal medullary oxygenation, but early post-bypass desaturations are often transient and managed. Mean saturation may dilute brief but important hypoxic episodes."
13_24h_o2_saturation_mean,0.05,"Persistent lower oxygenation during the trajectory phase can contribute to systemic hypoperfusion and AKI risk. Mean is still less specific than extremes, so kept modest."
25_36h_o2_saturation_mean,0.07,"Ongoing hypoxemia closer to hour 60 can reflect cardiopulmonary failure and impaired oxygen delivery, increasing AKI risk. Mean saturation captures sustained impairment in this late window."
0_12h_o2_saturation_max,0.01,Maximum oxygen saturation is typically near 100% with supplemental oxygen and does not indicate renal risk. It is not a meaningful marker of hypoperfusion or injury.
13_24h_o2_saturation_max,0.01,High maximum saturation is common and largely reflects oxygen therapy rather than physiologic reserve. It provides little information about hypoxic burden relevant to AKI.
25_36h_o2_saturation_max,0.01,Maximum SpO2 is usually maintained with supplemental oxygen and is not a specific marker of renal hypoperfusion. Extremes on the low end are more relevant than high values for AKI risk.
0_12h_o2_saturation_min,0.05,"Early postoperative hypoxemia can contribute to systemic hypoxia and renal ischemic stress, but 0–12h abnormalities are often transient after bypass/anesthesia. Minimum is the most relevant aggregation versus mean/max for capturing insult."
13_24h_o2_saturation_min,0.06,Persistent or recurrent hypoxemia in the trajectory phase may reflect ongoing cardiopulmonary dysfunction and reduced renal oxygen delivery. Minimum captures clinically meaningful desaturation episodes better than mean/max.
25_36h_o2_saturation_min,0.08,"Later hypoxemia closer to the outcome window can indicate unresolved shock/respiratory failure and impaired renal oxygen delivery, increasing AKI risk. Minimum is the key aggregation for acute insult."
0_12h_o2_saturation_measured,0.01,"Measurement frequency mainly reflects monitoring intensity rather than physiology, and SpO2 is routinely monitored in all ICU patients. It adds little specific signal for AKI beyond actual saturation values."
13_24h_o2_saturation_measured,0.01,SpO2 measurement frequency is largely protocol-driven and a weak proxy for acuity. It is unlikely to independently predict creatinine rise once saturation values are included.
25_36h_o2_saturation_measured,0.01,Later monitoring frequency still reflects care patterns more than renal pathophysiology. Any association with AKI would be indirect and redundant with actual hypoxemia metrics.
0_12h_alanine_aminotransferase_mean,0.01,"ALT reflects hepatocellular injury rather than kidney function; early postoperative elevations can be nonspecific (ischemia/reperfusion, congestion). Mean is also less informative than extremes for acute injury signals."
0_12h_alanine_aminotransferase_max,0.03,"A high early ALT peak may indicate perioperative hypoperfusion (“shock liver”) which can co-occur with renal ischemia, but it is indirect for AKI. In 0–12h this may be transient and confounded by surgery/CPB effects."
0_12h_alanine_aminotransferase_min,0.005,Low ALT has no meaningful mechanistic link to AKI risk in this context. Minimum values are generally uninformative for hepatic ischemic injury.
0_12h_alanine_aminotransferase_measured,0.01,ALT ordering frequency is a weak behavioral proxy and often routine in liver disease patients. It is not a direct indicator of impending AKI.
13_24h_alanine_aminotransferase_measured,0.01,Repeat ALT testing may reflect concern for hepatic injury but is not specific for renal outcomes. As a utilization feature it should remain low to avoid overfitting care-pattern effects.
25_36h_alanine_aminotransferase_measured,0.01,Later ALT measurement frequency still reflects clinician behavior more than renal physiology. Any association with AKI would be indirect and likely redundant with hemodynamic variables.
0_12h_bun_mean,0.06,"BUN is kidney-related and can rise with reduced renal perfusion, catabolism, or GI bleed; it provides early signal of renal stress but is confounded in liver disease. Mean is used here, but later epochs would generally be more predictive."
13_24h_bun_mean,0.1,Sustained BUN elevation in the trajectory phase suggests ongoing renal hypoperfusion or evolving renal dysfunction and is a recognized AKI-associated marker. Mean over 12 hours can capture persistent azotemia better than a single extreme.
25_36h_bun_mean,0.18,"BUN elevation closest to hour 60 is a strong leading indicator of evolving renal dysfunction and correlates with subsequent creatinine rise. In this late window, sustained azotemia is clinically meaningful despite confounding from liver disease."
0_12h_bun_max,0.05,"BUN elevation can reflect reduced renal perfusion/catabolism, but in the immediate post-bypass period it is noisy and less specific than creatinine/urine output. Keep modest to avoid redundancy with later epochs."
13_24h_bun_max,0.08,Persistently high BUN in the trajectory phase may indicate evolving renal hypoperfusion or early AKI physiology. Still indirect and influenced by volume status and protein load.
25_36h_bun_max,0.12,"Late-window BUN peak is a closer leading indicator of impaired renal clearance and correlates with subsequent creatinine rise. Not definitive alone, but more informative near hour-60 outcome."
0_12h_bun_min,0.01,Low BUN is not a typical trigger or marker of AKI and is often driven by dilution or low protein intake. Adds little prognostic value for creatinine ratio.
13_24h_bun_min,0.01,BUN minima are generally not mechanistically linked to AKI risk and are confounded by fluid balance/hemodilution. Weak signal for later creatinine rise.
25_36h_bun_min,0.01,A low BUN late is not an established predictor of AKI and is more reflective of dilution/nutrition than renal injury. Minimal relevance to creatinine ratio.
0_12h_bun_measured,0.02,Measurement frequency mainly reflects clinician monitoring intensity early after surgery rather than renal physiology. In this immediate period it is routine and weakly informative.
13_24h_bun_measured,0.03,"More frequent BUN checks may indicate concern for renal dysfunction or instability, but remains a behavioral proxy. Keep low to avoid over-weighting practice patterns."
25_36h_bun_measured,0.04,"In the late window, repeated BUN testing can reflect escalating suspicion for AKI and may correlate with impending creatinine rise. Still non-physiologic and capped <0.05."
0_12h_amylase_measured,0.01,Amylase ordering is typically related to pancreatitis/abdominal concerns and has no direct link to post-cardiac surgery AKI. Early ordering is unlikely to add renal-specific prognostic value.
13_24h_amylase_measured,0.01,Amylase measurement frequency is not a renal biomarker and is unlikely to track kidney perfusion or injury. Any association would be incidental via overall illness severity.
25_36h_amylase_measured,0.01,Late amylase testing remains non-specific for AKI and mostly reflects evaluation for pancreatitis or other complications. Weak and indirect relationship to creatinine ratio.
0_12h_blood_ph_mean,0.03,Average pH early post-op is influenced by transient respiratory/CPB effects and buffering; acidosis can worsen renal perfusion but mean values dilute extremes. Conservative scoring in 0–12h.
13_24h_blood_ph_mean,0.05,"Sustained acidemia in the trajectory phase can reflect shock, poor perfusion, or sepsis physiology that increases AKI risk. Mean pH is still less sensitive than nadir pH or lactate."
25_36h_blood_ph_mean,0.08,Persistently low mean pH closer to outcome suggests ongoing hypoperfusion/respiratory failure and higher AKI risk. Still an indirect marker compared with direct renal indices.
0_12h_blood_ph_max,0.01,"Alkalemia peaks are not a typical driver of AKI and often reflect ventilation or bicarbonate administration. Also, extremes relevant to AKI are more often low pH (min), so cap to avoid redundancy."
13_24h_blood_ph_max,0.02,Alkalemia is not a typical direct driver of AKI; pH extremes matter more on the acidemic side. Max is also less informative than pH_min for renal hypoperfusion/poor perfusion states.
25_36h_blood_ph_max,0.03,Late alkalemia may reflect ventilation/diuresis but is not a strong mechanistic predictor of AKI compared with acidemia. Kept low to avoid redundancy with pH_min which better captures shock/poor perfusion.
0_12h_blood_ph_min,0.08,"Early postoperative acidemia can reflect low cardiac output, hypoperfusion, and lactate burden, which are linked to AKI risk. Conservative due to immediate post-CPB/transient derangements and the 0–12h cap."
13_24h_blood_ph_min,0.12,"Persistent/worsening acidemia in the trajectory phase suggests ongoing hypoperfusion or severe illness, increasing AKI risk. pH_min captures the insult better than mean/max and is less transient than in 0–12h."
25_36h_blood_ph_min,0.22,Acidemia close to the outcome window is a strong indicator of ongoing shock/poor perfusion and systemic stress that precipitates AKI. The minimum pH captures clinically meaningful extremes better than mean/max.
0_12h_blood_ph_measured,0.02,Measurement frequency mainly reflects clinician concern/acuity and routine ABG monitoring after cardiac surgery. It is not a direct physiologic mechanism and is capped low.
13_24h_blood_ph_measured,0.03,"More frequent pH checks may indicate instability (ventilation/hemodynamics), indirectly correlating with AKI risk. Still primarily a behavioral proxy, so kept <0.05."
25_36h_blood_ph_measured,0.04,"Late frequent ABGs can signal ongoing instability or metabolic derangements, which may co-occur with evolving AKI. As a proxy for acuity rather than mechanism, it remains <0.05."
0_12h_cholesterol_measured,0.005,Cholesterol testing is not mechanistically linked to acute postoperative AKI and is rarely used for AKI risk stratification in this setting. Measurement reflects routine/liver workup rather than renal injury.
13_24h_cholesterol_measured,0.005,Ordering cholesterol in ICU is not a meaningful predictor of creatinine rise after cardiac surgery. It is a low-signal behavioral marker unrelated to renal perfusion or nephrotoxicity.
25_36h_cholesterol_measured,0.005,Late cholesterol measurement does not plausibly indicate impending AKI and is likely unrelated to renal trajectory. Kept at minimal importance.
0_12h_absolute_lymphocyte_count_mean,0.01,Lymphopenia can reflect stress/inflammation but is nonspecific and not an established direct predictor of AKI after cardiac surgery. Mean is also less informative than extremes for acute physiologic insults.
13_24h_absolute_lymphocyte_count_mean,0.02,"Ongoing lymphopenia may correlate with severity of illness/inflammation, indirectly associated with AKI risk. Still nonspecific and mean aggregation is not the best pathology-capturing summary."
0_12h_absolute_lymphocyte_count_max,0.005,Higher lymphocyte counts are not a known trigger or marker for AKI in this context. Max adds little and is likely noise/collinear with other summaries.
13_24h_absolute_lymphocyte_count_max,0.005,"Absolute lymphocyte count maxima are not clinically linked to AKI mechanisms (perfusion, nephrotoxins, tubular injury). Kept minimal to avoid redundancy."
0_12h_absolute_lymphocyte_count_min,0.03,"Early lymphopenia (min) may reflect physiologic stress response and systemic inflammation, which can accompany AKI risk, but is indirect. Conservative due to 0–12h transient postoperative effects and nonspecificity."
13_24h_absolute_lymphocyte_count_min,0.02,"Low lymphocyte count can reflect physiologic stress/inflammation or infection risk, which may indirectly relate to AKI, but it is not a primary renal perfusion or injury marker. Use is limited and should remain low to keep sparsity."
0_12h_absolute_lymphocyte_count_measured,0.01,Measurement frequency mainly reflects ordering behavior/acuity rather than a renal mechanism. In the immediate 0–12h post-op period it is especially nonspecific for later creatinine rise.
13_24h_absolute_lymphocyte_count_measured,0.01,Test-order frequency is a weak proxy for concern and is not a direct predictor of AKI. Keep low to avoid behavioral confounding and maintain sparsity.
25_36h_absolute_lymphocyte_count_measured,0.02,"More frequent CBCs late may indicate clinical deterioration (e.g., sepsis/bleeding) that can contribute to AKI, but it remains an indirect behavioral signal. Therefore it should stay below 0.05."
0_12h_gluccose_measured,0.01,Glucose measurement frequency reflects ICU protocol/insulin titration rather than kidney injury physiology. Early post-op ordering is routine and not specific for AKI risk.
13_24h_gluccose_measured,0.01,This is primarily a care-process variable (glycemic monitoring intensity) and not a direct renal insult marker. Any association with AKI would be indirect and confounded by illness severity.
25_36h_gluccose_measured,0.02,"Increased monitoring later could reflect instability or insulin infusion, which correlates with severity of illness and may track AKI risk indirectly. Still, as a behavioral proxy it should remain <0.05."
0_12h_ck_measured,0.01,"CK ordering frequency is not a physiologic measure and is often prompted by nonspecific concerns (e.g., muscle injury) rather than renal perfusion. In 0–12h it is unlikely to add specific predictive value for creatinine at 60h."
13_24h_ck_measured,0.02,"More frequent CK checks may indicate concern for rhabdomyolysis or ischemic injury, which can contribute to AKI, but the feature is still only an ordering proxy. Keep low to avoid over-weighting clinician behavior."
25_36h_ck_measured,0.03,"Late CK monitoring may signal suspected rhabdomyolysis/ischemia, a plausible contributor to AKI, but this variable is not the CK value itself. As a measured-count feature it should remain below 0.05."
0_12h_egfr_mean,0.05,"Lower eGFR reflects reduced renal function and correlates with AKI risk, but in the immediate post-op window it can be transient and creatinine-based eGFR is noisy. Also, mean adds collinearity versus later/closer epochs."
13_24h_egfr_mean,0.1,Persistently reduced eGFR in the trajectory phase suggests evolving renal dysfunction and is an established predictor of subsequent creatinine rise. Mean is acceptable here but should not exceed the epoch cap.
25_36h_egfr_mean,0.25,eGFR (creatinine-derived) close to the outcome is a direct early indicator of declining renal function and strongly predicts creatinine_ratio at 60h. The sustained mean over 25–36h captures ongoing dysfunction rather than a single transient extreme.
0_12h_egfr_max,0.01,"A higher (max) eGFR is not a trigger for AKI and mainly reflects transient hemodilution/low creatinine early after bypass. To reduce redundancy with eGFR_mean, keep this very low."
13_24h_egfr_max,0.01,"Max eGFR is not pathologic and is less informative than low/declining renal function for AKI prediction. It is also collinear with eGFR_mean, so it should be minimized."
25_36h_egfr_max,0.01,"The maximum eGFR in the leading-indicator window does not capture renal injury; low values would be more relevant than high values. To avoid collinearity with eGFR_mean, keep near-zero."
0_12h_egfr_min,0.1,"Early low eGFR reflects reduced renal filtration/perfusion and is closely tied to creatinine rise, but immediate post-CPB shifts can be transient; capped for 0–12h window."
13_24h_egfr_min,0.18,Persistently low eGFR in the trajectory phase suggests evolving AKI rather than transient perioperative effects and is a strong predictor of later creatinine increase.
25_36h_egfr_min,0.35,Low eGFR closest to hour-60 outcome is a direct functional marker of impaired filtration and is highly predictive of subsequent creatinine elevation.
0_12h_egfr_measured,0.02,More frequent eGFR/creatinine checks reflect clinician concern/acuity rather than physiology; early period ordering is common post-op.
13_24h_egfr_measured,0.03,"Increased measurement frequency may indicate concern for renal dysfunction, but remains a behavioral proxy and is not a direct mechanism."
25_36h_egfr_measured,0.04,"Late increased monitoring can signal suspected AKI and may correlate with worsening course, but it is still indirect and capped <0.05."
0_12h_ldh_measured,0.01,LDH ordering frequency is a nonspecific marker of illness/hemolysis workup and does not directly capture renal injury risk.
13_24h_ldh_measured,0.01,Measurement frequency is largely practice-pattern driven and only weakly related to AKI risk.
25_36h_ldh_measured,0.02,"Late LDH checks may reflect concern for hemolysis/shock, but remains an indirect behavioral signal with weak specificity for AKI."
0_12h_inr_mean,0.03,"Average INR reflects hepatic synthetic function/bleeding risk and may correlate with overall severity and hypotension/transfusion exposure, but is indirect for AKI; mean is less informative than extremes."
25_36h_inr_mean,0.05,"Sustained coagulopathy later may indicate ongoing liver dysfunction/critical illness and higher AKI risk, but mean is still less specific than INR extremes."
0_12h_inr_max,0.06,Peak INR early can indicate severe coagulopathy/bleeding risk and potential transfusion/hemodynamic instability that can contribute to renal hypoperfusion; capped for 0–12h.
25_36h_inr_max,0.1,"Late peak INR suggests ongoing coagulopathy/critical illness and potential bleeding/transfusion or shock physiology, which are established AKI risk factors."
0_12h_inr_min,0.01,Low/normal INR is not a plausible driver of AKI and provides little prognostic information compared with elevated INR.
25_36h_inr_min,0.01,Minimum INR is generally non-informative for AKI risk; extremes on the high side are more clinically relevant.
0_12h_inr_measured,0.02,More frequent INR checks reflect bleeding/anticoagulation monitoring and clinician concern rather than a direct renal injury mechanism; early post-op testing is routine.
13_24h_inr_measured,0.03,Measurement frequency reflects clinician concern for coagulopathy/liver dysfunction rather than a direct AKI mechanism. It may weakly proxy overall acuity and bleeding risk affecting renal perfusion.
25_36h_inr_measured,0.04,"More proximate to the outcome and may reflect ongoing hepatic dysfunction/bleeding risk and illness severity, indirectly impacting renal perfusion. Still a behavioral proxy, not a physiologic renal marker."
0_12h_percent_eosinophils_mean,0.01,Eosinophil percentage is not a typical driver or early marker of post-cardiac surgery AKI. Early postoperative values are often nonspecific and influenced by stress response.
13_24h_percent_eosinophils_mean,0.01,Mean eosinophil percentage has weak and nonspecific links to AKI (rarely suggests AIN). The mean aggregation further dilutes any signal.
0_12h_percent_eosinophils_max,0.02,"A transient eosinophil spike could very weakly suggest drug reaction/AIN, but this is uncommon in the immediate post-op period. Conservative scoring due to low specificity and early epoch."
13_24h_percent_eosinophils_max,0.03,"If eosinophils rise, it could weakly indicate evolving drug reaction/inflammation, which can be associated with renal injury. Still indirect and uncommon compared with hemodynamic causes of AKI."
0_12h_percent_eosinophils_min,0.01,Low eosinophil percentage is common with postoperative stress and has no meaningful mechanistic link to AKI. Minimum values are not informative for renal risk here.
13_24h_percent_eosinophils_min,0.01,Minimum eosinophil percentage remains a nonspecific stress marker without established predictive value for AKI. Not a renal perfusion or nephrotoxin indicator.
0_12h_percent_eosinophils_measured,0.01,Frequency of eosinophil measurement is largely driven by routine CBC ordering rather than targeted AKI concern. Behavioral proxy with minimal incremental signal.
13_24h_percent_eosinophils_measured,0.01,CBC ordering frequency is typically protocolized in ICU care and not specific to impending AKI. Limited value beyond general acuity.
25_36h_percent_eosinophils_measured,0.02,"Later repeated CBCs may weakly reflect ongoing instability/infection workup, indirectly related to AKI risk. Still primarily a care-pattern variable and capped low."
0_12h_ldl_cholesterol_measured,0.005,LDL testing is not physiologically linked to acute postoperative creatinine rise and is rarely relevant in ICU AKI prediction. Measurement reflects non-renal care processes.
13_24h_ldl_cholesterol_measured,0.005,"LDL measurement is unrelated to renal perfusion, nephrotoxins, or early kidney injury in this context. Likely incidental or protocol-driven."
25_36h_ldl_cholesterol_measured,0.005,LDL testing remains non-informative for AKI risk even close to the outcome window. Represents routine lipid management rather than acute physiology.
0_12h_mean_corpuscular_volume_mean,0.01,MCV reflects chronic anemia/nutrition/alcohol use more than acute renal injury mechanisms. Early postoperative mean values are unlikely to add AKI-specific signal.
13_24h_mean_corpuscular_volume_mean,0.02,"MCV may weakly proxy chronic comorbidity/frailty (e.g., malnutrition, alcohol-related disease) that correlates with worse outcomes, but it is not an established AKI predictor. Mean aggregation and mid epoch keep importance low."
25_36h_mean_corpuscular_volume_mean,0.01,MCV is not a direct marker of renal perfusion or tubular injury; changes mainly reflect anemia/nutrition/transfusion effects. Any association with AKI is weak and indirect.
0_12h_mean_corpuscular_volume_max,0.01,"Early postoperative MCV extremes are usually driven by transfusion/fluids and are not mechanistically linked to AKI. In the 0–12h epoch, transient shifts are common and nonspecific."
13_24h_mean_corpuscular_volume_max,0.01,MCV maxima in this window are not established predictors of AKI and mostly reflect hematologic factors rather than kidney injury. Limited incremental value for creatinine rise.
25_36h_mean_corpuscular_volume_max,0.01,"Even close to the outcome window, MCV extremes are not a recognized leading indicator of AKI after cardiac surgery. Likely collinear with transfusion/volume status variables rather than renal physiology."
0_12h_mean_corpuscular_volume_min,0.01,Low MCV reflects chronic microcytosis/iron deficiency and does not acutely drive postoperative AKI. Immediate postoperative values are confounded by dilution and transfusion.
13_24h_mean_corpuscular_volume_min,0.01,MCV minima are not a standard risk factor for AKI and have no direct physiologic link to creatinine rise. Any signal would be indirect via comorbidity burden.
25_36h_mean_corpuscular_volume_min,0.01,"Low MCV at 25–36h remains a weak, indirect correlate at best and not a renal biomarker. Prefer other anemia/bleeding/hemodynamic features if present."
0_12h_mean_corpuscular_volume_measured,0.01,"Measurement frequency reflects ordering patterns (CBC cadence) rather than renal pathophysiology. In 0–12h, CBCs are routine post-cardiac surgery and not specific for impending AKI."
13_24h_mean_corpuscular_volume_measured,0.01,CBC/MCV measurement count is largely protocol-driven and a weak proxy for acuity. Not specific to kidney injury risk.
25_36h_mean_corpuscular_volume_measured,0.02,"More frequent CBCs late may reflect bleeding/transfusion or clinical instability, which can indirectly relate to AKI risk, but it remains a nonspecific behavioral proxy. Kept low to avoid over-weighting ordering behavior."
0_12h_mean_platelet_volume_mean,0.01,Mean platelet volume is not an established driver or early biomarker of postoperative AKI; it may reflect inflammation/consumption but is nonspecific. Early postoperative changes are common and transient.
13_24h_mean_platelet_volume_mean,0.02,"Sustained MPV elevation can correlate with systemic inflammation and illness severity, which may indirectly increase AKI risk. Still weak and nonspecific compared with hemodynamics/renal labs."
25_36h_mean_platelet_volume_mean,0.03,"In the 25–36h leading-indicator window, MPV may weakly track ongoing inflammation/consumption and overall severity, indirectly relating to AKI trajectory. Not a direct renal biomarker, so kept low."
0_12h_mean_platelet_volume_max,0.01,Early MPV extremes are not a recognized trigger for AKI and are confounded by perioperative platelet activation and transfusion. Conservative scoring due to 0–12h epoch and nonspecificity.
13_24h_mean_platelet_volume_max,0.02,"MPV maxima may reflect heightened inflammatory/consumptive state, which can accompany shock or sepsis and indirectly relate to AKI. Evidence remains limited, so probability is low."
25_36h_mean_platelet_volume_max,0.04,"Late MPV extremes could indicate ongoing systemic inflammation/platelet activation and higher illness severity, which can precede AKI after cardiac surgery. Still indirect and not kidney-specific, so capped below 0.05."
0_12h_mean_platelet_volume_min,0.01,Mean platelet volume is not a direct driver of renal perfusion or tubular injury; any association with inflammation/coagulopathy is indirect. In the immediate 0–12h post-op window it is especially nonspecific for AKI risk.
13_24h_mean_platelet_volume_min,0.01,"MPV has weak and inconsistent links to AKI compared with hemodynamics, lactate, and renal labs. The minimum value adds little mechanistic signal for kidney injury."
25_36h_mean_platelet_volume_min,0.01,"Even close to the outcome window, MPV minima are not established predictors of post-cardiac surgery AKI. Any signal would likely be redundant with more direct markers of shock/inflammation."
0_12h_mean_platelet_volume_measured,0.005,Measurement frequency mainly reflects ordering behavior and routine CBC monitoring after surgery rather than renal pathophysiology. It is unlikely to add specific prognostic value for creatinine rise.
13_24h_mean_platelet_volume_measured,0.005,CBC/MPV rechecks are common ICU practice and do not specifically indicate impending AKI. As a behavioral proxy it should be kept very low to avoid spurious associations.
25_36h_mean_platelet_volume_measured,0.005,"More frequent MPV measurements are not a typical clinician response to suspected AKI (creatinine/urine output are). Thus it is a weak, nonspecific acuity proxy."
0_12h_lactate_mean,0.05,"Elevated lactate reflects global hypoperfusion/low cardiac output and correlates with AKI risk, but early post-CPB lactate can be transient. Mean values may dilute brief severe insults, so keep modest in 0–12h."
13_24h_lactate_mean,0.08,"Persistently elevated lactate in the trajectory phase suggests ongoing shock or inadequate perfusion, which increases AKI risk. Mean lactate captures sustained derangement but is less specific than the maximum."
0_12h_lactate_max,0.1,"Peak lactate in the immediate post-op period captures acute hypoperfusion/oxygen debt, a known trigger for ischemic tubular injury. Still, early peaks can be procedure-related, so capped at the 0–12h maximum."
13_24h_lactate_max,0.18,"A high lactate maximum at 13–24h strongly indicates ongoing or recurrent hypoperfusion/low output state, which is closely linked to subsequent AKI after cardiac surgery. Extremes are more informative than means for acute insults."
0_12h_lactate_min,0.01,The minimum lactate is not a marker of hypoperfusion severity and is generally uninformative for AKI risk. It is also highly collinear with mean/max lactate without capturing pathology.
13_24h_lactate_min,0.01,Low/normal minimum lactate does not rule out intermittent hypoperfusion and adds little predictive value beyond max/mean. It is not a recognized AKI risk indicator.
0_12h_lactate_measured,0.02,"More frequent lactate checks can reflect clinician concern for shock/poor perfusion, which relates indirectly to AKI risk. However it is a behavioral proxy and early post-op lactate monitoring is often routine."
13_24h_lactate_measured,0.03,"Repeated lactate measurement in this phase may indicate persistent instability or concern for ongoing hypoperfusion, indirectly increasing AKI risk. Still, it is not a physiologic variable and should remain <0.05."
25_36h_lactate_measured,0.04,"Continued lactate trending late (25–36h) often signals unresolved shock or deterioration, which is relevant to impending creatinine rise. As an ordering-behavior feature it remains capped below 0.05."
0_12h_alkaline_phosphatase_mean,0.01,Alkaline phosphatase reflects cholestasis/bone turnover and is not a direct predictor of post-cardiac surgery AKI. In the immediate post-op window it is unlikely to add kidney-specific prognostic information beyond liver disease baseline.
0_12h_alkaline_phosphatase_max,0.01,Alkaline phosphatase reflects cholestasis/bone turnover rather than renal perfusion or tubular injury. Early post-op fluctuations are unlikely to be specific for AKI risk.
0_12h_alkaline_phosphatase_min,0.005,Low alkaline phosphatase is not a recognized driver or marker of post-cardiac surgery AKI. Likely reflects baseline variation or dilution rather than kidney injury.
0_12h_alkaline_phosphatase_measured,0.01,Ordering frequency mainly reflects clinician behavior and routine liver panel monitoring in liver disease patients. It is not a direct physiologic indicator of impending AKI.
13_24h_alkaline_phosphatase_measured,0.01,Measurement frequency is a weak proxy for acuity and is commonly routine in this population. It provides little specific signal for creatinine rise by 60 hours.
25_36h_alkaline_phosphatase_measured,0.015,"More frequent testing late may reflect evolving multi-organ dysfunction, but remains nonspecific for renal injury. Kept low to avoid over-weighting clinician-ordering patterns."
0_12h_red_cell_distribution_width_mean,0.02,"RDW is associated with chronic illness/inflammation and has weak associations with adverse outcomes, but it is not a direct AKI mechanism. In the immediate post-op window it is heavily confounded by transfusion and hemodilution."
13_24h_red_cell_distribution_width_mean,0.03,"Persistently elevated RDW may reflect ongoing inflammation, transfusion burden, or illness severity that correlates with AKI risk. Still indirect and nonspecific for renal tubular injury."
25_36h_red_cell_distribution_width_mean,0.05,Later RDW may better capture sustained critical illness/transfusion effects that track with AKI risk by hour 60. Mean is retained as the single representative aggregation; extremes are capped to reduce collinearity.
0_12h_red_cell_distribution_width_max,0.01,RDW maxima in the first 12 hours are often driven by transfusion and lab variability rather than a kidney-specific insult. Capped to avoid redundancy with RDW mean.
13_24h_red_cell_distribution_width_max,0.02,Higher RDW peaks may correlate with severity of illness but are not a direct AKI predictor. Capped to limit collinearity with the RDW mean feature.
25_36h_red_cell_distribution_width_max,0.03,"Late RDW peaks may reflect ongoing transfusion/inflammation and correlate with worse outcomes, but remain indirect for AKI. Kept below the mean feature to reduce redundancy."
0_12h_red_cell_distribution_width_min,0.005,Low RDW is not a recognized risk factor for AKI and is likely non-informative post-operatively. Capped to minimize collinearity with other RDW summaries.
13_24h_red_cell_distribution_width_min,0.005,RDW minima do not capture a plausible AKI mechanism and are unlikely to add predictive value beyond mean RDW. Kept very low for sparsity and collinearity control.
25_36h_red_cell_distribution_width_min,0.005,RDW minima remain clinically nonspecific and not mechanistically linked to AKI. Maintained at a minimal value to avoid redundant RDW representations.
0_12h_red_cell_distribution_width_measured,0.01,RDW measurement frequency largely reflects routine CBC ordering after surgery rather than AKI physiology. Early post-op ordering is near-universal and thus weakly discriminative.
13_24h_red_cell_distribution_width_measured,0.015,"More frequent CBCs may indicate bleeding/transfusion or instability that correlates with AKI risk, but it is still a behavioral proxy. Kept low per the measurement-frequency rule."
25_36h_red_cell_distribution_width_measured,0.02,Measurement frequency reflects clinician concern/acuity rather than a renal mechanism; RDW itself is only an indirect marker of inflammation/illness severity. Keep low to avoid behavioral-proxy overfitting.
0_12h_chloride_mean,0.03,"Hyperchloremia can contribute to renal vasoconstriction and AKI risk, but the early post-op mean is often transient and diluted by resuscitation. Prefer extremes/late-window values for signal."
13_24h_chloride_mean,0.04,"Sustained chloride elevation may reflect ongoing high-chloride fluid exposure and metabolic acidosis risk, indirectly affecting renal perfusion. Mean remains less specific than extremes and is capped for collinearity."
25_36h_chloride_mean,0.05,"Later sustained hyperchloremia may indicate continued chloride-rich resuscitation and acid-base disturbance associated with AKI. Still less informative than max/min, so capped to limit redundancy."
0_12h_chloride_max,0.06,"Early peak chloride can mark aggressive saline administration and hyperchloremic stress, which is plausibly linked to AKI. Conservative due to immediate post-bypass/transient shifts (0–12h cap)."
13_24h_chloride_max,0.08,"A higher chloride peak in the trajectory phase suggests ongoing exposure and less transient derangement, which may relate to AKI risk. Max is preferred over mean for capturing insult."
25_36h_chloride_max,0.12,"Late hyperchloremia peak is a stronger leading indicator of persistent chloride load/acid-base disturbance and is more temporally proximal to creatinine rise. Max captures the insult better than mean, reducing collinearity."
0_12h_chloride_min,0.02,Low chloride is less directly tied to AKI mechanisms than hyperchloremia and may reflect dilutional states early post-op. Conservative scoring in the immediate period.
13_24h_chloride_min,0.03,Hypochloremia may correlate with diuretic use or dilution but is not an established direct AKI driver. Kept low relative to chloride_max to avoid redundant chloride features.
25_36h_chloride_min,0.03,Later low chloride remains a nonspecific marker (diuresis/dilution) with weak direct linkage to AKI compared with hyperchloremia. Maintain low importance to preserve sparsity.
0_12h_chloride_measured,0.01,"Test frequency is primarily a care-intensity/monitoring proxy and not a physiologic cause of AKI. Early post-op labs are routine, so minimal predictive value."
13_24h_chloride_measured,0.02,"More frequent chloride checks may reflect instability or acid-base management, but remains a behavioral proxy. Kept <0.05 per rule."
25_36h_chloride_measured,0.03,"Increased measurement frequency closer to outcome may indicate clinician concern for ongoing metabolic/renal issues, but it is still indirect. Scored low to avoid capturing practice-pattern bias."
0_12h_hdl_cholesterol_measured,0.005,Ordering HDL is not mechanistically linked to AKI and is uncommon/likely unrelated to post-cardiac surgery renal trajectory. Measurement is a weak behavioral signal at best.
13_24h_hdl_cholesterol_measured,0.005,HDL measurement frequency does not reflect renal perfusion or nephrotoxicity and is unlikely to be ordered for AKI evaluation. Keep near-zero for sparsity.
25_36h_hdl_cholesterol_measured,0.005,Late HDL ordering remains clinically orthogonal to AKI prediction in this setting and is a practice-pattern artifact. Minimal inclusion probability.
0_12h_percent_neutrophils_mean,0.01,Neutrophil percentage is a nonspecific inflammation marker and not a direct driver of postoperative AKI. Mean values in the immediate 0–12h period are especially confounded by surgery/CPB-related leukocyte shifts.
13_24h_percent_neutrophils_mean,0.02,"Persistent neutrophilia may reflect ongoing inflammation/infection that can contribute indirectly to AKI risk. However, percent neutrophils is nonspecific and the mean is less informative than extremes."
0_12h_percent_neutrophils_max,0.02,A high early neutrophil percentage can indicate acute inflammatory stress but is not a strong or specific predictor of renal injury. In 0–12h this is commonly transient after surgery/CPB.
13_24h_percent_neutrophils_max,0.03,"A higher peak neutrophil percentage in 13–24h may signal evolving infection/SIRS, which can worsen renal perfusion and increase AKI risk. Still indirect and nonspecific."
0_12h_percent_neutrophils_min,0.01,Low neutrophil percentage is not a typical mechanistic trigger for AKI in this setting and is often due to differential shifts rather than true neutropenia. Limited prognostic value for creatinine rise.
13_24h_percent_neutrophils_min,0.01,Minimum neutrophil percentage is not a recognized predictor of postoperative AKI and is generally clinically nonspecific. Any association would be indirect at best.
0_12h_percent_neutrophils_measured,0.01,"Measurement frequency mainly reflects ordering behavior (CBC monitoring) rather than physiology. In early post-op care, CBCs are routine and not specific to impending AKI."
13_24h_percent_neutrophils_measured,0.02,"More frequent CBC differentials may reflect clinician concern for infection/instability, which can correlate with AKI risk. Still primarily a behavioral proxy and not kidney-specific."
25_36h_percent_neutrophils_measured,0.03,"Increased measurement frequency closer to the outcome may indicate ongoing clinical deterioration or suspected sepsis, both associated with AKI. Nonetheless it remains an indirect, behavior-driven signal."
0_12h_albumin_mean,0.03,"Hypoalbuminemia is associated with worse outcomes and may reflect liver dysfunction, inflammation, and low oncotic pressure affecting effective circulating volume. Mean in 0–12h is influenced by hemodilution from CPB/fluids, limiting specificity."
0_12h_albumin_max,0.01,Higher albumin is generally not a risk factor for AKI and often reflects less dilution. Max adds little beyond other summaries and is not the pathologic direction.
0_12h_albumin_min,0.06,"Low albumin (especially the minimum) can mark severe hypoalbuminemia/hemodilution and reduced effective circulating volume, which can predispose to renal hypoperfusion. Capped by 0–12h epoch conservatism and early post-op confounding."
0_12h_albumin_measured,0.01,Albumin ordering frequency is largely protocolized perioperatively and reflects practice patterns more than renal physiology. Not a specific indicator of impending AKI.
13_24h_albumin_measured,0.02,"More frequent albumin checks may reflect concern for volume status, liver dysfunction, or capillary leak, which can correlate with AKI risk. Still a behavioral proxy and not kidney-specific."
25_36h_albumin_measured,0.03,"Closer to hour 60, repeated albumin testing may indicate ongoing instability/third spacing prompting resuscitation decisions that affect renal perfusion. Remains indirect and should stay low for sparsity."
0_12h_triglycerides_measured,0.01,Triglyceride measurement is not a standard AKI predictor and is usually related to nutrition/propofol monitoring rather than renal injury. Any link to creatinine rise is weak and indirect.
13_24h_triglycerides_measured,0.01,"Triglycerides are not a direct driver of post-cardiac surgery AKI, and measurement frequency mainly reflects clinician behavior rather than renal physiology."
25_36h_triglycerides_measured,0.01,Ordering triglycerides is not a typical leading indicator for AKI; this is largely a non-specific acuity/monitoring signal.
0_12h_hemoglobin_mean,0.02,Average hemoglobin in the immediate post-op window is influenced by hemodilution/transfusion and is less specific for renal hypoxia than nadir values; early epoch capped conservatively.
13_24h_hemoglobin_mean,0.03,"Sustained anemia can contribute to renal hypoxia, but mean values are less informative than minima for AKI risk and are collinear with other hemoglobin aggregates."
25_36h_hemoglobin_mean,0.04,"Persistently low hemoglobin later post-op may reflect ongoing bleeding/hemodilution and reduced oxygen delivery, but mean remains less pathophysiologically specific than the nadir."
0_12h_hemoglobin_max,0.01,High hemoglobin is not a typical causal trigger for AKI in this context and may reflect hemoconcentration/transfusion; max is not the key pathology signal.
13_24h_hemoglobin_max,0.01,Hemoglobin maxima are generally not predictive of renal injury compared with anemia/hypoperfusion markers; likely redundant with other hemoglobin summaries.
25_36h_hemoglobin_max,0.01,Later hemoglobin peaks are not a recognized AKI driver and are less clinically relevant than low hemoglobin or hemodynamic instability.
0_12h_hemoglobin_min,0.06,"Early postoperative anemia (nadir hemoglobin) can reduce renal oxygen delivery and is associated with AKI risk, but immediate post-op derangements are often transient so scoring is conservative (<=0.10)."
13_24h_hemoglobin_min,0.09,"A low hemoglobin nadir during the trajectory phase suggests ongoing bleeding/hemodilution and impaired oxygen delivery, an established contributor to AKI risk (<=0.20)."
25_36h_hemoglobin_min,0.12,A low hemoglobin nadir closest to the outcome window is a stronger indicator of sustained impaired oxygen delivery/ongoing losses and is more plausibly linked to subsequent creatinine rise.
0_12h_hemoglobin_measured,0.02,Measurement frequency reflects monitoring intensity and acuity rather than a direct renal mechanism; early post-op labs are routine in cardiac ICU.
13_24h_hemoglobin_measured,0.02,"More frequent hemoglobin checks may indicate bleeding/transfusion concern, but it is an indirect behavioral proxy and should remain low to avoid overfitting."
25_36h_hemoglobin_measured,0.03,"Increased checking later may signal ongoing instability (bleeding, transfusions), indirectly related to AKI risk, but still primarily a clinician-behavior marker (<0.05)."
0_12h_teg_fibrinogen_activity_measured,0.01,TEG fibrinogen testing frequency mainly reflects bleeding/coagulopathy evaluation and is not a direct predictor of renal injury; early epoch also dominated by routine post-op management.
13_24h_teg_fibrinogen_activity_measured,0.02,"Ordering TEG fibrinogen may indicate ongoing bleeding/transfusion needs (which can relate to AKI via hypoperfusion), but it remains an indirect proxy and should be kept low (<0.05)."
25_36h_teg_fibrinogen_activity_measured,0.02,Measurement frequency reflects bleeding/coagulopathy monitoring rather than renal physiology; only an indirect link via severity of illness/transfusion exposure.
0_12h_activated_clotting_time_mean,0.01,ACT reflects anticoagulation/CPB management and is not a direct AKI driver; early post-op values are often protocol-driven and transient.
0_12h_activated_clotting_time_max,0.03,"Extreme ACT may indicate excessive anticoagulation or CPB-related coagulopathy and higher procedural complexity, indirectly associated with AKI risk; capped due to early epoch."
0_12h_activated_clotting_time_min,0.01,Low ACT mainly reflects heparin reversal/protocol targets and has weak mechanistic linkage to renal hypoperfusion or tubular injury.
0_12h_activated_clotting_time_measured,0.02,More frequent ACT checks are largely protocol/OR-ICU workflow and only weakly proxy acuity; not a physiologic AKI marker.
13_24h_activated_clotting_time_measured,0.02,"Ongoing ACT monitoring suggests continued anticoagulation management (e.g., bleeding/ECMO concern) but remains an indirect, behavior-driven signal."
25_36h_activated_clotting_time_measured,0.03,"Late continued ACT measurement may indicate persistent bleeding/anticoagulation needs and higher illness severity, indirectly increasing AKI risk; still capped for being a measured feature."
0_12h_aspartate_aminotransferase_mean,0.02,"AST elevation can reflect hepatic/ischemic injury and global hypoperfusion, indirectly linked to AKI; mean is less informative than extremes and early epoch limits weight."
0_12h_aspartate_aminotransferase_max,0.08,"Marked early AST spikes can signal ischemic hepatitis/shock or major transfusion/hemolysis, which correlates with systemic hypoperfusion and higher AKI risk; capped by 0–12h epoch."
0_12h_aspartate_aminotransferase_min,0.01,Low/normal AST provides little prognostic information for AKI compared with elevations indicating injury.
0_12h_aspartate_aminotransferase_measured,0.02,More frequent AST checks reflect clinician concern for hepatic injury/instability rather than kidney injury itself; weak indirect association only.
13_24h_aspartate_aminotransferase_measured,0.02,"Repeated AST ordering in the trajectory phase may indicate ongoing shock/liver injury monitoring, but remains a nonspecific behavioral proxy."
25_36h_aspartate_aminotransferase_measured,0.03,"Late frequent AST monitoring can indicate persistent organ dysfunction and higher severity of illness, indirectly associated with AKI; capped because it is a measured feature."
0_12h_total_protein_mean,0.01,"Total protein is influenced by dilution, nutrition, and liver synthetic function; it is not a direct AKI predictor and mean adds redundancy."
0_12h_total_protein_max,0.01,Higher total protein is rarely a trigger for AKI in this context and is often confounded by hemoconcentration; weak clinical linkage.
0_12h_total_protein_min,0.03,"Low total protein may reflect hemodilution/capillary leak and worse physiologic stress, indirectly associated with AKI risk; capped due to early epoch and indirectness."
0_12h_total_protein_measured,0.005,Measurement frequency mainly reflects ordering behavior and nonspecific acuity rather than a renal mechanism. Early post-op labs are often routine and not specific for AKI prediction.
13_24h_total_protein_measured,0.008,"Ordering total protein more often may reflect concern for nutrition/liver status or dilution, but it is not a specific AKI signal. As a _measured feature it should remain low."
25_36h_total_protein_measured,0.01,"In the closest window, repeated total protein checks may correlate with higher illness severity, but it remains an indirect behavioral proxy. Not a direct predictor of creatinine rise."
0_12h_hemoglobin_a1c_measured,0.003,"HbA1c measurement indicates diabetes assessment but is not an acute physiologic driver of post-op AKI within 60 hours. As a _measured feature in the immediate post-op period, it is minimally informative."
13_24h_hemoglobin_a1c_measured,0.004,HbA1c ordering reflects baseline metabolic risk rather than evolving renal injury. Measurement behavior is weakly related to AKI risk and should stay very low.
25_36h_hemoglobin_a1c_measured,0.004,"Even near hour 36, HbA1c measurement is not a leading indicator of imminent creatinine rise. It is a behavioral proxy and not kidney-specific."
0_12h_co2_mean,0.02,"Mean bicarbonate/CO2 reflects overall acid-base status but is often transiently affected by bypass, ventilation, and fluids early post-op. For AKI, extremes (especially low CO2) are more pathophysiologically relevant than the mean."
13_24h_co2_mean,0.03,"Persistently lower average CO2 can indicate ongoing metabolic acidosis from hypoperfusion or renal dysfunction, but mean values are less specific than minima. Capped to reduce collinearity with CO2_min."
25_36h_co2_mean,0.05,"Sustained low average CO2 closer to outcome may reflect ongoing shock/lactic acidosis or impaired renal acid handling, both associated with AKI. Still less specific than CO2_min, so kept modest to avoid redundancy."
0_12h_co2_max,0.01,High CO2/bicarbonate is less directly linked to AKI than low CO2 and may reflect ventilation/diuretic effects early after surgery. Extremes in this direction are not a typical AKI trigger.
13_24h_co2_max,0.01,Elevated CO2 is generally not a strong mechanistic predictor of AKI compared with acidosis. Kept very low to prioritize more relevant acid-base features.
25_36h_co2_max,0.015,Later alkalosis can occur with aggressive diuresis or citrate load but is not a consistent AKI predictor. Low importance to avoid collinearity and because directionality is weak.
0_12h_co2_min,0.08,"Low CO2 (metabolic acidosis) can reflect hypoperfusion/shock and is a plausible early contributor to AKI, but immediate post-op derangements are often transient. Scored higher than mean/max as the more pathologic aggregation, within the 0_12h cap."
13_24h_co2_min,0.14,"A low CO2 minimum during the trajectory phase suggests persistent metabolic acidosis from ongoing hypoperfusion or evolving renal dysfunction, both associated with subsequent creatinine rise. This extreme is more informative than mean/max and fits within the epoch cap."
25_36h_co2_min,0.22,"Low CO2 minimum close to hour 60 is a strong leading indicator of ongoing shock/lactic acidosis or impaired renal acid excretion, both tightly linked to impending AKI. As an extreme value near the outcome, it is among the most informative features here."
0_12h_co2_measured,0.02,"More frequent CO2 checks may reflect clinician concern for acid-base instability and higher acuity, but it is not a physiologic mechanism. Kept <0.05 per the _measured rule and conservative early-window scoring."
13_24h_co2_measured,0.02,"Measurement frequency mainly reflects clinician concern/ventilation management rather than a direct AKI mechanism. Could weakly proxy overall instability, but should remain low."
25_36h_co2_measured,0.03,"More frequent CO2 checks late may indicate ongoing respiratory/hemodynamic instability, which can correlate with AKI risk. Still a behavioral proxy, not a physiologic driver."
0_12h_bnp_measured,0.02,"Ordering BNP early post-op reflects concern for heart failure/volume status, which can relate to renal congestion, but it is indirect and confounded by routine post-op evaluation."
13_24h_bnp_measured,0.03,"BNP measurement in the trajectory phase may indicate suspected persistent cardiac dysfunction/volume overload, which can contribute to renal venous congestion. Still an ordering proxy and not a direct biomarker of AKI."
25_36h_bnp_measured,0.04,"Late BNP ordering may signal ongoing/worsening heart failure or fluid overload close to the outcome window, plausibly linked to cardiorenal physiology. Kept <0.05 because it reflects clinician behavior rather than physiology."
0_12h_pco2_mean,0.02,"Average PaCO2 in the immediate post-op period is often influenced by ventilator settings and transient anesthesia effects, with limited specific linkage to AKI. Any effect via acidosis/hemodynamics is indirect."
13_24h_pco2_mean,0.03,"Sustained hypercapnia can reflect ongoing respiratory failure and acidosis that may worsen renal perfusion, but mean values are less informative than extremes. Moderate indirect relevance in this mid window."
25_36h_pco2_mean,0.04,"Persistently abnormal PaCO2 closer to hour 60 can indicate ongoing critical illness and acid-base stress that may contribute to AKI risk. Mean is still less specific than extremes, so kept low."
0_12h_pco2_max,0.05,Extreme hypercapnia can indicate hypoventilation/respiratory failure with acidosis and hemodynamic effects that may impair renal perfusion. Capped due to early (0–12h) transient post-op effects and to avoid redundancy with other PaCO2 aggregates.
13_24h_pco2_max,0.07,"Marked hypercapnia in the trajectory phase suggests ongoing respiratory failure and acidemia, which can worsen renal blood flow and correlate with multi-organ dysfunction. Max is preferred over mean/min as the insult marker."
25_36h_pco2_max,0.1,Severe hypercapnia close to the outcome window is a strong marker of ongoing critical illness and acid-base derangement that can contribute to AKI via hemodynamic compromise. Max captures the acute insult better than mean.
0_12h_pco2_min,0.02,Low PaCO2 often reflects hyperventilation and is less directly linked to AKI than hypercapnia; early post-op values are frequently iatrogenic. Kept low and below the max aggregate to reduce collinearity.
13_24h_pco2_min,0.02,"Hypocapnia may reflect ventilator strategy or pain/anxiety and has weak, indirect renal relevance compared with hypercapnia. Min is not the primary pathology signal for AKI here."
25_36h_pco2_min,0.03,"Late hypocapnia could indicate aggressive ventilation or evolving sepsis physiology, but links to AKI are indirect and weaker than hypercapnia. Maintained low to prioritize the max aggregate."
0_12h_pco2_measured,0.02,Frequency of PaCO2 measurement early post-op is largely routine (ventilator titration/ABGs) and not specific for AKI risk. Behavioral proxy only.
13_24h_pco2_measured,0.03,"More frequent PaCO2 checks in 13–24h may indicate ongoing respiratory instability and higher illness severity, which can correlate with AKI. Still an indirect ordering-intensity signal, so kept <0.05."
25_36h_pco2_measured,0.02,Measurement frequency reflects clinician concern/ventilation management rather than a direct renal mechanism. It may weakly proxy overall instability but is not a specific AKI predictor.
0_12h_indirect_bilirubin_measured,0.01,"Ordering indirect bilirubin early post-op is largely a liver/hemolysis workup and is not specific for AKI risk. In the immediate 0–12h period, this is especially nonspecific."
13_24h_indirect_bilirubin_measured,0.02,"Test frequency may reflect evolving hepatic dysfunction/hemolysis and overall acuity, which can correlate with AKI risk indirectly. Still a behavioral proxy and not kidney-specific."
25_36h_indirect_bilirubin_measured,0.03,"Continued bilirubin monitoring late suggests persistent hepatic dysfunction/hemolysis and higher illness severity, which can accompany renal hypoperfusion. Remains an indirect, non-renal marker so kept low."
0_12h_calcium_mean,0.01,"Mean calcium in the immediate post-bypass window is influenced by transfusion/citrate and replacement protocols and is not a primary AKI driver. To reduce collinearity, extremes are preferred over means."
13_24h_calcium_mean,0.01,"Average calcium over 13–24h is a weak, nonspecific marker and often reflects supplementation practices. Extremes better capture clinically relevant derangements."
25_36h_calcium_mean,0.01,"Sustained mean calcium is not a strong mechanistic predictor of AKI compared with hemodynamics and renal labs. Extremes are more informative, so the mean is capped to avoid redundancy."
0_12h_calcium_max,0.01,"Transient hypercalcemia early post-op is uncommon and usually iatrogenic (replacement) rather than an AKI trigger. In 0–12h, derangements are often short-lived and nonspecific."
13_24h_calcium_max,0.01,Calcium maxima in this window typically reflect replacement and are not established predictors of AKI. Any association is indirect via overall severity.
25_36h_calcium_max,0.02,"Late hypercalcemia can reflect aggressive replacement or metabolic disturbance and may correlate with severity, but it is not a direct AKI biomarker. Kept low relative to more kidney-specific features."
0_12h_calcium_min,0.03,"Hypocalcemia can accompany massive transfusion/citrate load and shock physiology, indirectly signaling higher risk for organ hypoperfusion. However, in 0–12h it is often transient and protocol-driven, so conservative."
13_24h_calcium_min,0.04,"Persistent hypocalcemia may indicate ongoing critical illness, transfusion burden, or sepsis-like physiology, which can increase AKI risk indirectly. Still nonspecific and not a primary renal predictor."
25_36h_calcium_min,0.05,"Late hypocalcemia may reflect sustained critical illness and ongoing metabolic derangement, which can track with AKI risk. Among calcium summaries, the minimum best captures clinically relevant extremes, so it is prioritized but remains indirect."
0_12h_calcium_measured,0.01,Frequency of calcium checks early post-op mainly reflects routine post-bypass electrolyte monitoring and replacement protocols. It is a behavioral proxy with little specific AKI signal.
13_24h_calcium_measured,0.02,"More frequent calcium monitoring may indicate ongoing instability or large transfusion/electrolyte replacement needs, indirectly associated with AKI risk. Still a non-physiologic proxy, so kept <0.05."
25_36h_calcium_measured,0.03,"Continued frequent calcium checks late may reflect persistent critical illness and high-intensity management, which can correlate with AKI risk. As a measurement-frequency feature, it remains a weak, indirect predictor."
0_12h_partial_thromboplastin_time_mean,0.01,PTT reflects coagulation/heparin effect and liver dysfunction more than renal perfusion; early post-CPB abnormalities are common and transient. Mean adds collinearity versus extremes without clear AKI mechanism.
25_36h_partial_thromboplastin_time_mean,0.02,"Persistently abnormal PTT may indicate ongoing hepatic dysfunction/critical illness and bleeding risk, indirectly associated with AKI via shock/transfusion. Mean is less informative than extremes for acute derangements."
0_12h_partial_thromboplastin_time_max,0.03,"Markedly prolonged PTT early can signal excessive anticoagulation/bleeding risk and potential hemodynamic instability, indirectly increasing AKI risk. Capped due to early epoch and indirect linkage."
25_36h_partial_thromboplastin_time_max,0.05,"A high PTT closer to outcome may reflect ongoing coagulopathy/critical illness with higher likelihood of bleeding/transfusion and hypotension, which can contribute to AKI. Still indirect and not a renal biomarker."
0_12h_partial_thromboplastin_time_min,0.01,Low/normal PTT is not a typical driver of AKI and is less clinically meaningful than prolonged values. Early postoperative values are often protocol-driven.
25_36h_partial_thromboplastin_time_min,0.01,Lower PTT does not directly indicate renal hypoperfusion or tubular injury. Provides limited incremental AKI signal compared with prolonged extremes.
0_12h_partial_thromboplastin_time_measured,0.02,Measurement frequency mainly reflects anticoagulation monitoring and clinician concern rather than physiology. Early post-op testing is routine after cardiac surgery.
13_24h_partial_thromboplastin_time_measured,0.03,"More frequent PTT checks may indicate ongoing bleeding/anticoagulation complexity and higher acuity, indirectly linked to AKI risk. Still a behavioral proxy and kept <0.05."
25_36h_partial_thromboplastin_time_measured,0.04,"Continued frequent PTT monitoring late suggests persistent instability (bleeding, anticoagulation, liver dysfunction) that can co-occur with AKI. Proxy feature only, so kept <0.05."
0_12h_absolute_monocyte_count_mean,0.01,Monocyte count is a nonspecific inflammation marker and not an established early predictor of post-cardiac surgery AKI. Mean in the immediate post-op window is unlikely to add specific signal.
13_24h_absolute_monocyte_count_mean,0.02,"Sustained inflammation may correlate with critical illness and AKI risk, but monocytes are indirect and nonspecific. Mean aggregation reduces sensitivity to acute inflammatory surges."
0_12h_absolute_monocyte_count_max,0.02,"An early spike could reflect systemic inflammatory response to CPB, which is associated with AKI risk, but the link is indirect. Conservative scoring due to early epoch."
13_24h_absolute_monocyte_count_max,0.03,"Higher monocyte peaks during the trajectory phase may indicate ongoing inflammation/infection risk, indirectly associated with AKI. Still weak compared with hemodynamics/renal labs."
0_12h_absolute_monocyte_count_min,0.01,Low monocyte counts are not a typical mechanistic driver of AKI and are often influenced by dilutional effects perioperatively. Minimal prognostic specificity.
13_24h_absolute_monocyte_count_min,0.01,Lower monocyte nadirs are nonspecific and not a recognized AKI trigger. Limited incremental value versus other inflammatory markers.
0_12h_absolute_monocyte_count_measured,0.01,"CBC differential frequency is largely routine post-op monitoring rather than targeted AKI suspicion. As a behavioral proxy, it provides little specific renal prognostic information."
13_24h_absolute_monocyte_count_measured,0.01,Test-order frequency is mainly a proxy for clinician concern/inflammation workup and is not a direct AKI mechanism. Keep low to avoid behavioral/acuity confounding.
25_36h_absolute_monocyte_count_measured,0.01,Measurement frequency reflects monitoring intensity rather than renal physiology. Not a specific predictor of creatinine rise.
0_12h_phosphorus_mean,0.03,"Phosphorus can rise with reduced GFR/catabolism, but early post-op means are often diluted by fluids and transient shifts. In the immediate 0–12h window, interpret conservatively."
13_24h_phosphorus_mean,0.04,"Sustained phosphorus elevation may reflect evolving renal dysfunction, but mean is less sensitive than extremes for early AKI signal. Moderate-low weight in the trajectory phase."
25_36h_phosphorus_mean,0.05,Later sustained phosphorus elevation can track reduced renal clearance approaching the 60h creatinine outcome. Cap at 0.05 because max better captures the pathologic signal and to reduce collinearity.
0_12h_phosphorus_max,0.06,"An early phosphorus spike can indicate impaired clearance or high cell breakdown, both associated with AKI risk, but immediate post-CPB shifts are common. Capped by 0–12h maximum-score rule."
13_24h_phosphorus_max,0.12,A higher phosphorus maximum in 13–24h suggests impaired renal excretion beyond immediate post-op noise and can precede creatinine rise. More informative than mean/min for AKI signal.
25_36h_phosphorus_max,0.22,"A late phosphorus maximum is a relatively direct marker of reduced GFR and impending creatinine rise, especially close to the 60h endpoint. Extremes in this leading-indicator window are strongly predictive."
0_12h_phosphorus_min,0.01,Low phosphorus is more related to refeeding/insulin shifts or dilution and is not a typical driver/marker of AKI. Minimal relevance to creatinine increase.
13_24h_phosphorus_min,0.01,Phosphorus minima do not capture the renal-failure physiology as well as maxima. Low values are not a recognized AKI trigger in this context.
25_36h_phosphorus_min,0.01,"In the late window, low phosphorus still does not indicate reduced GFR and is unlikely to predict creatinine rise. Keep near-zero to avoid redundancy with more meaningful phosphorus features."
0_12h_phosphorus_measured,0.02,"Ordering frequency reflects monitoring intensity after surgery rather than renal injury itself. Slightly higher than zero because frequent checks may indicate concern for metabolic/renal issues, but still capped <0.05."
13_24h_phosphorus_measured,0.02,Measurement frequency is a behavioral proxy and not a physiologic driver of AKI. Keep low to avoid capturing practice-pattern effects.
25_36h_phosphorus_measured,0.03,"More frequent phosphorus checks late may reflect clinician concern for renal dysfunction, but it remains indirect and non-specific. Capped below 0.05 per measured-feature rule."
0_12h_absolute_neutrophil_count_mean,0.02,Neutrophilia reflects inflammation/stress response after CPB and is common and non-specific in the first 12 hours. Weak indirect link to AKI via systemic inflammation.
13_24h_absolute_neutrophil_count_mean,0.03,"Persistent neutrophilia may indicate ongoing inflammation/infection that can contribute to AKI risk, but it is indirect and non-specific. Mean value is less informative than hemodynamic/renal markers."
0_12h_absolute_neutrophil_count_max,0.02,"Post-op neutrophilia reflects inflammation/stress and possible infection risk, which can indirectly contribute to AKI, but it is not a direct renal perfusion marker. Early (0–12h) values are often transient after surgery/CPB."
13_24h_absolute_neutrophil_count_max,0.03,Persistently high neutrophils in the trajectory phase may indicate evolving infection/SIRS that can predispose to AKI via hemodynamic/inflammatory pathways. Still indirect and nonspecific.
0_12h_absolute_neutrophil_count_min,0.01,Low neutrophil counts are not a typical direct driver of post-cardiac surgery AKI and may reflect dilutional effects or lab variability early after surgery. Weak mechanistic link to creatinine rise.
13_24h_absolute_neutrophil_count_min,0.01,Neutropenia is not an established predictor of AKI in this setting and is more relevant to infection risk than renal perfusion. Indirect at best.
0_12h_absolute_neutrophil_count_measured,0.02,"Measurement frequency mainly reflects clinician monitoring intensity rather than renal physiology. In the immediate post-op period, frequent CBCs are routine and not specific for impending AKI."
13_24h_absolute_neutrophil_count_measured,0.03,"More frequent ANC checks may reflect concern for infection/SIRS, which can be associated with AKI risk, but remains a behavioral proxy. Not a direct biomarker."
25_36h_absolute_neutrophil_count_measured,0.04,"Increased CBC/ANC monitoring closer to the outcome may indicate clinical deterioration (infection, shock) that can precede AKI. Still a proxy variable and should remain low to avoid over-weighting practice patterns."
0_12h_troponin_measured,0.03,"Troponin ordering frequency reflects concern for perioperative myocardial injury, which can lead to low cardiac output and renal hypoperfusion. However, early post-cardiac surgery troponin surveillance is common and nonspecific."
13_24h_troponin_measured,0.04,"Continued troponin monitoring may signal suspected myocardial infarction/low-output state, an established pathway to AKI via reduced renal perfusion. Still a behavioral proxy rather than physiology."
25_36h_troponin_measured,0.04,Late troponin measurement frequency may indicate ongoing hemodynamic/cardiac concerns that can contribute to AKI risk. Kept low because it reflects clinician suspicion more than a direct renal insult.
0_12h_po2_mean,0.02,Average PaO2 in the first 12 hours is heavily influenced by ventilator management and transient post-op physiology; hypoxemia can contribute to organ dysfunction but is not a primary AKI driver here. Mean is less informative than extremes for acute insults.
13_24h_po2_mean,0.03,"Sustained oxygenation impairment may reflect respiratory failure and overall severity of illness, indirectly increasing AKI risk. Mean PaO2 remains a nonspecific marker and less sensitive than minima."
25_36h_po2_mean,0.04,"Persistently low average PaO2 closer to hour 60 can indicate ongoing critical illness and impaired oxygen delivery, which may worsen renal ischemia risk. Still indirect and mean-based, so modest weight."
0_12h_po2_max,0.01,High PaO2 maxima usually reflect high FiO2 rather than pathology and are not a recognized trigger for AKI in this context. Max adds redundancy and limited mechanistic relevance.
13_24h_po2_max,0.01,PaO2 maxima are largely driven by ventilator settings and do not capture hypoxic insult; they are weakly related to renal outcomes. Kept minimal to reduce collinearity with mean PaO2.
25_36h_po2_max,0.01,"Even late, PaO2 maxima primarily reflect oxygen administration rather than physiologic compromise and are not a direct AKI predictor. Max is less clinically meaningful than hypoxemia measures for renal risk."
0_12h_po2_min,0.03,"Severe hypoxemia can worsen renal medullary oxygenation and contribute to AKI, but early post-op values are often transient and ventilator-related. Use as a weak indirect marker in the immediate period."
13_24h_po2_min,0.05,Persistent hypoxemia beyond the immediate post-op phase may reflect ongoing cardiopulmonary dysfunction and higher AKI risk via impaired oxygen delivery. Still indirect and often confounded by lung pathology.
25_36h_po2_min,0.07,"Later hypoxemia closer to the outcome can indicate sustained low oxygen delivery and systemic illness severity, which can precipitate or worsen AKI. More informative as a leading indicator than earlier epochs."
0_12h_po2_measured,0.01,Measurement frequency mainly reflects monitoring intensity and ventilator titration immediately post-op rather than renal pathophysiology. Behavioral proxy with limited specificity for AKI.
13_24h_po2_measured,0.02,"More frequent PO2 checks may indicate respiratory instability or clinician concern, which can correlate with overall acuity. Still a nonspecific behavioral marker and should remain low."
25_36h_po2_measured,0.03,"Increased PO2 measurement later may signal ongoing instability and higher illness severity, indirectly associated with AKI risk. Kept low because it is not a physiologic mechanism."
0_12h_potassium_mean,0.02,"Average potassium early post-op is influenced by shifts, transfusion, and acid-base changes and is not specific for evolving renal dysfunction. Extremes are more clinically meaningful than the mean for AKI signal."
13_24h_potassium_mean,0.03,"Sustained potassium elevation can reflect reduced renal excretion, but mean values dilute episodic hyperkalemia and treatment effects. Indirect marker and capped to reduce redundancy with max/min."
25_36h_potassium_mean,0.05,"Later sustained potassium abnormalities may reflect impaired renal clearance closer to the creatinine outcome, but mean remains less sensitive than extremes. Kept modest to avoid collinearity with potassium_max/min."
0_12h_potassium_max,0.05,"Early hyperkalemia can occur with hemolysis, transfusion, acidosis, or early renal hypoperfusion; it is a plausible early warning but often transient post-CPB. Max is preferred over mean as it captures the insult."
13_24h_potassium_max,0.08,"Hyperkalemia in the trajectory phase more strongly suggests impaired renal excretion or ongoing shock/acid-base derangement, both linked to AKI. Max captures clinically relevant peaks better than mean."
25_36h_potassium_max,0.12,Later hyperkalemia is a stronger direct indicator of reduced renal clearance and impending/worsening AKI near the 60h creatinine measurement. Peak potassium is a clinically salient signal even with treatment confounding.
0_12h_potassium_min,0.02,Hypokalemia is more often due to diuretics/insulin shifts and is not a typical direct driver of AKI. Included only as a weak marker of treatment intensity and electrolyte instability.
13_24h_potassium_min,0.03,"Later hypokalemia may reflect aggressive diuresis or alkalosis, which can co-occur with hemodynamic management but is not a strong AKI predictor. Kept low and secondary to potassium_max."
25_36h_potassium_min,0.04,"In the leading window, hypokalemia can indicate ongoing diuretic exposure and volume management that may contribute to prerenal azotemia, but remains indirect. Scored modestly and below potassium_max to reduce redundancy."
0_12h_potassium_measured,0.02,Frequent potassium checks early post-op reflect routine ICU monitoring and electrolyte replacement protocols rather than specific AKI physiology. Behavioral proxy with low specificity for renal injury.
13_24h_potassium_measured,0.03,"Measurement frequency mainly reflects clinician concern/monitoring intensity rather than renal physiology. In the trajectory phase it may weakly proxy evolving AKI or arrhythmia risk prompting labs, but is nonspecific."
25_36h_potassium_measured,0.04,"Closer to the 60h creatinine outcome, frequent potassium checks can reflect concern for renal dysfunction or acid-base issues. Still a behavioral proxy and nonspecific, so kept <0.05."
0_12h_total_bilirubin_mean,0.02,"Hyperbilirubinemia reflects liver dysfunction and illness severity, which can correlate with AKI risk, but mean values in the immediate post-op window are often transient/hemodilutional. Extreme values are more informative than averages, so this is down-weighted."
0_12h_total_bilirubin_max,0.05,"Early peak bilirubin can indicate significant hepatic dysfunction/low-flow state after surgery, indirectly increasing AKI risk via systemic hypoperfusion/inflammation. In 0–12h this is conservative and capped, and preferred over mean/min for capturing insult."
0_12h_total_bilirubin_min,0.01,Minimum bilirubin in the immediate post-op period is not a plausible driver or marker of AKI. It adds collinearity without capturing pathology.
0_12h_total_bilirubin_measured,0.02,Ordering frequency reflects monitoring practices and perceived hepatic/overall acuity rather than a direct renal mechanism. In the immediate post-op period it is especially nonspecific.
13_24h_total_bilirubin_measured,0.03,"More frequent bilirubin checks may indicate ongoing concern for hepatic dysfunction or shock, which can co-occur with AKI. Still primarily a behavioral proxy and kept <0.05."
25_36h_total_bilirubin_measured,0.04,"Nearer to outcome, repeated bilirubin testing can signal persistent organ dysfunction/low-flow physiology associated with AKI risk. Nonetheless it is not a physiologic measurement itself, so remains <0.05."
0_12h_rbc_count_mean,0.02,"Anemia/hemodilution can contribute to renal hypoxia, but mean RBC count in the first 12h is heavily influenced by fluids/CPB and is less specific. Extremes (nadir) are more relevant than averages."
13_24h_rbc_count_mean,0.03,"Sustained anemia can worsen renal oxygen delivery and correlate with bleeding/transfusion burden, indirectly affecting AKI risk. Mean remains less informative than nadir, so kept low."
25_36h_rbc_count_mean,0.04,"Persistent anemia closer to 60h may reflect ongoing bleeding, hemodilution, or inflammatory state and can impair renal oxygenation. Still indirect and less specific than the minimum value."
0_12h_rbc_count_max,0.01,High RBC count is rarely a meaningful AKI predictor in this context and may reflect hemoconcentration or lab variability. It does not capture the renal-risk pathology compared with anemia nadir.
13_24h_rbc_count_max,0.01,Maximum RBC count is not a recognized driver/marker of post-cardiac surgery AKI and is likely redundant/noisy. Focus should be on anemia (minimum) rather than peaks.
25_36h_rbc_count_max,0.01,Peak RBC count provides little mechanistic link to AKI and is likely collinear with other hematology measures. It is not as clinically informative as anemia nadir.
0_12h_rbc_count_min,0.05,"Early anemia nadir can reflect bleeding/hemodilution and reduced oxygen delivery, plausibly contributing to renal ischemia; however, in 0–12h it is often transient and confounded by CPB/fluids. Chosen over mean/max to reduce collinearity."
13_24h_rbc_count_min,0.08,"Anemia nadir during 13–24h may indicate ongoing bleeding, inadequate oxygen delivery, and higher transfusion exposure, all associated with AKI risk after cardiac surgery. Minimum is preferred over mean/max as the clinically relevant aggregation."
25_36h_rbc_count_min,0.06,"Low RBC count (anemia/bleeding/hemodilution) can worsen renal oxygen delivery and correlate with transfusion/instability, modestly increasing AKI risk. Use the minimum as the most relevant aggregation for acute oxygen-delivery insult."
0_12h_rbc_count_measured,0.01,Measurement frequency mainly reflects monitoring intensity immediately post-op rather than a renal mechanism. Early (0–12h) ordering is routine after cardiac surgery and weakly specific for AKI.
13_24h_rbc_count_measured,0.01,Counts of RBC checks reflect clinician concern/acuity but are nonspecific for kidney injury. In this epoch it is still common ICU surveillance and not a direct AKI driver.
25_36h_rbc_count_measured,0.02,"More frequent RBC monitoring late may indicate ongoing bleeding/anemia or instability, indirectly linked to AKI risk, but remains a behavioral proxy. Kept low to avoid over-weighting non-physiologic ordering patterns."
0_12h_d_dimer_measured,0.01,"Ordering D-dimer early post-cardiac surgery is nonspecific and often reflects evaluation for thrombosis/bleeding rather than renal perfusion. As a measured/ordering proxy in 0–12h, it has weak AKI specificity."
13_24h_d_dimer_measured,0.01,D-dimer ordering frequency is a clinician-behavior signal and not a direct biomarker of AKI. In 13–24h it may reflect complications but remains too nonspecific for creatinine rise prediction.
25_36h_d_dimer_measured,0.02,"Late D-dimer testing may indicate concern for thromboembolism/DIC or inflammatory complications that can contribute to AKI, but it is still an indirect ordering proxy. Scored low per measured-feature rule."
0_12h_teg_activated_clotting_time_measured,0.01,"TEG ACT measurement early is common perioperatively to guide heparin/protamine and transfusion, not kidney-specific. As an ordering indicator in 0–12h, it provides minimal incremental AKI signal."
13_24h_teg_activated_clotting_time_measured,0.01,"TEG ACT checks reflect coagulation management and bleeding risk rather than renal injury. Measurement frequency is a weak, nonspecific proxy for severity."
25_36h_teg_activated_clotting_time_measured,0.02,"Late TEG ACT testing may suggest ongoing bleeding/coagulopathy requiring transfusion/vasoactive support, indirectly associated with AKI, but remains a behavioral proxy. Kept <0.05 to limit non-physiologic collinearity."
0_12h_percent_immature_granulocyte_mean,0.01,"Immature granulocytes reflect systemic inflammation/stress but are not a direct AKI biomarker, and early post-op elevations are common. Mean is de-emphasized versus extremes and capped low in 0–12h."
13_24h_percent_immature_granulocyte_mean,0.02,"Persistent inflammatory response can contribute to AKI risk, but the mean is a smoothed signal and less specific than peaks. Scored low to avoid redundancy with max/min aggregations."
0_12h_percent_immature_granulocyte_max,0.03,"A high early peak may indicate exaggerated inflammatory response or early infection/sepsis physiology, which can predispose to AKI, but 0–12h is confounded by surgical stress. Max is preferred over mean/min for capturing acute inflammatory insult."
13_24h_percent_immature_granulocyte_max,0.05,"A rising/peaking immature granulocyte percentage in 13–24h may signal evolving infection or systemic inflammation, a plausible contributor to AKI. Max is the most informative aggregation for this mechanism, but capped to maintain sparsity."
0_12h_percent_immature_granulocyte_min,0.01,Low minima are not a recognized trigger for AKI and add collinearity with other aggregations. In 0–12h this is especially unlikely to be informative.
13_24h_percent_immature_granulocyte_min,0.01,Minimum immature granulocyte percentage is not clinically linked to AKI and is largely redundant with other summaries. Kept at weak-evidence level to reduce collinearity.
0_12h_percent_immature_granulocyte_measured,0.01,Measurement frequency reflects clinician concern for inflammation/sepsis rather than a direct renal perfusion or injury marker. In the immediate post-op window it is nonspecific for predicting later creatinine rise.
13_24h_percent_immature_granulocyte_measured,0.02,"More frequent checks may indicate evolving infection/inflammation that can contribute to AKI risk, but it remains an indirect behavioral proxy. Keep low to avoid over-weighting practice-pattern effects."
25_36h_percent_immature_granulocyte_measured,0.03,"Late increased monitoring can signal clinical deterioration (e.g., sepsis) that raises AKI risk, but it is still not a physiologic biomarker. Capped <0.05 per measured-feature rule."
0_12h_teg_fibrinolysis_measured,0.01,Ordering/recording TEG fibrinolysis is primarily related to bleeding/coagulopathy management and is not a direct AKI driver. Early post-op ordering is common and nonspecific.
13_24h_teg_fibrinolysis_measured,0.01,"TEG fibrinolysis measurement indicates coagulation evaluation rather than renal injury or perfusion status. Any link to AKI is indirect (shock/transfusion), so keep minimal."
25_36h_teg_fibrinolysis_measured,0.02,"Late coagulation testing may reflect ongoing bleeding/transfusion needs that can associate with AKI, but the feature is still a measurement/ordering proxy. Maintain low inclusion probability."
0_12h_creatinine_ratio_mean,0.05,"Early postoperative creatinine changes can be transient (hemodilution/CPB effects), and the mean smooths extremes. Cap to reduce redundancy versus max in later epochs."
13_24h_creatinine_ratio_mean,0.08,"By 13–24h, sustained elevation in creatinine ratio suggests evolving renal dysfunction, but mean remains less sensitive than extremes/trajectory. Moderate weight within the epoch cap."
25_36h_creatinine_ratio_mean,0.12,"Closer to the 60h outcome, a persistently elevated creatinine ratio is a strong leading indicator of subsequent AKI severity. Mean captures sustained dysfunction but is still somewhat redundant with max."
0_12h_creatinine_ratio_max,0.1,"An early peak creatinine ratio may reflect acute renal insult or early AKI signal, though immediate post-op variability is common. Max best captures acute insult in this epoch and is capped at 0.10."
13_24h_creatinine_ratio_max,0.18,A rising/peaking creatinine ratio in the trajectory phase is a strong direct predictor of later creatinine at 60h and AKI progression. Max captures clinically meaningful worsening better than mean/min.
25_36h_creatinine_ratio_max,0.45,The peak creatinine ratio in the 25–36h window is an early biomarker of established renal injury and is highly predictive of the 60h creatinine ratio. This is the closest and most direct precursor among provided features.
0_12h_creatinine_ratio_min,0.01,A low minimum creatinine ratio early post-op often reflects hemodilution or lab variability rather than protection from AKI. It is not a meaningful trigger/marker for subsequent renal injury.
13_24h_creatinine_ratio_min,0.01,"Minimum values are less informative for AKI risk than maxima or sustained elevation, and may reflect dilution or recovery unrelated to later deterioration. Keep minimal to avoid collinearity."
25_36h_creatinine_ratio_min,0.02,"Even late, the minimum creatinine ratio is less pathophysiologically linked to AKI progression than the maximum. Small nonzero weight only as a weak indicator of recovery vs persistent elevation."
0_12h_creatinine_ratio_measured,0.03,"More frequent creatinine checks reflect clinician concern/acuity rather than a direct mechanism of kidney injury. Early post-op monitoring is common, so keep low and <0.05."
13_24h_creatinine_ratio_measured,0.03,Measurement frequency reflects clinician concern and evolving renal status but is not a physiologic driver of AKI. Capped <0.05 per _measured rule and mid-epoch proximity.
25_36h_creatinine_ratio_measured,0.04,"More frequent creatinine checks in the 25–36h window can proxy worsening renal trajectory and higher acuity closer to the 60h outcome. Still a behavioral signal, so kept <0.05."
0_12h_x25_percent_albumin_dose_total_12h,0.03,"Hyperoncotic albumin may be used for hypotension/third spacing in liver disease and could relate indirectly to renal perfusion, but early post-op use is often routine/resuscitative. Conservative scoring due to 0–12h epoch cap and indirect link."
13_24h_x25_percent_albumin_dose_total_12h,0.05,"Ongoing need for 25% albumin in the trajectory phase may indicate persistent vasoplegia/low effective arterial volume, which can contribute to renal hypoperfusion. Indirect marker rather than established direct predictor."
25_36h_x25_percent_albumin_dose_total_12h,0.08,"Continued 25% albumin requirement late (25–36h) suggests persistent circulatory dysfunction/third spacing in cirrhosis physiology, which is associated with AKI risk. Still not a direct biomarker, so kept below strong-predictor range."
0_12h_albumin_5_percent_dose_total_12h,0.02,5% albumin is commonly used for early post-op volume expansion and does not specifically indicate renal injury. Early epoch and nonspecific resuscitation use make it a weak predictor.
13_24h_albumin_5_percent_dose_total_12h,0.03,"Ongoing colloid resuscitation may reflect hemodynamic instability that can predispose to AKI, but it is nonspecific and practice-pattern dependent. Modest weight in the 13–24h window."
25_36h_albumin_5_percent_dose_total_12h,0.05,Late need for volume expansion can indicate persistent low effective circulating volume and risk for renal hypoperfusion. Still an indirect signal and potentially collinear with other hemodynamic features.
0_12h_acetaminophen_codeine_dose_total_12h,0.005,"Acetaminophen/codeine is not a typical nephrotoxin and dosing mainly reflects analgesia needs rather than renal perfusion. Minimal expected relationship to AKI, especially in the immediate post-op period."
13_24h_acetaminophen_codeine_dose_total_12h,0.005,Analgesic dosing is largely unrelated to renal injury mechanisms; any association would be confounded by illness severity/sedation strategy. Kept at near-null importance.
25_36h_acetaminophen_codeine_dose_total_12h,0.005,Not a direct AKI risk factor; codeine/acetaminophen use is not expected to drive creatinine rise. Any signal would be indirect and weak.
0_12h_acetaminophen_dose_total_12h,0.005,Acetaminophen is generally kidney-safe at therapeutic doses and does not meaningfully affect creatinine trajectory. Early post-op administration is routine and non-informative for AKI.
13_24h_acetaminophen_dose_total_12h,0.005,Routine antipyretic/analgesic use has no established link to postoperative AKI risk. Importance kept near zero to maintain sparsity.
25_36h_acetaminophen_dose_total_12h,0.005,Acetaminophen dosing is not a physiologic marker of renal hypoperfusion or tubular injury. Any association would be incidental/confounded.
0_12h_allopurinol_dose_total_12h,0.01,Allopurinol use reflects chronic gout/hyperuricemia management and is not an acute driver of post-cardiac surgery AKI. Early dosing is unlikely to add prognostic value beyond comorbidity burden.
13_24h_allopurinol_dose_total_12h,0.01,Continuation of allopurinol is a weak proxy for baseline comorbidity and does not directly affect renal perfusion or tubular injury in this setting. Kept at low importance for sparsity.
25_36h_allopurinol_dose_total_12h,0.01,Allopurinol use/dose is not a typical driver of post-cardiac surgery AKI; it more reflects chronic gout management. Rare hypersensitivity/interstitial nephritis is possible but uncommon and not a primary perioperative signal.
0_12h_aminocaproic_acid_dose_total_12h,0.01,Aminocaproic acid is used for bleeding control and is not a direct AKI predictor; any renal risk is indirect (severity of bleeding/surgery). In the immediate 0–12h window it is common and nonspecific.
13_24h_aminocaproic_acid_dose_total_12h,0.02,"Ongoing antifibrinolytic use may weakly proxy persistent bleeding/complex course, which can contribute to renal hypoperfusion. Still not a direct renal biomarker and remains nonspecific."
25_36h_aminocaproic_acid_dose_total_12h,0.03,"Continued need for aminocaproic acid at 25–36h may indicate ongoing bleeding/re-exploration risk and hemodynamic stress that can predispose to AKI. It is an indirect marker, so kept low for sparsity."
0_12h_amiodarone_dose_total_12h,0.02,"Amiodarone itself is not nephrotoxic; its use reflects postoperative arrhythmias and potential low cardiac output states. In 0–12h, arrhythmias are common and transient, so prognostic value is limited."
13_24h_amiodarone_dose_total_12h,0.04,"Need for amiodarone in 13–24h can indicate persistent atrial/ventricular arrhythmia burden and impaired forward flow, which can reduce renal perfusion. Still an indirect signal rather than a direct kidney marker."
25_36h_amiodarone_dose_total_12h,0.06,"Ongoing amiodarone requirement at 25–36h suggests sustained arrhythmia/low-output physiology closer to the 60h creatinine outcome, which can contribute to AKI risk. It remains indirect, so not scored high."
0_12h_amlodipine_dose_total_12h,0.005,Amlodipine is a chronic antihypertensive and is usually held or not central to ICU hemodynamic management post-cardiac surgery. It has no direct link to AKI in this setting.
13_24h_amlodipine_dose_total_12h,0.005,Amlodipine administration mainly reflects outpatient medication reconciliation rather than renal perfusion status. It is not a meaningful AKI predictor here.
25_36h_amlodipine_dose_total_12h,0.005,Continuation of amlodipine is not mechanistically tied to postoperative AKI and is unlikely to add predictive value beyond hemodynamics and renal labs. Kept minimal to maintain sparsity.
0_12h_ampicillin_dose_total_12h,0.01,Ampicillin is not a classic nephrotoxin; early use often reflects prophylaxis or empiric coverage rather than renal injury. Any association with AKI would be confounded by infection severity.
13_24h_ampicillin_dose_total_12h,0.02,"Antibiotic use in 13–24h may weakly indicate suspected infection/sepsis, which can precipitate AKI via hypotension and inflammation. Ampicillin itself is not strongly nephrotoxic, so importance remains low."
25_36h_ampicillin_dose_total_12h,0.03,"Continued antibiotics at 25–36h can signal evolving infection/sepsis closer to the outcome window, which is a known AKI driver. The medication is still an indirect proxy, so capped low."
0_12h_angiotensin_ii_dose_total_12h,0.08,"Angiotensin II use indicates vasodilatory shock and severe hemodynamic instability, a recognized pathway to AKI via renal hypoperfusion. In 0–12h it may be transient post-bypass, so capped below the 0.10 epoch limit."
13_24h_angiotensin_ii_dose_total_12h,0.15,"Requirement for angiotensin II in 13–24h suggests persistent distributive shock and high vasopressor needs, strongly associated with subsequent AKI. It is a robust hemodynamic severity marker in the trajectory phase."
25_36h_angiotensin_ii_dose_total_12h,0.22,"Angiotensin II use at 25–36h implies ongoing refractory shock very near the 60h creatinine measurement, a strong direct risk state for ischemic tubular injury. This is one of the most informative signals among the listed features."
0_12h_apixaban_dose_total_12h,0.01,Apixaban exposure is not a direct driver of postoperative AKI; dosing mainly reflects anticoagulation strategy/bleeding risk. In the immediate 0–12h window it is unlikely to add specific signal for creatinine rise beyond overall illness severity.
13_24h_apixaban_dose_total_12h,0.02,"Ongoing apixaban use may weakly proxy clinical stability and thromboembolic/bleeding management rather than renal perfusion. Only an indirect link to AKI risk, so kept low for sparsity."
25_36h_apixaban_dose_total_12h,0.03,"Later apixaban dosing can reflect recovery trajectory (able to take/receive anticoagulation) and renal dosing considerations, but it is not a renal biomarker. Weak indirect association with AKI risk."
0_12h_aspirin_dose_total_12h,0.01,Aspirin at typical post-cardiac surgery doses is not a common cause of AKI and is usually routine antiplatelet therapy. In 0–12h it provides minimal specific prognostic information for creatinine_ratio.
13_24h_aspirin_dose_total_12h,0.01,Continued aspirin use is standard of care and not a strong determinant of renal injury. Any association would be confounded by surgical course rather than causal renal toxicity.
25_36h_aspirin_dose_total_12h,0.01,Aspirin dosing in this window mainly reflects routine secondary prevention/ graft patency protocols. It has little direct mechanistic link to postoperative AKI compared with hemodynamics and renal labs.
0_12h_atorvastatin_dose_total_12h,0.01,Statins are not direct precipitants of AKI in the perioperative ICU setting and are often continued routinely. Early dosing is more a marker of medication reconciliation than renal insult.
13_24h_atorvastatin_dose_total_12h,0.01,Atorvastatin continuation may correlate with stability and enteral tolerance but has no strong direct relationship to renal perfusion or tubular injury. Kept very low to avoid adding noise.
25_36h_atorvastatin_dose_total_12h,0.01,Later statin dosing remains largely routine and not a sensitive indicator of impending AKI. Any effect on creatinine_ratio would be indirect and small.
0_12h_bisacodyl_dose_total_12h,0.0,Bisacodyl use reflects bowel regimen practices and does not meaningfully affect renal perfusion or AKI risk. No plausible mechanistic link to creatinine rise in this context.
13_24h_bisacodyl_dose_total_12h,0.0,Bowel regimen administration is not informative for kidney injury prediction. It is primarily routine ICU care and unrelated to creatinine_ratio.
25_36h_bisacodyl_dose_total_12h,0.0,Bisacodyl remains a non-specific care process variable with no established association with postoperative AKI. Excluded to preserve sparsity.
0_12h_bivalirudin_dose_total_12h,0.03,"Bivalirudin use can indicate HIT concern or complex anticoagulation needs and may correlate with higher acuity/CPB complications, indirectly increasing AKI risk. In 0–12h, cap remains low due to transient perioperative confounding."
13_24h_bivalirudin_dose_total_12h,0.05,"Continued bivalirudin suggests ongoing critical illness, thrombosis/bleeding complexity, and potential hemodynamic instability, which can contribute to renal hypoperfusion. Still an indirect proxy rather than a renal biomarker."
25_36h_bivalirudin_dose_total_12h,0.07,"Use in the 25–36h window may better reflect persistent high-acuity course and ongoing anticoagulation complexity near the outcome time, which is associated with AKI risk. Not direct renal injury, but a stronger severity marker than earlier epochs."
0_12h_bumetanide_dose_total_12h,0.08,"Loop diuretic requirement early after surgery can reflect volume overload, venous congestion, and/or low cardiac output states that predispose to AKI, and may also worsen effective circulating volume if overdiuresed. In 0–12h it is informative but capped by the early-epoch rule."
13_24h_bumetanide_dose_total_12h,0.08,"Loop diuretic requirement in the trajectory phase can reflect volume overload, venous congestion, or diuretic resistance—common in evolving cardiorenal syndrome and AKI risk. Moderately predictive but not a direct biomarker."
25_36h_bumetanide_dose_total_12h,0.12,"Closer to the 60h creatinine outcome, escalating bumetanide needs may indicate persistent congestion/low effective circulating volume or worsening renal function with poor diuretic response. This is a stronger leading indicator of impending creatinine rise."
0_12h_calcium_acetate_dose_total_12h,0.01,Calcium acetate is a phosphate binder and usually reflects chronic CKD/mineral bone management rather than acute postoperative renal perfusion changes. In the immediate post-op window it adds little specific signal for AKI.
13_24h_calcium_acetate_dose_total_12h,0.02,"Use suggests underlying CKD/ESRD risk phenotype, which is associated with AKI susceptibility, but it is indirect and often continuation of home therapy. Not a direct driver of postoperative creatinine rise."
25_36h_calcium_acetate_dose_total_12h,0.03,"Continuation/initiation may reflect concern for hyperphosphatemia/renal dysfunction, but it remains an indirect marker and practice-pattern dependent. Weak-to-plausible association with worsening kidney function."
0_12h_calcium_carbonate_dose_total_12h,0.01,Typically given for supplementation or as a binder/antacid and does not directly reflect renal perfusion or tubular injury. Immediate post-op administration is unlikely to predict later creatinine ratio.
13_24h_calcium_carbonate_dose_total_12h,0.02,"May correlate with baseline CKD/mineral management or hypocalcemia treatment, but is not a specific AKI predictor. Any association is indirect and confounded by routine care."
25_36h_calcium_carbonate_dose_total_12h,0.02,Ongoing supplementation/binder use is weakly related to renal dysfunction phenotype but is not a mechanistic driver of AKI. Limited incremental predictive value for creatinine rise.
0_12h_calcium_chloride_dose_total_12h,0.05,"Calcium chloride is often used during/after cardiac surgery for hemodynamic support (e.g., post-CPB myocardial dysfunction) and may proxy early instability. However, in 0–12h derangements are common/transient, so predictive value is capped."
13_24h_calcium_chloride_dose_total_12h,0.07,"Need for calcium chloride beyond the immediate post-op period can indicate ongoing hemodynamic compromise or massive transfusion physiology, both linked to renal hypoperfusion and AKI risk. Still an indirect proxy rather than a renal biomarker."
25_36h_calcium_chloride_dose_total_12h,0.09,"Persistent requirement in the leading-indicator window suggests continued cardiovascular instability/vasoplegia management, which can reduce renal perfusion and precipitate AKI. Moderately informative but nonspecific."
0_12h_calcium_gluconate_dose_total_12h,0.04,Often given for hypocalcemia after transfusion/citrate load or for membrane stabilization; may reflect early severity of illness. In the immediate post-op window it is common and thus only weakly predictive.
13_24h_calcium_gluconate_dose_total_12h,0.05,"Ongoing calcium replacement can indicate persistent metabolic derangements or continued transfusion/critical illness, which correlate with AKI risk. Association is indirect and treatment-driven."
25_36h_calcium_gluconate_dose_total_12h,0.06,Continued calcium replacement closer to outcome may reflect ongoing critical illness and instability that predispose to renal hypoperfusion. Still nonspecific and not a direct kidney injury marker.
0_12h_carvedilol_dose_total_12h,0.01,"Beta-blocker administration early post-op is largely protocol/home-med continuation and not a direct determinant of AKI. Hemodynamic effects are usually managed tightly in this window, limiting prognostic value."
13_24h_carvedilol_dose_total_12h,0.02,"Continuation may indicate hemodynamic stability (tolerating beta-blockade) and underlying cardiac disease, but links to AKI are indirect. Overall weak predictor of creatinine ratio."
25_36h_carvedilol_dose_total_12h,0.02,"Beta-blockade can contribute to bradycardia/hypotension and reduced renal perfusion, but carvedilol dosing in ICU is usually a marker of stability rather than impending AKI."
0_12h_cefepime_dose_total_12h,0.02,"Cefepime is renally cleared and dosing may reflect renal function, but it is not a typical direct nephrotoxin; early post-op antibiotic choice is often protocol-driven (0–12h capped)."
13_24h_cefepime_dose_total_12h,0.03,"Ongoing cefepime use/dose adjustment can indirectly reflect evolving renal dysfunction or infection severity, but remains a weak-to-plausible predictor rather than a causal AKI driver."
25_36h_cefepime_dose_total_12h,0.04,"Later cefepime dosing may better capture clinician adjustment to declining GFR or severe infection/vasoplegia risk, but cefepime itself is not strongly nephrotoxic."
0_12h_ceftriaxone_dose_total_12h,0.01,Ceftriaxone is not a common cause of AKI and early administration is typically routine perioperative prophylaxis (0–12h capped).
13_24h_ceftriaxone_dose_total_12h,0.02,"Continued ceftriaxone may indicate infection concern, which can increase AKI risk via sepsis/hemodynamics, but the drug itself is not a strong renal insult."
25_36h_ceftriaxone_dose_total_12h,0.03,"Antibiotic continuation closer to outcome can proxy ongoing infection/inflammation and associated renal hypoperfusion risk, though ceftriaxone is not directly nephrotoxic."
0_12h_clonidine_dose_total_12h,0.02,"Clonidine can lower sympathetic tone and blood pressure, potentially reducing renal perfusion, but early post-op use is often for sedation/analgesia adjunct and transient (0–12h capped)."
13_24h_clonidine_dose_total_12h,0.03,"Ongoing clonidine may contribute to hypotension/bradycardia and thus AKI risk, but it is an indirect and generally modest effect."
25_36h_clonidine_dose_total_12h,0.04,"In the later window, clonidine dose may better reflect persistent need for sympatholysis/sedation and potential hemodynamic suppression affecting renal perfusion, though still indirect."
0_12h_clopidogrel_dose_total_12h,0.01,"Clopidogrel does not directly affect renal perfusion; any association would be via bleeding/transfusion or procedural complexity, and early dosing is uncommon/variable (0–12h capped)."
13_24h_clopidogrel_dose_total_12h,0.02,"Use may indicate recent PCI/ACS and higher illness severity, but it is not a direct AKI mechanism and effects are largely mediated through bleeding risk."
25_36h_clopidogrel_dose_total_12h,0.02,Later clopidogrel continuation remains an indirect severity/bleeding-risk marker rather than a physiologic driver of creatinine rise.
0_12h_colchicine_dose_total_12h,0.01,Colchicine is not a typical AKI trigger; early post-op use is usually for pericarditis prophylaxis/treatment and provides little renal prognostic information (0–12h capped).
13_24h_colchicine_dose_total_12h,0.02,"Colchicine can accumulate in renal dysfunction and may be dose-adjusted, but it is generally a weak indirect marker rather than a cause of AKI."
25_36h_colchicine_dose_total_12h,0.03,"In the 25–36h window, continued colchicine may weakly reflect evolving renal dosing considerations or inflammatory complications, but remains a low-specificity predictor."
0_12h_d10_lr_dose_total_12h,0.01,"D10 in LR mainly reflects glucose/maintenance fluid choice rather than a direct AKI mechanism. In the immediate 0–12h post-op window, fluid selection is common and nonspecific for later creatinine rise."
13_24h_d10_lr_dose_total_12h,0.02,"Ongoing need for dextrose-containing crystalloid may weakly proxy illness severity or nutrition/insulin management, but is not an established AKI driver. Kept low to avoid redundancy with overall fluid balance/hemodynamics."
25_36h_d10_lr_dose_total_12h,0.03,"Later requirement for D10 LR can indicate persistent metabolic instability or continued IV fluid needs, indirectly associated with AKI risk. Still a weak, nonspecific predictor compared with direct renal/hemodynamic markers."
0_12h_d10w_dose_total_12h,0.01,D10W use early post-op is typically for hypoglycemia prevention/treatment and does not directly reflect renal perfusion or nephrotoxicity. Immediate post-bypass management makes this a poor specific AKI predictor.
13_24h_d10w_dose_total_12h,0.02,"D10W dose in the trajectory phase may weakly reflect ongoing metabolic derangements or higher acuity, but has no direct causal link to AKI. Scored low to maintain sparsity and limit collinearity with other fluid variables."
25_36h_d10w_dose_total_12h,0.03,"Persistent D10W use closer to the outcome can be a mild proxy for continued critical illness or nutrition issues, which correlate with AKI risk. It remains indirect and not kidney-specific."
0_12h_d5_0_45ns_dose_total_12h,0.02,Hypotonic dextrose-saline volume early post-op is largely a maintenance-fluid decision and not a direct AKI trigger. Any association would be indirect via overall fluid administration and hemodilution.
13_24h_d5_0_45ns_dose_total_12h,0.02,Use of D5 0.45% NS in 13–24h may reflect ongoing IV maintenance needs but is not an established predictor of postoperative AKI. Kept low given likely correlation with total fluids and sodium management.
25_36h_d5_0_45ns_dose_total_12h,0.03,"Continued hypotonic maintenance fluids in 25–36h can weakly indicate prolonged ICU course/limited enteral intake, indirectly linked to AKI risk. Still nonspecific compared with urine output, creatinine trend, or vasopressor needs."
0_12h_d5_lr_dose_total_12h,0.01,D5 LR early after surgery is a common fluid choice and does not directly capture renal hypoperfusion or nephrotoxic exposure. Immediate post-op practices make it a weak discriminator for later creatinine ratio.
13_24h_d5_lr_dose_total_12h,0.02,D5 LR use during 13–24h may weakly proxy ongoing fluid requirements but is not a primary AKI risk factor. Scored low to avoid redundancy with other crystalloid/volume variables.
25_36h_d5_lr_dose_total_12h,0.03,"Higher D5 LR dose closer to hour 60 could reflect persistent hemodynamic/volume management needs, indirectly associated with AKI. The fluid type itself is not nephrotoxic, so importance remains low."
0_12h_d5_ns_dose_total_12h,0.02,"Normal saline exposure can contribute to hyperchloremic acidosis and renal vasoconstriction, but in the 0–12h window it is often routine and confounded by surgical course. Importance is capped low given nonspecificity and early epoch."
13_24h_d5_ns_dose_total_12h,0.03,"Ongoing saline-based fluids may modestly relate to AKI risk via chloride load and overall resuscitation intensity, but effects are small and confounded. Kept below 0.05 to preserve sparsity."
25_36h_d5_ns_dose_total_12h,0.04,"Later continued saline exposure may better reflect sustained resuscitation needs and chloride burden, which can be associated with worse renal outcomes. Still indirect and likely collinear with total fluid balance and shock markers."
0_12h_d50w_dose_total_12h,0.01,D50W is typically given for acute hypoglycemia treatment and is not a direct renal injury mechanism. In the immediate post-op period it is an episodic intervention with limited specificity for AKI prediction.
13_24h_d50w_dose_total_12h,0.01,D50W use mainly reflects hypoglycemia treatment or insulin protocols rather than renal perfusion or nephrotoxicity. Any AKI link is indirect via overall illness severity.
25_36h_d50w_dose_total_12h,0.02,"Later D50W administration can be a weak marker of ongoing metabolic instability/critical illness, but it is not a direct AKI driver. Association with creatinine rise is expected to be small and nonspecific."
0_12h_d5w_dose_total_12h,0.01,D5W volume is typically maintenance/free-water management and does not directly predict renal injury. In the immediate post-op window it is common and nonspecific.
13_24h_d5w_dose_total_12h,0.02,"D5W use may reflect fluid strategy or hypernatremia management, with only an indirect relationship to AKI risk. Not a primary determinant of postoperative creatinine trajectory."
25_36h_d5w_dose_total_12h,0.03,"In the later window, higher D5W may weakly proxy ongoing fluid management complexity or dysnatremias, which can correlate with severity of illness. Still not a direct renal perfusion/toxin signal."
0_12h_dialysate_infusion_dose_total_12h,0.1,"Dialysate infusion implies renal replacement therapy initiation or preparation, which is strongly linked to severe renal dysfunction. Capped by the 0–12h epoch maximum despite high clinical relevance."
13_24h_dialysate_infusion_dose_total_12h,0.2,"Dialysate infusion in this period indicates ongoing/initiated RRT, a near-direct marker of significant AKI and predicts higher creatinine ratio. This is among the most specific renal-related features available."
25_36h_dialysate_infusion_dose_total_12h,0.6,"Dialysate infusion close to the outcome strongly indicates established severe AKI requiring RRT, directly tied to creatinine trajectory. It is a definitive marker of renal failure severity rather than a nonspecific correlate."
0_12h_dilaudid_pca_dose_total_12h,0.01,"Opioid PCA dosing reflects analgesia needs and sedation strategy, not renal perfusion or nephrotoxicity. Any association with AKI is weak and confounded by overall postoperative course."
13_24h_dilaudid_pca_dose_total_12h,0.01,Continued PCA use is primarily a pain-management marker and does not directly influence kidney injury risk. It is not an established predictor of postoperative creatinine rise.
25_36h_dilaudid_pca_dose_total_12h,0.01,Later PCA dosing remains a nonspecific care-process variable with minimal mechanistic link to AKI. Potential effects via hypotension/respiratory depression are indirect and typically small.
0_12h_hydromorphone_dose_total_12h,0.01,Hydromorphone dosing is not nephrotoxic and mainly reflects analgesia/sedation requirements. In the immediate post-op period it is routine and poorly specific for AKI risk.
13_24h_hydromorphone_dose_total_12h,0.01,Ongoing opioid dosing has at most an indirect association with AKI through hemodynamics or illness severity. It is not a primary driver of postoperative creatinine changes.
25_36h_hydromorphone_dose_total_12h,0.02,"Higher opioid needs later may weakly proxy complications or prolonged critical illness, which can correlate with AKI. Mechanistic linkage remains indirect and nonspecific."
0_12h_dobutamine_dose_total_12h,0.08,"Dobutamine use indicates low cardiac output/cardiogenic shock physiology, which can reduce renal perfusion and precipitate AKI. Score is conservative due to common transient inotrope use immediately post-bypass and the 0–12h cap."
13_24h_dobutamine_dose_total_12h,0.15,"Persistent dobutamine requirement suggests ongoing low-output state and renal hypoperfusion risk, an established contributor to postoperative AKI. In the trajectory phase it is more prognostic than in the immediate post-op window."
25_36h_dobutamine_dose_total_12h,0.12,"Ongoing dobutamine requirement in the 25–36h window suggests low cardiac output/cardiogenic shock physiology, which can directly reduce renal perfusion and precipitate AKI. Dose intensity can proxy severity of hemodynamic compromise close to the 60h creatinine outcome."
0_12h_docusate_dose_total_12h,0.005,Docusate is not nephrotoxic and mainly reflects routine bowel regimen rather than renal physiology. In the immediate 0–12h post-op period it provides little AKI signal.
13_24h_docusate_dose_total_12h,0.005,Docusate use is largely unrelated to kidney perfusion or tubular injury and is standard ICU care. It is unlikely to add predictive value for creatinine rise.
25_36h_docusate_dose_total_12h,0.005,Bowel regimen administration does not mechanistically influence AKI risk and mostly reflects routine care. Minimal relevance to creatinine_ratio.
0_12h_dopamine_dose_total_12h,0.06,"Early dopamine use may indicate perioperative hypotension/low output requiring vasoactive support, which is associated with AKI risk. However, 0–12h derangements are often transient post-bypass, so importance is capped."
13_24h_dopamine_dose_total_12h,0.1,Continued dopamine requirement at 13–24h suggests persistent shock physiology and higher risk of renal hypoperfusion. This trajectory phase is more informative than immediate post-op use but still not definitive alone.
25_36h_dopamine_dose_total_12h,0.15,"Dopamine requirement in the 25–36h window is a strong marker of ongoing hemodynamic instability/vasopressor dependence, a direct driver of ischemic AKI. Closer temporal proximity to hour-60 creatinine makes it more predictive."
0_12h_enoxaparin_dose_total_12h,0.01,Enoxaparin is not a typical cause of AKI and dosing is usually protocol-driven for VTE prophylaxis. In 0–12h it more reflects practice patterns than renal injury risk.
13_24h_enoxaparin_dose_total_12h,0.01,Enoxaparin administration is generally unrelated to renal perfusion; dose adjustments may occur with renal dysfunction but are indirect and inconsistent. Limited value for predicting creatinine_ratio.
25_36h_enoxaparin_dose_total_12h,0.02,"Later enoxaparin use could weakly reflect clinician comfort with bleeding risk and renal function (e.g., withholding in severe AKI), but this is indirect. Kept low to avoid overinterpreting practice-pattern effects."
0_12h_ephedrine_sulfate_dose_total_12h,0.03,"Ephedrine use early post-op is a marker of transient hypotension/vasoplegia treatment, which can relate to renal hypoperfusion. In 0–12h it is common and often short-lived, limiting specificity."
13_24h_ephedrine_sulfate_dose_total_12h,0.04,"Ephedrine use beyond the immediate post-op period may indicate ongoing hypotension requiring support, which can contribute to AKI risk. Still a relatively nonspecific marker compared with continuous vasoactive infusions."
25_36h_ephedrine_sulfate_dose_total_12h,0.05,"Need for ephedrine in the 25–36h window suggests persistent hemodynamic lability that can impair renal perfusion. As an intermittent agent and binary feature, it remains a modest predictor."
0_12h_esmolol_dose_total_12h,0.01,Esmolol use typically reflects tachyarrhythmia or rate control rather than renal injury mechanisms. In the immediate post-op period it is not a reliable AKI predictor.
13_24h_esmolol_dose_total_12h,0.02,Esmolol may indicate atrial fibrillation or sympathetic surge; any AKI link is indirect via hemodynamics. Overall predictive value for creatinine_ratio is low.
25_36h_esmolol_dose_total_12h,0.02,Later esmolol use may reflect ongoing arrhythmia management; renal impact is indirect unless causing hypotension. Kept low to maintain sparsity and avoid confounding by indication.
0_12h_etomidate_dose_total_12h,0.02,"Etomidate is not directly nephrotoxic; any association with AKI would be indirect via peri-intubation hemodynamic instability. In the immediate 0–12h post-op window, exposure is common and transient, limiting specificity."
13_24h_etomidate_dose_total_12h,0.03,"Ongoing etomidate use beyond induction may reflect continued sedation needs/instability, which can correlate with shock risk and AKI indirectly. Still not a primary renal driver and likely rare."
25_36h_etomidate_dose_total_12h,0.04,"Etomidate use this late may be a proxy for persistent critical illness requiring repeated procedures/intubation, indirectly increasing AKI risk through hemodynamic stress. Not a direct biomarker or nephrotoxin, so kept low."
0_12h_ezetimibe_dose_total_12h,0.005,Ezetimibe has no meaningful acute effect on renal perfusion or tubular injury in the ICU setting. Use is largely chronic/maintenance and not informative for AKI trajectory.
13_24h_ezetimibe_dose_total_12h,0.005,Continuation of ezetimibe reflects outpatient lipid management rather than acute physiology. No established link to postoperative AKI risk.
25_36h_ezetimibe_dose_total_12h,0.005,"Ezetimibe dosing remains a maintenance medication and does not signal renal hypoperfusion, nephrotoxicity, or evolving AKI. Minimal predictive value for creatinine rise."
0_12h_famotidine_dose_total_12h,0.01,"Famotidine is routine stress-ulcer prophylaxis and not a driver of AKI. Dose may be adjusted in renal dysfunction, but in 0–12h this is usually protocolized and nonspecific."
13_24h_famotidine_dose_total_12h,0.015,Famotidine continuation is generally standard ICU care; any association with AKI would be indirect via renal-dose adjustment practices. Weak signal and not mechanistic.
25_36h_famotidine_dose_total_12h,0.02,"Later famotidine dosing could weakly reflect clinician renal-dose adjustment in evolving kidney dysfunction, but it is still a nonspecific proxy. Not a direct predictor compared with hemodynamics/renal labs."
0_12h_fentanyl_pca_dose_total_12h,0.01,Fentanyl PCA use mainly reflects analgesia strategy and extubation status rather than renal injury. Opioids are not directly nephrotoxic; any AKI link is indirect (hypotension/respiratory depression) and nonspecific early post-op.
13_24h_fentanyl_pca_dose_total_12h,0.02,"Higher PCA requirements may correlate with pain/stress response and sympathetic activation, but this is not an established AKI predictor. Mostly reflects recovery trajectory rather than renal perfusion."
25_36h_fentanyl_pca_dose_total_12h,0.03,"Persistent PCA needs at 25–36h may indicate ongoing illness or delayed recovery, indirectly associated with AKI risk. Still a weak, non-specific proxy without direct renal mechanism."
0_12h_fentanyl_dose_total_12h,0.015,"Fentanyl dose can track sedation/ventilation needs and illness severity, which may correlate with AKI indirectly via shock or low cardiac output. In 0–12h, dosing is common and less discriminative."
13_24h_fentanyl_dose_total_12h,0.03,"Ongoing opioid requirement may reflect prolonged mechanical ventilation or hemodynamic instability, both associated with AKI risk through renal hypoperfusion. Still indirect and not a primary driver."
25_36h_fentanyl_dose_total_12h,0.05,"Continued higher fentanyl dosing at 25–36h can be a proxy for persistent critical illness (ventilation, delirium/agitation management), which is associated with AKI risk. Not nephrotoxic, so capped at plausible-indirect level."
0_12h_flutacisone_nasal_spray_dose_total_12h,0.001,Intranasal fluticasone is a maintenance medication with negligible systemic effect and no meaningful relationship to postoperative renal perfusion or tubular injury. Provides no prognostic value for AKI.
13_24h_flutacisone_nasal_spray_dose_total_12h,0.005,Intranasal corticosteroid use is not mechanistically linked to renal hypoperfusion or nephrotoxicity in the ICU setting. Likely reflects chronic rhinitis management rather than AKI risk.
25_36h_flutacisone_nasal_spray_dose_total_12h,0.005,Intranasal fluticasone has minimal systemic effect and no meaningful association with postoperative AKI. Unlikely to add prognostic signal for creatinine rise.
0_12h_folic_acid_dose_total_12h,0.005,Folic acid administration is not a driver of renal injury and is typically routine supplementation. In the immediate post-op window it does not indicate AKI physiology.
13_24h_folic_acid_dose_total_12h,0.005,"Folic acid use is not associated with renal hypoperfusion, nephrotoxicity, or evolving AKI. More reflective of baseline nutritional/hematologic management."
25_36h_folic_acid_dose_total_12h,0.005,Folic acid dosing does not directly affect creatinine trajectory after cardiac surgery. It is unlikely to capture kidney-specific deterioration.
0_12h_furosemide_dose_total_12h,0.08,"Loop diuretic requirement early post-op can reflect volume overload/low cardiac output management and may worsen effective circulating volume, both relevant to AKI risk. However, in 0–12h many patients receive diuretics transiently, so the score is capped by epoch."
13_24h_furosemide_dose_total_12h,0.12,"Ongoing diuretic dosing in the trajectory phase suggests persistent congestion or attempts to manage oliguria/volume status, both associated with subsequent creatinine rise. It can also contribute to prerenal azotemia if over-diuresed."
25_36h_furosemide_dose_total_12h,0.18,"Diuretic escalation close to the outcome window often reflects worsening fluid overload, low cardiac output, or oliguria—common precursors/companions of AKI after cardiac surgery. This later epoch is a stronger leading indicator of an adverse creatinine trajectory."
0_12h_gabapentin_dose_total_12h,0.01,"Gabapentin is not nephrotoxic and is usually given for analgesia; dosing is often protocolized. Any association with AKI would be indirect (e.g., sedation/hypoventilation), so relevance is weak."
13_24h_gabapentin_dose_total_12h,0.01,"Gabapentin use mainly reflects pain management rather than renal perfusion or tubular injury. Dose adjustments may occur with renal dysfunction, but this is not a reliable early predictor here."
25_36h_gabapentin_dose_total_12h,0.015,"Later gabapentin dosing could be reduced in recognized renal impairment, but this is an inconsistent behavioral signal and not a direct AKI mechanism. Overall expected predictive value remains low."
0_12h_guaifenesin_dose_total_12h,0.005,Guaifenesin is not linked to renal hypoperfusion or nephrotoxicity and is often given for secretion management. It provides little physiologic information about AKI risk.
13_24h_guaifenesin_dose_total_12h,0.005,Use reflects airway secretion management rather than kidney injury biology. No established relationship with postoperative creatinine rise.
25_36h_guaifenesin_dose_total_12h,0.005,Continued guaifenesin use is not a marker of hemodynamic instability or renal tubular injury. Unlikely to contribute meaningful signal for creatinine_ratio.
0_12h_half_normal_saline_dose_total_12h,0.04,"Type/amount of IV fluid can influence renal perfusion and chloride load, but half-normal saline is not a classic AKI driver compared with hypotension/vasopressors and overall fluid balance. In the immediate post-op period, fluid choice is often protocolized and transient."
13_24h_half_normal_saline_dose_total_12h,0.05,"Ongoing hypotonic maintenance fluids may reflect continued NPO status and overall resuscitation strategy, indirectly related to perfusion and fluid balance. Predictive value is plausible but modest and capped to limit redundancy with broader volume/hemodynamic features."
25_36h_half_normal_saline_dose_total_12h,0.03,"IV fluid choice/volume can influence renal perfusion and chloride load, but half-normal saline is not a strong direct AKI driver compared with hypotension/vasopressors or oliguria."
0_12h_heparin_dose_total_12h,0.01,Heparin dosing is common post-cardiac surgery and is not a direct predictor of AKI; any association is largely confounding by illness severity. Early (0–12h) period is also highly protocol-driven.
13_24h_heparin_dose_total_12h,0.01,Heparin dose mainly reflects anticoagulation strategy rather than renal perfusion or tubular injury; AKI linkage is weak and indirect.
25_36h_heparin_dose_total_12h,0.01,"Ongoing heparin use is not mechanistically tied to creatinine rise at 60h except via rare complications (bleeding/HIT), so predictive value is low."
0_12h_hydralazine_dose_total_12h,0.02,"Hydralazine use may indicate hypertension management; hypotension from over-treatment could affect renal perfusion, but this is indirect and early post-op dosing is variable."
13_24h_hydralazine_dose_total_12h,0.03,Antihypertensive requirement can reflect hemodynamic trajectory; however hydralazine is not a primary AKI driver and effects are indirect.
25_36h_hydralazine_dose_total_12h,0.04,"Later need for hydralazine may signal persistent BP lability and potential renal perfusion swings, but it remains an indirect marker rather than a direct AKI biomarker."
0_12h_hydrocodone_acetaminophen_dose_total_12h,0.01,Opioid/acetaminophen analgesia is routine and not a specific AKI predictor; any renal effect is minimal at typical doses and confounded by care patterns.
13_24h_hydrocodone_acetaminophen_dose_total_12h,0.01,Analgesic dosing primarily reflects pain control and extubation status rather than renal injury risk; weak physiologic link to AKI.
25_36h_hydrocodone_acetaminophen_dose_total_12h,0.01,Continued hydrocodone/acetaminophen use is not mechanistically linked to creatinine rise; it is more a marker of recovery trajectory than kidney injury.
0_12h_hydrocortisone_dose_total_12h,0.03,"Steroid use may indicate vasoplegia/adrenal support or severe inflammation, which can correlate with shock and AKI risk, but early post-op use is often protocolized."
13_24h_hydrocortisone_dose_total_12h,0.05,"Ongoing hydrocortisone in the trajectory phase can be a proxy for persistent vasoplegia/shock requiring support, which is associated with AKI, though still indirect."
25_36h_hydrocortisone_dose_total_12h,0.08,"Hydrocortisone use closer to outcome may reflect refractory vasoplegia or severe systemic illness with renal hypoperfusion risk, making it a moderate severity-linked predictor."
0_12h_hypertonic_saline_dose_total_12h,0.02,"Hypertonic saline suggests significant hyponatremia or intracranial concerns; it can affect osmolar balance but is not a typical direct AKI driver, especially in the immediate post-op window."
13_24h_hypertonic_saline_dose_total_12h,0.03,"Use may indicate ongoing dysnatremia/volume management complexity and higher acuity, but the relationship to AKI is indirect."
25_36h_hypertonic_saline_dose_total_12h,0.04,"Later hypertonic saline use can mark persistent electrolyte derangements and critical illness severity, which may correlate with AKI risk, though it is not a direct renal injury biomarker."
0_12h_ibuprofen_dose_total_12h,0.08,"NSAIDs can reduce renal prostaglandin-mediated afferent arteriolar dilation, worsening renal perfusion in low-flow states after cardiac surgery. Early post-op exposure is relevant but this 0–12h window is noisy/transient, so capped."
13_24h_ibuprofen_dose_total_12h,0.1,"Ongoing NSAID exposure during the trajectory phase can contribute to AKI risk, especially in elderly patients with hemodynamic vulnerability. Still an established but not definitive predictor."
25_36h_ibuprofen_dose_total_12h,0.12,"NSAID dosing closer to the outcome window can meaningfully worsen renal perfusion and potentiate AKI when combined with diuretics/RAAS blockade or hypotension. More temporally proximate, so slightly higher weight."
0_12h_inhaled_acetylcysteine_dose_total_12h,0.01,"Inhaled acetylcysteine is used for airway secretion management and has no direct, established effect on renal perfusion or tubular injury in this context. Likely reflects pulmonary care rather than AKI risk."
13_24h_inhaled_acetylcysteine_dose_total_12h,0.01,Continued inhaled mucolytic therapy is not a known driver or biomarker of AKI. Any association would be indirect via illness severity and should remain minimal.
25_36h_inhaled_acetylcysteine_dose_total_12h,0.01,Inhaled acetylcysteine use late in the first 36h is not mechanistically linked to creatinine rise. At most it is a weak proxy for respiratory morbidity.
0_12h_inhaled_arformoterol_dose_total_12h,0.01,Inhaled LABA therapy primarily reflects obstructive lung disease management and does not directly affect renal function. Any AKI link would be indirect and weak.
13_24h_inhaled_arformoterol_dose_total_12h,0.01,Arformoterol dosing is not an established predictor of postoperative AKI and is unlikely to influence creatinine trajectory. Keep very low to avoid spurious severity confounding.
25_36h_inhaled_arformoterol_dose_total_12h,0.01,Late LABA use is not a renal biomarker and has no clear causal pathway to AKI in post-cardiac surgery patients. Minimal inclusion probability.
0_12h_inhaled_budesonide_dose_total_12h,0.01,Inhaled corticosteroids have minimal systemic absorption and are not a typical contributor to AKI risk. More reflective of pulmonary comorbidity than renal injury.
13_24h_inhaled_budesonide_dose_total_12h,0.01,Ongoing inhaled budesonide is not mechanistically tied to renal hypoperfusion or nephrotoxicity. Any association would be indirect and weak.
25_36h_inhaled_budesonide_dose_total_12h,0.01,Inhaled budesonide late in the early ICU course is unlikely to predict creatinine rise at 60h. Keep near-zero to maintain sparsity.
0_12h_inhaled_levalbuterol_dose_total_12h,0.02,"Frequent bronchodilator use may weakly proxy respiratory distress/ventilator dependence, which can correlate with overall severity and AKI risk. No direct renal mechanism, and early window is highly confounded."
13_24h_inhaled_levalbuterol_dose_total_12h,0.02,"Continued need for levalbuterol may indicate ongoing pulmonary instability and higher illness severity, indirectly associated with AKI. Still a weak, non-specific predictor."
25_36h_inhaled_levalbuterol_dose_total_12h,0.03,"Persistent bronchodilator requirement closer to hour 60 can serve as a modest proxy for ongoing critical illness and catecholamine exposure, indirectly linked to AKI. Remains low due to non-specificity."
0_12h_inhaled_sodium_chloride_dose_total_12h,0.01,Inhaled saline is supportive airway therapy without a direct relationship to renal perfusion or nephrotoxicity. Any association with AKI would be incidental.
13_24h_inhaled_sodium_chloride_dose_total_12h,0.005,Inhaled saline is primarily for airway secretion management and has no direct effect on renal perfusion or nephrotoxicity. Dose mainly reflects pulmonary care intensity rather than AKI biology.
25_36h_inhaled_sodium_chloride_dose_total_12h,0.005,"Inhaled saline use is not a recognized driver or biomarker of postoperative AKI. At most it is a weak proxy for respiratory status/acuity, so keep low for sparsity."
0_12h_inhlaed_levalbuterol_dose_total_12h,0.005,Inhaled beta-agonist dosing reflects bronchospasm/airflow issues and does not directly predict renal injury. Early (0–12h) postoperative use is common and nonspecific for AKI.
13_24h_inhlaed_levalbuterol_dose_total_12h,0.01,"Ongoing bronchodilator requirement may weakly correlate with overall illness severity and hypoxemia risk, which can indirectly affect renal perfusion. Still not an established AKI predictor."
25_36h_inhlaed_levalbuterol_dose_total_12h,0.015,"Persistent need for bronchodilators closer to outcome can indicate respiratory failure/critical illness, indirectly associated with AKI via hypoxemia and hemodynamic stress. The link remains indirect and nonspecific."
0_12h_insulin_glargine_dose_total_12h,0.01,"Basal insulin use reflects diabetes/stress hyperglycemia, a background AKI risk factor, but dosing in the immediate postoperative window is not a direct renal signal. Early period is highly protocol-driven and nonspecific."
13_24h_insulin_glargine_dose_total_12h,0.02,"Continued basal insulin requirement suggests diabetes and metabolic stress, which are associated with higher AKI risk. However, insulin dose is an indirect proxy and influenced by glycemic protocols."
25_36h_insulin_glargine_dose_total_12h,0.03,"In the 25–36h window, higher basal insulin needs may reflect persistent stress response/inflammation and diabetes severity, indirectly linked to AKI risk. Still not a direct biomarker of renal dysfunction."
0_12h_insulin_levemir_dose_total_12h,0.01,Detemir dosing is another basal insulin marker of diabetes/stress hyperglycemia rather than kidney injury itself. Immediate postoperative dosing is often routine and not specific for AKI.
13_24h_insulin_levemir_dose_total_12h,0.02,"Basal insulin requirement in this phase can indicate diabetes and ongoing physiologic stress, both associated with AKI risk. The relationship is indirect and confounded by glycemic management."
25_36h_insulin_levemir_dose_total_12h,0.03,"Persistent basal insulin needs closer to hour 60 may track sustained stress hyperglycemia/diabetes severity, which correlates with postoperative complications including AKI. Not a direct renal perfusion or nephrotoxic exposure marker."
0_12h_insulin_lispro_dose_total_12h,0.015,"Short-acting insulin dose reflects stress hyperglycemia and insulin resistance, which are associated with worse outcomes but not specific for AKI. In 0–12h it is heavily protocolized and transient."
13_24h_insulin_lispro_dose_total_12h,0.03,"Ongoing correctional insulin needs may indicate persistent hyperglycemia and systemic stress/inflammation, indirectly increasing AKI risk. Still a nonspecific severity marker rather than a renal biomarker."
25_36h_insulin_lispro_dose_total_12h,0.04,"Higher rapid-acting insulin requirements in the leading-indicator window can reflect sustained stress hyperglycemia, which is associated with postoperative organ dysfunction including AKI. The link remains indirect and should stay below 0.05 for sparsity."
0_12h_insulin_regular_infusion_dose_total_12h,0.03,"Need for insulin infusion suggests significant stress hyperglycemia and higher acuity, which can correlate with AKI risk. In the immediate 0–12h period it is common after cardiac surgery and not specific, so keep conservative."
13_24h_insulin_regular_infusion_dose_total_12h,0.05,"Persistent insulin infusion into 13–24h indicates ongoing severe hyperglycemia/critical illness, which is associated with higher AKI risk via systemic stress and microvascular dysfunction. Still indirect and capped to limit redundancy with other insulin features."
25_36h_insulin_regular_infusion_dose_total_12h,0.03,"Insulin infusion dose is an indirect marker of stress hyperglycemia/critical illness severity, which correlates with AKI risk but is not a direct renal perfusion or nephrotoxic driver."
0_12h_iopamidol_contrast_dose_total_12h,0.08,"Iodinated contrast can precipitate contrast-associated AKI, but in the immediate 0–12h post-op window effects may not yet be evident and exposure may be peri-procedural/confounded by acuity."
13_24h_iopamidol_contrast_dose_total_12h,0.12,"Contrast exposure in this trajectory phase is a meaningful established risk factor for subsequent creatinine rise, reflecting both nephrotoxic exposure and ongoing instability requiring imaging."
25_36h_iopamidol_contrast_dose_total_12h,0.18,"Recent contrast exposure close to the 60h creatinine outcome is a strong predictor of impending creatinine rise, especially in elderly post-cardiac surgery patients with limited renal reserve."
0_12h_ipratropium_bromide_dose_total_12h,0.005,Inhaled ipratropium is not nephrotoxic and mainly reflects airway disease/bronchospasm management rather than renal perfusion or tubular injury.
13_24h_ipratropium_bromide_dose_total_12h,0.005,Continued bronchodilator use is a weak proxy for pulmonary status and does not directly influence kidney function; any association with AKI would be highly indirect.
25_36h_ipratropium_bromide_dose_total_12h,0.005,Ipratropium dosing remains clinically unrelated to AKI mechanisms; at most it reflects respiratory comorbidity/ICU complexity.
0_12h_ipratropium_albuterol_dose_total_12h,0.01,Nebulized albuterol/ipratropium is not a direct AKI driver; beta-agonists can shift potassium but this is not a typical pathway to creatinine rise.
13_24h_ipratropium_albuterol_dose_total_12h,0.01,Ongoing bronchodilator requirement is a nonspecific marker of pulmonary disease severity and is only indirectly related to AKI risk via overall illness severity.
25_36h_ipratropium_albuterol_dose_total_12h,0.01,"Late bronchodilator use remains a weak, nonspecific proxy for respiratory status and does not directly predict renal tubular injury or perfusion failure."
0_12h_iron_dose_total_12h,0.005,Iron administration is typically for anemia management and has no established causal link to AKI in this setting; it is more reflective of transfusion/anemia practices.
13_24h_iron_dose_total_12h,0.005,Iron dosing is not a recognized predictor of postoperative AKI; any association would be confounded by bleeding/anemia and care patterns.
25_36h_iron_dose_total_12h,0.005,Iron therapy close to outcome remains clinically nonspecific for kidney injury and is unlikely to add predictive value beyond hemodynamics and renal labs.
0_12h_isosorbide_mononitrate_dose_total_12h,0.01,"Nitrate therapy may reflect coronary disease and can lower blood pressure, but in the immediate post-op period it is often routine/short-term and not a primary AKI determinant."
13_24h_isosorbide_mononitrate_dose_total_12h,0.02,"Ongoing nitrate use may indicate persistent ischemia/afterload management and potential hypotension risk, but its link to AKI is indirect and typically modest."
25_36h_isosorbide_mononitrate_dose_total_12h,0.03,"Later nitrate use could contribute to or signal hypotension/vasodilatory physiology that threatens renal perfusion, but it remains an indirect predictor compared with direct hemodynamic and renal markers."
0_12h_k_phos_dose_total_12h,0.02,KPhos use is an indirect marker of electrolyte derangements/ICU complexity rather than a direct AKI driver. In the immediate 0–12h post-op window it is often routine replacement and should be down-weighted.
13_24h_k_phos_dose_total_12h,0.03,"Ongoing phosphate replacement may reflect evolving renal dysfunction or refeeding/shift physiology, but remains indirect. Trajectory-phase signal is modest and non-specific for AKI."
25_36h_k_phos_dose_total_12h,0.04,"Later need for phosphate replacement can correlate with worsening critical illness and possible renal handling changes, but it is still not a direct biomarker of AKI. Kept below 0.05 to avoid over-weighting a non-specific treatment proxy."
0_12h_ketamine_dose_total_12h,0.01,Ketamine is not nephrotoxic and dosing mainly reflects analgesia/sedation strategy. Early post-op use is common and provides little specific information about subsequent creatinine rise.
13_24h_ketamine_dose_total_12h,0.02,"Continued ketamine may indicate ongoing instability or high analgesic needs, which can correlate with severity of illness, but the link to AKI is indirect. Therefore inclusion probability remains low."
25_36h_ketamine_dose_total_12h,0.03,"Persistent ketamine requirement closer to outcome may proxy prolonged critical illness and hemodynamic fragility, indirectly increasing AKI risk. Still non-specific and capped under 0.05."
0_12h_lactated_ringers_dose_total_12h,0.04,"Early crystalloid volume can contribute to fluid overload/hemodilution and reflect resuscitation needs, which relate indirectly to renal hypoperfusion risk. In 0–12h, however, fluids are frequently given routinely post-CPB, so the signal is limited (and capped by epoch)."
13_24h_lactated_ringers_dose_total_12h,0.06,"Ongoing crystalloid requirement in 13–24h may better reflect persistent vasoplegia/third spacing and risk of renal congestion or inadequate perfusion. This is an established but non-definitive AKI risk factor, so kept modest."
25_36h_lactated_ringers_dose_total_12h,0.09,"Crystalloid needs in 25–36h can indicate continued shock/resuscitation and is closer to the creatinine outcome, linking to renal hypoperfusion and fluid overload. Still not a direct biomarker, so kept below 0.10."
0_12h_lactulose_dose_total_12h,0.01,Lactulose use reflects hepatic encephalopathy prophylaxis/treatment rather than renal physiology. It has no direct causal link to AKI in the immediate post-op period.
13_24h_lactulose_dose_total_12h,0.01,"Continued lactulose is primarily a liver-disease management marker and does not directly predict renal injury. Any association with AKI would be confounded by baseline liver severity, so importance remains minimal."
25_36h_lactulose_dose_total_12h,0.01,Lactulose dosing remains a non-specific liver-care intervention with weak mechanistic connection to creatinine rise. Kept at the minimal level for sparsity.
0_12h_levothyroxine_dose_total_12h,0.005,Levothyroxine administration reflects chronic hypothyroidism management and is not an AKI driver. Early post-op dosing is routine and not informative for renal outcomes.
13_24h_levothyroxine_dose_total_12h,0.005,"Ongoing thyroid replacement has no meaningful short-term mechanistic link to postoperative AKI. Any association would be incidental, so it is kept near zero."
25_36h_levothyroxine_dose_total_12h,0.005,Levothyroxine remains unrelated to acute renal perfusion or nephrotoxicity in this timeframe. Included only at a negligible probability to maintain sparsity.
0_12h_lidocaine_patch_dose_total_12h,0.005,Topical lidocaine is an analgesic adjunct without nephrotoxicity and does not reflect hemodynamic status. Early use is routine and provides no specific AKI signal.
13_24h_lidocaine_patch_dose_total_12h,0.005,Topical lidocaine has minimal systemic hemodynamic or nephrotoxic effect and is not a recognized AKI driver. Use mainly reflects analgesia practice rather than renal risk.
25_36h_lidocaine_patch_dose_total_12h,0.005,Topical lidocaine exposure is unlikely to affect renal perfusion or tubular injury. More indicative of pain management than impending AKI.
0_12h_lidocaine_dose_total_12h,0.01,"Systemic lidocaine is not typically nephrotoxic; any association would be indirect via arrhythmia management or illness severity. In the immediate post-op window, it is unlikely to add specific AKI signal."
13_24h_lidocaine_dose_total_12h,0.015,"May weakly proxy ongoing arrhythmia/pain management and overall acuity, which can correlate with AKI risk. Not a direct renal biomarker or established AKI risk factor."
25_36h_lidocaine_dose_total_12h,0.02,Continued systemic lidocaine could reflect persistent arrhythmias/instability and higher ICU acuity closer to the outcome window. Still an indirect marker with no direct nephrotoxicity.
0_12h_lisinopril_dose_total_12h,0.03,"ACE inhibitors can reduce efferent arteriolar tone and worsen GFR during low effective circulating volume states, but are often held immediately post-cardiac surgery. Early dosing is uncommon and may reflect baseline therapy rather than evolving AKI."
13_24h_lisinopril_dose_total_12h,0.05,"If given, ACE inhibitor exposure during ongoing hemodynamic recovery can contribute to functional creatinine rise, especially with hypotension/diuresis. Still an indirect contributor and often confounded by clinician selection."
25_36h_lisinopril_dose_total_12h,0.08,"Closer to hour-60, ACE inhibitor use can precipitate or unmask reduced renal reserve (particularly in elderly/vasoplegic states), increasing creatinine ratio. This is an established but not definitive AKI risk factor."
0_12h_losartan_dose_total_12h,0.03,"ARBs can lower intraglomerular pressure and worsen GFR during perioperative hypoperfusion, but are typically withheld early after surgery. Any signal is likely weak and confounded by home-med continuation."
13_24h_losartan_dose_total_12h,0.05,ARBs during the trajectory phase may contribute to functional AKI in the setting of ongoing vasodilation/diuresis. Association is plausible but not a direct biomarker.
25_36h_losartan_dose_total_12h,0.08,"ARBs given in the 25–36h window can meaningfully affect GFR in patients with marginal renal perfusion, making subsequent creatinine rise more likely. Established risk factor but not definitive for intrinsic tubular injury."
0_12h_magnesium_sulfate_dose_total_12h,0.01,Magnesium sulfate is commonly used for electrolyte repletion/arrhythmia prophylaxis and is not nephrotoxic. Early post-op dosing is routine and provides little specific AKI discrimination.
13_24h_magnesium_sulfate_dose_total_12h,0.015,"May weakly reflect arrhythmias or frequent electrolyte derangements/diuretic use, indirectly correlating with illness severity. Not a direct renal injury marker."
25_36h_magnesium_sulfate_dose_total_12h,0.02,"Ongoing magnesium sulfate replacement can proxy continued ICU instability, diuresis, or electrolyte wasting closer to the outcome window. Still indirect and generally low specificity for AKI."
0_12h_magnesium_dose_total_12h,0.01,Non-sulfate magnesium replacement is routine and not causally linked to AKI. In the immediate post-op period it mainly reflects standard electrolyte management.
13_24h_magnesium_dose_total_12h,0.015,"May indicate ongoing electrolyte monitoring/repletion needs and overall acuity, which can correlate with AKI risk. Provides limited direct mechanistic information about renal injury."
25_36h_magnesium_dose_total_12h,0.02,Magnesium repletion is common post-cardiac surgery and more reflective of electrolyte management/arrhythmia prophylaxis than renal injury. It may weakly proxy illness severity or renal wasting but is not a direct AKI driver.
0_12h_melatonin_dose_total_12h,0.005,Melatonin use is primarily for sleep/delirium prevention and has no established link to postoperative AKI risk. In the immediate 0–12h window it is unlikely to add prognostic signal beyond overall care patterns.
13_24h_melatonin_dose_total_12h,0.005,"Melatonin dosing reflects sleep management rather than renal perfusion, nephrotoxicity, or kidney function. Any association would be indirect via delirium/acuity and should be kept very small."
25_36h_melatonin_dose_total_12h,0.005,Melatonin remains a non-nephrotoxic supportive medication with minimal mechanistic connection to creatinine rise. At most it is a weak proxy for ICU course and should not drive a sparse AKI model.
0_12h_meropenem_dose_total_12h,0.03,"Meropenem is not strongly nephrotoxic, but early broad-spectrum antibiotic use can indicate severe infection/shock, which increases AKI risk. In 0–12h this is often prophylactic/empiric, so keep conservative."
13_24h_meropenem_dose_total_12h,0.04,"Ongoing meropenem at 13–24h more likely reflects suspected/confirmed infection and systemic inflammation, which can contribute to renal hypoperfusion and AKI. Still indirect and not a direct biomarker."
25_36h_meropenem_dose_total_12h,0.05,"Continued meropenem closer to the outcome can proxy persistent infection/sepsis and higher illness severity, both associated with AKI. The drug itself is only weakly nephrotoxic, so cap at plausible-indirect range."
0_12h_methocarbamol_dose_total_12h,0.005,Methocarbamol is used for muscle spasm/pain control and has no established causal relationship with postoperative AKI. Any signal would be confounding by sedation/analgesia needs.
13_24h_methocarbamol_dose_total_12h,0.005,Methocarbamol dosing reflects symptom management rather than renal perfusion or nephrotoxicity. It is unlikely to add independent predictive value for creatinine_ratio.
25_36h_methocarbamol_dose_total_12h,0.005,Later methocarbamol use remains a supportive medication without a clear mechanistic link to AKI. Keep minimal to preserve sparsity.
0_12h_methylene_blue_dose_total_12h,0.08,"Methylene blue use often indicates vasoplegic shock after cardiopulmonary bypass, a state associated with hypotension and renal hypoperfusion. In 0–12h vasoplegia can be transient, so score below the epoch cap."
13_24h_methylene_blue_dose_total_12h,0.12,"Need for methylene blue at 13–24h suggests persistent/refractory vasoplegia and high vasopressor requirements, which are established AKI risk contexts. This is a strong severity/hemodynamic proxy though not a renal biomarker."
25_36h_methylene_blue_dose_total_12h,0.18,"Methylene blue use at 25–36h implies ongoing severe vasoplegia/hemodynamic instability close to the creatinine outcome window, strongly linked to renal hypoperfusion and AKI. This is a high-value leading indicator of shock physiology."
0_12h_metoclopramide_dose_total_12h,0.005,Metoclopramide is used for nausea/gastroparesis and is not nephrotoxic nor a marker of renal perfusion. Any association would be incidental.
13_24h_metoclopramide_dose_total_12h,0.005,Metoclopramide use reflects GI symptom management and does not directly relate to AKI mechanisms. Keep very low to avoid adding noise.
25_36h_metoclopramide_dose_total_12h,0.005,Later metoclopramide administration remains clinically unrelated to kidney injury pathways and is unlikely to predict creatinine_ratio. Minimal inclusion probability supports sparsity.
0_12h_metoprolol_dose_total_12h,0.02,"Beta-blocker exposure is not a direct AKI driver; dose may weakly proxy hemodynamic instability/bradycardia management early post-op. In the immediate 0–12h period, effects are often transient and confounded by routine post-cardiac surgery care."
13_24h_metoprolol_dose_total_12h,0.03,"Ongoing beta-blocker dosing can reflect persistent rate control needs and cardiac function, indirectly affecting renal perfusion. Still a weak, nonspecific predictor of creatinine rise."
25_36h_metoprolol_dose_total_12h,0.04,Later metoprolol use may indicate continued hemodynamic stability/arrhythmia control patterns that can correlate with renal perfusion status. Association with AKI is indirect and likely modest.
0_12h_metronidazole_dose_total_12h,0.005,Metronidazole is not typically nephrotoxic and is usually unrelated to renal hypoperfusion mechanisms. Early administration mainly reflects infection/abdominal coverage decisions rather than AKI physiology.
13_24h_metronidazole_dose_total_12h,0.006,Continued metronidazole use is a weak proxy for infectious concern/illness severity but has minimal direct renal impact. Expected predictive value for creatinine_ratio is low.
25_36h_metronidazole_dose_total_12h,0.008,"Later metronidazole exposure may track ongoing infection management and overall acuity, which can correlate with AKI risk. It remains an indirect and nonspecific signal."
0_12h_midazolam_dose_total_12h,0.01,"Sedation dose is not a direct AKI biomarker; it may weakly reflect ventilation needs and illness severity. In the first 12 hours, dosing is heavily protocol-driven and confounded."
13_24h_midazolam_dose_total_12h,0.02,"Persistent or higher sedation requirements can indicate ongoing mechanical ventilation and instability, indirectly associated with AKI risk. Still nonspecific and not mechanistically renal."
25_36h_midazolam_dose_total_12h,0.03,"Ongoing midazolam use closer to outcome may reflect prolonged critical illness and hemodynamic/respiratory failure, which increases AKI risk. The link remains indirect."
0_12h_midodrine_dose_total_12h,0.04,"Midodrine use suggests vasoplegia or difficulty weaning IV vasopressors, which relates to renal perfusion risk. In 0–12h, vasoplegia is common post-CPB, so predictive specificity is limited."
13_24h_midodrine_dose_total_12h,0.08,"Midodrine requirement in the trajectory phase can indicate persistent hypotension/vasodilatory shock physiology, a known contributor to AKI via renal hypoperfusion. More informative than in the immediate post-op window."
25_36h_midodrine_dose_total_12h,0.12,"Continued midodrine use at 25–36h is a leading indicator of ongoing vasoplegia and marginal perfusion pressure, which strongly predisposes to creatinine rise. This is a clinically meaningful proxy for sustained hemodynamic compromise."
0_12h_milrinone_dose_total_12h,0.06,"Milrinone use reflects low cardiac output/right ventricular dysfunction management, which can reduce renal perfusion and precipitate AKI. In 0–12h, use is common and partially prophylactic, so capped conservatively."
13_24h_milrinone_dose_total_12h,0.12,"Ongoing inotrope requirement in 13–24h suggests persistent low-output state, a well-established AKI risk factor after cardiac surgery. This is a stronger signal of inadequate renal perfusion than early use."
25_36h_milrinone_dose_total_12h,0.18,"Milrinone requirement at 25–36h indicates sustained cardiac dysfunction/low forward flow close to the outcome window, strongly linked to renal hypoperfusion and AKI. Also may reflect RV failure and venous congestion, both worsening renal function."
0_12h_minocycline_dose_total_12h,0.005,Minocycline is not a typical nephrotoxin in this context and is unlikely to drive early postoperative AKI. Its use mainly reflects antimicrobial selection rather than renal pathophysiology.
13_24h_minocycline_dose_total_12h,0.01,Minocycline is not a typical driver of post-cardiac surgery AKI; dose mainly reflects infection treatment rather than renal perfusion. Any nephrotoxicity signal is weak and confounded by illness severity.
25_36h_minocycline_dose_total_12h,0.02,"Later antibiotic exposure could correlate with evolving sepsis/inflammation that can contribute to AKI, but minocycline itself is not a strong nephrotoxin. Treat as a weak, indirect acuity marker."
0_12h_morphine_dose_total_12h,0.02,"Opioid dosing may proxy for pain/sedation needs and can contribute to hypotension, but it is not a direct AKI driver. In the immediate post-op window this is highly confounded by routine care."
13_24h_morphine_dose_total_12h,0.03,"Ongoing opioid requirement may reflect persistent instability or ventilator dependence, indirectly associated with AKI risk. Still not a direct renal biomarker and heavily confounded."
25_36h_morphine_dose_total_12h,0.04,Higher opioid needs closer to the outcome can indicate ongoing critical illness and potential hemodynamic vulnerability affecting renal perfusion. Association remains indirect and non-specific.
0_12h_nicardipine_dose_total_12h,0.03,"Nicardipine use reflects postoperative hypertension management; excessive BP lowering could reduce renal perfusion, but early post-op use is common and transient. Net link to AKI is indirect."
13_24h_nicardipine_dose_total_12h,0.05,Continued antihypertensive infusion may indicate difficult BP control and potential episodes of relative hypotension impacting kidney perfusion. Still an indirect marker and confounded by clinical targets.
25_36h_nicardipine_dose_total_12h,0.06,Ongoing nicardipine closer to hour 60 may better capture sustained BP management issues where over-treatment or labile pressures can impair renal autoregulation. Moderate indirect relevance to AKI risk.
0_12h_nitroglycerin_dose_total_12h,0.03,"Nitroglycerin suggests ischemia management or afterload/preload manipulation and can lower MAP, potentially reducing renal perfusion. In the immediate post-op period it is common and non-specific."
13_24h_nitroglycerin_dose_total_12h,0.05,Persistent need for nitroglycerin may reflect ongoing myocardial ischemia/heart failure physiology that predisposes to renal hypoperfusion. Still an indirect proxy rather than a direct renal marker.
25_36h_nitroglycerin_dose_total_12h,0.07,"Later nitroglycerin use can indicate ongoing low-output/ischemic physiology and vasodilator-related hypotension risk, both relevant to cardiorenal AKI. Closer temporal proximity increases its predictive value."
0_12h_normal_saline_dose_total_12h,0.04,"Early crystalloid volume reflects resuscitation and hemodynamic management; both hypovolemia and fluid overload can contribute to AKI, but immediate post-op fluids are routine. Signal is indirect and confounded."
13_24h_normal_saline_dose_total_12h,0.06,"Ongoing fluid administration in the trajectory phase may indicate persistent vasoplegia/third spacing or attempts to treat low perfusion, which relate to AKI risk. Still non-specific without concurrent hemodynamics/urine output."
25_36h_normal_saline_dose_total_12h,0.09,"Continued crystalloid needs closer to hour 60 can reflect ongoing shock physiology or poor perfusion, both strong contributors to AKI, and may also worsen congestion. This is a more informative leading indicator than earlier epochs."
0_12h_nystatin_dose_total_12h,0.005,Nystatin is minimally systemically absorbed and not nephrotoxic; use is typically prophylactic/maintenance. No meaningful mechanistic link to AKI.
13_24h_nystatin_dose_total_12h,0.005,Continued nystatin dosing reflects routine prophylaxis rather than renal physiology or perfusion. Not expected to predict creatinine rise.
25_36h_nystatin_dose_total_12h,0.01,Nystatin is minimally systemically absorbed and is not nephrotoxic; use mainly reflects antifungal prophylaxis/colonization rather than renal perfusion or injury.
0_12h_ondansetron_dose_total_12h,0.005,Ondansetron has no meaningful direct link to AKI; early postoperative use mainly reflects nausea prophylaxis in the immediate post-op period.
13_24h_ondansetron_dose_total_12h,0.005,Antiemetic dosing is not a renal injury mechanism and is more reflective of symptoms/care patterns than kidney perfusion or nephrotoxicity.
25_36h_ondansetron_dose_total_12h,0.005,Continued ondansetron use is unlikely to causally affect creatinine trajectory and is a weak proxy for overall illness burden at best.
0_12h_oxycodone_dose_total_12h,0.01,Opioid dosing is not directly nephrotoxic; in the immediate post-op window it mostly reflects analgesia needs and sedation strategy rather than AKI physiology.
13_24h_oxycodone_dose_total_12h,0.02,"Higher opioid requirement can indirectly correlate with severity of illness and hypotension/respiratory depression risk, but it is not an established AKI driver."
25_36h_oxycodone_dose_total_12h,0.02,"Ongoing opioid use may weakly track complications and hemodynamic fragility, but has no strong direct mechanistic link to postoperative AKI."
0_12h_pantoprazole_dose_total_12h,0.005,Pantoprazole is routine stress-ulcer prophylaxis post-cardiac surgery and provides little specific prognostic information for AKI in the early window.
13_24h_pantoprazole_dose_total_12h,0.005,PPI exposure is common and nonspecific; acute interstitial nephritis is rare and not typically captured by short-term dosing patterns.
25_36h_pantoprazole_dose_total_12h,0.005,Continued PPI use is standard ICU care and is not a meaningful predictor of creatinine rise over the next day.
0_12h_phenylephrine_dose_total_12h,0.08,"Need for vasopressor support immediately post-op suggests hemodynamic instability that can reduce renal perfusion, but early post-bypass vasoplegia can be transient (capped for 0–12h)."
13_24h_phenylephrine_dose_total_12h,0.12,"Persistent vasopressor requirement in the trajectory phase indicates ongoing shock/low effective circulating volume, an established risk factor for AKI."
25_36h_phenylephrine_dose_total_12h,0.18,"Vasopressor need close to the outcome window is a strong indicator of sustained hemodynamic compromise and renal hypoperfusion, increasing risk of creatinine rise."
0_12h_phos_na_k_dose_total_12h,0.02,"Phosphate replacement reflects electrolyte management and may weakly indicate shifts from renal dysfunction or refeeding, but is nonspecific in the immediate post-op period."
13_24h_phos_na_k_dose_total_12h,0.03,"Ongoing phosphate supplementation can correlate with evolving renal handling abnormalities or high metabolic demand, but remains an indirect and nonspecific AKI marker."
25_36h_phos_na_k_dose_total_12h,0.04,"Late phosphate replacement may weakly track renal tubular dysfunction or overall acuity near the outcome window, but it is not a direct biomarker of AKI."
0_12h_piperacilin_tazobactam_dose_total_12h,0.02,Broad-spectrum antibiotics are not a primary AKI driver here; any association is usually via sepsis severity or concomitant nephrotoxins. Early (0–12h) dosing is often prophylactic/empiric and weakly informative.
13_24h_piperacilin_tazobactam_dose_total_12h,0.03,"Continuation/escalation may reflect infection/vasoplegia risk that can contribute to renal hypoperfusion, but the drug itself is not a strong direct AKI predictor. Still largely a severity-of-illness proxy."
25_36h_piperacilin_tazobactam_dose_total_12h,0.04,"Ongoing need at 25–36h can indicate persistent infection/inflammation and higher AKI risk via hemodynamic instability. Direct nephrotoxicity is uncommon, so importance remains modest."
0_12h_plasmalyte_dose_total_12h,0.03,"Early balanced crystalloid volume reflects resuscitation needs and potential hemodynamic stress, but immediate post-bypass fluids are common and often transient. Weak-to-plausible link to AKI through congestion/hemodilution."
13_24h_plasmalyte_dose_total_12h,0.05,Sustained fluid requirement in the trajectory phase may indicate ongoing shock/third spacing and risk for renal hypoperfusion or venous congestion. Still nonspecific and collinear with other resuscitation markers.
25_36h_plasmalyte_dose_total_12h,0.08,"Higher crystalloid needs closer to outcome can signal persistent instability or capillary leak and may worsen renal venous congestion, both associated with AKI. More informative in the 25–36h leading-indicator window."
0_12h_polyethylene_glycol_dose_total_12h,0.005,Bowel regimen use has no meaningful physiologic link to AKI and mainly reflects routine ICU care. Not expected to predict creatinine rise.
13_24h_polyethylene_glycol_dose_total_12h,0.005,Continued laxative administration is routine and not mechanistically related to renal injury. Any association would be incidental.
25_36h_polyethylene_glycol_dose_total_12h,0.005,Still routine supportive care without a direct link to renal perfusion or nephrotoxicity. Not a useful AKI predictor.
0_12h_potassium_chloride_dose_total_12h,0.04,"Potassium repletion can proxy early electrolyte shifts and renal handling changes, but immediate post-op supplementation is common. Weak indirect signal for evolving renal dysfunction or diuretic use."
13_24h_potassium_chloride_dose_total_12h,0.06,Ongoing KCl needs may reflect diuretic-driven kaliuresis or metabolic derangements; reduced need could also reflect declining renal excretion. Moderately informative as an indirect marker in this phase.
25_36h_potassium_chloride_dose_total_12h,0.09,"In the 25–36h window, potassium supplementation patterns can reflect renal excretory capacity and intensity of diuresis/resuscitation, both tied to AKI risk. Still indirect, so not scored as a direct biomarker."
0_12h_dexmedetomidine_dose_total_12h,0.02,Sedation choice/dose is not a direct AKI driver; any effect is via bradycardia/hypotension or illness severity. Early post-op sedation is routine and weakly predictive.
13_24h_dexmedetomidine_dose_total_12h,0.03,Continued dexmedetomidine may indicate prolonged ventilation/ICU acuity and can contribute to lower MAP in some patients. Overall a modest severity/hemodynamics proxy.
25_36h_dexmedetomidine_dose_total_12h,0.04,"Ongoing sedation at 25–36h suggests persistent critical illness and potential hemodynamic vulnerability, which can predispose to AKI. Still nonspecific and not a renal biomarker."
0_12h_prednisone_dose_total_12h,0.01,Short-term steroid dosing is not a typical direct cause of AKI post-cardiac surgery; it more often reflects perioperative protocols or chronic therapy. Early dosing provides minimal specific prognostic information for creatinine rise.
13_24h_prednisone_dose_total_12h,0.03,"Systemic steroids can worsen glycemic control and fluid retention, indirectly affecting renal risk, but are not a primary AKI driver post-cardiac surgery. Mid-epoch dosing is more reflective of inflammation/clinical course than direct nephrotoxicity."
25_36h_prednisone_dose_total_12h,0.04,"Later steroid exposure may proxy ongoing inflammatory complications or vasopressor-refractory shock workups, which can correlate with AKI risk. Still an indirect marker rather than a direct renal insult."
0_12h_propofol_dose_total_12h,0.03,"Propofol dose mainly reflects sedation needs and can contribute to hypotension, but early post-op hemodynamic swings are common and transient. Thus it is an indirect and noisy proxy for renal hypoperfusion in the initial 0–12h window."
13_24h_propofol_dose_total_12h,0.04,"Ongoing propofol requirement may indicate prolonged ventilation/instability and can contribute to lower MAP, indirectly increasing AKI risk. Association is plausible but not specific."
25_36h_propofol_dose_total_12h,0.05,"Persistent sedation needs closer to the outcome can reflect ongoing critical illness and potential hypotension exposure, which relates to renal hypoperfusion. Still indirect and likely collinear with direct hemodynamic variables."
0_12h_protamine_dose_total_12h,0.02,"Protamine use is routine after cardiopulmonary bypass and mostly indicates standard reversal of heparin. While reactions can cause hypotension/pulmonary vasoconstriction, this is uncommon and early-window effects are often transient."
13_24h_protamine_dose_total_12h,0.01,Protamine administration beyond the immediate post-bypass period is uncommon and more likely reflects procedural/bleeding management rather than a direct renal mechanism. Limited specificity for predicting creatinine rise.
25_36h_protamine_dose_total_12h,0.01,Late protamine exposure is rare and typically tied to re-exploration/bleeding workflows; any AKI link would be mediated through shock/transfusion rather than protamine itself. Low direct prognostic value.
0_12h_quetiapine_dose_total_12h,0.01,Quetiapine is used for agitation/delirium and has no direct nephrotoxicity; any association with AKI would be via illness severity/confounding. Early post-op use is not a specific renal risk signal.
13_24h_quetiapine_dose_total_12h,0.02,"May proxy delirium/ICU course complexity and prolonged ventilation, which can correlate with AKI risk, but remains nonspecific. No direct renal biomarker relationship."
25_36h_quetiapine_dose_total_12h,0.02,"Later quetiapine use can indicate persistent delirium/critical illness, indirectly associated with AKI through severity and hemodynamic instability. Still weak and highly confounded."
0_12h_rocuronium_dose_total_12h,0.02,Neuromuscular blockade reflects ventilation strategy and severity; it does not directly injure kidneys. In the immediate post-op window it is common and not specific for subsequent creatinine rise.
13_24h_rocuronium_dose_total_12h,0.03,"Continued paralysis may indicate severe respiratory failure or ventilator dyssynchrony requiring deep sedation, indirectly linked to AKI via critical illness and hemodynamic effects. Not a direct renal predictor."
25_36h_rocuronium_dose_total_12h,0.04,"Persistent need for neuromuscular blockade closer to hour 60 suggests ongoing severe illness and prolonged mechanical ventilation, which correlates with AKI risk. Association is indirect and likely mediated by shock/vasopressors."
0_12h_rosuvastatin_dose_total_12h,0.01,Statin continuation is routine and not a typical cause of AKI; rhabdomyolysis is rare and would be better captured by CK/myoglobin if present. Early dosing provides minimal specific renal prognostic information.
13_24h_rosuvastatin_dose_total_12h,0.01,Ongoing statin therapy mainly reflects baseline cardiovascular management rather than acute renal physiology. Any AKI association is weak and confounded by comorbidity rather than medication effect.
25_36h_rosuvastatin_dose_total_12h,0.01,Statins are not typical direct drivers of early post-cardiac surgery AKI; any rhabdomyolysis-related nephrotoxicity is rare and unlikely to be captured by routine dosing in this window.
0_12h_senna_docusate_dose_total_12h,0.005,Bowel regimen use has no meaningful physiologic link to renal perfusion or tubular injury; reflects routine ICU care.
13_24h_senna_docusate_dose_total_12h,0.005,Bowel regimen dosing is not mechanistically related to AKI risk and mainly reflects standard constipation prophylaxis.
25_36h_senna_docusate_dose_total_12h,0.005,Continued bowel regimen use is routine and provides little prognostic information for creatinine rise.
0_12h_senna_dose_total_12h,0.005,Senna dosing is unrelated to kidney injury mechanisms and is standard supportive care in the immediate postoperative period.
13_24h_senna_dose_total_12h,0.005,Senna use does not indicate renal hypoperfusion or nephrotoxin exposure; minimal relevance to AKI prediction.
25_36h_senna_dose_total_12h,0.005,Senna dosing remains a low-information routine medication with no direct link to postoperative creatinine trajectory.
0_12h_sevelamer_carbonate_dose_total_12h,0.02,"Sevelamer use suggests hyperphosphatemia/CKD or concern for renal dysfunction, but in the immediate 0–12h window it is a weak, indirect marker and may reflect pre-existing disease rather than new AKI."
13_24h_sevelamer_carbonate_dose_total_12h,0.03,"Ongoing sevelamer use can proxy persistent hyperphosphatemia or CKD/early renal dysfunction, but remains an indirect indicator rather than a causal driver of AKI."
25_36h_sevelamer_carbonate_dose_total_12h,0.05,"In the closest pre-outcome window, sevelamer use may reflect clinically significant hyperphosphatemia from worsening renal function, making it a modest indirect predictor of rising creatinine."
0_12h_simethicone_dose_total_12h,0.005,"Simethicone is a benign GI medication with no plausible relationship to renal perfusion, nephrotoxicity, or AKI pathophysiology."
13_24h_simethicone_dose_total_12h,0.005,Simethicone use reflects routine symptom management and does not inform AKI risk.
25_36h_simethicone_dose_total_12h,0.005,Simethicone dosing remains clinically unrelated to kidney injury and provides negligible predictive value.
0_12h_sodium_bicarbonate_dose_total_12h,0.06,"Bicarbonate administration can indicate metabolic acidosis from hypoperfusion/low cardiac output or severe illness, which are linked to AKI; however early post-bypass acid-base derangements are common and transient, so score is conservative."
13_24h_sodium_bicarbonate_dose_total_12h,0.12,"Persistent need for bicarbonate in the trajectory phase suggests ongoing metabolic acidosis and systemic hypoperfusion/shock physiology, an established risk context for AKI."
25_36h_sodium_bicarbonate_dose_total_12h,0.18,"Bicarbonate requirement close to the outcome often reflects sustained metabolic acidosis from renal dysfunction or ongoing hypoperfusion, making it a strong leading indicator of subsequent creatinine rise."
0_12h_tpn_dose_total_12h,0.01,TPN use is not a direct driver of early postoperative AKI and mainly reflects nutrition/illness complexity. In the immediate 0–12h window it is unlikely to add specific signal beyond overall acuity.
13_24h_tpn_dose_total_12h,0.02,"Ongoing TPN may proxy prolonged critical illness and catabolic state, which can correlate with AKI risk indirectly. Still not a renal mechanism and should remain low to preserve sparsity."
25_36h_tpn_dose_total_12h,0.03,"TPN at 25–36h can indicate persistent inability to feed and higher acuity, indirectly associated with AKI. It is not nephrotoxic per se, so inclusion probability remains low."
0_12h_tamsulosin_dose_total_12h,0.005,Tamsulosin has minimal relevance to renal perfusion/AKI in the immediate postoperative ICU setting. Any association would be confounding by baseline urinary symptoms rather than kidney injury.
13_24h_tamsulosin_dose_total_12h,0.005,Tamsulosin is not a recognized AKI risk factor and does not meaningfully affect creatinine trajectory after cardiac surgery. Likely reflects outpatient medication reconciliation.
25_36h_tamsulosin_dose_total_12h,0.005,Continued tamsulosin use is unlikely to influence creatinine_ratio and is not a marker of renal hypoperfusion or nephrotoxicity. Keep very low for sparsity.
0_12h_tramadol_dose_total_12h,0.01,"Tramadol is not classically nephrotoxic; any AKI link is indirect via hypotension/sedation or overall pain/illness severity. In 0–12h, analgesic dosing is routine and weakly informative."
13_24h_tramadol_dose_total_12h,0.015,"Higher opioid/analgesic needs may correlate with complications and hemodynamic instability, indirectly increasing AKI risk. The relationship is nonspecific and should remain low."
25_36h_tramadol_dose_total_12h,0.02,"Persistent analgesic requirement at 25–36h can be a proxy for ongoing critical illness and delayed recovery, which may track with AKI risk. Still indirect and not a primary renal driver."
0_12h_tranexamic_acid_dose_total_12h,0.02,Tranexamic acid is commonly used in cardiac surgery; renal risk is not a dominant mechanism compared with hemodynamics and nephrotoxins. In 0–12h it mostly reflects standard intra/post-op practice.
13_24h_tranexamic_acid_dose_total_12h,0.01,Use beyond the immediate perioperative period is uncommon and may reflect bleeding risk/complexity rather than kidney injury. Any AKI association is indirect and likely confounded.
25_36h_tranexamic_acid_dose_total_12h,0.01,Late TXA use would mainly indicate ongoing bleeding management rather than a direct renal insult. Keep low given weak and nonspecific linkage to creatinine rise.
0_12h_vancomycin_dose_total_12h,0.06,"Vancomycin exposure is a recognized nephrotoxin and can contribute to AKI, especially in older, comorbid post-cardiac surgery patients. In 0–12h, cap lower due to temporal distance and frequent empiric use."
13_24h_vancomycin_dose_total_12h,0.1,"Continued vancomycin in the trajectory phase increases nephrotoxic exposure and may reflect infection/sepsis risk, both relevant to AKI. This is an established risk factor but not a definitive biomarker."
25_36h_vancomycin_dose_total_12h,0.16,"Vancomycin exposure close to the outcome window is a strong contributor to subsequent creatinine rise, particularly with prolonged dosing and critical illness. Also proxies suspected infection, which can worsen renal perfusion."
0_12h_vasopressin_dose_total_12h,0.08,"Need for vasopressin indicates vasoplegia/shock and impaired renal perfusion pressure, a key pathway to postoperative AKI. In 0–12h, derangements can be transient, so importance is capped below 0.10."
13_24h_vasopressin_dose_total_12h,0.08,"Ongoing vasopressin requirement in the trajectory phase suggests persistent vasoplegia/shock and risk of renal hypoperfusion. Less proximal than 25–36h, so kept moderate."
25_36h_vasopressin_dose_total_12h,0.14,"Vasopressin need close to the outcome window is a strong marker of ongoing shock/vasoplegia and high AKI risk via impaired renal perfusion. More temporally proximal, so higher weight."
0_12h_warfarin_dose_total_12h,0.005,Early postoperative warfarin dosing is not a direct driver of AKI and is more related to anticoagulation strategy than renal physiology. Immediate post-op period also has many transient confounders.
13_24h_warfarin_dose_total_12h,0.005,Warfarin dose reflects anticoagulation management rather than kidney perfusion or tubular injury. Any association with AKI would be indirect and weak.
25_36h_warfarin_dose_total_12h,0.005,Warfarin dosing remains a weak/indirect correlate of AKI risk and is not a typical causal factor for postoperative creatinine rise. Kept very low to maintain sparsity.
0_12h_heparin_line_flush_dose_total_12h,0.003,Heparin line flush dosing is routine ICU maintenance and does not meaningfully affect renal perfusion or AKI risk. Any signal would be behavioral/noise.
13_24h_heparin_line_flush_dose_total_12h,0.003,Line flush heparin is standard-of-care and not physiologically linked to postoperative AKI. Kept minimal to avoid spurious inclusion.
25_36h_heparin_line_flush_dose_total_12h,0.003,Heparin flush dose is not a renal biomarker and is unlikely to predict creatinine trajectory. Maintained at near-zero importance.
0_12h_urine_output_total_12h,0.1,"Low urine output is an early functional marker of renal hypoperfusion/AKI, but in the immediate post-op window it is often transient and influenced by diuretics/CPB effects. Capped at the 0–12h maximum."
13_24h_urine_output_total_12h,0.18,Persistently reduced urine output in the trajectory phase is a strong predictor of evolving AKI and impending creatinine rise. It reflects sustained renal dysfunction beyond immediate post-op effects.
25_36h_urine_output_total_12h,0.32,"Oliguria in the 25–36h leading-indicator window is a direct, proximal functional biomarker of AKI and strongly predicts subsequent creatinine increase. It captures ongoing renal injury or inadequate perfusion close to Hour 60."
0_12h_norepinephrine_equivalent_dose_total_12h,0.1,"High vasopressor requirement immediately post-op indicates shock/low effective renal perfusion pressure, increasing AKI risk, but early post-CPB vasoplegia can be transient. Capped at the 0–12h maximum."
13_24h_norepinephrine_equivalent_dose_total_12h,0.16,Continued norepinephrine requirement in 13–24h suggests persistent hemodynamic instability and renal hypoperfusion risk. Moderately strong but less proximal than 25–36h.
25_36h_norepinephrine_equivalent_dose_total_12h,0.2,"Ongoing high norepinephrine-equivalent dose near 60h is a strong indicator of sustained shock and impaired renal perfusion, a key driver of postoperative AKI. This is among the most informative hemodynamic predictors in the leading window."
