value,importance,reason
age,3,Advanced age is an established risk factor for postoperative AKI due to reduced renal reserve and higher susceptibility to hemodynamic/ischemic insults. In an ≥80 cohort it still captures incremental frailty/physiologic reserve differences.
gender,2,"Sex has modest associations with AKI risk (via body composition, baseline creatinine generation, and comorbidity patterns) but is not a direct physiologic driver of postoperative renal injury."
race_caucasian,1,Race category is not a direct physiologic predictor of AKI and mainly reflects social/structural factors and baseline risk differences rather than perioperative renal perfusion or nephrotoxicity.
race_black,2,"Black race can correlate with higher baseline CKD burden and differential creatinine kinetics, which may indirectly affect creatinine_ratio. It is not a direct perioperative mechanism for AKI."
race_asian,1,Race category has no direct mechanistic link to postoperative AKI and is at best an indirect proxy for baseline risk and creatinine generation differences.
race_native_am,2,"May indirectly proxy higher prevalence of diabetes/CKD and social determinants that increase AKI risk, but it is not a direct physiologic trigger of postoperative renal injury."
race_native_pacific,2,"May correlate with comorbidity burden (e.g., diabetes, hypertension) affecting AKI susceptibility, but is not a direct perioperative renal insult marker."
race_other,1,"Non-specific race grouping provides little mechanistic information about renal perfusion, nephrotoxicity, or tubular injury risk."
ethnicity,1,Ethnicity is not a direct physiologic determinant of postoperative AKI and mainly reflects population-level differences rather than actionable renal injury mechanisms.
height_cm,1,Height has minimal direct relationship to AKI risk; it mainly relates to body size and dosing/volume calculations but is not an established predictor of postoperative creatinine rise.
weight_kg,2,"Higher weight can reflect obesity and altered volume of distribution, hemodynamics, and dosing (including nephrotoxins), which can indirectly influence AKI risk. It is not a direct biomarker of renal injury."
family_history_premature_cardiac_death,1,Family history is not a perioperative physiologic driver of renal hypoperfusion or nephrotoxic exposure and has weak relevance to acute postoperative creatinine changes.
diabetes,4,"Diabetes is a strong established risk factor for postoperative AKI due to microvascular disease, baseline CKD propensity, and increased susceptibility to ischemia-reperfusion injury."
diab_ctrl,2,"Glycemic control status may indirectly reflect chronic disease severity and perioperative metabolic stress, but it is less consistently predictive than diabetes itself without concurrent glucose/lactate data."
pre_op_dyslipidemia,1,Dyslipidemia is not a direct driver of postoperative AKI and is a weak proxy for vascular disease compared with more proximal hemodynamic and renal markers.
hypertension,3,Hypertension is an established risk factor for AKI through chronic nephrosclerosis/CKD risk and impaired renal autoregulation during perioperative hypotension and vasopressor exposure.
endocarditis_history,2,"Prior endocarditis can be associated with chronic illness and recurrent bacteremia, which may predispose to perioperative sepsis/hemodynamic instability. It is not a direct or consistent driver of postoperative AKI compared with perfusion and nephrotoxin exposures."
chronic_lung_disease,2,"COPD/chronic lung disease can increase risk of hypoxemia/hypercapnia and higher ventilatory pressures, indirectly affecting renal perfusion. The link to creatinine rise is generally indirect and confounded by overall frailty/illness severity."
pre_op_home_oxygen,3,"Home oxygen is a marker of advanced cardiopulmonary disease and limited physiologic reserve, which increases risk of perioperative hypoxemia and low cardiac output states that can precipitate AKI. It is a stronger severity marker than COPD diagnosis alone."
bronchodilator_therapy,1,Bronchodilator use mainly reflects obstructive lung disease treatment and does not directly affect renal perfusion or nephrotoxicity. It is unlikely to add specific prognostic value for postoperative creatinine rise.
pre_op_sleep_apnea,2,"Sleep apnea is associated with cardiovascular comorbidity and intermittent hypoxemia, which may increase perioperative risk. However, it is not a strong direct predictor of postoperative AKI compared with hemodynamics, volume status, and nephrotoxins."
pneumonia,3,"Active/recent pneumonia increases risk of systemic inflammation, sepsis physiology, hypoxemia, and vasopressor requirement, all of which can contribute to AKI. In older post-cardiac surgery patients, infection-related shock is a meaningful AKI risk factor."
iv_drug_abuse,2,"IV drug use can correlate with chronic infections, endocarditis, and socioeconomic factors that increase perioperative complications. Its relationship to AKI is indirect unless associated with sepsis or nephrotoxic exposures."
depression,1,Depression is not mechanistically linked to renal hypoperfusion or nephrotoxicity in the perioperative ICU setting. Any association with AKI would be indirect via comorbidity burden and is typically weak.
alcohol,2,"Alcohol use can be associated with liver dysfunction, malnutrition, and hemodynamic instability, which may increase AKI susceptibility. By itself it is an indirect and heterogeneous predictor compared with objective perfusion/lab markers."
liver_dis,4,"Liver disease strongly increases AKI risk via cirrhotic physiology (effective hypovolemia, vasodilation), hepatorenal syndrome susceptibility, coagulopathy/bleeding, and higher infection risk. In cardiac surgery, it also correlates with worse hemodynamics and postoperative organ failure."
imm_supp,3,"Immunosuppression increases risk of postoperative infection/sepsis and exposure to nephrotoxic antimicrobials, both important AKI pathways. It is a meaningful risk factor but not a direct biomarker of renal injury."
mediast_rad,2,"Prior mediastinal radiation can indicate complex cardiac pathology and higher surgical complexity, potentially increasing bypass time and hemodynamic stress. The AKI link is indirect and largely mediated through operative course variables."
cancer,2,"Cancer is associated with frailty, inflammation, and potential nephrotoxic chemotherapy exposure, which can increase AKI susceptibility. In the immediate post-cardiac surgery setting, it is usually an indirect predictor unless active treatment/complications are present."
peripheral_artery_disease,3,"PAD reflects systemic atherosclerosis and microvascular disease, which is associated with renal hypoperfusion vulnerability and higher perioperative complication rates. It is an established comorbidity-level risk factor for postoperative AKI."
pre_op_thoracic_aorta_disease,3,"Thoracic aortic disease often implies more complex surgery (e.g., aortic manipulation, longer bypass/cross-clamp) and higher embolic/ischemic risk, which can contribute to AKI. The effect is important but mediated through operative/hemodynamic factors."
syncope,1,Syncope is a nonspecific symptom and does not directly indicate renal perfusion status or nephrotoxic exposure. It is unlikely to independently predict postoperative creatinine ratio once cardiac disease severity is otherwise captured.
unresponsive_state_history,2,History of unresponsiveness is an indirect marker of frailty/neurologic comorbidity and may correlate with overall illness severity. It has no direct mechanistic link to renal perfusion or nephrotoxicity.
cerebrovascular_disease,3,"Cerebrovascular disease reflects systemic atherosclerosis and vascular stiffness, which are associated with perioperative hypoperfusion risk and AKI after cardiac surgery. It is a recognized comorbidity risk factor but not kidney-specific."
pre_op_hemoglobin,4,"Preoperative anemia reduces oxygen delivery and increases transfusion likelihood, both associated with cardiac-surgery–associated AKI. Lower hemoglobin can worsen renal medullary hypoxia during perioperative hemodynamic stress."
total_albumin_before_surgery,4,"Hypoalbuminemia is a strong marker of malnutrition/inflammation and liver dysfunction and is associated with postoperative AKI and worse outcomes. It also relates to effective circulating volume and oncotic pressure, influencing renal perfusion."
total_bilirubin_before_surgery,3,Elevated bilirubin indicates hepatic dysfunction/cholestasis and higher perioperative risk; severe liver disease is associated with hemodynamic instability and hepatorenal physiology. It is an indirect predictor rather than a direct renal biomarker.
a1c_lvl,3,"Higher HbA1c reflects diabetes/chronic glycemic exposure, which increases susceptibility to AKI and perioperative renal injury. It is a baseline risk factor but not a direct perioperative trigger."
pre_op_heparin_induced_thrombocytopenia_antibodies,2,"HIT antibodies mainly affect anticoagulation strategy and thrombotic risk; renal injury would be indirect (e.g., thrombosis/complex perioperative course). Not a common primary predictor of postoperative creatinine rise."
meld_scr,4,"MELD (including creatinine) captures severity of liver disease and baseline renal vulnerability, both strongly linked to postoperative AKI risk. It is a high-yield preoperative risk stratifier in cirrhosis patients undergoing major surgery."
bnp,4,"Elevated BNP reflects cardiac dysfunction and venous congestion, which are strongly associated with cardiorenal syndrome and postoperative AKI after cardiac surgery. It is a useful preoperative marker of hemodynamic reserve and congestion burden."
five_m_walk_test,2,"Poor 5-meter walk performance indicates frailty and reduced physiologic reserve, which correlates with postoperative complications including AKI. The relationship is indirect and not kidney-specific."
previous_cardiovascular_intervention,3,"Prior cardiovascular interventions indicate advanced coronary/vascular disease and higher complexity/risk of perioperative hemodynamic instability. This increases AKI risk indirectly through shock, contrast exposure history, and comorbidity burden."
previous_coronary_bypass_graft,3,"Prior CABG suggests severe coronary disease and potential for redo sternotomy/complex surgery, which can increase bypass time and hemodynamic stress—risk factors for AKI. It is an indirect but established risk marker."
previous_surgery_cardiac_value,3,"History of prior cardiac surgery generally predicts higher operative complexity and risk of low cardiac output or prolonged cardiopulmonary bypass, both associated with AKI. It is a moderate, indirect predictor."
previous_percutaneous_coronary_intervention,3,"Prior PCI indicates significant coronary disease and may correlate with reduced cardiac reserve and perioperative instability, increasing AKI risk. Any contrast-related kidney injury is historical and indirect for this episode."
previous_percutaneous_coronary_intervention_this_episode_of_care,4,"PCI during the same episode implies recent contrast exposure and acute coronary syndrome physiology, both increasing susceptibility to postoperative AKI. It also signals higher acuity and potential hemodynamic compromise preoperatively."
previous_percutaneous_coronary_intervention_stent,3,"Presence of coronary stents reflects advanced coronary disease and need for antiplatelet/complex perioperative management, indirectly increasing AKI risk via bleeding/transfusion and hemodynamic events. Not a direct renal biomarker."
time_since_previous_cardiac_intervention,2,"Short interval since prior intervention can proxy higher baseline cardiovascular disease burden and procedural complexity, which indirectly increases AKI risk. It is not a direct physiologic driver of postoperative creatinine rise."
past_cardiac_interventions,2,"History of prior cardiac interventions suggests more advanced coronary/structural disease and potentially more complex redo surgery, indirectly raising AKI risk. The link is mediated through operative complexity and hemodynamics rather than kidney-specific injury."
pre_op_ace_inhibitor_within_48_hours,3,"ACE inhibitors can reduce efferent arteriolar tone and impair renal autoregulation during perioperative hypotension/vasoplegia, increasing AKI susceptibility. Pre-op exposure is a recognized perioperative renal risk modifier."
pre_op_adp_inhibitor_within_5_days,2,"Recent P2Y12 inhibitor use mainly increases bleeding/transfusion risk, which can secondarily contribute to AKI via hypotension and inflammation. It is an indirect predictor rather than a kidney-specific mechanism."
pre_op_amiodarone,2,"Amiodarone use is a marker of arrhythmia/advanced cardiac disease and may correlate with perioperative instability, indirectly affecting renal perfusion. It is not typically nephrotoxic or a direct AKI driver."
pre_op_anticoagulants,2,"Pre-op anticoagulation can increase bleeding and transfusion needs, which are associated with AKI after cardiac surgery. The relationship is indirect and confounded by underlying comorbidity (e.g., AF, VTE)."
pre_op_aspirin,1,Aspirin is common standard-of-care in cardiac patients and usually does not meaningfully predict postoperative AKI. Any effect is small and largely mediated through bleeding risk rather than renal physiology.
pre_op_beta_blockers,2,"Beta-blocker use reflects cardiovascular disease severity and may influence perioperative hemodynamics, indirectly affecting renal perfusion. It is not a strong or specific predictor of postoperative creatinine rise."
pre_op_beta_blocker_therapy_for_2_weeks,1,Chronic beta-blocker therapy is common and mainly reflects baseline cardiac management rather than acute renal risk. It provides limited incremental information beyond general comorbidity burden.
pre_op_calcium_channel_blocker_therapy_for_2_weeks,1,Chronic calcium channel blocker therapy is not a recognized direct predictor of post-cardiac surgery AKI. It mostly reflects baseline hypertension/angina management with weak renal-specific signal.
pre_op_glycoprotein_inhibitor,2,"GPIIb/IIIa inhibitor exposure suggests recent ACS/PCI and higher bleeding/transfusion risk, which can secondarily increase AKI risk. The association is indirect and context-dependent."
pre_op_inotropic_agents,4,"Need for pre-op inotropes indicates low cardiac output/shock physiology with impaired renal perfusion, a strong driver of perioperative AKI. It is a high-risk marker for subsequent creatinine rise after surgery."
pre_op_lipid_lowering_med,1,Statin/lipid-lowering therapy is prevalent and not a specific marker of perioperative renal hypoperfusion or nephrotoxicity. Any renal effect is modest and inconsistent for predicting AKI.
pre_op_long_acting_nitrate_therapy_for_2_weeks,1,Chronic nitrate therapy mainly indicates angina management and does not directly affect renal injury pathways. It has weak specificity for postoperative AKI risk.
pre_op_iv_nitrates,2,"IV nitrates suggest active ischemia/heart failure and potential hemodynamic lability, which can indirectly predispose to AKI. However, nitrates themselves are not direct nephrotoxins."
pre_op_other_antianginal_therapy_for_2_weeks,1,Other chronic antianginal therapy is a nonspecific marker of coronary disease treatment and adds little direct information about renal injury risk. The link to AKI is indirect and typically weak.
pre_op_steroid_usage,2,"Chronic steroid use can reflect frailty/inflammation and may worsen infection risk and glycemic control, indirectly increasing AKI risk. It is not a direct perioperative renal perfusion driver."
pre_op_thrombin_inhibitor_within_24_hours,2,"Recent anticoagulant exposure mainly affects bleeding/transfusion risk, which can secondarily contribute to hypotension and AKI. The medication itself is not typically nephrotoxic or a primary AKI predictor."
pre_op_warfarin_within_5_days,2,"Warfarin use is a marker of comorbidity (e.g., AF, valve disease) and may increase bleeding/transfusion needs, indirectly affecting renal perfusion. It is not a direct mechanistic predictor of postoperative creatinine rise."
pre_op_factor_xa_inhibitor_within_5_days,2,"DOAC exposure is primarily relevant via perioperative bleeding and transfusion/hemodynamic instability, which can contribute to AKI. It is not a direct renal biomarker or established independent AKI driver."
pre_op_thrombin_inhibitor_within_5_days,2,"Similar to other anticoagulants, the main pathway is indirect through bleeding, transfusion, and hypotension. Not a direct nephrotoxin or strong standalone predictor of creatinine_ratio."
pre_op_lipid_lowering_med_is_statin,2,"Statins may be mildly protective (anti-inflammatory/pleiotropic effects) and indicate cardiovascular disease burden, but associations with AKI are inconsistent. Overall an indirect, weak predictor compared with hemodynamics and renal labs."
cardiac_catheterization_performed,3,"Pre-op catheterization can imply recent iodinated contrast exposure and higher coronary disease burden, both associated with postoperative AKI risk. The effect depends on timing/contrast load, but it is a recognized risk factor."
cor_anat_dis_known,2,"Known coronary anatomy/disease is a marker of atherosclerotic burden and operative complexity, which can correlate with AKI risk. It is indirect and less predictive than perioperative perfusion/renal function measures."
number_of_diseased_coronary_vessels,3,"Greater coronary disease burden often correlates with more complex surgery, longer bypass time, and higher risk of low cardiac output states that precipitate AKI. It is an established but indirect risk factor."
aortic_valve_disease,3,"Aortic stenosis/regurgitation can predispose to perioperative hemodynamic instability and low forward flow, increasing AKI risk. It is a meaningful comorbidity but not a direct renal biomarker."
mitral_valve_disease,3,"Mitral disease is associated with pulmonary hypertension/low output and postoperative congestion, which can impair renal perfusion and venous drainage. It is an established comorbidity-level risk factor."
tricuspid_valve_disease,4,"Tricuspid regurgitation/right-sided failure strongly relates to elevated venous pressures and renal congestion, a direct pathway to cardiorenal AKI after cardiac surgery. This can be a strong predictor of postoperative creatinine rise."
pulmonic_valve_disease,2,Pulmonic valve disease is less common and typically less directly tied to postoperative renal outcomes than left-sided or tricuspid pathology. Any AKI association is usually indirect via right heart hemodynamics.
n_past_cardiac_surgeries,3,"Redo sternotomy/reoperative cardiac surgery increases operative complexity, bleeding/transfusion, and bypass time, all associated with AKI. It is a recognized risk factor but not determinative alone."
status,2,A generic status variable (without clear clinical definition) is likely a proxy for administrative/clinical categorization rather than a direct AKI mechanism. Predictive value is uncertain and likely indirect.
current_case_canceled,1,Case cancellation is an administrative outcome and does not reflect a physiological pathway leading to postoperative creatinine changes. It is unlikely to provide meaningful signal for AKI prediction.
operative_approach_converted,3,"Conversion (e.g., minimally invasive to open) is a marker of intraoperative complexity/instability, often associated with longer bypass/ischemia time, bleeding, and hypotension that increase AKI risk."
robotic,2,"Robotic/minimally invasive approaches may reduce surgical trauma and transfusion needs, but the link to postoperative AKI is indirect and largely mediated by hemodynamics and complications."
op_cab,3,"CABG is associated with cardiopulmonary bypass exposure (if on-pump), atheroembolism risk, and perioperative hemodynamic swings that are established contributors to cardiac-surgery–associated AKI."
op_valve,3,"Valve surgery often entails longer cross-clamp/CPB times and higher risk of low cardiac output syndrome, both established drivers of postoperative AKI."
other_cardiac_procedure_completed,3,"Additional cardiac procedures generally indicate greater operative complexity and longer ischemic/CPB exposure, increasing risk for renal hypoperfusion and inflammation-related AKI."
a_fib_proc,2,"Concomitant AF procedures (e.g., Maze) add operative time and complexity, but their relationship to AKI is indirect and mainly through longer bypass and perioperative instability."
aort_proc,4,"Aortic procedures are strongly associated with embolic load, prolonged circulatory arrest/CPB, and major hemodynamic perturbations, making them a strong predictor of postoperative AKI."
other_non_cardiac_procedure_done,2,"Non-cardiac concomitant procedures may reflect overall surgical burden and bleeding risk, but the AKI link is nonspecific and mediated by complications rather than a direct renal mechanism."
appropriate_antibiotic_selection,1,Appropriate prophylactic antibiotic choice is standard-of-care and has minimal direct relationship to creatinine rise unless it reflects unusual infection risk or nephrotoxic exposure.
appropriate_antibiotic_administration_timing,1,"Timing of prophylactic antibiotics is a quality metric with little direct physiologic linkage to AKI compared with hemodynamics, nephrotoxins, and renal perfusion."
antibiotic_discontinuation_ordered,1,Discontinuation orders primarily reflect protocol adherence and do not directly predict renal injury; any association would be weak and confounded by infection severity.
additional_intraoperative_prophylactic_antibiotic_dose,2,"An extra intraoperative dose may indicate prolonged surgery or high blood loss (both AKI risk factors), but it is an indirect proxy rather than a direct renal insult."
operative_lowest_core_temperature,2,"Lower nadir temperature can correlate with longer/complex CPB and circulatory management, but hypothermia itself is not a primary direct driver of AKI compared with perfusion pressure and ischemia time."
operative_lowest_hemoglobin,4,"Low intraoperative hemoglobin reflects anemia/hemodilution and/or bleeding/transfusion, which reduces renal oxygen delivery and is strongly linked to cardiac-surgery–associated AKI."
high_intra_glu,2,"Intraoperative hyperglycemia is associated with stress response and worse outcomes, but its relationship to AKI is indirect and less predictive than perfusion/oxygen delivery variables."
cardiopulmonary_coronary_perfused_used,2,Use of coronary perfusion techniques is a marker of operative strategy/complexity and myocardial protection needs; any AKI association is indirect via operative duration and hemodynamic course.
arterial_cannulation_site_aortic,2,"Cannulation site reflects operative complexity and aortic pathology, which can correlate with embolic/ischemic risk, but it is not a direct renal perfusion marker."
arterial_cannulation_site_femoral,2,"Femoral cannulation often indicates higher-risk or redo/emergent cases and may be associated with malperfusion/atheromatous burden, but links to AKI are indirect."
arterial_cannulation_site_axillary,2,Axillary cannulation is typically chosen for complex aortic surgery and may proxy surgical complexity; renal impact is indirect rather than mechanistic.
arterial_cannulation_site_innominate,2,Innominate cannulation is used in complex arch/aortic procedures; it may correlate with longer bypass and hemodynamic stress but is not itself a renal biomarker.
arterial_cannulation_site_other,1,"A heterogeneous category that is difficult to interpret clinically and is unlikely to add specific, generalizable signal for AKI beyond overall case complexity."
venous_cannulation_site_femoral,2,"Femoral venous cannulation can indicate minimally invasive/redo or complex access and may correlate with operative risk, but it does not directly reflect renal injury."
venous_cannulation_site_jugular,2,Jugular venous cannulation may reflect specific procedural approaches or access issues; any association with AKI is indirect via case complexity.
venous_cannulation_site_right_atrial,1,Right atrial venous cannulation is standard for many CPB cases and generally provides little discriminatory information for postoperative AKI risk.
venous_cannulation_site_left_atrial,2,"Left atrial cannulation suggests particular surgical procedures/complexity (e.g., mitral/left-sided operations), which can indirectly relate to AKI risk."
venous_cannulation_site_pulmonary,2,Pulmonary venous/arterial cannulation is uncommon and likely reflects specialized procedures; renal relevance is indirect through operative complexity and hemodynamics.
venous_cannulation_site_bicaval,2,"Bicaval cannulation is used for certain valve/congenital procedures and may correlate with longer CPB and venous congestion risk, but it is not a direct AKI marker."
venous_cannulation_site_other,1,Non-specific grouping with unclear clinical meaning; unlikely to provide consistent predictive value for creatinine rise beyond other operative variables.
cardiopulmonary_bypass_time,4,"Longer CPB time is a well-established risk factor for AKI via inflammation, hemolysis, nonpulsatile flow, and renal hypoperfusion; strongly predictive in cardiac surgery cohorts."
circulatory_arrest,4,"Circulatory arrest implies profound systemic hypoperfusion/ischemia and high operative complexity, both strongly associated with postoperative AKI."
deep_hypothermic_circulatory_arrest_time,5,"Longer DHCA time directly reflects duration of extreme low-flow/ischemic exposure, a potent trigger for ischemic tubular injury and subsequent creatinine rise."
cerebral_perfusion_utilized,2,Use of cerebral perfusion mainly indicates arch surgery complexity and DHCA strategy; renal implications are indirect and largely mediated by arrest/bypass duration.
cerebral_perfusion_time,2,Primarily reflects neurologic protection strategy and operative complexity rather than renal perfusion directly. May correlate indirectly with longer bypass/low-flow exposure that can increase AKI risk.
intraop_circulatory_arrest_time,4,"Longer circulatory arrest implies systemic hypoperfusion/ischemia and high operative complexity, both strongly associated with postoperative AKI after cardiac surgery. Particularly relevant in elderly patients with limited renal reserve."
aortic_occlusion,2,Aortic occlusion is more a marker of surgical technique/case type than a direct renal insult. It may indirectly relate to embolic burden or hemodynamic instability but is not a primary AKI predictor alone.
aortic_cross_clamp_time,4,"Longer cross-clamp time correlates with prolonged cardiopulmonary bypass/ischemia-reperfusion and inflammatory response, which are strong drivers of cardiac-surgery–associated AKI. Also proxies for operative complexity and hemodynamic stress."
cerebral_oximetry_used,1,Use of cerebral oximetry reflects monitoring preference and case type rather than a physiologic mechanism causing AKI. It is not a direct predictor of creatinine rise.
diffuse_aortic_calcification,3,"Diffuse aortic calcification indicates severe systemic atherosclerosis and higher risk of embolization and perioperative hemodynamic complications, which can contribute to renal injury. It also correlates with baseline vascular/renal disease burden."
assessment_of_ascending_aorta_arch,1,Whether the aorta/arch was assessed is largely procedural documentation and practice-pattern dependent. It does not directly reflect renal perfusion or nephrotoxic exposure.
aorta_plaque_assessment,2,"Plaque assessment suggests concern for atheroma/embolization risk, which can indirectly relate to renal atheroembolism. However, the act of assessment itself is not a strong physiologic predictor."
aortic_condition_altered_plan,3,"A change in surgical plan due to aortic condition signals higher complexity and embolic/hemodynamic risk, which can increase AKI likelihood. It is an indirect but clinically meaningful marker of high-risk surgery."
intraop_blood_products_refused,1,Refusal is a patient preference/administrative variable and not a physiologic driver of AKI. Any association would be indirect and inconsistent.
intraop_blood_products_received,3,"Receiving blood products often reflects bleeding, hemodilution, and inflammatory/transfusion-related effects, all associated with higher AKI risk after cardiac surgery. It also proxies for operative complexity and shock."
intraop_red_blood_cells_transfused,4,"RBC transfusion is consistently associated with cardiac-surgery–associated AKI, likely via hemolysis/free hemoglobin, inflammation, and severity of bleeding/anemia. Higher volumes generally indicate greater physiologic stress and renal hypoperfusion risk."
intraop_fresh_frozen_plasma_transfused,3,"FFP transfusion indicates significant coagulopathy/bleeding and large-volume resuscitation, which correlate with hypotension and systemic inflammation contributing to AKI. It is a moderate indirect predictor."
intraop_platelets_transfused,3,"Platelet transfusion suggests major bleeding or platelet dysfunction (often with prolonged bypass), both linked to higher AKI risk. Association is indirect but clinically established in high-complexity cases."
intraop_cryoprecipitate_transfused,2,"Cryoprecipitate use reflects hypofibrinogenemia/bleeding severity and large transfusion burden, which can relate to AKI indirectly. It is less consistently predictive than RBCs or overall bypass/hemodynamic variables."
intra_clot_fact,2,"Clotting factor administration indicates coagulopathy and complex surgery with potential for bleeding and hypotension, indirectly increasing AKI risk. The medication itself is not a direct nephrotoxin or renal biomarker."
intraop_received_amino_captroic_acid,2,"Antifibrinolytic use is mainly a marker of bleeding risk/complexity and transfusion exposure, which can indirectly increase AKI risk. It is not a direct renal perfusion or nephrotoxic driver."
intraop_received_tranexamic_acid,2,"Similar to aminocaproic acid, it reflects bleeding-risk management and case complexity rather than a direct kidney injury mechanism. Any AKI association is typically indirect via hemodynamics/transfusion/inflammation."
intraop_transesophageal_echocardiogram_performed,1,TEE performance is largely standard-of-care for many cardiac surgeries and reflects monitoring rather than renal physiology. It has no direct mechanistic link to postoperative creatinine rise.
post_repair_aortic_insufficiency,3,"Residual aortic regurgitation can reduce effective forward cardiac output and diastolic perfusion pressure, worsening renal perfusion. It is a plausible hemodynamic contributor but not a direct biomarker of AKI."
post_repair_mitral_insufficiency,3,"Residual MR can lead to low forward output and elevated left-sided pressures, contributing to renal hypoperfusion and congestion. Association with AKI is indirect through postoperative hemodynamics."
post_repair_tricuspid_insufficiency,4,"Residual TR is closely tied to venous congestion and elevated CVP, which strongly impairs renal perfusion gradient and is a well-recognized driver of cardiorenal AKI. In older post-cardiac surgery patients, this can be a strong predictor of creatinine rise."
op_val_surg_input,3,"Valve surgery generally implies longer bypass/cross-clamp time and higher hemodynamic complexity than isolated CABG, increasing AKI risk. It is an established procedural risk factor but nonspecific."
a_fib_proc_surg_input,2,"Concomitant AF procedures can increase operative time and complexity, indirectly raising AKI risk. The procedure itself is not a primary renal insult."
general_anesthesia_used,1,General anesthesia is nearly universal in cardiac surgery and provides little discrimination for AKI risk. It is not a specific predictor of postoperative creatinine ratio.
intraop_prothrombin_complex_concentrate_used,3,"PCC use is a marker of significant bleeding/coagulopathy and often correlates with transfusion, hypotension, and inflammatory stress, all linked to AKI. The relationship is indirect but clinically meaningful as a severity marker."
post_repair_aortic_mean_gradient,2,"Higher residual aortic valve gradient may indicate suboptimal valve hemodynamics and potential afterload/low-output physiology, which can affect renal perfusion. However, it is an indirect and context-dependent predictor of AKI."
post_repair_aortic_paravalvular_leak,3,"Paravalvular leak can cause hemolysis and/or reduced effective forward flow, contributing to renal stress and hypoperfusion. It is a plausible hemodynamic/hemolysis-related risk factor but not definitive."
post_repair_mitral_mean_gradient,2,"Elevated mitral gradient can reflect residual stenosis and higher left atrial pressures, potentially contributing to congestion and low output. Its AKI link is indirect and generally weaker than overt regurgitation or shock markers."
post_repair_mitral_paravalvular_leak,3,"Mitral PVL can drive hemolysis and worsen effective cardiac output, both of which can contribute to AKI risk. It is a moderate, indirect predictor rather than a direct renal marker."
post_repair_mitral_tricuspid_leak,4,"Combined residual mitral/tricuspid leakage suggests significant biventricular volume overload and venous congestion, strongly associated with postoperative cardiorenal AKI. This pattern often predicts persistent hemodynamic compromise leading to creatinine rise."
ejection_fraction_post_procedure,4,"Lower post-procedure EF is a strong indicator of low cardiac output state and renal hypoperfusion risk after cardiac surgery. It is a well-established hemodynamic predictor of subsequent AKI, though not a direct kidney biomarker."
pp_planed_pci,2,"Planned PCI suggests more complex coronary disease and potential contrast exposure, which can indirectly increase AKI risk. It is not a direct physiologic marker of renal hypoperfusion or injury in the early postop ICU course."
iabp,4,"IABP use is a strong marker of perioperative cardiogenic shock/low cardiac output and need for mechanical circulatory support, which directly threatens renal perfusion. It also correlates with higher vasopressor exposure and overall illness severity linked to AKI."
cath_bas_assist,3,"Baseline cath lab assist (e.g., support devices) indicates severe cardiac dysfunction and hemodynamic instability, both established AKI risk factors. The link is indirect compared with direct renal biomarkers but clinically meaningful."
ecmo,5,"ECMO is a marker of profound circulatory/respiratory failure with high rates of renal hypoperfusion, hemolysis/inflammation, and frequent need for RRT. It is among the strongest predictors of subsequent AKI and creatinine rise."
bld_prod,4,"Blood product transfusion reflects bleeding/hemodilution and is associated with inflammation, hemolysis, and perioperative hypotension, all of which increase AKI risk after cardiac surgery. Higher transfusion burden correlates with worse renal outcomes."
extubated_in_or,2,"Extubation in the OR generally indicates a smoother intraoperative course and less cardiopulmonary compromise, indirectly lowering AKI risk. It is a weak proxy for physiologic stability rather than a direct renal predictor."
re_intub,3,"Re-intubation signals respiratory failure and clinical deterioration, often accompanied by hemodynamic instability, higher vasopressor needs, and fluid shifts that can worsen renal perfusion. It is an established severity marker but not kidney-specific."
icu_visit,2,"ICU visit/need for ICU-level care is a broad acuity marker and may correlate with complications that predispose to AKI. However, it is nonspecific and not a direct mechanistic driver of creatinine rise."
postop_hemoglobin,3,"Low postoperative hemoglobin can reduce oxygen delivery to the renal medulla and often reflects bleeding/hemodilution, both associated with AKI after cardiac surgery. It is an established but not definitive predictor on its own."
postop_hct,3,"Postoperative hematocrit similarly reflects anemia/hemodilution and oxygen delivery, which can contribute to renal ischemia and AKI risk. It overlaps with hemoglobin but remains a clinically relevant severity marker."
postop_intub,3,"Ongoing postoperative intubation suggests greater physiologic stress, sedation/vasopressor exposure, and potential low cardiac output or pulmonary edema, all linked to AKI risk. It is a moderate, indirect predictor rather than kidney-specific."
prev_mi,3,"Prior MI indicates underlying ischemic cardiomyopathy and reduced cardiac reserve, increasing susceptibility to perioperative low-output states and renal hypoperfusion. It is a well-known comorbidity-level AKI risk factor."
mi_when,2,"Timing of prior MI may refine cardiac risk, but its relationship to postoperative AKI is indirect and largely mediated through current cardiac function and perioperative hemodynamics. On its own it is a weak-to-moderate predictor."
card_symp_time_of_adm,2,"Symptom timing at admission is a proxy for acuity/unstable coronary syndrome, which may correlate with perioperative instability and AKI risk. It is nonspecific and not directly tied to renal injury mechanisms."
card_symp_time_of_surg,2,"Symptom timing at surgery reflects urgency and potential preop instability, indirectly associated with AKI through hemodynamic stress and complexity of care. It is not a direct physiologic marker of renal perfusion or injury."
anginal_class,2,"Higher angina class reflects more severe coronary disease and potentially poorer cardiac reserve, which can predispose to low-output states and AKI. The association is indirect and weaker than direct hemodynamic or renal biomarkers."
class_nyh,3,"Higher NYHA class reflects worse baseline heart failure and lower cardiac reserve, increasing risk of perioperative low-output states and renal hypoperfusion."
car_shock,5,"Cardiogenic shock implies profound hypotension/low cardiac output with renal ischemia, a direct driver of postoperative AKI and creatinine rise."
resusc,4,"Need for resuscitation suggests hemodynamic instability (hypotension, bleeding, low flow) and high catecholamine exposure, both strongly associated with AKI after cardiac surgery."
arrhythmia,3,"Clinically significant arrhythmias can reduce effective cardiac output and cause hypotension, indirectly worsening renal perfusion and AKI risk."
recent_cardiac_arrhythmia_vtach_vfib,4,"Recent VT/VF indicates severe electrical instability often accompanied by low-flow states and resuscitation, which strongly predispose to ischemic AKI."
recent_arrhyth_sss,2,Sick sinus syndrome mainly reflects conduction disease and pacing need; it is only indirectly linked to AKI unless associated with sustained low output.
recent_arrhyth_a_flutter,3,"Atrial flutter can impair cardiac output and lead to hypotension or need for rate/rhythm control, modestly increasing AKI risk via perfusion effects."
recent_arrhyth_second,2,Second-degree AV block is typically managed with pacing and does not directly cause renal injury; AKI link is indirect through bradycardia/low output if severe.
recent_arrhyth_third,3,"Complete heart block can cause profound bradycardia and low cardiac output prior to pacing, which can compromise renal perfusion and raise AKI risk."
arrhyth_p_paced,2,Being paced is more a marker of conduction disease and device dependence; it has limited direct mechanistic linkage to AKI beyond reflecting cardiac comorbidity.
heart_fail,4,"Heart failure is a strong established risk factor for postoperative AKI due to baseline venous congestion, reduced forward flow, and higher susceptibility to perioperative low-output states."
recent_arrhyth_atr_fib,3,"Recent atrial fibrillation can reduce cardiac output and is associated with hemodynamic instability and higher illness severity, contributing to AKI risk."
pain_score_pre,1,Preoperative pain score has no clear physiologic relationship to postoperative renal perfusion or tubular injury and is unlikely to predict creatinine rise.
intraop_cell_saver_volume,2,Cell saver volume is a proxy for surgical blood loss/transfusion needs and operative complexity; it may correlate with AKI risk but is not a direct renal injury marker.
total_heparin_before_bypass,1,Heparin dosing before bypass is protocol-driven and not a known driver of postoperative AKI; it mainly reflects standard anticoagulation management.
total_protamine_before_or_exit,2,"Protamine dose is largely proportional to heparin reversal and can be associated with hemodynamic reactions in rare cases, but overall has only an indirect/weak link to AKI."
intra_visco_test,2,"Viscoelastic testing (e.g., TEG/ROTEM) reflects bleeding/coagulopathy and overall surgical complexity, which can correlate with transfusion and hypotension that raise AKI risk. It is not a direct renal perfusion or kidney injury marker."
vol_agent_used,2,Use of volatile anesthetic is common and mainly reflects anesthetic strategy rather than kidney injury physiology. Any renal effect is indirect via hemodynamics and case complexity.
volatile_agent_isoflurane,2,Isoflurane choice is not an established independent predictor of postoperative AKI; renal impact is largely mediated through blood pressure and perfusion management. Signal is likely confounded by provider preference and case type.
volatile_agent_sevoflurane,2,Sevoflurane has theoretical nephrotoxicity concerns (compound A) but clinically significant AKI signal in cardiac surgery is inconsistent. Any association is indirect and likely confounded by hemodynamics and exposure duration.
volatile_agent_desflurane,1,Desflurane selection has no meaningful direct physiologic link to postoperative AKI beyond general anesthetic-related hemodynamic effects. Mostly reflects practice pattern.
vol_agent_oth,1,Other volatile agent use is nonspecific and primarily indicates anesthetic choice rather than renal insult. Any AKI association would be indirect and weak.
volatile_agent_used_pre_bypass,2,"Pre-bypass volatile use may correlate with induction/hemodynamic lability, which can influence renal perfusion. However it is not a direct AKI driver and is highly confounded by anesthetic management."
volatile_agent_used_during_bypass,2,"During-bypass volatile use may reflect CPB management strategy and depth of anesthesia, with indirect links to perfusion pressure and inflammation. It is not a direct biomarker or established independent predictor of AKI."
volatile_agent_used_post_bypass,2,"Post-bypass volatile use can be associated with vasodilation/hypotension risk affecting renal perfusion, but the relationship is indirect. Stronger AKI predictors would be actual MAP/vasopressor needs rather than agent choice."
volatile_agent_used_for_maintenance,2,Maintenance volatile use is common and mainly reflects anesthetic plan; renal effects are mediated through systemic hemodynamics. Not a direct or strong predictor of creatinine rise.
intra_op_infusion_dexmedetomidine,2,"Dexmedetomidine can lower sympathetic tone and blood pressure, potentially affecting renal perfusion, but evidence for a strong AKI signal is mixed. More indicative of sedation strategy than kidney injury."
intraop_propofol_infusion,2,"Propofol infusion may contribute to hypotension and reduced renal perfusion, indirectly increasing AKI risk. However it is not a specific renal toxin and is confounded by illness severity and anesthetic depth."
intraop_midazolam_infusion,1,Midazolam infusion is primarily a sedation choice without a direct mechanistic link to AKI. Any association would be indirect via hemodynamics or case complexity and is typically weak.
total_insulin_before_or_exit,2,"Higher insulin requirement can proxy perioperative hyperglycemia/stress response, which is associated with worse outcomes including AKI. It is an indirect marker and not a direct renal injury measure."
pre_anesth_bp_sys,3,"Preoperative systolic BP reflects baseline hemodynamic reserve and chronic hypertension, which increases susceptibility to renal hypoperfusion and AKI. It is an established risk factor but not definitive alone."
pre_anesth_bp_dia,3,"Preoperative diastolic BP relates to vascular tone and chronic hypertension, influencing renal autoregulation and AKI vulnerability. It is a moderate, established risk factor rather than a direct biomarker."
pre_anesth_hr,2,"Pre-induction tachycardia can reflect pain/anxiety, hypovolemia, or low reserve, which may correlate with perioperative instability. It is an indirect and nonspecific marker for subsequent AKI risk."
pulmonary_artery_catheter_used,2,Use of a PA catheter is mainly a proxy for higher surgical/physiologic complexity and clinician concern about hemodynamics. It is not a direct physiologic driver of AKI but may correlate with shock/vasopressor exposure.
core_temp_max,1,Maximum intraoperative core temperature is not a typical direct determinant of postoperative AKI after cardiac surgery. Extremes of hypothermia/rewarming dynamics matter more than a higher max temperature in most cases.
nitric_ox_intraop,2,Inhaled nitric oxide use suggests significant pulmonary hypertension/RV dysfunction and potential low cardiac output states that can impair renal perfusion. However it is primarily a severity-of-illness proxy rather than a direct nephrotoxin.
total_crystalloid_by_anesthesia_team,3,"Large crystalloid volumes can indicate bleeding/vasoplegia and contribute to venous congestion/hemodilution, both associated with AKI risk after cardiac surgery. Still, volume given is confounded by case complexity and resuscitation strategy."
total_synthetic_colloid_by_anesthesia_team,4,"Synthetic colloids (e.g., HES) have evidence of nephrotoxicity and increased AKI risk, especially in critically ill patients. Dose/exposure can be a strong predictor of subsequent creatinine rise."
total_5_percent_albumin_by_anesthesia_team,2,Albumin use reflects intravascular volume management and severity of illness; it is not clearly nephrotoxic and may be neutral or context-dependent. Association with AKI is typically indirect via hemodynamics/volume status.
gluc_trough_intraop,2,"Intraoperative hypoglycemia/low trough glucose can reflect metabolic stress, liver dysfunction, or insulin management issues and may correlate with worse outcomes. It is not a direct mechanistic driver of AKI compared with hemodynamics and nephrotoxins."
vasodil_intraop,3,"Intraoperative vasodilator use can contribute to hypotension and reduced renal perfusion pressure, a known pathway to AKI. It also serves as a marker of afterload management/vasospasm and overall hemodynamic lability."
intra_proc_eeg,1,Intra-procedural EEG monitoring reflects neurologic monitoring needs and institutional practice rather than renal physiology. It has no direct link to postoperative creatinine rise.
intra_op_pre_tee,1,Preoperative/intraoperative TEE use is primarily procedural/monitoring and a proxy for case type rather than a renal insult. It does not directly affect kidney perfusion or nephrotoxin exposure.
left_ventricular_ejection_fraction_estimate_pre_incision,4,"Reduced LVEF predicts low cardiac output and need for vasopressors/mechanical support, strongly linked to renal hypoperfusion and postoperative AKI. Baseline systolic dysfunction is a well-established cardiac-surgery AKI risk factor."
rv_function_estimate_pre_incision,4,"RV dysfunction predisposes to elevated venous pressures and renal venous congestion, a strong contributor to AKI after cardiac surgery. It also correlates with pulmonary hypertension and perioperative hemodynamic instability."
mitral_valve_regurgitation_pre_incision,2,Significant MR can reflect chronic volume overload and heart failure physiology that may increase perioperative instability. Its relationship to AKI is generally indirect and mediated through cardiac output/venous congestion.
mitral_stenosis_pre_incision,2,"Mitral stenosis can be associated with pulmonary hypertension and RV strain, which can secondarily affect renal perfusion. However it is a less direct predictor of AKI than measured hemodynamics or ventricular function."
aortic_valve_regurgitation_pre_incision,2,Aortic regurgitation can indicate chronic LV volume overload and perioperative hemodynamic complexity. The link to AKI is indirect and typically weaker than baseline ventricular dysfunction or nephrotoxic exposures.
aortic_stenosis_regurgitation_pre_incision,2,"Significant valvular disease can predispose to perioperative low cardiac output and renal hypoperfusion, but it is an indirect and heterogeneous marker for AKI risk."
pre_ava_assessed,1,Whether aortic valve area was assessed reflects documentation/testing rather than a physiologic insult or direct AKI mechanism.
pre_tr,3,"Tricuspid regurgitation can indicate right-sided failure and venous congestion, which is a recognized contributor to postoperative AKI via elevated renal venous pressure."
pre_pfo,1,Presence of a PFO has little direct relationship to renal perfusion or nephrotoxic exposure and is not an established AKI predictor.
asc_ao_assessed,1,Assessment of the ascending aorta is primarily a procedural/documentation variable and does not directly capture renal risk physiology.
maximal_ascending_aortic_diameter,2,"Larger aortic diameter may correlate with vascular disease and operative complexity, indirectly increasing AKI risk, but it is not a direct renal perfusion marker."
maximal_ascending_aortic_atherosclerotic_thickness,2,"Aortic atherosclerosis reflects systemic vascular disease and embolic risk, which can indirectly relate to renal injury, but it is not a primary AKI driver."
ascending_aortic_atheroma_mobility,2,Mobile atheroma increases embolic potential and may signal higher surgical complexity; renal atheroembolism is possible but uncommon and indirect for typical AKI.
visualize_aortic_arch,1,Whether the arch was visualized is a procedural detail and not a physiologic predictor of postoperative creatinine rise.
mx_arc_ath,2,"Arch atheroma burden is a marker of systemic atherosclerosis and embolic risk, which can indirectly contribute to renal injury but is not a strong direct predictor."
aortic_arch_atheroma_mobility,2,Mobile arch atheroma suggests embolic risk and complex aortic manipulation; renal embolization is possible but overall an indirect AKI predictor.
cpb_used,4,"Use of cardiopulmonary bypass is strongly associated with postoperative AKI through inflammation, hemolysis, nonpulsatile flow, and ischemia-reperfusion effects."
retr_autol_prim,2,"Autologous priming/retrograde autologous priming may reduce hemodilution and transfusion needs, indirectly affecting AKI risk, but effects are modest and context-dependent."
total_crystalloid_by_perfusion_team,3,"Higher intraoperative crystalloid volume can reflect hemodilution, capillary leak, and fluid overload, which are associated with worse renal outcomes after cardiac surgery."
total_synthetic_colloid_by_perfusion_team,4,"Synthetic colloids (e.g., HES) have known nephrotoxic associations and can worsen AKI risk, especially in critically ill or high-risk surgical patients."
total_5_percent_albumin_by_perfusion_team,2,Albumin use mainly reflects volume management strategy and illness severity; it has no consistent direct nephrotoxic effect and is at most an indirect AKI marker.
hemofil_perf,4,"Use of hemofiltration/perfusion suggests significant fluid overload, metabolic derangement, or early renal support needs, all strongly associated with subsequent AKI and creatinine rise. It is not a direct biomarker of kidney injury but is a strong severity-of-illness/renal stress indicator."
inotrop_wean_cpb,3,"Difficulty weaning inotropes after CPB implies low cardiac output and poor renal perfusion, a well-established AKI risk pathway. It is indirect and can reflect transient post-bypass myocardial stunning."
vasop_wean_cpb,3,"Need for vasopressors to wean from CPB indicates vasoplegia/hypotension risk and potential renal hypoperfusion, increasing AKI risk. It is an indirect marker and may be transient early post-op."
intra_op_post_tee,2,Having a post-op intraoperative TEE is more a marker of intraoperative concern/complexity than a direct renal mechanism. It may correlate with hemodynamic instability but is not specific for AKI.
systolic_anterior_motion_mitral_valve_presence,3,"SAM can cause dynamic LVOT obstruction with hypotension and low forward flow, which can reduce renal perfusion and precipitate AKI. It is relatively specific hemodynamic pathology but not common and not kidney-specific."
ret_cpb_ech,2,"Returning to CPB (or CPB-related echo prompting return) signals major intraoperative instability/complexity, which can increase AKI risk via ischemia/inflammation. It is indirect and heterogeneous in mechanism."
left_ventricular_ejection_fraction_estimate_post_incision,3,"Lower LVEF reflects reduced cardiac reserve and risk of low cardiac output syndrome, a classic driver of renal hypoperfusion and AKI after cardiac surgery. It is a baseline/early intraop risk factor rather than a direct kidney marker."
post_rv_fx,3,"RV dysfunction can cause low LV preload, systemic congestion, and elevated venous pressures, all of which impair renal perfusion and filtration (congestive nephropathy). It is a meaningful hemodynamic risk factor but not definitive alone."
intra_card_arr,3,"Intraoperative arrhythmias can cause hypotension and reduced renal blood flow, increasing AKI risk, and may reflect myocardial ischemia/instability. The link is indirect and depends on duration/severity."
post_core_temp,2,"Abnormal core temperature (hypothermia/rewarming issues) can reflect operative complexity and affect hemodynamics/coagulation, indirectly influencing AKI risk. It is not a primary or specific predictor of creatinine rise."
post_inr,2,"Elevated INR reflects hepatic dysfunction, coagulopathy, and illness severity; it may correlate with bleeding/transfusion and hypotension that contribute to AKI. It is indirect and not kidney-specific."
post_wbc,2,"Leukocytosis can indicate inflammation, stress response, or infection risk, which can contribute to AKI via sepsis/inflammatory pathways. Early post-op WBC is often nonspecific."
post_plt,2,"Thrombocytopenia may reflect CPB-related consumption, bleeding, or systemic inflammation and can correlate with severity of illness and transfusion exposure linked to AKI. It is an indirect marker rather than a direct renal predictor."
post_hct,3,"Low hematocrit/anemia reduces oxygen delivery and often reflects bleeding/transfusion needs; both anemia and transfusion are associated with post-cardiac surgery AKI. It is a moderate, indirect predictor."
post_fibrin,2,"Low fibrinogen suggests bleeding/consumption and operative stress, which can lead to hypotension/transfusion and secondary AKI risk. It is indirect and not specific for renal injury."
post_lact,4,"Elevated lactate is a strong marker of systemic hypoperfusion/low cardiac output and correlates with shock severity, a direct pathway to ischemic AKI. While not kidney-specific, it is a strong early predictor of subsequent creatinine rise."
prop_post,2,"Postoperative propofol exposure is not directly nephrotoxic, but higher doses can contribute to hypotension and reduced renal perfusion indirectly."
pain_score_pod3,1,Pain score on POD3 is temporally distant and not a physiologic driver of AKI; it mainly reflects comfort/sedation practices rather than renal injury risk.
current_smoker,2,"Active smoking is associated with vascular disease and perioperative complications, which can indirectly increase AKI risk, but it is not a strong direct predictor of early postoperative creatinine rise."
former_smoker,1,Former smoking has a weaker and less specific association with perioperative AKI than active smoking and is largely mediated through comorbidities captured elsewhere.
pre_op_arrhyth_a_fib_paroxysmal,2,"Paroxysmal AF can signal underlying cardiac disease and perioperative hemodynamic instability, indirectly affecting renal perfusion, but is not a primary AKI driver by itself."
pre_op_arrhyth_a_fib_persistent,3,"Persistent AF more strongly reflects chronic cardiac dysfunction and risk of low cardiac output/vasopressor need post-op, which are established contributors to AKI risk."
cardioplegia_delivery_antegrade,1,Antegrade cardioplegia delivery choice is primarily a surgical technique variable and has no consistent direct mechanistic link to postoperative renal injury.
cardioplegia_delivery_retrograde,1,Retrograde cardioplegia is a procedural approach that may correlate with case complexity but is not itself a direct physiologic predictor of AKI.
cplegia_type_blood,1,Blood cardioplegia type is not a direct determinant of renal perfusion or nephrotoxicity; any association with AKI would be indirect via operative complexity.
cplegia_type_crystalloid,1,Crystalloid cardioplegia type has no established direct relationship with postoperative AKI; it is mainly a technique preference/indication marker.
heart_fail_tmg_acute,4,"Acute heart failure around surgery strongly predicts low cardiac output, venous congestion, and need for vasoactive support, all of which directly increase AKI risk."
heart_fail_tmg_chronic,3,"Chronic heart failure is an established AKI risk factor due to baseline reduced renal reserve, congestion, and susceptibility to perioperative hypotension."
heart_fail_type_systolic,3,"Systolic dysfunction is associated with low forward flow and perioperative low cardiac output syndrome, increasing risk of renal hypoperfusion and AKI."
heart_fail_type_diastolic,2,"Diastolic dysfunction can contribute to congestion and hemodynamic lability, but its link to postoperative AKI is generally less direct than systolic failure."
0_12h_pulse_oximetry_mean,2,"Early mean oxygen saturation may reflect transient postoperative respiratory/circulatory instability; sustained hypoxemia can worsen renal ischemia, but in 0–12h it is often short-lived (cap at 3)."
13_24h_pulse_oximetry_mean,2,"Mean SpO2 in 13–24h reflects ongoing oxygen delivery; persistent hypoxemia can contribute to AKI risk, but the mean is less sensitive than hypoxemic extremes and is an indirect predictor."
25_36h_pulse_oximetry_mean,2,"Sustained oxygenation relates indirectly to renal oxygen delivery, but mean SpO2 often masks brief hypoxemic insults that are more relevant to AKI risk. Prefer extremes (min) over mean to reduce collinearity."
0_12h_pulse_oximetry_max,1,High SpO2 is not a driver of AKI and is heavily influenced by supplemental oxygen/ventilator settings. In the immediate post-op window it provides little prognostic signal for renal injury.
13_24h_pulse_oximetry_max,1,Maximum SpO2 mainly reflects oxygen therapy rather than pathophysiology linked to AKI. It is not a meaningful marker of renal hypoperfusion or injury.
25_36h_pulse_oximetry_max,1,Maximum SpO2 is typically non-informative for AKI prediction and largely reflects FiO2/ventilator management. It does not capture hypoxemic episodes that could contribute to renal ischemia.
0_12h_pulse_oximetry_min,3,"Hypoxemia can worsen renal medullary hypoxia and is a plausible contributor to AKI, but early post-op desaturations are common/transient. Capped by the 0–12h epoch maximum score."
13_24h_pulse_oximetry_min,3,Persistent or recurrent hypoxemia in this trajectory phase suggests ongoing cardiopulmonary dysfunction that can impair renal oxygen delivery. Still indirect and less specific than hemodynamic/renal labs.
25_36h_pulse_oximetry_min,4,"Low SpO2 close to the outcome window can indicate ongoing hypoxemia from respiratory failure/low cardiac output, increasing risk of renal ischemic injury. The minimum captures clinically relevant insults better than mean/max."
0_12h_pulse_oximetry_measured,1,"Measurement frequency reflects monitoring intensity rather than a physiologic mechanism of AKI. Pulse oximetry is routinely continuous post-cardiac surgery, so counts add little signal."
13_24h_pulse_oximetry_measured,1,More frequent SpO2 documentation is primarily workflow/acuity related and not a direct predictor of renal injury. Routine ICU monitoring makes this a weak behavioral proxy.
25_36h_pulse_oximetry_measured,1,"SpO2 measurement frequency is not mechanistically linked to AKI and is usually standard-of-care. Any association would be indirect via clinician concern, so kept low."
0_12h_r_pulmonary_artery_pressure_mean_mean,2,"Elevated PA pressures can reflect RV dysfunction/venous congestion that may reduce renal perfusion, but early post-op values are often transient and treatment-related. Mean-of-mean also smooths extremes that better capture decompensation."
13_24h_r_pulmonary_artery_pressure_mean_mean,3,"Sustained higher PA pressures suggest ongoing RV strain and systemic venous congestion, which is associated with AKI after cardiac surgery. Mean values are informative but less so than peak pressures."
25_36h_r_pulmonary_artery_pressure_mean_mean,3,"Ongoing elevation in PA pressure near 36h can indicate persistent RV failure/volume overload contributing to renal venous congestion and AKI risk. However, extremes (max) better capture acute hemodynamic insults, so mean is not scored higher."
0_12h_r_pulmonary_artery_pressure_mean_max,3,Peak PA pressure early may indicate acute RV dysfunction or pulmonary hypertension that can impair forward flow and renal perfusion. Capped by the 0–12h epoch maximum score despite being the preferred aggregation over mean.
13_24h_r_pulmonary_artery_pressure_mean_max,4,"High peak PA pressures in the trajectory phase suggest significant RV afterload/strain and venous congestion, both linked to postoperative AKI. The max captures clinically meaningful decompensation better than averages."
25_36h_r_pulmonary_artery_pressure_mean_max,4,"Peak PA pressures close to the outcome window strongly suggest ongoing RV failure/pulmonary hypertension with renal venous congestion and reduced effective renal perfusion. As an extreme, it is more predictive than mean PA pressure for AKI risk."
0_12h_r_pulmonary_artery_pressure_mean_min,2,"Low PA mean pressure can reflect low RV output/low preload states that may reduce renal perfusion, but early post-op values are often transient and treatment-related. Also this is an extreme of a mean-derived signal, so it is an indirect hemodynamic proxy rather than a direct AKI marker."
13_24h_r_pulmonary_artery_pressure_mean_min,2,"Persistently low PA pressures may indicate ongoing low flow or aggressive diuresis/vasodilation that can contribute to renal hypoperfusion, but it remains a nonspecific surrogate. As a minimum of a mean PA pressure, it is less directly tied to renal injury than systemic perfusion measures."
25_36h_r_pulmonary_artery_pressure_mean_min,3,"In the 25–36h window, low PA pressures can be a leading indicator of sustained low cardiac output or inadequate filling, both associated with AKI risk after cardiac surgery. Still, it is indirect and confounded by ventilator/PEEP and RV pathology."
0_12h_r_pulmonary_artery_pressure_mean_measured,1,"Measurement frequency mainly reflects monitoring intensity and clinician concern rather than a physiologic mechanism for AKI. In the immediate post-op period, frequent PA measurements are routine in many cardiac surgery patients."
13_24h_r_pulmonary_artery_pressure_mean_measured,1,Number of PA pressure recordings is a behavioral/acuity proxy and not a direct driver of creatinine rise. Continued measurement may reflect complexity but is too nonspecific to predict AKI strongly.
25_36h_r_pulmonary_artery_pressure_mean_measured,2,"Ongoing frequent PA monitoring late may indicate persistent hemodynamic instability or shock concern, which correlates with AKI risk, but it remains an indirect clinician-behavior signal. Therefore it should be kept low to avoid overinterpreting surveillance intensity."
0_12h_r_device_continuous_cardiac_index_measured,1,"This is measurement frequency of continuous cardiac index, reflecting monitoring strategy rather than renal physiology. Early post-op continuous CI monitoring is common and not specific for impending AKI."
13_24h_r_device_continuous_cardiac_index_measured,1,Frequency/availability of continuous CI data is a care-process variable and does not itself cause or directly indicate renal injury. It may correlate with severity but is too nonspecific for higher importance.
25_36h_r_device_continuous_cardiac_index_measured,2,"Persistent need for continuous CI monitoring at 25–36h can signal ongoing low-output concern or vasoactive support, which is associated with AKI risk, but it is still an indirect proxy. Per rules, measured features should remain low."
0_12h_r_central_venous_pressure_mean,2,"Mean CVP relates to venous congestion and renal perfusion pressure, but in the first 12h it is heavily influenced by fluids, ventilation, and transient post-bypass physiology. Also, mean values can dilute brief but important congestion episodes."
13_24h_r_central_venous_pressure_mean,3,"Sustained elevated CVP in the trajectory phase suggests venous congestion/right-sided dysfunction, which is a recognized contributor to AKI after cardiac surgery. Mean CVP is still less sensitive than extremes for capturing congestion burden."
25_36h_r_central_venous_pressure_mean,3,"In the 25–36h window, persistently high mean CVP indicates ongoing venous congestion and reduced renal perfusion gradient, a common pathway to cardiorenal AKI. However, compared with CVP_max it may under-represent episodic severe congestion."
0_12h_r_central_venous_pressure_max,3,"Peak CVP captures acute venous congestion episodes that can directly impair renal filtration pressure, but early post-op peaks are often transient from fluid loading/PEEP. Given the 0–12h cap, it is an established but not definitive predictor."
13_24h_r_central_venous_pressure_max,4,"High CVP maxima during 13–24h suggest significant ongoing venous congestion/RV failure or fluid overload, which strongly predicts postoperative AKI via renal venous hypertension. Extremes are more pathophysiologically relevant than means for congestion insults."
25_36h_r_central_venous_pressure_max,4,Late high CVP peaks are a strong leading indicator of persistent congestion and low renal perfusion gradient close to the creatinine outcome window. CVP_max best captures the pathologic insult and is more informative than CVP_mean for AKI risk.
0_12h_r_central_venous_pressure_min,2,"Low CVP minima may reflect hypovolemia/over-diuresis and potential renal hypoperfusion, but in the immediate post-op period it is often transient and measurement/ventilation dependent. It is a nonspecific indirect marker compared with congestion-related CVP_max."
13_24h_r_central_venous_pressure_min,2,"Low CVP can reflect relative hypovolemia and reduced renal perfusion, but the minimum is less informative for AKI than sustained venous congestion or high CVP. In the 13–24h epoch, transient lows are common during stabilization, so predictive value is limited."
25_36h_r_central_venous_pressure_min,3,"A low CVP close to the outcome window may indicate ongoing underfilling/low preload and risk of renal hypoperfusion, especially in elderly post-cardiac surgery patients. Still, CVP minimum is an indirect marker and less AKI-specific than measures of congestion or hypotension."
0_12h_r_central_venous_pressure_measured,1,"Measurement frequency mainly reflects monitoring intensity/acuity rather than a physiologic mechanism of AKI. In the immediate post-op period, frequent CVP checks are routine and not specific for impending renal injury."
13_24h_r_central_venous_pressure_measured,1,"How often CVP is recorded is a behavioral proxy for illness severity and line presence, not a direct driver of creatinine rise. It is not specific for AKI risk compared with actual hemodynamic values."
25_36h_r_central_venous_pressure_measured,2,"More frequent CVP measurement late may indicate clinician concern for hemodynamic instability/volume status that can precede AKI, but it remains an indirect proxy. It should be weighted low relative to physiologic extremes or renal labs."
0_12h_r_fio2_mean,2,"Higher average FiO2 suggests respiratory failure/overall severity, which correlates indirectly with AKI risk via inflammation and hemodynamic stress. In 0–12h, elevated FiO2 is often transient post-op and less specific (epoch cap and mean aggregation reduce importance)."
13_24h_r_fio2_mean,2,"Persistently higher mean FiO2 in 13–24h can reflect ongoing pulmonary dysfunction and systemic illness associated with AKI, but it is not a direct renal perfusion marker. Mean values are less sensitive than extremes for acute insults."
25_36h_r_fio2_mean,3,"Sustained oxygen requirement closer to hour 60 can indicate ongoing critical illness (e.g., low cardiac output, sepsis, ARDS) that increases AKI risk. Still, FiO2 is an indirect severity marker rather than a kidney-specific predictor."
0_12h_r_fio2_max,3,"A high FiO2 maximum reflects episodes of significant hypoxemia/respiratory instability, which can contribute to renal ischemia and systemic stress. In 0–12h this is common post-op, so importance is capped and conservative."
13_24h_r_fio2_max,3,"A high FiO2 spike during 13–24h suggests clinically meaningful respiratory deterioration and higher overall risk of multiorgan dysfunction including AKI. Max captures acute insult better than mean, so it is favored for relevance."
25_36h_r_fio2_max,4,"A high FiO2 maximum late (25–36h) indicates severe hypoxemia/respiratory failure near the prediction horizon, strongly associated with shock physiology and subsequent AKI. Max captures acute decompensation better than mean/min for this pathway."
0_12h_r_fio2_min,1,"Low minimum FiO2 generally reflects stability or weaning rather than a pathologic trigger for AKI. As an extreme in the “good” direction, it is not expected to predict creatinine rise."
13_24h_r_fio2_min,1,A lower FiO2 minimum indicates periods of less oxygen support and is not a mechanistic risk factor for AKI. It is more reflective of recovery than impending renal injury.
25_36h_r_fio2_min,1,Lower FiO2 minimum late suggests successful weaning/stability and does not directly increase AKI risk. It is unlikely to add predictive value for creatinine_ratio.
0_12h_r_fio2_measured,1,"Frequency of FiO2 documentation is largely routine ventilator charting and reflects workflow rather than physiology. It is not specific for AKI risk, especially in the immediate post-op window."
13_24h_r_fio2_measured,1,FiO2 measurement frequency is a behavioral/monitoring artifact and not a direct predictor of renal injury. Any association with AKI would be weak and mediated by overall acuity rather than kidney-specific mechanisms.
25_36h_r_fio2_measured,2,"Higher measurement frequency reflects respiratory instability/acuity and clinician concern, which can correlate with multi-organ dysfunction and AKI risk. It is not a direct physiologic driver of renal injury, so keep low."
0_12h_r_vent_resp_rate_set_mean,2,Mean set RR reflects ventilatory strategy and illness severity but is not a direct AKI mechanism. In the immediate 0–12h post-op period it is often protocol-driven and transient.
13_24h_r_vent_resp_rate_set_mean,2,"Persistently higher mean set RR may indicate ongoing respiratory failure/sepsis and higher overall acuity, indirectly increasing AKI risk. Still not a primary renal perfusion marker."
0_12h_r_vent_resp_rate_set_max,3,"Episodes requiring very high set RR can reflect acute respiratory failure/acidosis and higher catecholamine/PEEP needs, which can impair renal perfusion. Capped by 0–12h epoch where derangements are common post-bypass."
13_24h_r_vent_resp_rate_set_max,3,"A high maximum set RR in 13–24h suggests persistent/worsening respiratory failure and systemic stress, which is associated with AKI. Max captures the acute insult better than mean, so it is scored higher."
0_12h_r_vent_resp_rate_set_min,1,Low minimum set RR usually reflects sedation/weaning strategy rather than renal hypoperfusion or nephrotoxicity. In the immediate post-op window it is largely protocol/vent-management driven.
13_24h_r_vent_resp_rate_set_min,1,Minimum set RR is more reflective of ventilator management and sedation depth than kidney injury risk. It has weak mechanistic linkage to AKI compared with hemodynamics or renal labs.
0_12h_r_vent_resp_rate_set_measured,1,Measurement frequency is a documentation/monitoring artifact and not a physiologic mechanism for AKI. In 0–12h it is near-universal and poorly discriminative.
13_24h_r_vent_resp_rate_set_measured,1,More frequent recording may reflect ICU intensity but does not directly predict renal injury. As a behavioral proxy it should remain low importance.
25_36h_r_vent_resp_rate_set_measured,2,"Increased measurement frequency closer to outcome can indicate ongoing instability and clinician concern, which correlates with AKI risk. Still indirect and non-mechanistic, so limited to low importance."
0_12h_r_vent_tidal_volume_set_mean,1,Mean set tidal volume is primarily a ventilator strategy variable and only indirectly related to AKI via lung–kidney interactions. In 0–12h it is often standardized (lung-protective) and not specific for AKI.
13_24h_r_vent_tidal_volume_set_mean,2,"Persistently higher mean tidal volumes may reflect non–lung-protective ventilation and greater inflammatory burden, indirectly associated with AKI. Mean is less informative than extremes for acute insult."
25_36h_r_vent_tidal_volume_set_mean,2,"Later sustained tidal volume strategy may track severity of respiratory failure and systemic inflammation, which can contribute to AKI risk. However it remains an indirect marker rather than a direct renal perfusion/toxin variable."
0_12h_r_vent_tidal_volume_set_max,2,"High maximum tidal volumes can indicate episodes of poor lung compliance or aggressive ventilation, potentially increasing inflammatory/venous congestion effects that worsen renal function. Capped in 0–12h and to avoid redundancy with mean."
13_24h_r_vent_tidal_volume_set_max,3,"A high max tidal volume in 13–24h suggests ongoing poor compliance or non–lung-protective ventilation, which is associated with systemic inflammation and AKI. Max better captures harmful excursions than mean, so higher importance."
25_36h_r_vent_tidal_volume_set_max,3,"High max tidal volume in 25–36h may reflect persistent severe lung mechanics/ARDS and higher intrathoracic pressures, contributing to venous congestion and reduced renal perfusion. As an extreme closer to outcome it is a stronger indirect predictor than mean."
0_12h_r_vent_tidal_volume_set_min,1,Low set tidal volume is not a direct AKI driver; it mainly reflects ventilator strategy. In the immediate 0–12h post-op period it is often protocolized and transient.
13_24h_r_vent_tidal_volume_set_min,1,Minimum set tidal volume is weakly related to renal outcomes and mostly reflects lung-protective ventilation choices. Limited direct mechanistic link to creatinine rise.
25_36h_r_vent_tidal_volume_set_min,2,"Persistently very low set tidal volumes may indicate severe respiratory failure/ARDS and higher illness severity, indirectly increasing AKI risk. Still not a primary renal perfusion marker."
0_12h_r_vent_tidal_volume_set_measured,1,Measurement frequency reflects documentation/monitoring intensity rather than physiology. Early post-op ventilator settings are routinely charted regardless of AKI risk.
13_24h_r_vent_tidal_volume_set_measured,1,How often tidal volume is recorded is a behavioral proxy and not a renal injury mechanism. At most it reflects routine ICU care.
25_36h_r_vent_tidal_volume_set_measured,2,"More frequent ventilator setting documentation can reflect ongoing instability and clinician concern, indirectly correlating with AKI risk. Still non-physiologic and should remain low importance."
0_12h_r_vent_peep_mean,2,"Higher mean PEEP can reduce venous return/cardiac output and renal perfusion, but early post-op PEEP is often standardized and transient. Mean also smooths short hypotensive/low-output insults."
13_24h_r_vent_peep_mean,2,"Sustained higher PEEP may indicate worse lung disease and can impair renal perfusion via hemodynamic effects, but mean values are less sensitive than extremes. Moderate indirect relevance in this trajectory window."
25_36h_r_vent_peep_mean,3,Persistently elevated mean PEEP closer to the outcome can reflect ongoing respiratory failure and sustained intrathoracic pressure effects that may lower renal blood flow. Still less specific than peak PEEP for acute insult.
0_12h_r_vent_peep_max,3,"Peak PEEP captures acute high intrathoracic pressure episodes that can reduce cardiac output and renal perfusion, a plausible AKI trigger. Capped by the 0–12h window maximum score and early post-op transience."
13_24h_r_vent_peep_max,3,Higher maximum PEEP in 13–24h suggests ongoing/worsening respiratory failure and potential hemodynamic compromise affecting kidneys. Max is more informative than mean/min for capturing injurious episodes.
25_36h_r_vent_peep_max,4,"High peak PEEP in 25–36h is a strong marker of severe lung pathology and can directly worsen renal perfusion via reduced preload/cardiac output and increased venous congestion. As an extreme close to hour-60, it is a strong leading indicator."
0_12h_r_vent_peep_min,1,Minimum PEEP largely reflects baseline ventilator settings and is not a known AKI trigger. In the immediate post-op period it is often protocol-driven.
13_24h_r_vent_peep_min,1,Low minimum PEEP has little direct relationship to renal injury and is less informative than peak PEEP for hemodynamic compromise. Likely redundant with other ventilator severity markers.
25_36h_r_vent_peep_min,1,Minimum PEEP is not a meaningful predictor of AKI compared with maximum PEEP or hemodynamic variables. It mainly reflects ventilator baseline rather than pathologic extremes.
0_12h_r_vent_peep_measured,1,PEEP measurement frequency is primarily a documentation/monitoring artifact and not a physiologic mechanism for AKI. Early post-op ventilator parameters are routinely recorded.
13_24h_r_vent_peep_measured,1,Measurement frequency mainly reflects clinician attention/vent management rather than a direct renal perfusion mechanism. At most it weakly proxies severity of respiratory failure.
25_36h_r_vent_peep_measured,2,"More frequent PEEP documentation/adjustment can proxy ongoing respiratory instability and higher ICU acuity, which correlates with AKI risk. Still a behavioral marker, not a physiologic driver."
0_12h_r_vent_plateau_pressure_mean,1,Mean plateau pressure early post-op is often transient and influenced by ventilator strategy; it is not a primary AKI driver. Extremes are more relevant than averages for hemodynamic compromise.
13_24h_r_vent_plateau_pressure_mean,2,"Sustained higher plateau pressures can reflect worse lung mechanics and higher intrathoracic pressures that may reduce venous return/renal perfusion, but the mean is less informative than extremes. Trajectory window also limits prognostic strength."
0_12h_r_vent_plateau_pressure_max,3,"High peak plateau pressures can acutely increase intrathoracic pressure, reduce cardiac output, and worsen renal perfusion, plausibly contributing to AKI. In the immediate 0–12h period this is common/transient, so capped at moderate importance."
13_24h_r_vent_plateau_pressure_max,3,"Persistently high maximum plateau pressure suggests ongoing poor compliance/ARDS physiology and higher intrathoracic pressures that can impair renal perfusion. Max captures insult better than mean/min, but remains an indirect predictor."
0_12h_r_vent_plateau_pressure_min,1,Low minimum plateau pressure is generally not a trigger for AKI and often reflects periods of lower support or measurement variability. It is less pathophysiologically linked than high extremes.
13_24h_r_vent_plateau_pressure_min,1,Minimum plateau pressure does not capture the injurious/hemodynamically relevant state; high values are the concern. Thus it has weak relevance for AKI prediction.
0_12h_r_vent_plateau_pressure_measured,1,Frequency of plateau pressure measurement is a care-pattern variable and not a renal physiology marker. Early post-op ventilator checks are routine and not specific for AKI risk.
13_24h_r_vent_plateau_pressure_measured,1,More frequent plateau measurements may reflect respiratory management intensity but is not a direct predictor of renal injury. As a behavioral proxy it should remain low importance.
25_36h_r_vent_plateau_pressure_measured,2,"In the later window, frequent plateau assessments can indicate ongoing ventilatory difficulty/ARDS concern, which correlates with multi-organ dysfunction and AKI risk. Still indirect and primarily a clinician-behavior proxy."
0_12h_r_vent_minute_ventilation_mean,1,Average minute ventilation early post-op is heavily influenced by ventilator settings and sedation and is not a primary AKI mechanism. Extremes or acid-base markers would be more informative than the mean.
13_24h_r_vent_minute_ventilation_mean,2,"Higher sustained minute ventilation can reflect metabolic acidosis compensation or severe lung disease, both associated with critical illness and AKI risk, but it remains indirect. Mean is less specific than extremes for acute decompensation."
0_12h_r_vent_minute_ventilation_max,2,"High maximum minute ventilation may indicate acute respiratory distress or compensation for acidosis, which correlates with severity of illness and AKI risk. In 0–12h this is often transient and treatment-driven, limiting importance."
13_24h_r_vent_minute_ventilation_max,3,"A high maximum minute ventilation in the trajectory phase can signal worsening respiratory failure or significant metabolic acidosis, both linked to shock physiology and AKI. Max better captures acute stress than mean/min."
0_12h_r_vent_minute_ventilation_min,1,Low minimum minute ventilation typically reflects sedation/ventilator weaning periods or measurement variability rather than a renal insult. It has weak and nonspecific association with AKI.
13_24h_r_vent_minute_ventilation_min,3,"Low minute ventilation can reflect hypoventilation, sedation, or respiratory failure with hypercapnia/acidosis that can worsen renal perfusion and correlate with overall severity. As a minimum (extreme) in the trajectory phase it is more informative than the mean, but not a direct renal biomarker."
0_12h_r_vent_minute_ventilation_measured,1,Measurement frequency mainly reflects monitoring intensity/acuity rather than a physiologic mechanism for AKI. In the immediate post-op window it is routine and weakly informative.
13_24h_r_vent_minute_ventilation_measured,2,"More frequent documentation may indicate ongoing ventilatory instability or clinician concern, which can correlate with illness severity and AKI risk. Still a behavioral proxy rather than a direct driver."
25_36h_r_vent_minute_ventilation_measured,2,"Increased measurement frequency late may signal persistent respiratory failure/instability and higher overall acuity, indirectly associated with AKI. It remains non-physiologic and should be down-weighted."
0_12h_respiratory_therapy_o2_device_mean,2,"Average oxygen device level reflects overall respiratory support needs, which correlates with severity and potential hypoxemia-related renal stress. In 0–12h this is often transient post-op support and less specific for AKI."
13_24h_respiratory_therapy_o2_device_mean,2,"Sustained need for higher oxygen delivery suggests ongoing pulmonary dysfunction and systemic illness that can contribute to AKI risk. Mean device level is less sensitive than extremes for acute insults, so keep modest."
25_36h_respiratory_therapy_o2_device_mean,3,"Persistent higher respiratory support closer to hour 60 suggests ongoing critical illness (e.g., hypoxemia, pulmonary edema) that can impair renal oxygen delivery and perfusion. Mean is still less specific than max, but timing increases relevance."
0_12h_respiratory_therapy_o2_device_max,3,"Maximum oxygen device requirement captures acute respiratory decompensation (e.g., pulmonary edema/ARDS) that can drive hypoxemia and hemodynamic stress contributing to AKI. Capped by the 0–12h window where transient post-op escalation is common."
13_24h_respiratory_therapy_o2_device_max,3,"A high peak oxygen device requirement in 13–24h suggests failure to stabilize and ongoing hypoxemic stress, which is associated with AKI via systemic inflammation and reduced renal oxygen delivery. Max better captures pathology than mean, so higher than mean but not definitive."
25_36h_respiratory_therapy_o2_device_max,4,"Late peak oxygen device requirement indicates significant ongoing respiratory failure close to the outcome window, often paralleling shock/volume overload and higher AKI risk. As an extreme measure it is more predictive than mean/min for capturing decompensation."
0_12h_respiratory_therapy_o2_device_min,1,Minimum oxygen device level mainly reflects periods of stability or weaning and is not a trigger for AKI. In the immediate post-op period it is especially non-informative.
13_24h_respiratory_therapy_o2_device_min,1,A low minimum oxygen device requirement indicates intermittent stability and does not directly relate to renal injury mechanisms. It is less informative than max for capturing respiratory-driven systemic stress.
25_36h_respiratory_therapy_o2_device_min,1,Minimum oxygen device requirement reflects best-case respiratory status and is unlikely to predict worsening creatinine. It is dominated by the max/trajectory of support needs for AKI risk.
0_12h_respiratory_therapy_o2_device_measured,1,Frequency of documenting oxygen device is routine respiratory care and a weak proxy for acuity rather than a physiologic AKI driver. In 0–12h it is expected for most post-cardiac surgery patients.
13_24h_respiratory_therapy_o2_device_measured,2,"More frequent oxygen device entries may indicate active titration due to instability, indirectly correlating with severity and AKI risk. Still a behavioral/monitoring feature and should remain low."
25_36h_respiratory_therapy_o2_device_measured,2,Late frequent titration/documentation can signal persistent respiratory instability and higher overall critical illness burden associated with AKI. As a measured-count proxy it should not be scored highly.
0_12h_r_chest_tube_output_mean,2,"Higher average chest tube output can reflect bleeding/transfusion needs that may contribute to renal hypoperfusion, but early post-op output is often transient and nonspecific. Mean is less informative than extremes for acute hemorrhage."
13_24h_r_chest_tube_output_mean,2,"Persistently elevated average output may indicate ongoing bleeding/inflammation with potential hemodynamic impact, but mean remains an indirect marker. Extremes better capture clinically meaningful hemorrhage."
25_36h_r_chest_tube_output_mean,2,"Ongoing average drainage late may correlate with complications and volume depletion risk, but it is still an indirect proxy for renal insult. Max output is the more pathophysiologically relevant aggregation for AKI risk."
0_12h_r_chest_tube_output_max,3,"Peak early chest tube output can indicate significant bleeding leading to hypotension/transfusion and renal hypoperfusion, an established AKI risk pathway. Capped at 3 due to the 0–12h window where transient post-op bleeding is common."
13_24h_r_chest_tube_output_max,3,A high maximum output in this trajectory phase suggests ongoing bleeding/tamponade physiology risk and hemodynamic instability that can precipitate AKI. Still indirect and not kidney-specific.
25_36h_r_chest_tube_output_max,4,"Late high peak chest tube output is abnormal and more strongly suggests clinically significant bleeding or surgical complication with sustained hypoperfusion/transfusion exposure, both strongly linked to AKI. This window is closer to the creatinine outcome."
0_12h_r_chest_tube_output_min,1,Minimum output is generally not a marker of renal risk and may simply reflect periods without drainage or measurement artifacts. It does not capture hemorrhagic burden.
13_24h_r_chest_tube_output_min,1,Low minimum drainage is not informative for AKI risk and is often driven by tube position/patency or intermittent recording. No direct physiologic link to kidney injury.
25_36h_r_chest_tube_output_min,1,Minimum chest tube output late is not a meaningful predictor of renal dysfunction and may reflect normal resolution or documentation gaps. It does not represent a renal insult.
0_12h_r_chest_tube_output_measured,1,Measurement frequency mainly reflects nursing/ICU workflow rather than physiology and is not a direct AKI mechanism. Early post-op monitoring is routine.
13_24h_r_chest_tube_output_measured,1,How often output is recorded is largely protocol-driven and only weakly reflects concern for bleeding. It is not a physiologic driver of AKI.
25_36h_r_chest_tube_output_measured,2,"In later windows, increased measurement frequency may reflect clinician concern for ongoing bleeding/instability, which can correlate with AKI risk. Still a behavioral proxy, not a direct mechanism."
0_12h_r_pap_systolic_mean,2,"Elevated mean PA systolic pressure can reflect RV dysfunction/pulmonary hypertension affecting cardiac output and renal perfusion, but early post-op values are often transient. Mean is less sensitive than extremes for acute hemodynamic insults."
13_24h_r_pap_systolic_mean,3,"Sustained higher PA pressures in this phase suggest ongoing RV strain and potential low forward flow/venous congestion, both associated with AKI. Mean can reflect persistent physiology here, but remains indirect."
25_36h_r_pap_systolic_mean,3,"Persistently elevated PA systolic pressure close to the outcome may indicate RV failure and systemic venous congestion reducing renal perfusion gradient, an established AKI pathway. However, it is still not kidney-specific and extremes may be more informative."
0_12h_r_pap_systolic_max,3,"A high peak PA systolic pressure can signal acute RV afterload crisis with reduced cardiac output and renal hypoperfusion, increasing AKI risk. Capped at 3 due to the immediate post-op period where transient spikes are common."
13_24h_r_pap_systolic_max,2,"Elevated PA systolic pressure can reflect RV strain/volume overload and venous congestion, which may contribute to AKI, but it is an indirect marker. As a max in the trajectory phase it captures episodic pulmonary hypertension, yet remains less specific than systemic perfusion measures."
25_36h_r_pap_systolic_max,3,"Later persistent or episodic high PA systolic pressure suggests ongoing RV dysfunction and venous congestion near the outcome window, which can impair renal perfusion/raise renal venous pressure. Still indirect and less causal than hypotension/low cardiac output."
0_12h_r_pap_systolic_min,2,"Low PA systolic pressure may indicate low RV output/low preload early post-op, potentially contributing to renal hypoperfusion. In the immediate 0–12h period values are often transient and treatment-related, so prognostic value is limited (cap at 3)."
13_24h_r_pap_systolic_min,3,"A low PA systolic minimum in 13–24h can signal sustained low flow state or inadequate preload/RV output beyond the immediate post-op period, which is more relevant to AKI risk. It remains an indirect hemodynamic surrogate."
25_36h_r_pap_systolic_min,3,"A low PA systolic minimum close to hour 60 may reflect ongoing low cardiac output or underfilling, increasing risk of renal hypoperfusion and creatinine rise. It is still less direct than systemic MAP/urine output/renal labs."
0_12h_r_pap_systolic_measured,1,"Measurement frequency mainly reflects monitoring intensity (e.g., presence of PA catheter) rather than a physiologic driver of AKI. In 0–12h it is largely routine post-cardiac surgery care."
13_24h_r_pap_systolic_measured,1,"How often PA systolic is recorded is a care-process/acuity proxy and not a direct mechanism for kidney injury. Continued frequent measurement may reflect severity, but is nonspecific."
25_36h_r_pap_systolic_measured,2,"Ongoing frequent PA pressure measurement late may indicate persistent hemodynamic instability or RV failure prompting closer monitoring, which can correlate with AKI risk. Still a behavioral proxy, not a physiologic biomarker."
0_12h_r_pap_diastolic_mean,1,Mean PA diastolic pressure is a smoothed measure and less sensitive to acute congestion/insults than extremes. Early post-op averages are heavily influenced by transient perioperative factors and are weakly predictive.
13_24h_r_pap_diastolic_mean,2,"A sustained higher PA diastolic mean can reflect elevated left-sided filling pressures/volume overload and venous congestion, which may worsen renal function. As a mean, it is less informative than max/min for capturing pathologic episodes (collinearity control)."
25_36h_r_pap_diastolic_mean,2,"Later sustained elevation in PA diastolic mean may indicate ongoing congestion near the outcome window, plausibly contributing to AKI via renal venous hypertension. However, the mean is less discriminative than extremes, so importance is capped to reduce redundancy."
0_12h_r_pap_diastolic_max,2,"High PA diastolic maxima can indicate acute elevations in filling pressures and congestion, which can impair renal function. In the immediate 0–12h window these spikes are common and often transient, limiting predictive strength (max score 3)."
13_24h_r_pap_diastolic_max,3,"A high PA diastolic maximum in 13–24h suggests episodic or persistent congestion/left-sided filling pressure elevation beyond the immediate post-op period, which is associated with AKI risk. This extreme is more pathophysiologically relevant than the mean."
25_36h_r_pap_diastolic_max,4,"High PA diastolic maxima late (25–36h) strongly suggest ongoing congestion and elevated filling pressures close to the creatinine outcome, which can drive AKI via renal venous hypertension and reduced renal perfusion gradient. As an extreme near the outcome window, it is a stronger predictor than averaged values."
0_12h_r_pap_diastolic_min,1,"Low PA diastolic minima may reflect low preload/low filling pressures early post-op, but are often iatrogenic/transient and not specific for AKI. Extremes here are less clearly linked to renal injury than systemic hypotension."
13_24h_r_pap_diastolic_min,2,A low PA diastolic minimum in 13–24h can indicate underfilling or low flow physiology that may contribute to renal hypoperfusion. It is an indirect marker and generally less predictive than congestion-related elevations.
25_36h_r_pap_diastolic_min,3,"Low diastolic PAP can reflect low RV output/low pulmonary blood flow and overall hemodynamic compromise, which can reduce renal perfusion. It is an indirect marker (less direct than MAP/CI), but in the 25–36h window a low minimum may signal evolving shock/congestion physiology relevant to AKI."
0_12h_r_pap_diastolic_measured,1,Measurement frequency mainly reflects monitoring intensity (PAC use/acuity) rather than a renal mechanism. In the immediate 0–12h post-op period this is routine and not specific for impending AKI.
13_24h_r_pap_diastolic_measured,1,"Counts of measurements are a behavioral proxy for clinician concern and device presence, not a physiologic driver of AKI. In 13–24h it remains nonspecific for predicting creatinine rise."
25_36h_r_pap_diastolic_measured,2,"More frequent PAP documentation late may indicate ongoing hemodynamic instability requiring PAC-guided management, which can correlate with AKI risk. Still, it is indirect and not a physiologic biomarker, so it should stay low."
0_12h_pulse_mean,2,"Mean heart rate reflects overall stress/vasoactive use and can relate to cardiac output, but early post-op tachycardia is common and often transient. As an average, it is less sensitive than extremes for capturing acute hemodynamic insults."
13_24h_pulse_mean,2,"Sustained tachycardia may reflect ongoing low stroke volume, pain, fever, or shock physiology that can contribute to renal hypoperfusion. However, the mean smooths important extremes and is not a direct AKI marker."
25_36h_pulse_mean,3,"Persistently abnormal heart rate closer to the outcome can indicate ongoing hemodynamic stress (low output, sepsis, arrhythmia burden) associated with AKI. Still indirect and less informative than max/min for capturing instability."
0_12h_pulse_max,3,"Early extreme tachycardia can signal bleeding, low cardiac output, arrhythmia, or inadequate perfusion, all of which increase AKI risk. In 0–12h many spikes are transient, so the score is capped conservatively."
13_24h_pulse_max,3,"A high maximum HR in 13–24h suggests episodic instability (AF with RVR, shock, pain/fever) that can reduce renal perfusion. Extremes are more informative than mean, but still not kidney-specific."
25_36h_pulse_max,4,"Late-period tachycardic episodes are a strong marker of ongoing instability (arrhythmia, shock, low output) that can directly worsen renal perfusion and precipitate AKI. The maximum captures these insults better than the mean, reducing collinearity."
0_12h_pulse_min,2,"Bradycardia can reduce cardiac output and renal perfusion, but early post-op lows may be medication/anesthesia related and transient. As an extreme it can matter, but in 0–12h it is less specific for later AKI."
13_24h_pulse_min,2,"Low minimum HR may reflect conduction disease, over-sedation, or pacing issues that can impair perfusion, indirectly affecting kidneys. It is less consistently linked to AKI than tachycardia-related instability."
25_36h_pulse_min,3,"Bradycardic episodes closer to hour 60 may indicate clinically significant low-output states or arrhythmias requiring intervention, which can compromise renal blood flow. The minimum captures these episodic insults better than the mean."
0_12h_pulse_measured,1,Heart rate measurement frequency is largely routine ICU monitoring and reflects documentation intensity rather than physiology. It provides little specific signal for AKI risk.
13_24h_pulse_measured,1,"Measurement counts are a behavioral proxy and are not mechanistically tied to renal injury. In this setting HR is continuously monitored, so frequency adds minimal prognostic value."
25_36h_pulse_measured,1,"Even late, pulse measurement frequency mostly reflects charting practices rather than hemodynamic derangement. It is not a direct or reliable predictor of creatinine rise."
0_12h_r_an_agents_o2_mean,2,Mean inspired O2/anesthetic gas fraction is not a direct AKI driver and is heavily confounded by routine ventilator/anesthesia management in the immediate post-op period. Extremes of oxygenation/ventilation would be more informative than the mean here.
0_12h_r_an_agents_o2_max,2,High delivered O2 fraction mainly reflects ventilatory support needs rather than renal perfusion; hyperoxia has only weak/indirect links to AKI. In 0–12h this is often transient and protocol-driven.
0_12h_r_an_agents_o2_min,3,"A low minimum delivered O2 fraction can be a proxy for early extubation/stability, whereas inability to wean (higher required FiO2) often tracks severity of illness that correlates with AKI risk. As an extreme it is more informative than the mean, but still indirect."
0_12h_r_an_agents_o2_measured,1,Measurement frequency reflects documentation/monitoring intensity rather than a physiologic mechanism for AKI. In the immediate post-op window it is largely routine.
13_24h_r_an_agents_o2_measured,1,How often O2/anesthetic agent values are recorded is primarily a care-process signal and not a direct predictor of renal injury. At 13–24h it still mostly reflects routine ventilator charting.
25_36h_r_an_agents_o2_measured,2,"More frequent recording at 25–36h may indicate ongoing respiratory instability/acuity, which can correlate with multi-organ dysfunction and AKI risk. Still a behavioral proxy, not a renal mechanism."
0_12h_r_an_agents_n2o_mean,1,Nitrous oxide use/dose has no established direct relationship to postoperative AKI and is largely an anesthesia practice variable. The mean in 0–12h is unlikely to add renal-specific signal.
0_12h_r_an_agents_n2o_max,1,Peak nitrous oxide fraction is not a recognized trigger for renal hypoperfusion or nephrotoxicity in this context. Any association would be indirect via anesthesia practice patterns.
0_12h_r_an_agents_n2o_min,1,Minimum nitrous oxide fraction mainly reflects whether/when N2O was used or discontinued and is not mechanistically linked to AKI. In 0–12h it is especially protocol/anesthetist dependent.
0_12h_r_an_agents_n2o_measured,1,Frequency of N2O documentation is a process-of-care artifact and does not reflect renal physiology. It is unlikely to indicate impending AKI.
13_24h_r_an_agents_n2o_measured,1,"N2O measurement frequency is not a physiologic predictor of AKI and typically reflects charting practices. Post-op ICU patients often are not receiving N2O, making this low value."
25_36h_r_an_agents_n2o_measured,1,"Even if present, N2O measurement frequency is a behavioral/documentation signal with no direct renal relevance. It should not be prioritized for AKI prediction."
0_12h_r_an_agents_air_mean,1,Mean delivered air fraction is largely the complement of FiO2 and reflects ventilator settings rather than renal perfusion. The mean is especially redundant with O2-related variables.
0_12h_r_an_agents_air_max,1,Maximum air fraction generally corresponds to lower FiO2 requirements and is not a direct AKI driver. In 0–12h it is heavily influenced by routine ventilator/anesthesia transitions.
0_12h_r_an_agents_air_min,2,"A low minimum air fraction implies higher FiO2 requirement at some point, which can proxy cardiopulmonary instability and higher illness severity associated with AKI. As an extreme it is more informative than the mean but remains indirect."
0_12h_r_an_agents_air_measured,1,Measurement frequency of air fraction is a documentation/monitoring artifact and not a physiologic mechanism for AKI. In the first 12 hours it is routine and non-discriminatory.
13_24h_r_an_agents_air_measured,1,Measurement frequency of delivered air is largely a ventilator/anesthesia documentation artifact and not a physiologic driver of AKI. At most it reflects routine monitoring rather than renal risk.
25_36h_r_an_agents_air_measured,1,"Counts of air measurements do not capture renal perfusion, nephrotoxicity, or kidney injury physiology. More frequent recording may reflect acuity but is nonspecific for AKI."
0_12h_r_an_agents_isoflurane_mean,2,"Volatile anesthetic exposure can influence blood pressure and renal perfusion indirectly, but mean isoflurane over the immediate post-op window is not a strong established AKI predictor. Early (0–12h) period is confounded by transient anesthesia/CPB effects."
0_12h_r_an_agents_isoflurane_max,2,"High peak isoflurane may correlate with hypotension/vasodilation, which can contribute to renal hypoperfusion, but this is indirect and heavily confounded perioperatively. As an extreme it is more relevant than mean/min, but still weak in 0–12h."
0_12h_r_an_agents_isoflurane_min,1,Minimum isoflurane largely reflects weaning/off anesthesia rather than a pathologic insult relevant to AKI. It provides little signal about renal hypoperfusion risk.
0_12h_r_an_agents_isoflurane_measured,1,Measurement frequency is a behavioral/documentation proxy and not a physiologic mechanism for AKI. In the immediate post-op period it is routine and nonspecific.
13_24h_r_an_agents_isoflurane_measured,1,How often isoflurane is recorded mainly reflects workflow/monitoring rather than renal injury risk. It is not a direct marker of kidney perfusion or nephrotoxicity.
25_36h_r_an_agents_isoflurane_measured,1,"Recording frequency of isoflurane does not indicate renal dysfunction and is unlikely to add predictive value beyond hemodynamics. At most it reflects ongoing sedation needs, which is nonspecific."
0_12h_r_saturated_venous_o2_mean,2,"Mean SvO2 reflects global oxygen delivery/consumption balance and can relate indirectly to renal perfusion, but early post-CPB values are often transient and treatment-driven. Mean is less sensitive than extremes for detecting hypoperfusion insults."
13_24h_r_saturated_venous_o2_mean,3,"Persistently low average SvO2 in the trajectory phase suggests ongoing low cardiac output or high oxygen extraction, which can contribute to renal hypoperfusion and AKI risk. Mean is still less specific than minima but can capture sustained inadequacy of delivery."
0_12h_r_saturated_venous_o2_max,1,"High SvO2 peaks are often due to high FiO2, reduced extraction, or sampling/therapy effects and are not a typical trigger for AKI. Max values are generally less informative than low extremes for hypoperfusion-related kidney injury."
13_24h_r_saturated_venous_o2_max,1,Maximum SvO2 is not a recognized driver of AKI and may reflect oversupply of oxygen or impaired extraction rather than renal hypoperfusion. It is less clinically relevant than low SvO2 extremes.
0_12h_r_saturated_venous_o2_min,3,"Low SvO2 minima can indicate episodes of low cardiac output/shock with reduced renal oxygen delivery, a plausible AKI trigger. In 0–12h this is capped because early derangements are common and may be transient."
13_24h_r_saturated_venous_o2_min,4,"Low SvO2 minima during 13–24h suggest persistent or recurrent inadequate oxygen delivery (e.g., low cardiac output), strongly linked to renal hypoperfusion and subsequent AKI. As an extreme, it better captures injurious episodes than the mean."
0_12h_r_saturated_venous_o2_measured,2,"More frequent SvO2 checks can reflect clinician concern for shock/low cardiac output, which is associated with AKI risk, but it is an indirect behavioral proxy. In the immediate post-op period, frequent measurement is also routine."
13_24h_r_saturated_venous_o2_measured,2,"Increased SvO2 measurement frequency may indicate ongoing hemodynamic instability or concern for low output states that predispose to AKI, but it remains nonspecific. It should be down-weighted relative to physiologic SvO2 extremes."
25_36h_r_saturated_venous_o2_measured,2,"Measurement frequency reflects clinician concern/monitoring intensity rather than physiology. More frequent SvO2 checks may correlate with shock/low cardiac output states that can precipitate AKI, but it is an indirect proxy."
0_12h_r_maintenance_iv_volume_mean,2,"Average maintenance IV volume early post-op is common and heavily protocol-driven, with weak specificity for renal hypoperfusion or congestion. Mean is also less informative than extremes for acute fluid-related insults."
13_24h_r_maintenance_iv_volume_mean,2,Maintenance fluid averages in this trajectory phase may reflect ongoing resuscitation needs but remain nonspecific and confounded by practice patterns. Mean aggregation smooths clinically important peaks/boluses.
25_36h_r_maintenance_iv_volume_mean,2,"Later maintenance fluid averages can relate to volume strategy and risk of congestion, but are still indirect and highly treatment-driven. Extremes/overall balance would better capture pathologic fluid loading, so mean is capped low for collinearity."
0_12h_r_maintenance_iv_volume_max,3,"A high maximum maintenance IV volume in the immediate post-op window can indicate aggressive fluid administration for hypotension/low output, which is linked to AKI risk. However, early post-CPB fluid shifts are common and transient, limiting specificity (max score capped at 3)."
13_24h_r_maintenance_iv_volume_max,3,"A high peak maintenance fluid rate/volume in 13–24h may signal ongoing hemodynamic instability or attempts to augment renal perfusion, both associated with AKI risk. Still treatment-driven and less direct than hemodynamic or renal biomarkers."
25_36h_r_maintenance_iv_volume_max,3,"A high maximum maintenance IV volume close to the outcome may reflect persistent shock/resuscitation needs or fluid overload strategy, both associated with AKI via hypoperfusion or venous congestion. It remains an indirect, management-dependent marker rather than a direct renal injury signal."
0_12h_r_maintenance_iv_volume_min,1,Minimum maintenance IV volume in the first 12h is usually determined by routine orders/line patency and is not a reliable marker of renal perfusion. Low minima are common and not specific for AKI risk (and early window is noisy).
13_24h_r_maintenance_iv_volume_min,1,Minimum maintenance IV volume is largely protocol/ordering dependent and does not capture pathologic fluid exposure or hemodynamic compromise. It provides little mechanistic information for AKI prediction.
25_36h_r_maintenance_iv_volume_min,1,Low minimum maintenance IV volume late post-op is typically a benign artifact of ordering patterns rather than a physiologic insult. It is not a recognized driver or marker of AKI compared with peaks or net balance.
0_12h_r_maintenance_iv_volume_measured,1,"Measurement frequency of maintenance IV volume reflects documentation/monitoring behavior, not renal physiology. In the immediate post-op period it is routine and not specific for impending AKI."
13_24h_r_maintenance_iv_volume_measured,1,How often maintenance IV volume is recorded is primarily workflow-related and offers minimal physiologic signal. It is not a direct predictor of renal injury.
25_36h_r_maintenance_iv_volume_measured,1,"Recording frequency is a behavioral proxy and generally does not indicate AKI risk unless tied to unusual concern, which is inconsistent. Thus it has weak predictive value for creatinine rise."
0_12h_r_an_pap_systolic_measured,2,"Having PAP systolic measured suggests invasive monitoring for cardiopulmonary instability/right heart strain, which can contribute to renal hypoperfusion/venous congestion. As a measured (presence) variable and early epoch, it is an indirect proxy only."
13_24h_r_an_pap_systolic_measured,2,"Continued PAP monitoring in 13–24h may indicate ongoing hemodynamic complexity (e.g., RV dysfunction, pulmonary hypertension) associated with AKI risk. Still, it reflects monitoring choice rather than the PAP value itself."
25_36h_r_an_pap_systolic_measured,2,"PAP monitoring late post-op can mark persistent RV failure/pulmonary hypertension management, which can drive renal venous congestion and AKI. However, this is still a monitoring/acuity proxy rather than a direct physiologic measurement, so importance remains low."
0_12h_r_an_pap_diastolic_measured,1,Measurement frequency of PA diastolic pressure mainly reflects monitoring intensity rather than renal physiology. Early post-op (0–12h) invasive monitoring is common and not specific for AKI risk.
13_24h_r_an_pap_diastolic_measured,1,"How often PAP diastolic is recorded is a care-process marker and not a direct driver of kidney injury. In 13–24h it may reflect acuity, but remains nonspecific for predicting creatinine rise."
25_36h_r_an_pap_diastolic_measured,2,"More frequent PAP monitoring at 25–36h can indicate persistent shock/PH/RV failure concerns, which can correlate with AKI risk. Still, it is an indirect behavioral proxy rather than a physiologic insult."
0_12h_r_an_central_venous_pressure_measured,1,"CVP measurement frequency is largely routine in immediate post-cardiac surgery care and does not itself represent congestion or perfusion. As a _measured feature it is a weak, nonspecific proxy for severity."
13_24h_r_an_central_venous_pressure_measured,1,Ordering/recording frequency of CVP reflects clinician concern and monitoring practices more than kidney pathophysiology. It is not a direct predictor of creatinine_ratio.
25_36h_r_an_central_venous_pressure_measured,2,"Persistent frequent CVP monitoring at 25–36h may signal ongoing volume overload/RV failure or vasopressor dependence, which are associated with AKI. However, frequency remains an indirect proxy and should be low-weighted."
0_12h_r_an_etco2_mean,2,"Mean EtCO2 is influenced by ventilation settings and transient post-op physiology; it is not a primary AKI mechanism. Low EtCO2 can correlate with low cardiac output, but in 0–12h this is often peri-anesthetic and less prognostic."
13_24h_r_an_etco2_mean,2,"Sustained lower mean EtCO2 may reflect ongoing low pulmonary blood flow/low cardiac output, indirectly linking to renal hypoperfusion. As a mean value it can be collinear with extremes and is less sensitive to acute insults."
25_36h_r_an_etco2_mean,3,"In the 25–36h window, persistently low mean EtCO2 can indicate ongoing low cardiac output or poor perfusion, which increases AKI risk. Still, mean EtCO2 is indirect and less specific than hypotension/lactate/urine output."
0_12h_r_an_etco2_max,1,High EtCO2 extremes are usually driven by hypoventilation or ventilator adjustments rather than renal perfusion. In 0–12h this is commonly peri-anesthetic and not specific for AKI.
13_24h_r_an_etco2_max,1,EtCO2 maxima generally reflect ventilation/CO2 clearance management and are not a recognized trigger for AKI. It provides little incremental information compared with low EtCO2 extremes.
25_36h_r_an_etco2_max,1,"Even close to outcome, high EtCO2 is more consistent with hypoventilation than renal hypoperfusion. It is not a direct or established predictor of postoperative creatinine rise."
0_12h_r_an_etco2_min,3,"Low EtCO2 minima can reflect acute drops in pulmonary blood flow/low cardiac output or severe hypotension, which can precipitate renal ischemia. In 0–12h, however, transient perioperative effects are common so the score is capped."
13_24h_r_an_etco2_min,3,"A low EtCO2 nadir during 13–24h may indicate episodic low cardiac output or shock, plausibly contributing to AKI. The minimum captures acute insults better than the mean, but remains indirect."
25_36h_r_an_etco2_min,4,"A low EtCO2 nadir at 25–36h can be a strong marker of ongoing or recurrent low cardiac output/shock, closely linked to renal hypoperfusion and AKI. The extreme (min) best captures the pathologic insult compared with mean/max."
0_12h_r_an_etco2_measured,1,"Measurement frequency of EtCO2 reflects monitoring intensity (e.g., intubation/ventilation) rather than kidney injury physiology. In the immediate post-op period it is routine and not specific for AKI prediction."
13_24h_r_an_etco2_measured,1,Measurement frequency of EtCO2 mainly reflects monitoring intensity/ventilation management rather than renal physiology. At most it is a weak proxy for acuity.
25_36h_r_an_etco2_measured,1,EtCO2 measurement count is a behavioral/monitoring signal and not a direct driver of AKI. It may correlate with instability but is nonspecific.
0_12h_r_an_fio2_mean,2,"Higher average FiO2 can reflect respiratory failure and overall illness severity, which can indirectly increase AKI risk. In the immediate 0–12h post-op window this is often transient and nonspecific."
0_12h_r_an_fio2_max,3,"Peak FiO2 requirement captures acute hypoxemia/respiratory failure, which can contribute to renal hypoxia and hemodynamic stress. In 0–12h it is still common post-op, so capped at moderate importance."
0_12h_r_an_fio2_min,1,Minimum FiO2 largely reflects periods of stability and is not a trigger for AKI. It is less pathologic than maxima and adds limited prognostic value.
0_12h_r_an_fio2_measured,1,FiO2 measurement frequency reflects ventilator monitoring practices rather than a physiologic mechanism for AKI. In early post-op care it is routine.
13_24h_r_an_fio2_measured,1,Counting FiO2 measurements is primarily a proxy for monitoring intensity and does not directly indicate renal injury risk. It is generally routine in ventilated ICU patients.
25_36h_r_an_fio2_measured,1,FiO2 measurement frequency remains a nonspecific behavioral marker and not a physiologic predictor of AKI. Any association would be indirect via overall acuity.
0_12h_r_an_tidal_volume_mean,2,Average tidal volume may reflect ventilator strategy and lung mechanics; injurious ventilation can worsen inflammation/hemodynamics and indirectly affect kidneys. In 0–12h it is heavily protocol/anesthesia-driven and nonspecific.
13_24h_r_an_tidal_volume_mean,2,"Sustained higher tidal volumes can contribute to ventilator-induced lung injury and systemic inflammation, indirectly increasing AKI risk. Mean values are less sensitive than extremes and often reflect set targets."
25_36h_r_an_tidal_volume_mean,2,"Later mean tidal volume may indicate ongoing ventilatory needs and severity of illness, indirectly linked to AKI. Mean aggregation is less informative than extremes for capturing injurious episodes."
0_12h_r_an_tidal_volume_max,3,"Maximum tidal volume captures potential episodes of volutrauma/high intrathoracic pressure that can reduce venous return and renal perfusion. In the immediate post-op period this may be transient, so moderate importance."
13_24h_r_an_tidal_volume_max,3,"Peak tidal volumes in this trajectory phase may reflect worsening lung mechanics or non-protective ventilation, which can impair hemodynamics and promote inflammation affecting kidneys. More informative than mean for acute insults."
25_36h_r_an_tidal_volume_max,3,Late peak tidal volumes can signal ongoing high-pressure/high-volume ventilation with potential hemodynamic compromise and systemic inflammatory effects that raise AKI risk. Still an indirect predictor rather than a renal biomarker.
0_12h_r_an_tidal_volume_min,1,Minimum tidal volume typically reflects protective ventilation or brief low settings and is not a known trigger for AKI. It is less pathologic than maxima and adds limited signal.
13_24h_r_an_tidal_volume_min,1,Low minimum tidal volumes are generally not harmful to kidneys and often reflect protective strategies or transient changes. It provides little direct prognostic information for AKI.
25_36h_r_an_tidal_volume_min,2,Low tidal volumes mainly reflect lung-protective ventilation strategy or reduced compliance rather than a direct AKI mechanism. Only indirect links via severity of illness/ventilator-associated hemodynamic effects.
0_12h_r_an_tidal_volume_measured,1,Measurement frequency is a care-process marker and not a physiologic driver of AKI. In the immediate post-op window it mostly reflects routine ventilator management.
13_24h_r_an_tidal_volume_measured,1,Ordering/recording frequency is not mechanistically linked to kidney injury and largely reflects routine monitoring. At most it weakly proxies ongoing respiratory support needs.
25_36h_r_an_tidal_volume_measured,2,"More frequent documentation may indicate persistent ventilatory instability/acuity closer to the outcome, which can correlate with AKI risk. Still a behavioral proxy rather than a direct renal predictor."
0_12h_r_an_abp_pulse_measured,1,ABP pulse measurement presence/frequency is primarily routine ICU monitoring and not a physiologic insult itself. Early post-op monitoring intensity is common and nonspecific.
13_24h_r_an_abp_pulse_measured,1,This is a monitoring/ordering proxy rather than a direct determinant of renal perfusion. It provides little specific signal for AKI beyond general acuity.
25_36h_r_an_abp_pulse_measured,2,"Continued ABP monitoring closer to hour 60 can indicate ongoing hemodynamic concern (vasopressors/instability), which is associated with AKI. Still indirect because it is not the BP value itself."
0_12h_r_an_heart_rate_measured,1,Heart-rate measurement frequency is routine post-cardiac surgery and not a direct AKI mechanism. In the first 12 hours it is especially nonspecific.
13_24h_r_an_heart_rate_measured,1,"Measurement frequency reflects monitoring intensity rather than hemodynamic status itself. Weak, indirect association with AKI via overall illness severity."
25_36h_r_an_heart_rate_measured,2,"Persistent frequent HR monitoring may reflect arrhythmias or instability later in the ICU course, which can correlate with renal hypoperfusion risk. Still an indirect behavioral proxy."
0_12h_r_an_abp_mean_measured,2,"Frequent MAP monitoring early post-op is common, but may weakly indicate concern for hypotension/vasopressor titration which relates to AKI risk. As a measured-count feature it remains indirect and capped low."
13_24h_r_an_abp_mean_measured,2,"Ongoing MAP measurement frequency can proxy hemodynamic instability during the trajectory phase, which is relevant to renal perfusion. However it is not the MAP value, so predictive strength is limited."
25_36h_r_an_abp_mean_measured,2,"Closer to the outcome, continued intensive MAP monitoring may indicate persistent hypotension/vasopressor dependence, a known AKI risk context. Still a process-of-care proxy, so kept low."
0_12h_anesthesia_respirations_measured,1,Respiration measurement frequency in the immediate post-op period largely reflects routine ventilator/anesthesia documentation. It has no direct physiologic linkage to AKI.
13_24h_anesthesia_respirations_measured,1,This is primarily a documentation/monitoring intensity variable and not a renal injury mechanism. Any association with AKI would be nonspecific via overall acuity.
25_36h_anesthesia_respirations_measured,2,"More frequent respiratory monitoring later may indicate ongoing respiratory failure or instability, which can correlate with multi-organ dysfunction including AKI. Still indirect and not a direct renal biomarker."
0_12h_anesthesia_pulse_oximetry_measured,1,"Measurement frequency reflects monitoring intensity rather than a renal mechanism, and pulse oximetry is routine post-op. In the immediate 0–12h period it adds little specific signal for AKI risk."
13_24h_anesthesia_pulse_oximetry_measured,1,Primarily a proxy for monitoring/acuity rather than kidney perfusion or injury. Oximetry is standard in ICU and not specific for predicting creatinine rise.
25_36h_anesthesia_pulse_oximetry_measured,1,Still a behavioral proxy (how often monitored) and generally routine; not a direct predictor of renal injury. Hypoxemia itself would be better captured by SpO2 values rather than 'measured' counts.
0_12h_r_tube_intake_measured,2,"Tube intake/feeding relates indirectly to volume status and overall stability, but is not a primary AKI driver. In 0–12h it is often minimal/variable due to routine post-op care, limiting specificity (cap at 3; scored 2)."
13_24h_r_tube_intake_measured,2,"Enteral intake can reflect recovery trajectory and hemodynamic stability, which indirectly relates to AKI risk. However it is not a direct renal perfusion marker and is influenced by practice patterns."
25_36h_r_tube_intake_measured,2,"Later feeding tolerance may correlate with overall stability, but remains an indirect and practice-dependent signal. Not a direct biomarker or established driver of postoperative AKI."
0_12h_r_maintenance_iv_bolus_volume_mean,2,"IV fluid bolus volume relates to hemodynamics and renal perfusion, but the mean smooths clinically important extremes and is collinear with max. In 0–12h boluses are common post-CPB, so specificity is limited."
0_12h_r_maintenance_iv_bolus_volume_max,3,"A large maximum bolus suggests significant hypotension/vasoplegia or low cardiac output requiring resuscitation, which can precipitate renal hypoperfusion. In 0–12h this is still common post-op, so capped at 3 despite relevance."
0_12h_r_maintenance_iv_bolus_volume_min,1,Minimum bolus volume is not clinically meaningful for AKI risk and largely reflects documentation/absence of boluses. It does not capture the hemodynamic insult that would drive renal injury.
0_12h_r_maintenance_iv_bolus_volume_measured,1,"Number of bolus entries is a behavioral/documentation proxy and not a physiologic mechanism. In early post-op care, frequent bolus documentation is common and not specific for impending AKI."
13_24h_r_maintenance_iv_bolus_volume_measured,2,"More frequent bolus administration/documentation may indicate ongoing instability and clinician concern, indirectly linked to AKI risk. Still not a direct physiologic measure, so kept low per 'measured' rule."
25_36h_r_maintenance_iv_bolus_volume_measured,2,"Persistent need for repeated boluses late (25–36h) can signal ongoing shock/third spacing and higher AKI risk, but this remains a proxy for acuity rather than a direct renal marker. Therefore limited to 2."
0_12h_r_pacemaker_mean,2,"Need for pacing can reflect conduction issues/low cardiac output states that may reduce renal perfusion, but early post-op pacing is common and often transient. Mean pacing over 0–12h is less informative than persistent later need."
13_24h_r_pacemaker_mean,3,"Ongoing pacing requirement in the trajectory phase suggests persistent conduction dysfunction or low output physiology, which is an established AKI risk context via renal hypoperfusion. Still indirect and influenced by surgical factors."
25_36h_r_pacemaker_mean,4,"Persistent pacing requirement close to the outcome window can indicate sustained cardiac dysfunction/low output, strongly linked to renal hypoperfusion and postoperative AKI. This later epoch is more prognostic than immediate post-op pacing."
0_12h_r_pacemaker_max,2,"A maximum indicator of pacing in 0–12h mainly captures transient, expected post-cardiac surgery pacing rather than sustained low output. It is less specific than later-epoch pacing burden for predicting AKI."
13_24h_r_pacemaker_max,2,"Need for pacing suggests conduction disease/low-output or post-op instability that can reduce renal perfusion, but it is an indirect marker and not kidney-specific. In the 13–24h window it has limited incremental value beyond hemodynamics."
25_36h_r_pacemaker_max,3,"Persistent pacing requirement closer to hour 60 can indicate ongoing low cardiac output or significant bradyarrhythmia, which can directly impair renal perfusion. Still indirect and confounded by post-op conduction issues."
0_12h_r_pacemaker_min,2,"Immediate post-op pacing is common/transient after cardiac surgery and often resolves, so it is a weak early signal for later AKI. It may reflect brief hemodynamic instability but is nonspecific (0–12h capped)."
13_24h_r_pacemaker_min,2,"Any pacing in this period may reflect ongoing instability, but it remains an indirect proxy rather than a direct AKI driver. Many patients are paced for rhythm management without sustained renal hypoperfusion."
25_36h_r_pacemaker_min,3,Ongoing need for pacing in the 25–36h window suggests persistent bradyarrhythmia/low-output physiology that can contribute to renal hypoperfusion and AKI risk. Still not a direct renal biomarker.
0_12h_r_pacemaker_measured,1,"Measurement frequency reflects monitoring/documentation behavior rather than physiology, and early post-op monitoring is routine. It provides little specific information about AKI risk (0–12h conservative)."
13_24h_r_pacemaker_measured,1,How often pacing is recorded is primarily a care-process signal and is not a mechanistic predictor of AKI. At most it weakly reflects clinician concern/acuity.
25_36h_r_pacemaker_measured,2,"More frequent pacing documentation late may indicate persistent rhythm/hemodynamic issues and higher acuity, which can correlate with AKI risk. Still a behavioral proxy, not a physiologic driver."
0_12h_r_sled_crrt_maintenance_blood_pump_rate_measured,2,"Any CRRT/SLED-related measurement implies severe illness and possible early renal dysfunction, but in 0–12h it may reflect prophylactic/early initiation and is not a direct creatinine signal. As a *_measured feature it is capped low."
13_24h_r_sled_crrt_maintenance_blood_pump_rate_measured,2,"Ongoing CRRT/SLED maintenance monitoring suggests significant renal failure or fluid/solute management needs, which correlates with later creatinine rise. However, measurement frequency is a process marker and capped at 2."
25_36h_r_sled_crrt_maintenance_blood_pump_rate_measured,2,"Late CRRT/SLED maintenance monitoring strongly implies severe AKI/critical illness, but because this is a *_measured (ordering/monitoring intensity) variable it remains a proxy and is capped at 2."
0_12h_r_an_agents_sevoflurane_measured,1,Sevoflurane exposure/recording is routine perioperative anesthesia care and is not a strong driver of post-op AKI compared with perfusion/vasopressors. Measurement frequency adds little physiologic information (0–12h conservative).
13_24h_r_an_agents_sevoflurane_measured,1,"Sevoflurane use/recording beyond the OR is uncommon and likely reflects documentation artifacts or ongoing sedation practices, with minimal direct renal relevance. As *_measured it is a weak behavioral signal."
25_36h_r_an_agents_sevoflurane_measured,1,Late sevoflurane measurement is unlikely to be a meaningful physiologic predictor of AKI and more likely reflects care-process/documentation. No strong mechanistic link to creatinine rise.
0_12h_intravenous_intake_measured,1,"This is measurement frequency of IV intake documentation, which is routine in the immediate post-op period and not a physiologic exposure itself. As a *_measured feature it should be low (0–12h conservative)."
13_24h_intravenous_intake_measured,1,Frequency of IV intake recording reflects nursing/ICU workflow rather than true fluid burden or renal perfusion. It is not a direct predictor of AKI compared with actual fluid balance or hemodynamics.
25_36h_intravenous_intake_measured,2,Measurement frequency of IV intake is mainly a proxy for nursing/clinical attention and fluid management complexity rather than a direct AKI mechanism. It may weakly reflect concern for volume status impacting renal perfusion.
0_12h_r_drain_output_measured,1,Drain output measurement frequency is largely routine post-cardiac surgery care and not a direct driver of AKI. In the immediate 0–12h period it is especially nonspecific for later creatinine rise.
13_24h_r_drain_output_measured,1,How often drain output is recorded is a behavioral/monitoring proxy and does not directly indicate renal hypoperfusion or nephrotoxicity. At 13–24h it remains nonspecific for predicting creatinine_ratio.
25_36h_r_drain_output_measured,2,"More frequent drain monitoring late may reflect ongoing bleeding/instability prompting closer I&O tracking, which can correlate with AKI risk indirectly. Still, it is not a physiologic biomarker and remains a weak predictor."
0_12h_slehs_r_arrival_time_measured,1,Arrival time documentation is administrative/operational and has no physiologic linkage to AKI. It should not add meaningful signal for creatinine_ratio.
13_24h_slehs_r_arrival_time_measured,1,This is an administrative timestamp/recording artifact rather than a clinical exposure affecting kidney function. No plausible direct relationship to postoperative creatinine rise.
25_36h_slehs_r_arrival_time_measured,1,"Administrative timing/recording does not reflect renal perfusion, nephrotoxins, or kidney injury. Unlikely to contribute predictive value for creatinine_ratio."
0_12h_cardiac_rythym_normal_sinus_mean,2,"Average time in sinus rhythm may indirectly reflect hemodynamic stability, but early post-op rhythm disturbances are common and transient. Mean aggregation also dilutes brief hypotension/low-output episodes more relevant to AKI."
13_24h_cardiac_rythym_normal_sinus_mean,2,"Persistent non-sinus rhythm can be associated with lower cardiac output and renal hypoperfusion, but the mean proportion in sinus rhythm is an indirect marker. It is less specific than capturing extremes or direct hemodynamic measures."
25_36h_cardiac_rythym_normal_sinus_mean,3,"In the 25–36h leading window, sustained absence of sinus rhythm can indicate ongoing low-output/instability that increases AKI risk. Still, it remains an indirect proxy compared with direct perfusion markers (MAP, lactate, urine output)."
0_12h_cardiac_rythym_normal_sinus_max,1,A max indicator for being in sinus rhythm at any point is not informative (most patients will have at least some sinus rhythm). This aggregation is poorly aligned with AKI pathophysiology and adds collinearity with other rhythm summaries.
13_24h_cardiac_rythym_normal_sinus_max,1,"Having any sinus rhythm during the window (max) is a weak, non-discriminative marker and does not capture clinically relevant instability. It is redundant with mean/min rhythm features."
25_36h_cardiac_rythym_normal_sinus_max,1,Max sinus rhythm is almost always positive and fails to represent sustained arrhythmia burden that could affect renal perfusion. It is therefore not useful for predicting creatinine_ratio.
0_12h_cardiac_rythym_normal_sinus_min,3,"Min sinus rhythm (i.e., any time not in sinus rhythm) captures occurrence of arrhythmia, which can reduce cardiac output and renal perfusion. In 0–12h this is common post-op, so importance is capped and conservative."
13_24h_cardiac_rythym_normal_sinus_min,3,Any non-sinus rhythm during 13–24h may indicate evolving instability and can contribute to renal hypoperfusion risk. Min aggregation better captures the insult than mean/max and is less redundant.
25_36h_cardiac_rythym_normal_sinus_min,4,"Any non-sinus rhythm in the 25–36h window can signal persistent arrhythmia/low-output physiology close to the outcome time, increasing AKI risk. Min aggregation captures the presence of the insult more directly than mean/max."
0_12h_cardiac_rythym_normal_sinus_measured,1,Measurement frequency reflects monitoring/documentation behavior rather than a renal mechanism. In the immediate 0–12h post-op period it is especially nonspecific for later AKI.
13_24h_cardiac_rythym_normal_sinus_measured,1,A count of recorded normal sinus rhythm is a behavioral proxy and not a physiologic driver of AKI. At most it weakly reflects overall stability.
25_36h_cardiac_rythym_normal_sinus_measured,1,Still primarily documentation/monitoring intensity rather than kidney perfusion or injury. Any association with AKI would be indirect and confounded by acuity.
0_12h_cardiac_rythym_sinus_variant_mean,1,"Sinus rhythm variants are generally benign and not a direct cause of renal hypoperfusion. Using a mean further dilutes any brief hemodynamic impact, and 0–12h is highly transient."
13_24h_cardiac_rythym_sinus_variant_mean,1,Average burden of sinus variant rhythm is not an established AKI predictor and is typically hemodynamically tolerated. Mean aggregation reduces sensitivity to short hypotensive episodes that would matter for AKI.
25_36h_cardiac_rythym_sinus_variant_mean,1,"Even close to the outcome window, sinus variants are rarely clinically meaningful for renal perfusion compared with true arrhythmias or shock. Mean aggregation is unlikely to capture relevant insults."
0_12h_cardiac_rythym_sinus_variant_max,1,"Presence of any sinus variant rhythm in the first 12h is common and usually benign post-op. It is not a recognized trigger for AKI, and early post-op noise limits prognostic value (cap ≤3 applies)."
13_24h_cardiac_rythym_sinus_variant_max,1,"Any occurrence of sinus variant rhythm is not strongly linked to renal injury. Compared with hypotension/vasopressor need, it provides little incremental AKI signal."
25_36h_cardiac_rythym_sinus_variant_max,1,"Even as a leading indicator window, sinus variant rhythm is typically not hemodynamically significant enough to drive AKI. Presence/absence is unlikely to add predictive value beyond true arrhythmias or shock markers."
0_12h_cardiac_rythym_sinus_variant_min,1,A minimum indicator for sinus variant rhythm is not clinically interpretable as an AKI mechanism and is likely redundant with other rhythm summaries. Early post-op period further reduces specificity.
13_24h_cardiac_rythym_sinus_variant_min,1,This aggregation is not a meaningful marker of hemodynamic compromise or renal hypoperfusion. Any association with AKI would be weak and indirect.
25_36h_cardiac_rythym_sinus_variant_min,1,Minimum indicator adds little physiologic information and is not an established AKI predictor. It is likely collinear/redundant with other rhythm features without capturing renal-relevant extremes.
0_12h_cardiac_rythym_sinus_variant_measured,1,Measurement count reflects clinician monitoring/documentation rather than a causal pathway to AKI. In 0–12h it is especially nonspecific and confounded by routine post-op care.
13_24h_cardiac_rythym_sinus_variant_measured,1,Frequency of noting sinus variant rhythm is a behavioral proxy and not a renal biomarker. It may weakly reflect acuity but is not a primary AKI driver.
25_36h_cardiac_rythym_sinus_variant_measured,1,"Still a monitoring-intensity feature rather than physiology; any link to AKI would be indirect via overall instability. Per rules, _measured features should remain low unless strongly indicative of impending AKI."
0_12h_cardiac_rythym_atrial_arrhythmia_mean,2,"Atrial arrhythmias (e.g., AF) can reduce cardiac output and contribute to renal hypoperfusion, but mean burden in the immediate 0–12h window is often transient post-op and less specific. Mean aggregation also blunts brief high-impact episodes, so importance is limited here (cap ≤3 applies)."
13_24h_cardiac_rythym_atrial_arrhythmia_mean,2,"Atrial arrhythmias can reduce cardiac output and renal perfusion indirectly, but the mean burden is less informative than whether it occurred at all. Capped to limit collinearity with the corresponding max indicator."
25_36h_cardiac_rythym_atrial_arrhythmia_mean,2,"Persistent atrial arrhythmia closer to the outcome may reflect ongoing hemodynamic instability, but mean burden is still less actionable than presence/absence. Capped to avoid redundancy with the max feature."
0_12h_cardiac_rythym_atrial_arrhythmia_max,3,"Any atrial arrhythmia in the immediate post-op period can signal low output states and need for vasoactive support, increasing AKI risk. Early epoch effects are common/transient, so capped at 3."
13_24h_cardiac_rythym_atrial_arrhythmia_max,3,Atrial arrhythmia persisting/occurring in the trajectory phase suggests ongoing instability and potential renal hypoperfusion. Not definitive alone but a recognized contributor to AKI risk.
25_36h_cardiac_rythym_atrial_arrhythmia_max,4,"Atrial arrhythmia in the 25–36h window is a strong marker of ongoing hemodynamic stress (variable cardiac output, hypotension, higher pressor needs) that can precipitate AKI. Temporal proximity makes it more predictive."
0_12h_cardiac_rythym_atrial_arrhythmia_min,1,The minimum of a binary arrhythmia indicator is typically uninformative (often 0 unless arrhythmia is continuous). Adds little beyond the max indicator and is highly collinear.
13_24h_cardiac_rythym_atrial_arrhythmia_min,1,Binary minimum mainly reflects whether there was any arrhythmia-free time and is not a standard AKI predictor. Redundant with max/mean features.
25_36h_cardiac_rythym_atrial_arrhythmia_min,1,Binary minimum provides little clinical signal for AKI compared with whether arrhythmia occurred (max) and is collinear. Not a direct renal perfusion marker.
0_12h_cardiac_rythym_atrial_arrhythmia_measured,1,"Measurement frequency reflects monitoring/documentation intensity rather than physiology. In the immediate post-op period, frequent rhythm assessment is routine and not specific for AKI risk."
13_24h_cardiac_rythym_atrial_arrhythmia_measured,1,"More frequent rhythm documentation may reflect acuity but is a weak, non-mechanistic proxy. Not specific for renal injury prediction."
25_36h_cardiac_rythym_atrial_arrhythmia_measured,2,"Increased rhythm checks later may indicate clinician concern for instability, which can correlate with AKI risk, but it remains an indirect behavioral proxy. Kept low per measured-feature rule."
0_12h_cardiac_rythym_paced_rythym_mean,2,"Need for pacing can indicate conduction disease/low output physiology, indirectly affecting renal perfusion, but early post-op pacing is common and often transient. Mean burden is less informative than presence/absence."
13_24h_cardiac_rythym_paced_rythym_mean,2,"Ongoing pacing may reflect persistent conduction/low output issues that can contribute to AKI risk, but mean burden is a weaker signal than a max indicator. Capped to reduce collinearity."
25_36h_cardiac_rythym_paced_rythym_mean,2,"Persistent pacing closer to hour 60 may correlate with ongoing cardiac dysfunction and renal hypoperfusion, but mean burden is still indirect. Capped to avoid redundancy with paced_rythym_max."
0_12h_cardiac_rythym_paced_rythym_max,3,"Any pacing requirement early post-op can mark hemodynamic vulnerability and potential low cardiac output, which increases AKI risk. Early epoch capped at 3 due to common transient pacing after surgery."
13_24h_cardiac_rythym_paced_rythym_max,3,"Pacing requirement in the 13–24h window suggests persistent conduction/hemodynamic issues that can impair renal perfusion. A moderate, indirect predictor rather than a direct biomarker."
25_36h_cardiac_rythym_paced_rythym_max,2,"Need for pacing can reflect conduction disease or low-output states that may reduce renal perfusion, but it is an indirect marker rather than a direct AKI driver."
0_12h_cardiac_rythym_paced_rythym_min,1,"Immediate post-op pacing is common and often transient after cardiac surgery; in the 0–12h window it is a weak, nonspecific proxy for instability (max score capped at 3)."
13_24h_cardiac_rythym_paced_rythym_min,2,"Persistent need for pacing into 13–24h may indicate ongoing conduction issues or hemodynamic compromise, which can indirectly increase AKI risk via reduced renal perfusion."
25_36h_cardiac_rythym_paced_rythym_min,2,"Ongoing pacing requirement close to the outcome window can signal continued cardiac dysfunction/low output, indirectly associated with AKI, but not a direct renal biomarker."
0_12h_cardiac_rythym_paced_rythym_measured,1,Measurement frequency reflects monitoring/documentation intensity rather than physiology; early post-op rhythm checks are routine and not specific for impending AKI.
13_24h_cardiac_rythym_paced_rythym_measured,1,How often paced rhythm is recorded is primarily a care-process/acuity proxy and is not a mechanistic predictor of creatinine rise.
25_36h_cardiac_rythym_paced_rythym_measured,1,Recording frequency is behavioral and collinear with general ICU attention; it provides little direct information about renal injury risk.
0_12h_cardiac_rythym_heart_block_mean,1,A mean value for heart block over 0–12h is not clinically interpretable as an insult marker and is likely redundant with presence/absence extremes; early conduction issues are often transient.
13_24h_cardiac_rythym_heart_block_mean,1,"Averaging heart block over the window blunts the clinically relevant extreme (any occurrence) and is an indirect, nonspecific correlate of illness severity."
25_36h_cardiac_rythym_heart_block_mean,1,Mean heart block is less informative than whether heart block occurred at all (max) in this window; treat as low-value to avoid collinearity with max/min indicators.
0_12h_cardiac_rythym_heart_block_max,2,"Any heart block early post-op can indicate conduction system injury and potential hemodynamic instability, but in 0–12h it is often transient and only indirectly linked to AKI (max score capped at 3)."
13_24h_cardiac_rythym_heart_block_max,3,"Heart block persisting/occurring in 13–24h is more concerning for ongoing instability and possible low cardiac output, which can contribute to renal hypoperfusion and AKI."
25_36h_cardiac_rythym_heart_block_max,3,"Heart block in 25–36h can reflect sustained conduction/hemodynamic problems and need for pacing/pressors, which are established indirect risk factors for AKI via reduced renal perfusion."
0_12h_cardiac_rythym_heart_block_min,1,The minimum (absence) of heart block is not pathologic and adds little beyond the max indicator; early post-op rhythm variability is common.
13_24h_cardiac_rythym_heart_block_min,1,Minimum values largely encode non-occurrence and are redundant with max; they do not capture the clinically relevant insult for AKI prediction.
25_36h_cardiac_rythym_heart_block_min,1,Minimum (no heart block) is not informative for AKI risk and is collinear with the more meaningful max occurrence feature.
0_12h_cardiac_rythym_heart_block_measured,1,Measurement frequency reflects monitoring/clinical attention rather than a direct renal mechanism. Early post-op rhythm surveillance is routine and not specific for AKI risk.
13_24h_cardiac_rythym_heart_block_measured,1,Counts of documented heart block are a behavioral/monitoring proxy and not a physiologic driver of AKI. At most it weakly reflects overall instability.
25_36h_cardiac_rythym_heart_block_measured,2,"More frequent heart block documentation late may indicate persistent conduction issues and hemodynamic vulnerability, indirectly affecting renal perfusion. Still primarily a monitoring proxy rather than a direct biomarker."
0_12h_cardiac_rythym_ischemic_st_change_mean,2,"Sustained ischemic ST changes can correlate with myocardial ischemia and low cardiac output, indirectly increasing AKI risk. In the immediate 0–12h window, transient perioperative changes are common, so prognostic value is limited."
13_24h_cardiac_rythym_ischemic_st_change_mean,3,"Persistent ischemic changes in the trajectory phase suggest ongoing myocardial ischemia and potential low-output state, which can reduce renal perfusion. Mean captures sustained burden but may dilute brief severe episodes."
25_36h_cardiac_rythym_ischemic_st_change_mean,3,Ongoing ischemic ST changes close to the outcome window can indicate continued myocardial dysfunction and renal hypoperfusion risk. Mean reflects sustained ischemia but is less sensitive than extremes for acute insults.
0_12h_cardiac_rythym_ischemic_st_change_max,3,"Peak ischemic ST change represents an acute myocardial ischemic insult that can precipitate hypotension/low cardiac output and AKI. In 0–12h, perioperative artifacts/transient ischemia are common, capping importance."
13_24h_cardiac_rythym_ischemic_st_change_max,4,"A maximal ischemic episode during 13–24h suggests clinically significant ongoing ischemia with potential hemodynamic compromise, a strong AKI risk pathway. Max better captures the pathologic insult than mean/min."
25_36h_cardiac_rythym_ischemic_st_change_max,4,Late peak ischemic ST change is a strong indicator of ongoing myocardial ischemia and potential low-output/hypotension leading to renal hypoperfusion. Max is the most informative aggregation for acute ischemic insults.
0_12h_cardiac_rythym_ischemic_st_change_min,1,The minimum value is generally less clinically meaningful for ischemic ST change than the maximum (which captures the insult). In the immediate post-op window it is unlikely to add AKI-specific signal beyond other summaries.
13_24h_cardiac_rythym_ischemic_st_change_min,1,Minimum ST-change is not the pathologic direction for ischemic burden and is likely redundant/noisy relative to max. Provides little direct information about renal hypoperfusion risk.
25_36h_cardiac_rythym_ischemic_st_change_min,1,Minimum ST-change is not a good marker of ischemic severity and is likely collinear with other summaries without adding pathophysiologic insight. Max is the aggregation that best captures AKI-relevant ischemic insults.
0_12h_cardiac_rythym_ischemic_st_change_measured,1,Measurement frequency reflects monitoring intensity rather than ischemia severity or renal physiology. Early post-op ECG/rhythm monitoring is routine and not AKI-specific.
13_24h_cardiac_rythym_ischemic_st_change_measured,2,"More frequent assessment may reflect clinician concern for ischemia/instability, indirectly associated with AKI risk. Still a behavioral proxy and not a direct physiologic predictor."
25_36h_cardiac_rythym_ischemic_st_change_measured,2,"Increased late monitoring can indicate ongoing instability/ischemia concern, which correlates with AKI risk indirectly. As a measured-count feature it remains non-mechanistic and should be kept low."
0_12h_cardiac_rythym_other_mean,2,"Non-specific rhythm abnormalities may correlate with hemodynamic instability and vasopressor need, indirectly affecting renal perfusion. In the 0–12h period many arrhythmias are transient post-bypass, limiting predictive strength."
13_24h_cardiac_rythym_other_mean,2,"Non-sinus/atypical rhythms can correlate with hemodynamic instability and renal hypoperfusion, but a mean over the window is nonspecific and collinear with presence/episodes captured by max/min."
25_36h_cardiac_rythym_other_mean,2,"Persistent atypical rhythm later may reflect ongoing instability, but the averaged value is a weak, nonspecific proxy compared with episode presence (max/min) and direct hemodynamic measures."
0_12h_cardiac_rythym_other_max,3,"Any episode of an “other” rhythm early post-op can indicate arrhythmia-related hypotension/low cardiac output that can precipitate AKI, but early post-bypass arrhythmias are common and often transient (0–12h cap)."
13_24h_cardiac_rythym_other_max,3,Occurrence of atypical rhythm in the trajectory phase suggests ongoing electrical/hemodynamic instability that can impair renal perfusion and increase AKI risk.
25_36h_cardiac_rythym_other_max,4,"New or persistent atypical rhythm close to the outcome window is a stronger marker of ongoing low-output/hypotensive physiology and vasopressor need, which are directly linked to AKI."
0_12h_cardiac_rythym_other_min,1,The minimum of a binary rhythm indicator is typically uninformative (often 0) and does not capture arrhythmic burden; early period also has many transient changes.
13_24h_cardiac_rythym_other_min,1,Binary minimum mainly reflects that the rhythm was not present at some point and adds little beyond max; weak mechanistic link to AKI.
25_36h_cardiac_rythym_other_min,1,Binary minimum does not quantify arrhythmia occurrence or severity and is redundant with max/mean for predicting renal hypoperfusion-related AKI.
0_12h_cardiac_rythym_other_measured,1,Measurement frequency reflects monitoring/documentation behavior rather than physiology; early post-op monitoring is routine and not specific for impending AKI.
13_24h_cardiac_rythym_other_measured,1,"More frequent rhythm documentation may reflect acuity, but it is a weak behavioral proxy and not a direct driver of creatinine rise."
25_36h_cardiac_rythym_other_measured,2,"Increased rhythm assessments later may indicate clinician concern for instability, which can co-occur with AKI risk, but it remains an indirect behavioral marker."
0_12h_r_vent_mode_asv_mean,2,"Use of ASV may correlate with respiratory status and sedation needs that can affect hemodynamics, but ventilator mode itself is not a direct AKI driver and early post-op practice varies (0–12h cap)."
13_24h_r_vent_mode_asv_mean,2,"Continued ASV use may indicate ongoing ventilatory support and illness severity, indirectly associated with AKI, but it is not a specific renal perfusion marker."
0_12h_r_vent_mode_asv_max,2,Any ASV use early is largely practice-pattern/respiratory management and only indirectly linked to AKI via severity/hemodynamics; early window limits specificity.
13_24h_r_vent_mode_asv_max,2,"ASV use in this phase may reflect persistent respiratory failure and higher overall acuity, but remains an indirect predictor compared with oxygenation/PEEP/pressors."
0_12h_r_vent_mode_asv_min,1,Minimum of a binary ventilator-mode indicator is typically uninformative (often 0) and does not capture severity or duration relevant to AKI risk.
13_24h_r_vent_mode_asv_min,1,Ventilator mode choice is not a direct physiologic driver of AKI; it mainly reflects respiratory management strategy. As a binary/min indicator it adds little beyond overall illness severity and is likely collinear with other ventilation variables.
0_12h_r_vent_mode_asv_measured,1,"Measurement frequency is a documentation/ordering artifact and not a renal mechanism. In the immediate 0–12h post-op period, mode recording is routine and weakly related to later creatinine rise."
13_24h_r_vent_mode_asv_measured,1,Counts of ASV documentation reflect clinician behavior rather than kidney perfusion or nephrotoxicity. At most it is a weak proxy for acuity and should be down-weighted.
25_36h_r_vent_mode_asv_measured,2,"Later persistent need for ASV documentation may weakly proxy ongoing respiratory failure/critical illness, which correlates with AKI risk. Still, it is not a physiologic biomarker and remains indirect."
0_12h_r_vent_mode_controlled_mean,2,"Controlled ventilation early post-op is common and often transient, so it is a weak, nonspecific marker of severity. Mean aggregation further smooths any acute deterioration signal."
13_24h_r_vent_mode_controlled_mean,2,"Ongoing controlled ventilation into 13–24h can indicate slower recovery and higher illness severity, indirectly associated with AKI. However, mean mode exposure is not a direct renal insult and is likely collinear with other severity markers."
0_12h_r_vent_mode_controlled_max,3,"Any exposure to controlled ventilation in 0–12h may reflect immediate post-op instability and higher vasopressor/sedation needs, which can impair renal perfusion. Capped by epoch rule (max 3) and remains indirect."
13_24h_r_vent_mode_controlled_max,3,"Any controlled ventilation during 13–24h suggests persistent respiratory failure or hemodynamic fragility, both associated with AKI risk. As a max (any exposure) it better captures the clinically meaningful state than mean/min."
0_12h_r_vent_mode_controlled_min,1,A 'min' indicator for a binary mode variable is not clinically interpretable for AKI risk and is redundant with max/mean. Early post-op ventilation patterns are common and nonspecific.
13_24h_r_vent_mode_controlled_min,1,Binary 'min' provides little meaningful information and is highly collinear with other controlled-mode indicators. It does not represent a physiologic trigger for AKI.
0_12h_r_vent_mode_controlled_measured,1,Documentation frequency is not a physiologic mechanism and is largely routine in the first 12 hours after surgery. It provides minimal incremental information for predicting creatinine_ratio.
13_24h_r_vent_mode_controlled_measured,1,Counts of recorded controlled mode reflect monitoring intensity rather than renal injury pathways. At most it is a weak proxy for acuity and should remain low importance.
25_36h_r_vent_mode_controlled_measured,2,"In the 25–36h window, frequent controlled-mode documentation may weakly indicate ongoing critical illness and prolonged ventilation, which correlates with AKI. Still, it is behavioral/administrative rather than mechanistic."
0_12h_r_vent_mode_simv_mean,1,SIMV use early post-op is common and reflects ventilator weaning strategy more than renal perfusion. Mean aggregation further reduces any signal related to acute instability.
13_24h_r_vent_mode_simv_mean,1,SIMV mean exposure is primarily a respiratory management choice and not a direct AKI predictor. It is likely redundant with other ventilation/severity variables.
0_12h_r_vent_mode_simv_max,2,"Any SIMV exposure in 0–12h may indicate early weaning readiness and lower severity, indirectly related to lower AKI risk. However, in this immediate period it is still nonspecific and capped by epoch conservatism."
13_24h_r_vent_mode_simv_max,2,"Need for SIMV suggests ongoing ventilatory support and illness severity that can correlate with AKI risk, but it is not a direct renal perfusion marker. As a mode indicator, it is an indirect proxy rather than a mechanism."
0_12h_r_vent_mode_simv_min,1,"In the immediate 0–12h post-op period, ventilator mode is heavily influenced by routine anesthesia/ICU practice and is weakly specific for AKI. This binary minimum adds little physiologic signal for renal injury."
13_24h_r_vent_mode_simv_min,2,"Persistent SIMV use into 13–24h may reflect delayed recovery and higher acuity, which is associated with AKI risk. Still, it is an indirect marker and not a hemodynamic or renal biomarker."
0_12h_r_vent_mode_simv_measured,1,Measurement frequency reflects documentation/monitoring behavior rather than physiology. In 0–12h it is especially routine and not specific for impending AKI.
13_24h_r_vent_mode_simv_measured,1,This is primarily a care-process/monitoring proxy and does not directly indicate renal hypoperfusion or nephrotoxicity. At most it weakly reflects acuity.
25_36h_r_vent_mode_simv_measured,2,"More frequent recording of SIMV status late (25–36h) can reflect ongoing instability and clinician concern, which may correlate with AKI risk. Still, it remains a behavioral proxy, not a physiologic driver."
0_12h_r_vent_mode_spontaneous_mean,2,"Spontaneous mode early may indicate faster stabilization and less severe illness, indirectly associated with lower AKI risk. However, in 0–12h this is often driven by extubation protocols and is not kidney-specific."
13_24h_r_vent_mode_spontaneous_mean,2,"Spontaneous ventilation in 13–24h can indicate improving trajectory and less shock/vasopressor need, indirectly lowering AKI risk. It remains a nonspecific severity marker."
0_12h_r_vent_mode_spontaneous_max,2,"Any time spent in spontaneous mode in the first 12h may reflect early readiness to wean and less physiologic stress, indirectly linked to AKI risk. Early post-op practices limit specificity."
13_24h_r_vent_mode_spontaneous_max,2,"Presence of spontaneous mode during 13–24h suggests recovery and potentially better hemodynamics, indirectly associated with less AKI. It is still not a direct renal perfusion measure."
0_12h_r_vent_mode_spontaneous_min,1,A minimum indicator for spontaneous mode in 0–12h is largely determined by immediate post-op sedation/ventilation routines. It provides minimal specific information about AKI pathophysiology.
13_24h_r_vent_mode_spontaneous_min,2,"Failure to achieve spontaneous mode at any point in 13–24h can reflect ongoing respiratory/hemodynamic compromise, indirectly increasing AKI risk. It remains a proxy rather than a causal renal factor."
0_12h_r_vent_mode_spontaneous_measured,1,Measurement frequency is a documentation/monitoring artifact and not a physiologic determinant of AKI. In the immediate post-op window it is especially routine.
13_24h_r_vent_mode_spontaneous_measured,1,This reflects care intensity/documentation rather than renal perfusion or injury. It is not a reliable predictor of creatinine rise.
25_36h_r_vent_mode_spontaneous_measured,2,"Late increased monitoring of spontaneous mode may reflect active weaning attempts or instability, indirectly tied to overall acuity and AKI risk. As a measured feature, it should remain low importance."
0_12h_arterial_line_map_mean,3,"Mean arterial pressure relates directly to renal perfusion pressure and risk of ischemic ATN after cardiac surgery. However, in 0–12h transient post-bypass hypotension is common, so the mean is less specific than hypotensive extremes."
13_24h_arterial_line_map_mean,2,"Sustained MAP relates to renal perfusion, but the mean can mask hypotensive episodes that drive AKI. In this epoch, extremes (especially MAP_min) are more pathophysiologically informative, so mean is down-weighted for collinearity."
25_36h_arterial_line_map_mean,2,"Later sustained MAP is relevant to kidney perfusion, but mean still smooths over injurious hypotension. MAP_min in this same window better captures the AKI-triggering insult, so mean is capped to reduce redundancy."
0_12h_arterial_line_map_max,1,High MAP is not a typical direct driver of postoperative AKI compared with hypotension/low perfusion. Early post-op hypertension is common/transient and less prognostic in the immediate 0–12h period.
13_24h_arterial_line_map_max,1,"MAP maxima generally reflect transient hypertension rather than renal hypoperfusion. Compared with MAP_min, MAP_max has weak mechanistic linkage to AKI risk."
25_36h_arterial_line_map_max,1,"Even close to the outcome window, elevated MAP is not a strong direct predictor of AKI in most post-cardiac surgery patients. Low MAP episodes (min) are the more relevant hemodynamic insult."
0_12h_arterial_line_map_min,3,"Hypotension is a known trigger for renal ischemia and postoperative AKI, but early post-op lows can be transient and treatment-related. Given the 0–12h epoch cap, this remains moderately important."
13_24h_arterial_line_map_min,4,Persistent or recurrent hypotension in the trajectory phase strongly suggests ongoing renal hypoperfusion and higher AKI risk. MAP_min captures the injurious extreme better than mean/max.
25_36h_arterial_line_map_min,5,Low MAP close to hour 60 is a direct leading indicator of inadequate renal perfusion and impending creatinine rise. The minimum best captures clinically meaningful hypotensive insults driving ischemic ATN.
0_12h_arterial_line_map_measured,1,Measurement frequency mainly reflects monitoring intensity (standard in post-cardiac surgery) rather than a physiologic mechanism. In the immediate post-op period it is routine and not specific for AKI risk.
13_24h_arterial_line_map_measured,1,Arterial-line MAP is typically continuously monitored; counts largely reflect documentation/acuity rather than renal pathophysiology. Thus it provides minimal independent signal for AKI.
25_36h_arterial_line_map_measured,1,Higher measurement frequency is a behavioral proxy and is usually routine with an arterial line. It is not a direct physiologic predictor of creatinine rise.
0_12h_diet_type_npo_mean,1,NPO status early after cardiac surgery is standard practice and not a specific AKI mechanism. It mainly reflects routine perioperative care rather than renal injury risk.
13_24h_diet_type_npo_mean,1,Continued NPO at 13–24h is common and nonspecific; it may correlate with illness severity but is an indirect and weak signal for AKI. Not a primary driver of creatinine rise.
25_36h_diet_type_npo_mean,2,"Remaining NPO by 25–36h can reflect delayed recovery/ongoing critical illness and may indirectly track severity and hemodynamic instability. Still, it is not a direct renal biomarker and is weakly linked."
0_12h_diet_type_npo_max,1,Any NPO in the first 12 hours is expected postoperatively and provides little discrimination for AKI risk. It is routine care rather than a renal-relevant exposure.
13_24h_diet_type_npo_max,1,NPO at any point in 13–24h remains common and nonspecific; it may reflect care pathway rather than kidney injury. Weak indirect association at best.
25_36h_diet_type_npo_max,2,"Being NPO late post-op can be a proxy for ongoing critical illness, intubation, or hemodynamic instability, which correlate with AKI risk. It is not a direct renal mechanism and is largely confounded by overall severity of illness."
0_12h_diet_type_npo_min,1,"In the immediate 0–12h post-cardiac surgery period, NPO status is routine and expected, offering little discrimination for AKI risk. This is not a physiologic driver of creatinine rise."
13_24h_diet_type_npo_min,1,NPO status in 13–24h remains common after cardiac surgery and is more reflective of routine care than kidney injury biology. Any association with AKI is indirect and heavily confounded.
25_36h_diet_type_npo_min,2,"Persistently being NPO by 25–36h may indicate delayed recovery, ongoing ventilation, or complications that increase AKI risk. Still, it is an indirect severity marker rather than a renal perfusion or nephrotoxin exposure variable."
0_12h_diet_type_npo_measured,1,Measurement frequency of diet/NPO is documentation/ordering behavior and does not reflect renal physiology. In 0–12h it is especially routine and unlikely to add prognostic value.
13_24h_diet_type_npo_measured,1,How often NPO status is recorded is a behavioral proxy and not a mechanistic AKI predictor. It may correlate with acuity but is too nonspecific to be informative.
25_36h_diet_type_npo_measured,1,Diet/NPO measurement frequency is primarily documentation intensity and not a direct marker of kidney injury. Any link to AKI would be weak and confounded by care patterns.
0_12h_diet_type_diet_mean,1,Diet status averaged over 0–12h is dominated by routine post-op NPO/limited intake and does not capture a renal insult. It has minimal physiologic linkage to AKI in this early window.
13_24h_diet_type_diet_mean,1,Average diet status in 13–24h is a nonspecific recovery marker and not a driver of renal hypoperfusion or nephrotoxicity. It is unlikely to independently predict creatinine_ratio.
25_36h_diet_type_diet_mean,2,"By 25–36h, failure to advance diet may reflect ongoing critical illness associated with AKI risk. As a mean/summary and non-physiologic variable, it remains an indirect and collinear severity proxy."
0_12h_diet_type_diet_max,1,Having any diet in the first 12h is uncommon and mostly reflects practice variation rather than kidney risk. Early post-op period is highly confounded and capped for relevance.
13_24h_diet_type_diet_max,2,"Advancement to diet by 13–24h can indicate clinical stability, which indirectly relates to lower AKI risk. However, it is not a direct renal predictor and is confounded by overall recovery trajectory."
25_36h_diet_type_diet_max,2,"Ability to tolerate diet by 25–36h suggests improving status and may inversely correlate with AKI risk. Still, it is an indirect marker and not specific to renal perfusion or injury."
0_12h_diet_type_diet_min,1,"Minimum diet status in 0–12h will typically be no intake/NPO for nearly all patients, providing little signal for AKI. It is routine and not mechanistically linked to creatinine rise."
13_24h_diet_type_diet_min,1,Minimum diet status in 13–24h largely reflects standard post-op restrictions and is not a renal biomarker. Any association with AKI would be weak and nonspecific.
25_36h_diet_type_diet_min,2,Persistently minimal/no diet by 25–36h may indicate ongoing instability or complications that increase AKI risk. It remains an indirect severity indicator rather than a direct predictor of renal injury.
0_12h_diet_type_diet_measured,1,Measurement frequency of diet orders is a care-process marker and has no direct physiologic link to AKI; early post-op ordering is routine.
13_24h_diet_type_diet_measured,1,Diet order frequency mainly reflects workflow/feeding progression rather than renal perfusion or nephrotoxicity; limited prognostic value for AKI.
25_36h_diet_type_diet_measured,1,"Even close to the outcome window, diet order frequency is not a mechanistic driver of creatinine rise and is largely practice-pattern dependent."
0_12h_diet_type_other_mean,1,Diet category ('other') is not a recognized AKI risk factor and in the immediate post-op period is often transient and protocol-driven.
13_24h_diet_type_other_mean,1,Being on an 'other' diet type is nonspecific and unlikely to capture kidney injury risk beyond general illness severity.
25_36h_diet_type_other_mean,1,"Diet type remains an indirect, nonspecific marker; it does not reflect renal hypoperfusion, congestion, or nephrotoxin exposure."
0_12h_diet_type_other_max,1,Any occurrence of an 'other' diet type in 0–12h is common post-op and not causally linked to AKI; also likely collinear with other diet indicators.
13_24h_diet_type_other_max,1,Presence of an 'other' diet type is nonspecific and not an established predictor of postoperative creatinine rise.
25_36h_diet_type_other_max,1,"Even as a leading indicator window, diet category is not a direct marker of renal dysfunction or hemodynamic insult."
0_12h_diet_type_other_min,1,Minimum of a binary diet indicator is essentially absence/presence information and provides no physiologic insight into AKI risk.
13_24h_diet_type_other_min,1,This binary-min aggregation is not clinically meaningful for kidney injury prediction and is redundant with other diet-type encodings.
25_36h_diet_type_other_min,1,"Absence/presence of an 'other' diet type does not track renal perfusion, congestion, or nephrotoxic exposure; minimal relevance."
0_12h_diet_type_other_measured,1,Frequency of documenting/ordering an 'other' diet is a behavioral/process variable and not a physiologic AKI predictor; early post-op is routine.
13_24h_diet_type_other_measured,1,Diet documentation frequency reflects care intensity and feeding logistics more than kidney injury risk; weak association at best.
25_36h_diet_type_other_measured,1,"Even near hour 60, repeated diet entries are not a direct biomarker or driver of AKI and are highly practice-pattern dependent."
0_12h_r_cardiac_regularity_regular_mean,2,"Sustained regular rhythm can indirectly reflect hemodynamic stability, but mean regularity in the immediate post-op window is nonspecific and less informative than arrhythmia extremes/burden for AKI risk."
13_24h_r_cardiac_regularity_regular_mean,2,"Sustained regular rhythm may reflect hemodynamic stability, but it is an indirect marker for renal perfusion and not specific for AKI. Mean regularity is also collinear with irregularity indicators and less informative than arrhythmia extremes."
25_36h_r_cardiac_regularity_regular_mean,2,"Closer to the outcome window, persistent regular rhythm suggests stability but remains a nonspecific, indirect proxy for renal perfusion. Mean regularity adds limited incremental value versus capturing episodes of irregular rhythm."
0_12h_r_cardiac_regularity_regular_max,1,"In the immediate post-op period, being continuously regular is common and not a strong discriminator for AKI risk. This is largely redundant with other rhythm regularity summaries."
13_24h_r_cardiac_regularity_regular_max,1,"A maximum of regular rhythm (i.e., any regularity) is not clinically specific and provides little signal for AKI compared with detecting irregular/unstable rhythm. Highly collinear with other regularity features."
25_36h_r_cardiac_regularity_regular_max,1,Presence of regular rhythm at any point is expected and not a direct driver of AKI. It is less informative than capturing arrhythmic episodes that can reduce cardiac output and renal perfusion.
0_12h_r_cardiac_regularity_regular_min,2,"If the minimum indicates periods without regular rhythm, it may reflect early arrhythmia/hemodynamic instability, but 0–12h abnormalities are often transient post-bypass. Still an indirect proxy for renal hypoperfusion."
13_24h_r_cardiac_regularity_regular_min,2,"Lower minimum regularity suggests intermittent arrhythmia which can impair renal perfusion, but it remains nonspecific and collinear with explicit irregularity features. Trajectory-phase signal is moderate at best."
25_36h_r_cardiac_regularity_regular_min,3,"Intermittent loss of regular rhythm in the 25–36h window can indicate ongoing arrhythmia with reduced effective cardiac output and renal perfusion, increasing AKI risk. This is more informative than mean/max regularity."
0_12h_r_cardiac_regularity_regular_measured,1,Measurement frequency reflects monitoring/clinical workflow rather than a physiologic mechanism for AKI. In 0–12h it is routine post-cardiac surgery and not specific for renal risk.
13_24h_r_cardiac_regularity_regular_measured,1,How often rhythm regularity is recorded is primarily a behavioral/acuity proxy and not a direct predictor of AKI. Typically driven by standard ICU monitoring rather than renal-specific concern.
25_36h_r_cardiac_regularity_regular_measured,1,"Recording frequency is not mechanistically linked to kidney injury and is heavily influenced by monitoring practices. At most it weakly reflects concern for instability, but remains nonspecific."
0_12h_r_cardiac_regularity_irregular_mean,2,"Average irregular rhythm early post-op may reflect atrial fibrillation or ectopy, which can reduce cardiac output, but 0–12h arrhythmias are common and often transient. Mean irregularity is less informative than extremes/episodes."
13_24h_r_cardiac_regularity_irregular_mean,3,"Sustained irregular rhythm in 13–24h suggests persistent arrhythmia that can impair forward flow and renal perfusion, increasing AKI risk. Mean still smooths episodic severe instability, limiting specificity."
25_36h_r_cardiac_regularity_irregular_mean,4,"Persistent irregular rhythm close to hour 60 can indicate ongoing atrial fibrillation/instability with reduced effective cardiac output and renal hypoperfusion, a strong contributor to AKI risk. This window is a leading indicator compared with earlier epochs."
0_12h_r_cardiac_regularity_irregular_max,2,"Any episode of irregular rhythm in the immediate post-op period is common and may be transient, so it is only a weak-to-moderate AKI signal. It is an indirect marker of hemodynamic stress rather than a renal biomarker."
13_24h_r_cardiac_regularity_irregular_max,3,Presence of irregular rhythm in 13–24h is more concerning for persistent arrhythmia and potential low cardiac output states that predispose to AKI. As a max/binary indicator it captures episodes but not duration or severity.
25_36h_r_cardiac_regularity_irregular_max,3,New/persistent irregular rhythm (often AF) in the 25–36h window can reduce effective cardiac output and renal perfusion and is associated with higher AKI risk. Using the extreme indicator is more informative than mean/measured for capturing clinically meaningful arrhythmia burden.
0_12h_r_cardiac_regularity_irregular_min,1,"In the immediate 0–12h post-op period, transient rhythm irregularity is common (anesthesia, pacing, electrolyte shifts) and is less specific for subsequent AKI. The ""min"" aggregation is also less clinically meaningful for a binary irregularity flag."
13_24h_r_cardiac_regularity_irregular_min,1,"A ""min"" for a binary irregularity variable mainly reflects any time spent in regular rhythm and does not capture arrhythmia burden. Rhythm issues in 13–24h may matter, but this aggregation is not a good pathology marker for AKI prediction."
25_36h_r_cardiac_regularity_irregular_min,1,"For a binary irregularity indicator, the ""min"" is poorly aligned with the AKI mechanism because it emphasizes periods of regular rhythm rather than arrhythmia presence/burden. Prefer max over min to avoid collinearity and better capture clinically relevant irregularity."
0_12h_r_cardiac_regularity_irregular_measured,1,"Measurement frequency reflects monitoring/documentation intensity rather than a physiologic driver of AKI. In 0–12h, high measurement counts are routine after cardiac surgery and not specific for renal risk."
13_24h_r_cardiac_regularity_irregular_measured,1,This is primarily a proxy for clinician attention/acuity rather than a direct renal insult. It is not specific for AKI compared with actual hemodynamic variables or arrhythmia presence.
25_36h_r_cardiac_regularity_irregular_measured,2,"More frequent rhythm documentation late (25–36h) may reflect concern for instability that can co-occur with renal hypoperfusion, but it remains an indirect behavioral proxy. Kept low to avoid over-weighting non-physiologic measurement intensity."
0_12h_r_cardiac_regularity_other_mean,1,"""Other"" rhythm categories are heterogeneous (e.g., paced, junctional) and the mean over 0–12h is unlikely to specifically indicate renal hypoperfusion. Early post-op rhythm variability is common and often transient."
13_24h_r_cardiac_regularity_other_mean,1,"A mean indicator for a heterogeneous ""other"" rhythm group is not a clear mechanistic predictor of AKI. In 13–24h, it may reflect recovery/pacing rather than sustained low-output states."
25_36h_r_cardiac_regularity_other_mean,2,"Persistent non-sinus rhythms (e.g., paced/junctional) closer to outcome can correlate with underlying cardiac dysfunction and lower renal perfusion, but the category is nonspecific. Mean aggregation further dilutes acute episodes, so importance is limited."
0_12h_r_cardiac_regularity_other_max,2,"An extreme occurrence of an ""other"" rhythm in 0–12h could reflect conduction issues/pacing needs, which may correlate with perioperative instability, but early post-op changes are often expected. Capped due to early epoch conservatism and nonspecific rhythm category."
13_24h_r_cardiac_regularity_other_max,2,"Presence of an ""other"" rhythm in 13–24h may indicate ongoing conduction/low-output concerns, indirectly affecting renal perfusion. Still nonspecific and weaker than direct hemodynamic markers, so kept low."
25_36h_r_cardiac_regularity_other_max,3,"Any occurrence of a persistent non-sinus/""other"" rhythm in 25–36h can signal ongoing cardiac dysfunction or pacing dependence, which can reduce renal perfusion and increase AKI risk. Max is preferred over mean/min to capture clinically meaningful episodes and reduce collinearity."
0_12h_r_cardiac_regularity_other_min,1,"For a binary rhythm-category flag, the ""min"" is not clinically informative for AKI because it emphasizes time not in the category. In 0–12h, rhythm transitions are common and this aggregation is unlikely to add predictive value."
13_24h_r_cardiac_regularity_other_min,1,"The ""min"" aggregation for a binary ""other"" rhythm variable is poorly aligned with capturing pathology relevant to AKI. It is also redundant with max/mean representations and thus kept minimal."
25_36h_r_cardiac_regularity_other_min,1,"A low/min value for a binary ""other"" rhythm indicator mainly reflects periods without that rhythm and does not capture instability burden. Prefer the max feature for clinically meaningful signal and to avoid collinearity."
0_12h_r_cardiac_regularity_other_measured,1,Measurement frequency is mainly a proxy for monitoring/documentation behavior rather than renal physiology. In the immediate 0–12h post-op window it is especially nonspecific for AKI risk.
13_24h_r_cardiac_regularity_other_measured,1,"A 'measured' count reflects clinician attention to rhythm irregularity, not a direct mechanism for kidney injury. At 13–24h it remains too indirect to add AKI-specific signal."
25_36h_r_cardiac_regularity_other_measured,2,"More frequent assessment of cardiac regularity late may indicate ongoing arrhythmia/hemodynamic instability, which can reduce renal perfusion. Still, it is a behavioral proxy and not a physiologic measurement, so it should stay low."
0_12h_r_heart_rate_source_monitor_pulse_ox_mean,2,"Mean HR in the first 12h is often influenced by pain, sedation, pacing, and transient post-bypass physiology, making it a weak and nonspecific AKI predictor. Extremes (tachy/brady episodes) are typically more informative than the mean."
13_24h_r_heart_rate_source_monitor_pulse_ox_mean,2,"Sustained tachycardia can reflect low cardiac output, sepsis, or bleeding and indirectly worsen renal perfusion, but the mean blunts clinically important extremes. Thus it provides limited incremental AKI signal versus HR extremes."
25_36h_r_heart_rate_source_monitor_pulse_ox_mean,3,"By 25–36h, a persistently abnormal mean HR more likely reflects ongoing shock/low output or systemic stress that can impair renal perfusion. Still, extremes generally capture the insult better than the mean."
0_12h_r_heart_rate_source_monitor_pulse_ox_max,3,"Early post-op tachycardia episodes can indicate bleeding, pain/agitation, low stroke volume, or arrhythmia with potential renal hypoperfusion. However, in 0–12h many spikes are transient and treatment-related, so the score is capped."
13_24h_r_heart_rate_source_monitor_pulse_ox_max,3,"Tachycardia maxima in this trajectory phase can signal evolving shock, infection, or atrial arrhythmias that reduce effective renal perfusion. It is a meaningful but not definitive predictor of subsequent creatinine rise."
25_36h_r_heart_rate_source_monitor_pulse_ox_max,4,"Late tachycardia peaks are more concerning for persistent hemodynamic compromise (low cardiac output, sepsis, uncontrolled AF) that can precipitate AKI. As an extreme, it better captures acute insults than the mean."
0_12h_r_heart_rate_source_monitor_pulse_ox_min,3,"Bradycardia minima can reflect conduction issues, excessive beta-blockade/sedation, or pacing problems leading to low cardiac output and renal hypoperfusion. In the immediate post-op period this can be transient, so the score is capped."
13_24h_r_heart_rate_source_monitor_pulse_ox_min,3,Bradycardic episodes during 13–24h may indicate ongoing conduction disease or medication effects with reduced perfusion pressure/cardiac output. This is a plausible hemodynamic contributor to AKI but not a direct biomarker.
25_36h_r_heart_rate_source_monitor_pulse_ox_min,4,"Late bradycardia minima are more likely to represent clinically significant low-output states or arrhythmia/pacing failure that can directly compromise renal blood flow. As an extreme value close to the outcome window, it is a strong predictor."
0_12h_r_heart_rate_source_monitor_pulse_ox_measured,1,"Measurement count reflects monitoring intensity rather than a physiologic driver of AKI. In ICU post-op care, HR is routinely captured, so frequency adds little AKI-specific information."
13_24h_r_heart_rate_source_monitor_pulse_ox_measured,1,This is primarily a documentation/monitoring artifact and not a renal risk factor. Any association would be indirect via acuity and should be kept minimal.
25_36h_r_heart_rate_source_monitor_pulse_ox_measured,2,"Increased measurement frequency late may reflect instability prompting closer monitoring, which can correlate with AKI risk. Nonetheless it remains a behavioral proxy and should not be weighted highly."
0_12h_r_heart_rate_source_apical_mean,2,"Apical mean HR in the first 12h is nonspecific and influenced by transient post-op factors; extremes are typically more informative for renal hypoperfusion risk. To reduce collinearity with other HR summaries, keep this low."
13_24h_r_heart_rate_source_apical_mean,2,"Sustained tachycardia can reflect ongoing stress/low effective perfusion, but mean HR is a nonspecific marker and often treatment-related in the post-op ICU."
25_36h_r_heart_rate_source_apical_mean,3,"Persistently elevated or depressed mean HR closer to the outcome can indicate ongoing shock, arrhythmia burden, or inadequate cardiac output that can reduce renal perfusion and raise AKI risk."
0_12h_r_heart_rate_source_apical_max,2,"Early post-op HR spikes are common from pain, catecholamines, and emergence; they are nonspecific and transient in the immediate 0–12h period (cap at 3)."
13_24h_r_heart_rate_source_apical_max,3,"A high HR extreme in the trajectory phase may signal atrial fibrillation, bleeding, sepsis, or low output states that can compromise renal perfusion."
25_36h_r_heart_rate_source_apical_max,3,"Late tachycardic extremes can reflect persistent shock/arrhythmia and higher vasopressor needs, which are associated with AKI, though HR itself is indirect."
0_12h_r_heart_rate_source_apical_min,2,"Early bradycardic episodes may occur from pacing, sedation, or conduction issues post-cardiac surgery; only indirectly linked to AKI unless causing hypotension (cap at 3)."
13_24h_r_heart_rate_source_apical_min,3,Bradycardic extremes in 13–24h can indicate conduction block or excessive beta-blockade/pacing issues leading to low cardiac output and renal hypoperfusion.
25_36h_r_heart_rate_source_apical_min,3,"Late bradycardia can be a marker of low output physiology or conduction disease requiring pacing, which can reduce renal perfusion and increase AKI risk."
0_12h_r_heart_rate_source_apical_measured,1,Measurement frequency mainly reflects monitoring intensity/workflow rather than a renal injury mechanism; in early post-op care it is routine.
13_24h_r_heart_rate_source_apical_measured,1,How often HR is documented is largely standard ICU practice and is not a direct physiologic predictor of AKI.
25_36h_r_heart_rate_source_apical_measured,1,Documentation frequency is a behavioral proxy and provides little incremental physiologic information about renal perfusion or injury.
0_12h_r_heart_rate_source_peripheral_mean,2,Mean peripheral HR reflects overall sympathetic tone/illness severity but is nonspecific and heavily influenced by immediate post-op factors (cap at 3).
13_24h_r_heart_rate_source_peripheral_mean,2,Peripheral mean HR in 13–24h is an indirect marker of stress/low output; mean aggregation is less informative than extremes for acute insults (cap to limit collinearity).
25_36h_r_heart_rate_source_peripheral_mean,2,Late mean HR remains a nonspecific severity marker; extremes or direct perfusion measures would better capture AKI-relevant hemodynamic insults (cap to reduce redundancy).
0_12h_r_heart_rate_source_peripheral_max,2,Peripheral HR maxima early after surgery are common and often transient from pain/catecholamines; only indirectly related to AKI risk (cap at 3).
13_24h_r_heart_rate_source_peripheral_max,3,"A high peripheral HR extreme during 13–24h may indicate arrhythmia, bleeding, infection, or low output physiology that can impair renal perfusion and predispose to AKI."
25_36h_r_heart_rate_source_peripheral_max,1,"Documentation that HR was sourced peripherally is a measurement/monitoring artifact, not a physiologic driver of renal injury. It has no direct mechanistic link to AKI beyond general acuity/monitoring practices."
0_12h_r_heart_rate_source_peripheral_min,1,Peripheral sourcing of HR in the immediate post-op window reflects monitoring modality rather than hemodynamic status. It is not a known predictor of postoperative creatinine rise.
13_24h_r_heart_rate_source_peripheral_min,1,"This feature indicates how HR was obtained, not the HR value or perfusion. It provides minimal information about renal perfusion or AKI risk."
25_36h_r_heart_rate_source_peripheral_min,1,Peripheral HR source is not a physiologic marker and is unlikely to add predictive value for creatinine_ratio. Any association would be indirect via care patterns and should be treated as weak.
0_12h_r_heart_rate_source_peripheral_measured,1,Measurement frequency reflects monitoring behavior/acuity rather than renal pathophysiology. In the 0–12h period it is especially nonspecific after cardiac surgery.
13_24h_r_heart_rate_source_peripheral_measured,1,"How often peripheral HR source is recorded is a workflow signal, not a kidney injury mechanism. It is unlikely to independently predict creatinine_ratio."
25_36h_r_heart_rate_source_peripheral_measured,1,"Even close to the outcome window, frequency of documenting peripheral HR source is not a direct marker of hypoperfusion or nephrotoxicity. At most it weakly reflects clinician attention/acuity."
0_12h_r_oxygen_device_mechanical_mean,2,Need for mechanical ventilation early post-op is common and often transient; it is an indirect marker of illness severity that can correlate with AKI risk. Mean use in 0–12h is less informative than persistence later.
13_24h_r_oxygen_device_mechanical_mean,3,"Ongoing mechanical ventilation in the trajectory phase suggests persistent cardiopulmonary dysfunction and higher severity, which is associated with AKI via low cardiac output, inflammation, and fluid overload. Mean exposure over this window is moderately informative."
25_36h_r_oxygen_device_mechanical_mean,3,Persistent mechanical ventilation close to hour 60 indicates ongoing critical illness and potential hemodynamic/oxygenation issues that increase AKI risk. It remains an indirect predictor rather than a kidney-specific biomarker.
0_12h_r_oxygen_device_mechanical_max,2,"Any mechanical ventilation in the first 12 hours is expected after cardiac surgery and is a nonspecific severity marker. As a binary maximum, it captures exposure but not duration or physiologic insult."
13_24h_r_oxygen_device_mechanical_max,3,"Requiring mechanical ventilation at any point in 13–24h suggests delayed extubation or deterioration, which correlates with higher AKI risk through severity of illness and hemodynamic instability. Binary exposure is less specific than sustained measures but still informative."
25_36h_r_oxygen_device_mechanical_max,3,"Mechanical ventilation at any time in 25–36h indicates persistent critical illness near the prediction horizon, associated with AKI risk. As a max/binary indicator it is less granular than duration but captures an important severity signal."
0_12h_r_oxygen_device_mechanical_min,1,"A minimum indicator for mechanical ventilation in 0–12h (i.e., whether it was always present) is largely driven by routine immediate post-op management and offers little kidney-specific information. It is also redundant with other ventilation exposure summaries."
13_24h_r_oxygen_device_mechanical_min,2,"Being mechanically ventilated throughout 13–24h implies prolonged ventilation and higher severity, which can increase AKI risk indirectly. However, it remains a nonspecific marker and may be collinear with other ventilation summaries."
25_36h_r_oxygen_device_mechanical_min,3,"Continuous mechanical ventilation across 25–36h suggests persistent organ dysfunction close to the outcome window, which is associated with AKI via low cardiac output, inflammation, and fluid overload. This sustained exposure is more informative than a simple any-exposure indicator."
0_12h_r_oxygen_device_mechanical_measured,2,"Measurement frequency reflects clinician concern/acuity rather than a direct renal mechanism; early post-op ventilation is common and nonspecific. In the 0–12h window, this is especially confounded by routine post-cardiac surgery care."
13_24h_r_oxygen_device_mechanical_measured,2,"More frequent documentation/assessment of mechanical ventilation suggests ongoing instability, which can correlate with AKI risk, but it is an indirect behavioral proxy. Not a direct driver of creatinine rise."
25_36h_r_oxygen_device_mechanical_measured,2,"Persistent attention to mechanical ventilation late in the first 36h may indicate severity of illness and hemodynamic/respiratory failure that can predispose to AKI, but the feature is still a measurement-frequency proxy. Therefore capped low."
0_12h_r_oxygen_device_none_mean,2,"Being on no oxygen early may indicate faster recovery and less shock, indirectly lowering AKI risk, but it is not a renal-specific physiologic marker. Mean status is also less informative than an extreme/transition."
13_24h_r_oxygen_device_none_mean,2,"Average time on room air in 13–24h reflects overall stability and lower illness severity, indirectly associated with lower AKI risk. Still nonspecific and collinear with other oxygen/ventilation indicators."
25_36h_r_oxygen_device_none_mean,3,"Sustained room-air status by 25–36h is a stronger marker of clinical recovery and less ongoing cardiopulmonary failure, which reduces AKI risk via better perfusion and less vasopressor need. It remains indirect (severity-of-illness proxy), not a kidney biomarker."
0_12h_r_oxygen_device_none_max,2,"Any occurrence of room air in the immediate 0–12h period suggests early extubation/less severe course, indirectly lowering AKI risk. However, early post-op practices vary and this window is highly confounded."
13_24h_r_oxygen_device_none_max,2,"Reaching room air at any point in 13–24h indicates improving trajectory and less ongoing instability, indirectly associated with lower AKI risk. Still not a direct renal perfusion or nephrotoxin marker."
25_36h_r_oxygen_device_none_max,3,"Achieving room air at least once in 25–36h is a meaningful leading indicator of recovery and lower severity, which correlates with reduced AKI risk. As an extreme/transition indicator it is more informative than the mean, but remains indirect."
0_12h_r_oxygen_device_none_min,1,"The minimum of a binary 'none' indicator is typically 0 for most patients (i.e., at some point they were not on room air), providing little discrimination. It does not directly reflect renal physiology and is redundant with max/mean."
13_24h_r_oxygen_device_none_min,1,Binary-min is usually uninformative (often 0) and largely reflects that the patient required some oxygen at least once. It adds little beyond max/mean and has no direct AKI mechanism.
25_36h_r_oxygen_device_none_min,1,Binary-min remains poorly informative and collinear with other oxygen-device summaries. It does not capture a specific insult relevant to AKI.
0_12h_r_oxygen_device_none_measured,1,How often 'room air' status is recorded is a documentation/monitoring artifact rather than a physiologic driver of AKI. In 0–12h it is especially routine and nonspecific.
13_24h_r_oxygen_device_none_measured,1,Measurement frequency is a behavioral proxy and not a renal-relevant physiologic variable. Any association with AKI would be indirect and weak.
25_36h_r_oxygen_device_none_measured,1,"Late measurement frequency of room-air status mainly reflects charting intensity and care patterns, not kidney perfusion or injury. Weak and indirect at best."
0_12h_r_oxygen_device_low_flow_mean,2,"Average low-flow oxygen use early post-op reflects mild respiratory support needs and overall illness severity, which can correlate with AKI risk indirectly. Mean aggregation and the 0–12h epoch limit specificity and predictive strength."
13_24h_r_oxygen_device_low_flow_mean,1,Low-flow oxygen use is a nonspecific marker of respiratory support and does not directly reflect renal perfusion or nephrotoxic exposure. Mean use is also less informative than escalation to higher support for capturing acute severity.
25_36h_r_oxygen_device_low_flow_mean,1,"Continued low-flow oxygen at 25–36h is common post-op and is not a direct driver of AKI. It provides little incremental information compared with hemodynamics, urine output, or renal labs."
0_12h_r_oxygen_device_low_flow_max,1,"In the immediate 0–12h post-op period, transient oxygen device changes are common and weakly related to AKI risk. A max indicator for low-flow oxygen mainly reflects routine post-extubation care rather than renal insult."
13_24h_r_oxygen_device_low_flow_max,1,"A max indicator of low-flow oxygen during 13–24h is a weak proxy for illness severity and is not mechanistically linked to kidney injury. It is also less informative than markers of shock, vasopressor need, or hypoxemia metrics."
25_36h_r_oxygen_device_low_flow_max,1,Low-flow oxygen at 25–36h is generally compatible with clinical stability and has minimal direct association with AKI. It is unlikely to add predictive value beyond more kidney-relevant physiologic variables.
0_12h_r_oxygen_device_low_flow_min,1,A minimum indicator for low-flow oxygen in 0–12h is not a meaningful physiologic marker for AKI and may simply reflect periods on room air or different documentation. It does not capture renal hypoperfusion or nephrotoxicity.
13_24h_r_oxygen_device_low_flow_min,1,Minimum low-flow oxygen use in 13–24h is largely documentation/clinical practice dependent and not a renal injury mechanism. It is a weak severity proxy at best.
25_36h_r_oxygen_device_low_flow_min,1,Minimum low-flow oxygen use at 25–36h is not directly related to kidney perfusion or tubular injury. It is unlikely to discriminate AKI risk in a sparse linear model.
0_12h_r_oxygen_device_low_flow_measured,1,"Measurement frequency reflects documentation/monitoring behavior rather than physiology and is not specific for impending AKI. In 0–12h, frequent recording is routine after cardiac surgery."
13_24h_r_oxygen_device_low_flow_measured,1,How often low-flow oxygen is recorded is a weak behavioral proxy and not a direct predictor of creatinine rise. It is also heavily influenced by nursing workflow rather than renal status.
25_36h_r_oxygen_device_low_flow_measured,1,"Recording frequency of low-flow oxygen at 25–36h is not mechanistically tied to AKI and is likely noise. At most it reflects general acuity, but nonspecifically."
0_12h_r_oxygen_device_high_flow_mean,2,"High-flow oxygen suggests greater respiratory failure and overall severity, which can correlate with AKI via hypoxemia/inflammation, but it is indirect. In 0–12h this may be transient post-op, so predictive value is limited."
13_24h_r_oxygen_device_high_flow_mean,2,"Persistent high-flow oxygen in 13–24h may indicate ongoing cardiopulmonary dysfunction and higher AKI risk, but the link remains indirect. Mean use is less informative than escalation/extremes or direct hypoxemia measures."
25_36h_r_oxygen_device_high_flow_mean,3,"Ongoing need for high-flow oxygen at 25–36h is a stronger marker of sustained critical illness and potential low cardiac output/hypoxemia, which can contribute to AKI. Still, it is not a direct renal biomarker."
0_12h_r_oxygen_device_high_flow_max,2,"Any requirement for high-flow oxygen in 0–12h can reflect early postoperative instability and higher systemic stress, indirectly increasing AKI risk. However, early post-op fluctuations are common, so cap relevance in this epoch."
13_24h_r_oxygen_device_high_flow_max,3,"High-flow oxygen requirement at any point in 13–24h suggests clinically significant respiratory/cardiac dysfunction and higher illness severity, which is associated with AKI. As an extreme indicator, it better captures deterioration than the mean."
25_36h_r_oxygen_device_high_flow_max,2,"Need for high-flow oxygen at 25–36h suggests ongoing respiratory failure/low reserve and higher overall illness severity, which can correlate with AKI risk via hypoxemia and hemodynamic stress. It is not a direct renal perfusion marker and is relatively nonspecific."
0_12h_r_oxygen_device_high_flow_min,1,"In the immediate 0–12h post-op period, oxygen device requirements are often transient and protocol-driven. The minimum use of high-flow oxygen is not a clear physiologic trigger for AKI."
13_24h_r_oxygen_device_high_flow_min,1,Minimum high-flow oxygen use in 13–24h is a weak and nonspecific proxy for respiratory status and does not directly reflect renal perfusion or nephrotoxic exposure. More informative would be sustained/worst oxygenation rather than the minimum.
25_36h_r_oxygen_device_high_flow_min,1,Minimum high-flow oxygen use at 25–36h does not capture the severity of respiratory failure (the maximum/sustained need would). As such it has limited mechanistic linkage to AKI beyond general acuity.
0_12h_r_oxygen_device_high_flow_measured,1,Measurement frequency reflects documentation/monitoring behavior in the immediate post-op window rather than a physiologic mechanism for AKI. Early post-op monitoring intensity is common and not specific for impending renal injury.
13_24h_r_oxygen_device_high_flow_measured,1,How often high-flow oxygen device status is recorded is primarily a care-process signal and only weakly related to AKI risk. It may reflect general acuity but is not kidney-specific.
25_36h_r_oxygen_device_high_flow_measured,2,"More frequent documentation of high-flow oxygen at 25–36h may indicate persistent respiratory instability and clinician concern, which can correlate with multi-organ dysfunction including AKI. Still, it is a behavioral proxy and not a direct renal predictor."
0_12h_r_heart_block_type_degree_1_measured,1,Frequency of noting first-degree AV block in 0–12h is a documentation signal and not a direct driver of renal hypoperfusion. Early conduction changes post-cardiac surgery are common and often transient.
13_24h_r_heart_block_type_degree_1_measured,1,Measurement frequency of first-degree AV block is not a physiologic marker of AKI and mainly reflects monitoring intensity. First-degree block rarely causes hemodynamic compromise sufficient to precipitate AKI.
25_36h_r_heart_block_type_degree_1_measured,1,Ongoing documentation of first-degree AV block is unlikely to add kidney-specific prognostic information. It is generally benign and the feature is a monitoring proxy rather than a hemodynamic insult.
0_12h_r_heart_block_type_degree_23_measured,2,"Higher-grade AV block can be associated with bradycardia/low cardiac output and renal hypoperfusion, but in 0–12h it may be transient and treated promptly (pacing/pressors). As a measured-frequency variable, it remains an indirect proxy."
13_24h_r_heart_block_type_degree_23_measured,2,"Persistent concern/monitoring for high-grade AV block in 13–24h may reflect ongoing hemodynamic instability that can contribute to AKI risk. However, this is still a documentation-frequency feature rather than a direct hemodynamic measurement."
25_36h_r_heart_block_type_degree_23_measured,2,"Monitoring for high-grade AV block at 25–36h may indicate sustained conduction-related instability and higher risk of renal hypoperfusion. Nonetheless, as a 'measured' feature it is an indirect care-process marker and should be down-weighted."
0_12h_r_heart_block_type_bundle_branch_block_measured,1,Bundle branch block is often chronic or perioperative and typically does not directly cause renal hypoperfusion. Measurement frequency in 0–12h is mainly a monitoring/documentation artifact.
13_24h_r_heart_block_type_bundle_branch_block_measured,1,Documentation frequency of bundle branch block is not kidney-specific and usually does not imply hemodynamic collapse. It is a weak proxy for overall cardiac disease burden at best.
25_36h_r_heart_block_type_bundle_branch_block_measured,1,"Ongoing recording of bundle branch block at 25–36h provides little incremental information about AKI risk compared with direct hemodynamic variables. As a measured-frequency feature, it is primarily a care-process signal."
0_12h_ionized_calcium_mean,2,"Ionized calcium abnormalities can reflect transfusion/citrate load and hemodynamic instability, which may indirectly affect renal perfusion. Mean values in the immediate post-op window are less specific for AKI than extremes and are often transient."
13_24h_ionized_calcium_mean,2,"Persistent calcium derangements may correlate with ongoing critical illness and vasopressor needs, indirectly impacting kidney perfusion. The mean is still a smoothed measure and not a primary AKI driver."
25_36h_ionized_calcium_mean,2,"Later sustained hypocalcemia/hypercalcemia can mark ongoing severity of illness, but ionized calcium is not a direct biomarker of AKI. Mean aggregation is less informative than the minimum for capturing clinically relevant hypocalcemia."
0_12h_ionized_calcium_max,1,Transient hypercalcemia is uncommon and usually treatment-related; it is not a typical trigger for post-cardiac surgery AKI. Early post-op maxima are unlikely to add specific prognostic value.
13_24h_ionized_calcium_max,1,Ionized calcium maxima generally reflect supplementation rather than pathology driving AKI. Not a recognized direct predictor of creatinine rise.
25_36h_ionized_calcium_max,1,Later high ionized calcium is more likely iatrogenic (replacement) than a causal AKI mechanism. Provides little incremental signal compared with hemodynamics and renal labs.
0_12h_ionized_calcium_min,3,"Hypocalcemia can accompany massive transfusion/citrate exposure and shock physiology, which are associated with AKI risk. The minimum better captures acute derangement than the mean, but early post-op changes are often transient (cap at 3)."
13_24h_ionized_calcium_min,3,"Ongoing hypocalcemia may indicate persistent critical illness, ongoing transfusion, or sepsis-like physiology, all associated with AKI risk. The minimum captures clinically relevant derangement better than mean/max."
25_36h_ionized_calcium_min,3,"Persistent or recurrent hypocalcemia closer to the outcome can reflect ongoing severity of illness and hemodynamic instability, indirectly increasing AKI risk. Still not kidney-specific, so not scored as a strong direct predictor."
0_12h_ionized_calcium_measured,1,Measurement frequency mainly reflects routine post-cardiac surgery monitoring and transfusion management rather than a direct AKI mechanism. Early ordering is common and not specific for impending renal injury.
13_24h_ionized_calcium_measured,1,"Repeated checks may reflect ongoing ICU acuity but are not specific for renal dysfunction. As a behavioral proxy, it should remain low importance."
25_36h_ionized_calcium_measured,2,"More frequent ionized calcium checks later may indicate ongoing instability (e.g., continued transfusions/vasopressors), which can correlate with AKI risk. Still a proxy for clinician concern rather than physiology."
0_12h_magnesium_mean,2,"Magnesium abnormalities can accompany arrhythmias, diuretic use, and critical illness, indirectly relating to renal perfusion and AKI risk. Mean values in the immediate post-op period are often influenced by replacement and dilution."
13_24h_magnesium_mean,2,"Sustained magnesium derangements may reflect ongoing illness severity or renal handling changes, but magnesium is not a primary AKI predictor. Mean aggregation reduces sensitivity to clinically important extremes."
25_36h_magnesium_mean,2,"Later magnesium trends can reflect renal clearance and overall severity, but mean values are less informative than maxima/minima for detecting clinically meaningful dysmagnesemia. Not a direct biomarker of AKI."
0_12h_magnesium_max,2,"Early hypermagnesemia can occur with supplementation and reduced clearance, and may correlate with physiologic stress, but it is not a strong causal driver of AKI. In the 0–12h window, maxima are often iatrogenic and transient."
13_24h_magnesium_max,2,Hypermagnesemia is usually iatrogenic (replacement/renal clearance) and is not a primary AKI driver; in this mid window it is at best an indirect marker of evolving renal dysfunction.
25_36h_magnesium_max,3,"Later hypermagnesemia can reflect reduced renal clearance and may track with worsening kidney function, though it is not a definitive AKI biomarker compared with creatinine/urine output."
0_12h_magnesium_min,2,Early hypomagnesemia is common after CPB/diuresis and may reflect illness severity but is not a direct mechanism for AKI; capped due to early epoch and indirectness.
13_24h_magnesium_min,2,Ongoing low magnesium may indicate diuretic use or poor nutrition and correlates weakly with severity of illness rather than directly predicting AKI.
25_36h_magnesium_min,2,Low magnesium late is more often replacement/diuretic-related and has limited direct linkage to renal tubular injury; weaker than hemodynamics/acid-base markers.
0_12h_magnesium_measured,1,"Measurement frequency mainly reflects routine ICU monitoring and clinician behavior in the immediate post-op period, not a physiologic AKI mechanism."
13_24h_magnesium_measured,1,Ordering frequency is a weak proxy for acuity and is not specific for impending AKI.
25_36h_magnesium_measured,2,"More frequent magnesium checks late may reflect concern for renal clearance/electrolyte instability, but remains a behavioral proxy rather than a direct predictor."
0_12h_base_excess_mean,2,Average base excess in the first 12h is often transiently abnormal from CPB/anesthesia and dilution; mean smooths extremes that better capture hypoperfusion-related AKI risk.
13_24h_base_excess_mean,3,"Persistently negative base excess over 13–24h suggests ongoing metabolic acidosis/hypoperfusion, which is associated with AKI risk, though mean is less sensitive than minima."
25_36h_base_excess_mean,3,"Sustained metabolic acidosis closer to the outcome window can indicate ongoing shock/poor perfusion and correlates with AKI risk, but extremes typically capture the insult better."
0_12h_base_excess_max,1,"Alkalosis (high base excess) is not a typical trigger for AKI and in the immediate post-op window is often iatrogenic (bicarbonate/ventilation), offering little prognostic value."
13_24h_base_excess_max,1,Higher base excess generally reflects alkalemia/compensation and is not a direct marker of renal hypoperfusion or tubular injury.
25_36h_base_excess_max,1,Maximum base excess is unlikely to capture the pathologic state relevant to AKI (which is more tied to negative base excess/metabolic acidosis).
0_12h_base_excess_min,3,"The most negative base excess captures early metabolic acidosis from hypoperfusion/lactate burden, a plausible AKI trigger, but capped at 3 due to the immediate post-op epoch."
13_24h_base_excess_min,4,"A markedly negative base excess in 13–24h suggests persistent metabolic acidosis and inadequate perfusion/ongoing shock, a strong direct predictor of subsequent AKI."
25_36h_base_excess_min,4,"A very negative base excess late (25–36h) reflects significant metabolic acidosis from hypoperfusion/lactate or renal acid retention, both strongly associated with evolving AKI after cardiac surgery. The minimum captures acute insult better than mean/max for AKI risk."
0_12h_base_excess_measured,1,Measurement frequency mainly reflects clinician monitoring intensity immediately post-op rather than a renal mechanism. In the 0–12h window it is especially confounded by routine post-bypass ABG protocols.
13_24h_base_excess_measured,1,Ordering frequency is a behavioral proxy for acuity and is not a direct physiologic driver of AKI. In 13–24h it may reflect instability but remains nonspecific.
25_36h_base_excess_measured,2,"More frequent ABGs late may indicate ongoing shock/ventilatory or metabolic derangements that correlate with AKI risk, but it is still an indirect clinician-behavior marker rather than a biomarker."
0_12h_direct_bilirubin_measured,1,"Test frequency reflects concern for hepatic dysfunction/cholestasis rather than kidney injury, and early post-op labs are often routine. It provides minimal specific signal for creatinine rise."
13_24h_direct_bilirubin_measured,1,Direct bilirubin ordering frequency is largely a monitoring/acuity proxy and not a direct AKI mechanism. Any association with AKI is indirect via overall organ dysfunction.
25_36h_direct_bilirubin_measured,2,"Late increased bilirubin monitoring can indicate worsening hepatic dysfunction or sepsis/multiorgan failure, which correlates with AKI risk, but measurement count remains indirect and nonspecific."
0_12h_wbc_mean,2,"Mean WBC early is influenced by surgical stress and steroids and is a nonspecific inflammation marker. Because extremes are more informative for infection/SIRS, the mean is capped to reduce collinearity."
13_24h_wbc_mean,2,"Sustained leukocytosis/leukopenia may reflect infection/SIRS that can contribute to AKI, but mean is less informative than extremes. Kept low to avoid redundancy with WBC max/min."
25_36h_wbc_mean,2,"Late average WBC can reflect ongoing inflammation/infection associated with AKI, but it is nonspecific and less sensitive than max/min for acute derangements. Capped to limit collinearity."
0_12h_wbc_max,3,"Marked leukocytosis early can indicate severe inflammatory response or early infection, which increases AKI risk via cytokine-mediated injury and hemodynamic instability. Score capped by 0–12h epoch where transient stress leukocytosis is common."
13_24h_wbc_max,3,"High WBC max in 13–24h is more suggestive of evolving infection/SIRS than immediate post-op stress alone and is associated with AKI risk. Still indirect and nonspecific, so not a top-tier predictor."
25_36h_wbc_max,4,"A high WBC maximum close to the outcome window can signal sepsis/SIRS or ongoing inflammatory complications, which strongly predispose to AKI through hypotension, microvascular dysfunction, and nephrotoxic exposures. The max captures the acute inflammatory peak better than mean."
0_12h_wbc_min,2,"Early leukopenia can reflect hemodilution, consumption, or severe systemic response, but in the immediate post-op period it is often transient and nonspecific. Extremes matter more than mean, but epoch limits strength."
13_24h_wbc_min,3,"Leukopenia in 13–24h may indicate severe infection, marrow suppression, or consumption and is associated with higher risk of multiorgan dysfunction including AKI. It remains an indirect marker rather than a renal-specific signal."
25_36h_wbc_min,4,Late leukopenia can be a marker of severe sepsis or critical illness with high AKI risk due to shock and inflammatory microcirculatory injury. The minimum captures this high-risk extreme better than the mean.
0_12h_wbc_measured,1,"Measurement frequency mainly reflects clinician concern/inflammation surveillance rather than a direct AKI mechanism, and early post-op labs are routine. Per epoch rule (0–12h), keep conservative."
13_24h_wbc_measured,1,Ordering frequency is a behavioral proxy and is commonly routine in ICU care; it is not a physiologic driver of AKI. At 13–24h it may reflect evolving infection concern but remains indirect.
25_36h_wbc_measured,2,"More frequent WBC checks late may indicate suspected sepsis/infection, which can precipitate AKI via shock/inflammation, but this is still indirect and non-specific. As a _measured feature it is capped at 1–2."
0_12h_prothrombin_time_mean,2,"Coagulopathy in liver disease can correlate with illness severity and bleeding/transfusion risk, indirectly affecting renal perfusion, but mean PT in the immediate post-op window is non-specific. Also likely collinear with PT extremes, so keep low."
25_36h_prothrombin_time_mean,2,"Persistently prolonged PT may reflect ongoing hepatic dysfunction/critical illness and bleeding risk, indirectly linked to AKI, but the mean is less informative than the worst derangement. Capped to reduce redundancy with PT_max."
0_12h_prothrombin_time_max,3,"A high PT early can signal significant coagulopathy/bleeding risk and potential hemodynamic instability/transfusion exposure, which are established AKI risk factors. However, in 0–12h many abnormalities are transient, so max score is limited."
25_36h_prothrombin_time_max,3,"A markedly prolonged PT close to the outcome suggests ongoing severe hepatic dysfunction/critical illness and higher likelihood of bleeding/transfusion and shock, which increase AKI risk. PT is not a renal biomarker, so not scored as 4–5."
0_12h_prothrombin_time_min,1,Low/normal PT is not a trigger for AKI and is generally reassuring; the minimum value is unlikely to capture pathology relevant to renal injury. Early post-op values are also influenced by perioperative management.
25_36h_prothrombin_time_min,1,The minimum PT in this window does not represent a harmful exposure for kidneys and is less clinically meaningful than the maximum derangement. It adds redundancy without capturing AKI-driving pathology.
0_12h_prothrombin_time_measured,1,"PT ordering frequency is largely routine after cardiac surgery and in liver disease, and does not directly reflect renal physiology. As a _measured feature it should remain low, especially in 0–12h."
13_24h_prothrombin_time_measured,1,Repeated PT checks mainly reflect monitoring/concern for bleeding or liver dysfunction rather than a direct AKI mechanism. As a behavioral proxy it is weakly predictive at best.
25_36h_prothrombin_time_measured,2,"More frequent PT testing late may indicate active bleeding, worsening liver failure, or procedural needs, which can secondarily increase AKI risk via hypotension/transfusion. Still indirect and capped due to _measured rule."
0_12h_nucleated_red_blood_cells_mean,2,"NRBCs can indicate severe physiologic stress, hypoxemia, or inflammation, which may correlate with AKI risk, but mean values early post-op are non-specific. Also likely less informative than an extreme value."
13_24h_nucleated_red_blood_cells_mean,2,"Persistent NRBCs suggest ongoing critical illness/hypoxia and correlate with worse outcomes, indirectly including AKI. Mean aggregation is less sensitive to acute insults than a maximum."
25_36h_nucleated_red_blood_cells_mean,2,"Ongoing NRBC presence near hour 36 can mark sustained stress/hypoxemia and higher illness severity, indirectly associated with AKI. Mean is still a smoothed measure and not kidney-specific, so kept modest."
0_12h_nucleated_red_blood_cells_max,3,"A high NRBC peak may better capture acute hypoxic/low-flow stress or severe inflammation, which are established contributors to AKI risk after cardiac surgery. In 0–12h, abnormalities can be transient, so capped at 3."
13_24h_nucleated_red_blood_cells_max,2,"Elevated NRBCs can reflect systemic stress, hypoxemia, inflammation, or severe illness that correlates with AKI risk, but it is not kidney-specific. Max is more informative than mean for acute physiologic insult, but in this mid window it remains an indirect marker."
25_36h_nucleated_red_blood_cells_max,3,Persistently high NRBCs closer to the outcome suggests ongoing hypoxia/critical illness and is associated with worse organ dysfunction including AKI. As an extreme value it may capture episodic severe stress better than averages.
0_12h_nucleated_red_blood_cells_min,1,"A low/normal NRBC minimum is not mechanistically linked to AKI and mainly reflects absence of severe stress. In the immediate post-op period, transient changes are common and the minimum adds little prognostic value."
13_24h_nucleated_red_blood_cells_min,1,NRBC minimum is generally uninformative for AKI risk because pathology is reflected by elevations rather than lows. It adds little beyond other severity markers.
25_36h_nucleated_red_blood_cells_min,1,The minimum NRBC value does not capture the stress physiology associated with AKI; elevations would be the relevant signal. Likely redundant/noisy for prediction.
0_12h_nucleated_red_blood_cells_measured,1,Measurement frequency mainly reflects ordering behavior and routine CBC/differential practices rather than renal physiology. In the first 12 hours it is especially driven by standard post-op monitoring.
13_24h_nucleated_red_blood_cells_measured,1,How often NRBCs are measured is a weak proxy for acuity and is not a direct driver of AKI. Typically reflects lab panel frequency rather than kidney injury.
25_36h_nucleated_red_blood_cells_measured,2,"More frequent measurement may indicate clinician concern for ongoing critical illness/hemolysis/hypoxia, which can correlate with AKI risk. Still an indirect behavioral proxy, not a physiologic mechanism."
0_12h_glucose_mean,2,"Stress hyperglycemia is associated with worse outcomes and may contribute to AKI risk via inflammation/endothelial dysfunction, but mean values early post-op are heavily influenced by transient perioperative factors. Mean is less informative than extremes for acute insult."
13_24h_glucose_mean,2,"Sustained dysglycemia can reflect severity of illness and is linked to AKI risk, but the mean blunts clinically relevant peaks/lows. In this trajectory window it remains an indirect predictor."
25_36h_glucose_mean,2,"Persistent hyperglycemia closer to hour 60 can track ongoing stress and is associated with AKI, but mean values are less specific than extremes and are influenced by insulin protocols. Thus it is a modest, indirect predictor."
0_12h_glucose_max,3,"Marked hyperglycemic spikes can indicate severe stress response/catecholamine use and are associated with postoperative complications including AKI. In the immediate 0–12h window, however, perioperative transience limits the score (cap at 3)."
13_24h_glucose_max,3,"High glucose maxima in this period suggest ongoing stress/infection/catecholamine exposure and correlate with AKI risk. Max captures the pathologic excursion better than mean, but remains non-specific."
25_36h_glucose_max,3,"Late hyperglycemic peaks may reflect persistent critical illness and are associated with higher AKI risk and worse recovery trajectory. Max is preferred over mean for capturing harmful excursions, though it is still not kidney-specific."
0_12h_glucose_min,2,"Hypoglycemia can reflect overtreatment with insulin or hepatic dysfunction and is associated with increased mortality and organ dysfunction, but it is not a direct AKI mechanism. Early post-op lows may be transient and protocol-driven."
13_24h_glucose_min,2,"Hypoglycemic episodes in this window can indicate instability, liver dysfunction, or aggressive insulin therapy and correlate with adverse outcomes including AKI. Minimum captures the clinically relevant extreme better than mean, but remains indirect."
25_36h_glucose_min,2,"Hypoglycemia can reflect severe illness, hepatic dysfunction, or over-insulinization and is associated with worse ICU outcomes, but it is not a direct AKI driver. As an extreme value it may capture acute stress/instability, yet linkage to creatinine rise is indirect."
0_12h_glucose_measured,1,"Measurement frequency mainly reflects ICU protocol intensity (e.g., insulin infusion monitoring) rather than renal physiology. In the immediate post-op window it is especially non-specific for later AKI."
13_24h_glucose_measured,1,Ordering frequency is a behavioral proxy for acuity/insulin titration and does not directly indicate kidney injury. It adds little specific signal for creatinine_ratio beyond overall illness severity.
25_36h_glucose_measured,2,"More frequent glucose checks may indicate ongoing instability (vasopressors, insulin drip, sepsis) closer to the outcome window, which can correlate with AKI risk. Still, it is not a physiologic mechanism and remains non-specific."
0_12h_platelets_mean,2,Thrombocytopenia after CPB is common and often transient; mean values in 0–12h are less informative for AKI than nadir. It may weakly reflect inflammation/consumption and overall severity.
13_24h_platelets_mean,2,"Persistently lower platelets can correlate with systemic inflammation, bleeding/transfusion, or sepsis which are associated with AKI, but the mean blunts the clinically relevant nadir. Thus it is an indirect predictor."
25_36h_platelets_mean,2,"Later thrombocytopenia can track ongoing critical illness and microvascular dysfunction, which may accompany AKI, but mean platelet count is less pathophysiologically specific than the minimum. To reduce collinearity with platelet_min, keep this low."
0_12h_platelets_max,1,A high platelet value is rarely a trigger for AKI and is often driven by measurement variability or transfusion effects. In the immediate post-op period it provides minimal renal prognostic information.
13_24h_platelets_max,1,Platelet maxima are not mechanistically linked to renal hypoperfusion or tubular injury and are generally non-informative for AKI prediction. Any association would be incidental.
25_36h_platelets_max,1,"Even close to the outcome window, platelet maximum does not capture the clinically relevant pathology (consumption/nadir) related to shock or inflammation. It is unlikely to add meaningful AKI signal."
0_12h_platelets_min,3,"The platelet nadir can reflect CPB-related consumption, bleeding/DIC, or early systemic inflammation, which correlate with hemodynamic instability and AKI risk. However, in 0–12h it is often transient, so cap at 3."
13_24h_platelets_min,3,A low platelet nadir in this trajectory phase suggests ongoing consumption/inflammation or sepsis and is more concerning than immediate post-op changes. It is an established but non-specific risk marker for AKI.
25_36h_platelets_min,4,"A low platelet nadir close to hour 60 can indicate persistent shock, sepsis, DIC, or microvascular dysfunction, all strongly associated with subsequent AKI and creatinine rise. As an extreme value, it better captures pathology than mean/max."
0_12h_platelets_measured,1,Frequency of platelet checks reflects monitoring/transfusion workflows rather than renal injury mechanisms. In the immediate post-op period it is routine and non-specific.
13_24h_platelets_measured,1,"Ordering frequency is primarily a proxy for clinician concern (bleeding, coagulopathy) and does not directly predict creatinine_ratio. It adds limited incremental renal-specific information."
25_36h_platelets_measured,2,"More frequent platelet monitoring later may indicate active bleeding/coagulopathy or sepsis management, which can co-occur with AKI risk. Still, it is a behavioral proxy and remains non-specific."
0_12h_mean_corpuscular_hemoglobin_mean,1,Mean corpuscular hemoglobin (MCH) is not a direct marker of renal perfusion or tubular injury; perioperative shifts are unlikely to causally drive AKI. Early (0–12h) values are also prone to dilution/transfusion effects.
13_24h_mean_corpuscular_hemoglobin_mean,1,MCH has minimal physiologic linkage to AKI risk compared with hemoglobin/hematocrit and hemodynamics. The mean over this window is unlikely to add prognostic signal for creatinine rise.
25_36h_mean_corpuscular_hemoglobin_mean,1,"Even close to the outcome window, MCH is not an established predictor of postoperative AKI and mainly reflects RBC indices rather than kidney stress. Any association would be indirect and weak."
0_12h_mean_corpuscular_hemoglobin_max,1,"An elevated MCH maximum is not a recognized trigger or biomarker for AKI; extremes here are more likely analytic/transfusion-related than pathophysiologic. Given collinearity with other MCH summaries, it should not be prioritized."
13_24h_mean_corpuscular_hemoglobin_max,1,MCH maxima do not capture a known renal insult mechanism (unlike hypotension or lactate). Any signal would be incidental and not clinically actionable for AKI prediction.
25_36h_mean_corpuscular_hemoglobin_max,1,"Late-window MCH maximum remains a weak, non-specific RBC index with no direct relationship to creatinine trajectory. It is unlikely to improve sparse linear prediction of AKI."
0_12h_mean_corpuscular_hemoglobin_min,1,"Low MCH is not a direct marker of renal hypoperfusion or nephrotoxicity; it more often reflects chronic anemia/microcytosis. In the immediate postoperative period, dilution and transfusion confound interpretation."
13_24h_mean_corpuscular_hemoglobin_min,1,MCH minimum is not an established AKI predictor and is largely orthogonal to kidney injury mechanisms. Any association would be indirect via overall illness/anemia rather than renal physiology.
25_36h_mean_corpuscular_hemoglobin_min,1,"Even as a leading indicator window, MCH minimum is not a meaningful biomarker for impending creatinine rise. Prefer hemodynamics, urine output, lactate, and renal labs over RBC indices."
0_12h_mean_corpuscular_hemoglobin_measured,1,"Measurement frequency reflects ordering behavior (CBC frequency) rather than renal pathophysiology. In 0–12h post-cardiac surgery, CBCs are routine and not specific for AKI concern."
13_24h_mean_corpuscular_hemoglobin_measured,1,CBC/MCH measurement counts mainly indicate monitoring intensity and are not specific to kidney injury suspicion. This is a weak behavioral proxy and should be low-importance.
25_36h_mean_corpuscular_hemoglobin_measured,1,"Even later, repeated CBCs are often driven by anemia/bleeding surveillance rather than AKI evaluation. As a _measured feature, it should remain low unless clearly tied to renal workup."
0_12h_sodium_mean,2,"Mean sodium reflects fluid balance and neurohormonal stress but is not a direct AKI biomarker; early postoperative dysnatremias are common and transient. Given the 0–12h cap and limited specificity, importance is modest."
13_24h_sodium_mean,2,"Sustained dysnatremia can correlate with severity of illness and fluid management that may affect renal perfusion, but it remains indirect. The mean may dilute clinically relevant extremes, limiting predictive value."
25_36h_sodium_mean,2,"Later sodium trends can reflect ongoing fluid overload/diuresis and overall physiologic stress, which may track with AKI risk, but the link is still indirect. Mean sodium is less informative than acute extremes or direct renal/hemodynamic markers."
0_12h_sodium_max,3,"Hypernatremia extremes can indicate significant free-water deficit, osmotic load, or aggressive diuresis, which may worsen renal perfusion and correlate with AKI risk. As an extreme, it is more pathologically informative than the mean, though early postoperative confounding remains (0–12h cap)."
13_24h_sodium_max,2,"Hypernatremia can reflect dehydration/free-water deficit or high sodium load, which may worsen renal perfusion, but it is an indirect and nonspecific AKI signal. Max is more relevant than mean for acute osmotic stress, but in this epoch it remains a weak predictor."
25_36h_sodium_max,2,"Later hypernatremia may indicate ongoing volume/free-water issues or aggressive diuresis and correlates with illness severity, but it is not a direct AKI biomarker. Max captures the insult better than mean, yet remains an indirect link."
0_12h_sodium_min,2,"Early hyponatremia is common post-bypass due to hemodilution and fluids and is usually transient, making it a weak AKI predictor in the immediate period. The minimum is the most pathologic aggregation, but scoring is capped by the 0–12h window."
13_24h_sodium_min,2,"Hyponatremia may reflect fluid overload, heart failure physiology, or hepatic disease severity, which can associate with AKI risk, but it is indirect. Minimum is preferable to mean for capturing clinically meaningful lows."
25_36h_sodium_min,2,"Persistent or worsening hyponatremia closer to outcome can indicate ongoing fluid overload/low effective arterial volume, which can contribute to renal hypoperfusion, but remains nonspecific. Minimum best captures the derangement but is still an indirect predictor."
0_12h_sodium_measured,1,Measurement frequency mainly reflects routine ICU lab cadence and clinician behavior rather than a renal mechanism. In the immediate post-op period sodium is commonly checked regardless of AKI concern.
13_24h_sodium_measured,1,Sodium check frequency is largely protocol-driven and not specific for impending AKI. It is a weak behavioral proxy for acuity at best.
25_36h_sodium_measured,2,"More frequent sodium checks later may reflect concern about fluid/diuretic management or dysnatremias in a sicker patient, indirectly correlating with AKI risk. Still primarily a behavior/protocol signal rather than physiology."
0_12h_teg_platelet_aggregation_measured,1,Ordering TEG platelet aggregation reflects bleeding/coagulopathy evaluation rather than kidney injury physiology. In the first 12 hours it is common after cardiac surgery and not specific for AKI.
13_24h_teg_platelet_aggregation_measured,1,This is a clinician-behavior marker for coagulation/bleeding management and has no direct mechanistic link to AKI. Any association would be via overall severity of illness and is weak.
25_36h_teg_platelet_aggregation_measured,2,"Late need for platelet function testing may indicate ongoing bleeding/transfusion needs or complications that can contribute to renal hypoperfusion, but it remains indirect. As a measured/ordered feature it is still mostly a proxy for acuity."
0_12h_mean_corpuscular_hemoglobin_concentration_mean,1,"MCHC is not a standard driver or marker of AKI; early post-op values are influenced by hemodilution and transfusion. Mean further smooths any transient extremes, limiting relevance."
13_24h_mean_corpuscular_hemoglobin_concentration_mean,1,MCHC has minimal physiologic connection to renal perfusion or nephrotoxicity and is rarely used for AKI risk stratification. The mean aggregation is unlikely to capture meaningful pathology.
25_36h_mean_corpuscular_hemoglobin_concentration_mean,1,"Even close to outcome, MCHC is not a recognized predictor of postoperative AKI and mainly reflects anemia indices and lab variation. Mean values are nonspecific for renal injury."
0_12h_mean_corpuscular_hemoglobin_concentration_max,2,"A high MCHC can occur with hemolysis/spherocytosis or lab artifact; severe hemolysis could contribute to pigment nephropathy, but this is uncommon and nonspecific post-cardiac surgery. Max is the only aggregation that could capture a relevant extreme, but 0–12h scoring is conservative."
13_24h_mean_corpuscular_hemoglobin_concentration_max,2,"An elevated MCHC maximum could weakly signal hemolysis or transfusion-related effects that may correlate with AKI risk, but evidence is indirect. Max is preferred over mean for capturing a potentially pathologic spike."
25_36h_mean_corpuscular_hemoglobin_concentration_max,2,"MCHC extremes can reflect hemoconcentration or transfusion effects, which may correlate indirectly with renal hypoperfusion. It is not a direct AKI marker and is less informative than hemodynamics/creatinine-related labs."
0_12h_mean_corpuscular_hemoglobin_concentration_min,1,"Early postoperative MCHC changes are common and nonspecific (dilution, transfusion) and are not a primary AKI driver. In the 0–12h epoch, transient shifts further limit prognostic value."
13_24h_mean_corpuscular_hemoglobin_concentration_min,2,"Persistently low MCHC may indicate ongoing hemodilution/bleeding and higher illness severity, which can indirectly relate to AKI risk. Still, it is not a direct renal perfusion or injury marker."
25_36h_mean_corpuscular_hemoglobin_concentration_min,2,"Later low MCHC may track ongoing dilution or anemia management and indirectly reflect instability that can predispose to AKI. However, it remains a weak, nonspecific proxy compared with BP/vasopressors/urine output."
0_12h_mean_corpuscular_hemoglobin_concentration_measured,1,"Measurement frequency mainly reflects routine CBC ordering and general acuity rather than a renal mechanism. In the immediate post-op window, frequent labs are standard and not specific for impending AKI."
13_24h_mean_corpuscular_hemoglobin_concentration_measured,1,"Ordering frequency is a behavioral proxy and usually reflects routine monitoring or anemia/bleeding evaluation, not kidney injury. It provides minimal specific signal for creatinine rise."
25_36h_mean_corpuscular_hemoglobin_concentration_measured,1,"More frequent MCHC checks may indicate ongoing concern for bleeding/transfusion but is not kidney-specific. As a measured-count feature, it should remain low importance for AKI prediction."
0_12h_hematocrit_mean,2,"Average hematocrit reflects overall oxygen-carrying capacity and dilution/transfusion, which can influence renal oxygen delivery indirectly. In 0–12h it is heavily confounded by bypass-related hemodilution and fluid shifts."
13_24h_hematocrit_mean,2,Sustained anemia/hemodilution can contribute to renal hypoxia and correlate with severity of illness. Mean values are less sensitive than extremes for capturing clinically relevant low hematocrit episodes.
25_36h_hematocrit_mean,2,"Later mean hematocrit may reflect ongoing anemia or hemodilution that can worsen renal oxygen delivery, but it is still indirect. Extremes (especially low nadirs) are typically more pathophysiologically relevant than the mean."
0_12h_hematocrit_max,1,High hematocrit early post-op often reflects hemoconcentration or transfusion and is not a typical direct trigger for AKI compared with hypotension/low flow. In the initial 0–12h period it is particularly nonspecific.
13_24h_hematocrit_max,1,A high hematocrit is generally not a strong predictor of AKI in this context and may reflect transfusion strategy rather than renal injury. It provides limited incremental information versus low hematocrit or hemodynamic variables.
25_36h_hematocrit_max,1,Later high hematocrit may indicate hemoconcentration but is not an established direct predictor of postoperative AKI. Low hematocrit extremes are more clinically relevant for renal oxygen delivery than high extremes.
0_12h_hematocrit_min,3,"A low hematocrit nadir can indicate significant hemodilution/bleeding and reduced oxygen delivery, which can contribute to renal ischemia. Even in 0–12h (cap 3), the minimum is the most pathologically relevant aggregation."
13_24h_hematocrit_min,3,"Persistently low hematocrit nadirs in the trajectory phase suggest ongoing bleeding/hemodilution and impaired oxygen delivery, increasing AKI risk. The minimum captures clinically meaningful anemia better than the mean/max."
25_36h_hematocrit_min,4,"A low hematocrit nadir close to the outcome window can reflect ongoing anemia/bleeding and reduced renal oxygen delivery, a plausible contributor to ischemic AKI. Among hematocrit aggregations, the minimum best captures the injurious exposure."
0_12h_hematocrit_measured,2,"Measurement frequency mainly reflects monitoring intensity/bleeding concern rather than renal physiology. Early post-op (0–12h) ordering is routine after cardiac surgery, so it is a weak proxy for AKI risk."
13_24h_hematocrit_measured,2,"More frequent hematocrit checks may indicate ongoing bleeding/transfusion needs and higher acuity, which can indirectly relate to renal hypoperfusion. Still a behavioral proxy rather than a direct AKI mechanism."
25_36h_hematocrit_measured,2,"Late frequent hematocrit monitoring can signal persistent instability/bleeding or transfusion, indirectly increasing AKI risk via hypoperfusion. As a _measured feature it remains an indirect, non-physiologic marker."
0_12h_absolute_basophil_count_mean,1,Basophil count has no established relationship to renal perfusion or post-cardiac surgery AKI. Mean values in the immediate post-op window are unlikely to add prognostic value.
13_24h_absolute_basophil_count_mean,1,No meaningful physiologic link between basophil count and AKI risk in this context. Mean aggregation further reduces any potential signal.
0_12h_absolute_basophil_count_max,1,"Even extreme basophil elevations are not a recognized trigger or marker of AKI after cardiac surgery. In 0–12h, transient lab variability is common and non-specific."
13_24h_absolute_basophil_count_max,1,"Basophil maxima do not capture a known AKI pathway (perfusion, nephrotoxins, inflammation markers more relevant). Likely noise/collinear with general CBC patterns."
0_12h_absolute_basophil_count_min,1,Basophil nadir is not clinically tied to kidney injury risk or hemodynamic compromise. Early post-op minima are non-specific.
13_24h_absolute_basophil_count_min,1,No established association between low basophils and AKI; does not reflect renal perfusion or nephrotoxic exposure. Likely uninformative.
0_12h_absolute_basophil_count_measured,1,Frequency of basophil measurement is essentially frequency of CBC with differential and reflects routine care rather than AKI suspicion. Weak behavioral proxy at best.
13_24h_absolute_basophil_count_measured,1,CBC/differential ordering frequency is not specific for impending AKI and is often protocolized in ICU care. Provides minimal incremental prognostic information.
25_36h_absolute_basophil_count_measured,1,Even later measurement frequency remains a non-specific marker of monitoring intensity rather than renal injury. Unlikely to meaningfully predict creatinine rise.
0_12h_percent_lymphocytes_mean,2,"Lymphopenia can reflect stress response/inflammation and higher illness severity, which may indirectly correlate with AKI risk. In 0–12h and as a mean, it is non-specific and capped for conservatism."
13_24h_percent_lymphocytes_mean,2,"Persistent lymphopenia may indicate ongoing systemic stress/inflammation and worse trajectory, indirectly associated with AKI. Mean aggregation is less informative than extremes and remains non-specific."
0_12h_percent_lymphocytes_max,2,A high lymphocyte percentage is not a direct AKI driver; extremes may reflect relative neutropenia or lab shifts rather than renal perfusion. Early post-op variability limits specificity (max score constrained in 0–12h).
13_24h_percent_lymphocytes_max,2,"Max lymphocyte percentage is not a recognized mechanistic predictor of AKI; at best it tracks systemic inflammatory patterns indirectly. Not as pathophysiologically targeted as hemodynamics, lactate, urine output, or creatinine trends."
0_12h_percent_lymphocytes_min,2,"Low lymphocyte percentage can reflect stress response/inflammation or infection risk, which may indirectly relate to AKI, but it is not a direct renal perfusion marker. Early 0–12h post-op values are often transient and nonspecific."
13_24h_percent_lymphocytes_min,2,"Persistent lymphopenia may indicate ongoing systemic stress or infection risk that can contribute indirectly to AKI. Still, it is not an established direct predictor of creatinine rise."
0_12h_percent_lymphocytes_measured,1,Measurement frequency mainly reflects ordering behavior/routine CBC monitoring rather than kidney physiology. In the immediate post-op window it is standard care and not specific for impending AKI.
13_24h_percent_lymphocytes_measured,1,CBC monitoring frequency is a weak proxy for acuity and is not mechanistically linked to AKI. Typically routine in ICU post-cardiac surgery patients.
25_36h_percent_lymphocytes_measured,1,"Even closer to outcome, repeated lymphocyte checks mostly reflect general monitoring rather than renal-specific concern. Not a strong indicator of creatinine trajectory."
0_12h_random_vancomycin_level_measured,2,"Ordering a vancomycin level suggests exposure to a potentially nephrotoxic drug and clinician concern about dosing/renal clearance. As a measured (behavioral) feature and in 0–12h, it is only an indirect AKI signal."
13_24h_random_vancomycin_level_measured,2,"Vancomycin level monitoring implies ongoing exposure and concern for accumulation with reduced clearance, which can precede AKI. Still, it is a measurement-order proxy rather than a physiologic biomarker."
25_36h_random_vancomycin_level_measured,2,"Closer to hour-60 creatinine, checking random vancomycin levels may reflect suspected impaired clearance and nephrotoxicity risk. However, as a measured feature it remains indirect and capped at 2."
0_12h_vancomycin_trough_measured,2,Trough monitoring indicates vancomycin exposure and concern for high levels associated with nephrotoxicity. In the immediate post-op period it is less specific for subsequent AKI and is still an ordering proxy.
13_24h_vancomycin_trough_measured,2,"Trough checks may reflect concern for accumulation due to declining renal function and higher nephrotoxic risk. As a measured feature, it is an indirect signal and capped at 2."
25_36h_vancomycin_trough_measured,2,"Late trough monitoring can indicate suspected reduced clearance and heightened nephrotoxicity risk near the outcome window. Nonetheless it reflects clinician behavior more than physiology, so it remains low importance."
0_12h_o2_saturation_mean,2,"Sustained hypoxemia can worsen renal ischemia and contribute to AKI, but mean SpO2 in 0–12h is often influenced by ventilation/anesthesia and transient factors. Extremes would be more informative than averages for acute insults."
13_24h_o2_saturation_mean,2,"Ongoing lower average oxygenation may reflect respiratory failure/shock states that can impair renal perfusion. Mean values still smooth clinically important desaturation episodes, limiting specificity for AKI."
25_36h_o2_saturation_mean,3,Persistently reduced oxygenation closer to hour 60 can signal ongoing cardiopulmonary dysfunction and systemic hypoxia that increases AKI risk. Mean SpO2 is less sensitive than minima but may capture sustained hypoxemia in this later window.
0_12h_o2_saturation_max,1,Maximum SpO2 largely reflects supplemental oxygen/ventilator settings and is rarely pathologic; it does not capture hypoxic insults relevant to AKI. Also redundant with mean and not informative for renal risk.
13_24h_o2_saturation_max,1,High maximum SpO2 is not a marker of renal injury risk and mainly reflects oxygen delivery settings. It provides little prognostic information for AKI compared with desaturation measures.
25_36h_o2_saturation_max,1,Maximum SpO2 is usually near-normal with supplemental oxygen and is not a meaningful marker of renal hypoperfusion. Prefer hypoxemia extremes (min) over max to avoid collinearity.
0_12h_o2_saturation_min,3,"Early postoperative hypoxemia can contribute to systemic hypoxia and renal ischemic stress, but in the immediate 0–12h period it is often transient and treatment-related. Capped by epoch rule (max 3)."
13_24h_o2_saturation_min,3,Persistent or recurrent hypoxemia in the trajectory phase suggests ongoing cardiopulmonary dysfunction and higher risk of renal hypoperfusion/AKI. Minimum captures the insult better than mean/max.
25_36h_o2_saturation_min,4,"Late-window hypoxemia close to the outcome timepoint is a strong indicator of ongoing shock/respiratory failure and impaired oxygen delivery, which increases AKI risk. Minimum SpO2 captures acute physiologic insult most directly."
0_12h_o2_saturation_measured,1,Measurement frequency mainly reflects monitoring intensity and routine ICU care rather than a physiologic mechanism for AKI. In the immediate postoperative period it is nearly universal.
13_24h_o2_saturation_measured,1,SpO2 measurement frequency is a behavioral proxy for acuity/monitoring and is not a direct driver of AKI. Most patients remain continuously monitored.
25_36h_o2_saturation_measured,1,Continued SpO2 measurement frequency reflects standard monitoring and does not specifically predict creatinine rise. Any association would be indirect and confounded by illness severity.
0_12h_alanine_aminotransferase_mean,2,"ALT reflects hepatic injury/ischemia which can correlate with global hypoperfusion, but mean values in 0–12h are nonspecific and diluted by timing. Extremes would better capture acute ischemic hepatitis than the mean."
0_12h_alanine_aminotransferase_max,3,"An early ALT spike can indicate ischemic hepatitis from low-flow states, which often co-occurs with renal hypoperfusion and AKI risk. Capped by epoch rule (max 3) and max is preferred over mean/min for insult capture."
0_12h_alanine_aminotransferase_min,1,Minimum ALT is not clinically meaningful for AKI prediction and largely reflects baseline/assay noise. It does not capture the pathologic process (hepatic ischemic injury).
0_12h_alanine_aminotransferase_measured,1,ALT ordering frequency reflects clinician behavior and routine postoperative lab panels rather than a direct renal mechanism. In 0–12h it is commonly checked regardless of AKI risk.
13_24h_alanine_aminotransferase_measured,1,ALT measurement frequency is an indirect proxy for concern about hepatic injury but is not a direct predictor of creatinine rise. Score kept low per measured-feature rule.
25_36h_alanine_aminotransferase_measured,2,"Repeated ALT checks late may reflect concern for ongoing shock/ischemic hepatitis, which can track with multiorgan dysfunction including AKI. Still primarily a behavioral proxy, so capped at 2."
0_12h_bun_mean,3,"BUN is a kidney-related lab reflecting azotemia, catabolism, and volume status; early elevations can signal reduced renal perfusion. In 0–12h it may be confounded by hemodilution/fluids and perioperative catabolism, so capped at 3."
13_24h_bun_mean,4,Rising or persistently elevated BUN in the trajectory phase suggests ongoing azotemia from renal hypoperfusion or evolving AKI. Mean over 12h is acceptable here as sustained azotemia (not a single spike) is clinically relevant.
25_36h_bun_mean,5,Late sustained azotemia close to hour-60 strongly indicates evolving renal dysfunction and correlates with subsequent creatinine rise. BUN is a direct kidney-related biomarker (though less specific than creatinine) and is highly predictive in this window.
0_12h_bun_max,3,"BUN elevation can reflect reduced renal perfusion/early azotemia, but in the immediate post-op window it is often transient and influenced by hemodilution/catabolism. Max is the most relevant aggregation for acute insult, but capped by 0–12h rule."
13_24h_bun_max,3,Persistently high peak BUN in the trajectory phase suggests ongoing hypoperfusion or evolving renal dysfunction and correlates with later creatinine rise. Max captures the pathologic signal better than mean/min.
25_36h_bun_max,4,A high BUN peak close to the outcome window is a strong indicator of worsening azotemia/renal hypoperfusion and often precedes creatinine rise. Max best captures clinically meaningful deterioration.
0_12h_bun_min,1,"Low BUN is not a typical trigger or marker of AKI and is often driven by dilution, liver dysfunction, or nutrition rather than renal injury. Min is less pathophysiologically relevant than max for AKI."
13_24h_bun_min,1,BUN minima do not reflect AKI risk and are more related to dilutional effects or hepatic urea production than renal failure. Provides little incremental prognostic value versus BUN peaks.
25_36h_bun_min,1,"A low BUN near 25–36h is not a recognized predictor of subsequent creatinine rise and may reflect non-renal factors (liver disease, fluid balance). Min is not the aggregation that captures AKI pathology."
0_12h_bun_measured,1,Measurement frequency mainly reflects routine post-cardiac surgery lab protocols rather than specific AKI physiology. In the first 12h it is especially protocol-driven.
13_24h_bun_measured,2,"More frequent BUN checks may indicate clinician concern for renal dysfunction or instability, but it is a behavioral proxy rather than a mechanism. Limited direct predictive value."
25_36h_bun_measured,2,"Increased BUN monitoring late may reflect rising concern for evolving AKI and could correlate with acuity, but it is not a physiologic driver. Kept low per measured-feature rule."
0_12h_amylase_measured,1,Ordering amylase is not directly linked to AKI risk and usually reflects evaluation for pancreatitis or abdominal pathology. Measurement frequency is a weak behavioral proxy.
13_24h_amylase_measured,1,"Amylase testing is not a standard AKI predictor and typically indicates investigation of non-renal complications. As a measured feature, it has minimal mechanistic relevance."
25_36h_amylase_measured,1,"Late amylase measurement suggests concern for pancreatitis/ischemia rather than kidney injury; any AKI association would be indirect via critical illness. As a measured proxy, it should remain low."
0_12h_blood_ph_mean,2,"Acidemia can accompany shock and poor perfusion, which increases AKI risk, but early post-op pH abnormalities are common and transient. Mean smooths extremes, so it is less informative than min/max would be."
13_24h_blood_ph_mean,3,"Sustained lower average pH in the trajectory phase suggests ongoing hypoperfusion/lactic acidosis and higher AKI risk. Mean can reflect persistent derangement, but still less specific than extremes."
25_36h_blood_ph_mean,3,"Persistently abnormal average pH close to hour 60 indicates ongoing metabolic/respiratory derangement and systemic hypoperfusion, which is associated with AKI. Mean is moderately predictive but not a direct renal biomarker."
0_12h_blood_ph_max,1,Alkalemia is not a typical driver of AKI and early post-op high pH often reflects ventilation strategy or bicarbonate administration. Max does not capture the harmful extreme for renal perfusion (which would be low pH).
13_24h_blood_ph_max,2,Alkalemia is usually less relevant to AKI than acidemia; pH max often reflects ventilation/bicarbonate therapy rather than renal hypoperfusion. As a max aggregation it is also less pathologic than pH minima for kidney risk.
25_36h_blood_ph_max,2,Later alkalemia may indicate overventilation or bicarbonate use and is not a direct AKI driver. Extremes matter more when low pH reflects shock/lactic acidosis; pH max is therefore a weak indirect marker.
0_12h_blood_ph_min,3,"Early postoperative acidemia can reflect hypoperfusion, lactic acidosis, or respiratory failure, all associated with AKI risk. However in the immediate 0–12h period derangements are common/transient, so capped at 3."
13_24h_blood_ph_min,4,Persistent or worsening acidemia in the 13–24h trajectory phase suggests ongoing shock/poor perfusion and correlates with subsequent AKI. The minimum pH captures the acute insult better than mean/max.
25_36h_blood_ph_min,4,Acidemia close to the outcome window is a strong marker of ongoing hypoperfusion/sepsis/respiratory failure and is strongly associated with AKI. The minimum value best captures the clinically relevant insult versus mean/max.
0_12h_blood_ph_measured,2,"More frequent blood gas/pH checks reflect acuity and clinician concern (ventilation/hemodynamic instability) rather than a direct renal mechanism. In the immediate postoperative period this is often routine, limiting specificity."
13_24h_blood_ph_measured,2,"Increased measurement frequency may indicate instability or escalating support, indirectly linked to AKI risk. Still primarily a care-intensity proxy rather than a physiologic driver."
25_36h_blood_ph_measured,2,"Frequent pH monitoring late suggests ongoing critical illness and may correlate with AKI risk, but it is not mechanistic and is heavily practice-pattern dependent. Therefore kept low per the _measured rule."
0_12h_cholesterol_measured,1,Ordering cholesterol in the immediate postoperative ICU course is not a typical AKI-related action and has no direct physiologic link to acute creatinine rise. Likely reflects baseline risk assessment or incidental testing.
13_24h_cholesterol_measured,1,Cholesterol measurement is not a meaningful marker of renal perfusion or tubular injury in this context. As a behavioral proxy it provides little AKI-specific signal.
25_36h_cholesterol_measured,1,Late cholesterol testing remains unrelated to AKI pathophysiology and is unlikely to reflect imminent renal failure. It is mostly noise/practice variation for this outcome.
0_12h_absolute_lymphocyte_count_mean,2,"Lymphopenia can be a nonspecific marker of stress/inflammation and overall illness severity, which may correlate with AKI risk. Mean aggregation and early epoch reduce specificity for renal injury."
13_24h_absolute_lymphocyte_count_mean,2,"Sustained lymphopenia may reflect ongoing systemic inflammation or infection risk, indirectly associated with AKI. Mean values are less informative than extremes and remain nonspecific."
0_12h_absolute_lymphocyte_count_max,1,A higher lymphocyte count is not a recognized trigger for AKI and the max is unlikely to capture relevant pathology. In the immediate postoperative period this is particularly nonspecific.
13_24h_absolute_lymphocyte_count_max,1,Lymphocyte max does not reflect a mechanism for AKI and is generally not clinically used to predict renal injury. Provides minimal incremental signal versus other severity markers.
0_12h_absolute_lymphocyte_count_min,3,"Marked early lymphopenia can indicate severe physiologic stress, systemic inflammation, or impending sepsis, which are associated with AKI risk. Minimum captures the pathologic extreme better than mean/max, but 0–12h is capped at 3."
13_24h_absolute_lymphocyte_count_min,2,"Lymphopenia can reflect physiologic stress/inflammation and illness severity, which indirectly correlates with AKI risk. It is not a direct renal perfusion marker or kidney injury biomarker, and this mid-epoch minimum is only a weak proxy."
0_12h_absolute_lymphocyte_count_measured,1,"Measurement frequency reflects ordering behavior/acuity rather than a physiologic mechanism for AKI. In the immediate 0–12h post-op period, this is especially nonspecific."
13_24h_absolute_lymphocyte_count_measured,1,This is a behavioral proxy for clinician concern rather than a direct driver of kidney injury. Lymphocyte checks are common and not specifically tied to impending AKI.
25_36h_absolute_lymphocyte_count_measured,1,"Even close to the outcome window, ordering frequency for lymphocyte count is nonspecific and not kidney-directed. At most it reflects general illness monitoring rather than AKI pathophysiology."
0_12h_gluccose_measured,1,"Glucose measurement frequency is largely routine ICU care (especially post-cardiac surgery) and is not a direct AKI mechanism. As a measured/ordering feature in 0–12h, it is minimally informative."
13_24h_gluccose_measured,1,This reflects monitoring intensity rather than hyperglycemia itself. Glucose checks are standard and not specific for renal hypoperfusion or tubular injury.
25_36h_gluccose_measured,2,"More frequent glucose checks may indicate ongoing instability (vasopressors, insulin infusion, sepsis) that can co-occur with AKI risk, but it remains an indirect behavioral proxy. Therefore it should stay low."
0_12h_ck_measured,2,"Ordering CK may signal concern for rhabdomyolysis/ischemia, which can contribute to AKI, but measurement frequency is not a physiologic value. In the immediate post-op window it is still a weak, nonspecific proxy."
13_24h_ck_measured,2,"CK ordering can reflect concern for muscle injury/low-flow states that may increase AKI risk, but this is indirect and behavior-driven. It does not quantify the insult itself."
25_36h_ck_measured,2,"Late CK ordering may indicate suspected ongoing tissue injury or rhabdomyolysis, which can be associated with AKI, but as a measured feature it remains an indirect proxy. Keep low to avoid over-weighting ordering behavior."
0_12h_egfr_mean,2,"Early post-op eGFR is derived from creatinine and can be unstable due to dilution and non–steady-state kinetics, making it less reliable in 0–12h. The mean further smooths extremes, so it is only weakly predictive here (and capped by epoch)."
13_24h_egfr_mean,3,"By 13–24h, a sustained reduction in eGFR (creatinine-based) more plausibly reflects evolving renal dysfunction and correlates with later creatinine rise. Mean eGFR captures overall trajectory but is still limited by non–steady-state creatinine."
25_36h_egfr_mean,4,"In the 25–36h leading-indicator window, persistently reduced eGFR strongly signals evolving AKI and is closely linked to the eventual creatinine ratio at 60h. Mean eGFR reflects sustained impairment rather than transient swings."
0_12h_egfr_max,1,"A higher (max) eGFR is not a pathologic extreme for AKI risk and may reflect hemodilution or measurement noise early after surgery. Under the collinearity rule, max eGFR is less informative than low eGFR measures for AKI."
13_24h_egfr_max,1,Max eGFR does not capture renal injury; AKI risk is driven by low filtration rather than high peaks. It is also redundant with eGFR mean and less pathophysiologically relevant.
25_36h_egfr_max,1,"Even near the outcome window, the maximum eGFR is not a meaningful marker of AKI and can be influenced by non–steady-state creatinine. Prefer low/mean eGFR measures; cap this to avoid collinearity and misdirection."
0_12h_egfr_min,3,"Low eGFR reflects reduced renal filtration and correlates with early AKI risk, but in the immediate 0–12h post-op period creatinine/eGFR can be transiently unstable; capped by epoch rule."
13_24h_egfr_min,4,Persistently low nadir eGFR in the trajectory phase suggests evolving renal dysfunction and is a strong predictor of later creatinine rise.
25_36h_egfr_min,5,A low eGFR nadir close to the outcome window is essentially an early biomarker of impaired filtration and strongly predicts higher creatinine_ratio at 60h.
0_12h_egfr_measured,2,Measurement frequency mainly reflects clinician concern/acuity rather than physiology; early post-op labs are often routine.
13_24h_egfr_measured,2,"More frequent eGFR/chemistry checks may indicate concern for renal dysfunction, but it is an indirect behavioral proxy."
25_36h_egfr_measured,2,"Increased monitoring late may signal suspected AKI, yet it does not directly represent renal injury severity and should remain low importance."
0_12h_ldh_measured,1,LDH ordering frequency is a nonspecific marker of illness/workup intensity and not a direct AKI mechanism; early post-op testing is often routine.
13_24h_ldh_measured,1,LDH measurement frequency is an indirect proxy for acuity/hemolysis evaluation and has weak specificity for predicting creatinine_ratio.
25_36h_ldh_measured,1,"Even late, LDH ordering reflects clinician behavior and is nonspecific for renal perfusion or tubular injury."
0_12h_inr_mean,2,"Coagulopathy/liver dysfunction and bleeding risk can contribute to hypotension/transfusion needs, indirectly affecting renal perfusion; mean is less informative than extremes and capped by early epoch."
25_36h_inr_mean,2,"Sustained INR elevation reflects hepatic dysfunction/anticoagulation effects and overall severity, but mean INR is an indirect predictor and less pathophysiologically specific than INR extremes."
0_12h_inr_max,3,A high INR peak may indicate significant coagulopathy/bleeding risk and potential hemodynamic instability affecting kidneys; capped by 0–12h epoch maximum.
25_36h_inr_max,3,"Late INR spikes can signal ongoing coagulopathy/bleeding or severe hepatic dysfunction, which can worsen renal perfusion indirectly; not a direct renal biomarker."
0_12h_inr_min,1,Low INR is generally not a trigger for AKI and is less clinically relevant than elevated INR; also an extreme that does not map to renal injury.
25_36h_inr_min,1,A low INR late is not a recognized driver of AKI and provides little prognostic information for creatinine_ratio.
0_12h_inr_measured,1,"INR measurement frequency is largely protocol-driven after cardiac surgery/anticoagulation management and is a weak, indirect proxy for AKI risk."
13_24h_inr_measured,2,"INR ordering frequency reflects clinician concern for coagulopathy/liver dysfunction or bleeding, which can correlate with overall severity and renal hypoperfusion risk. It is not a direct physiologic driver of AKI, and as a _measured feature should remain low."
25_36h_inr_measured,2,"More frequent INR checks late may indicate ongoing hepatic dysfunction/bleeding/anticoagulation management and higher acuity, indirectly associated with AKI risk. Still a behavioral proxy rather than a kidney mechanism, so capped low."
0_12h_percent_eosinophils_mean,1,Eosinophil percentage is not a typical early predictor of post-cardiac surgery AKI; early postoperative shifts are often nonspecific. Mean values in the immediate 0–12h window are unlikely to add signal for creatinine rise.
13_24h_percent_eosinophils_mean,1,Average eosinophil percentage in 13–24h is generally nonspecific and not an established AKI predictor in this setting. Any association would be indirect (inflammation/drug reaction) and weak.
0_12h_percent_eosinophils_max,2,"A high eosinophil spike could rarely suggest drug reaction/atheroembolic phenomena that can involve kidneys, but this is uncommon immediately post-op. In 0–12h, transient extremes are frequent and nonspecific, so kept low (max 3 rule applies)."
13_24h_percent_eosinophils_max,2,"An elevated eosinophil maximum may weakly flag evolving drug hypersensitivity or cholesterol embolization, which can contribute to AKI, but it is not a common driver post-cardiac surgery. As an extreme it is more informative than mean, but still indirect."
0_12h_percent_eosinophils_min,1,Low eosinophil percentage (often near zero) is common with stress response and steroids and does not specifically predict AKI. The minimum is not a meaningful renal-risk marker here.
13_24h_percent_eosinophils_min,1,A low eosinophil minimum remains nonspecific and largely reflects stress physiology or steroid exposure rather than kidney injury risk. Not an established predictor of creatinine rise.
0_12h_percent_eosinophils_measured,1,Measurement frequency of eosinophils mainly reflects CBC ordering patterns and general acuity rather than renal pathophysiology. As a _measured feature it should be low.
13_24h_percent_eosinophils_measured,1,"Repeated eosinophil/CBC checks indicate monitoring intensity but do not directly relate to renal perfusion or tubular injury. Behavioral proxy only, so minimal importance."
25_36h_percent_eosinophils_measured,1,"Late CBC/eosinophil measurement frequency reflects ongoing monitoring rather than a mechanism for AKI. Even close to outcome, this is not a specific renal-risk signal."
0_12h_ldl_cholesterol_measured,1,"LDL measurement is not part of AKI evaluation and is unlikely to reflect acute renal risk postoperatively. As a _measured binary feature, it provides little physiologic information."
13_24h_ldl_cholesterol_measured,1,Ordering LDL in the ICU is typically unrelated to kidney perfusion or nephrotoxicity and more reflective of chronic risk assessment. Not useful for predicting creatinine_ratio.
25_36h_ldl_cholesterol_measured,1,LDL testing late post-op remains clinically disconnected from AKI mechanisms and is unlikely to track impending creatinine rise. Behavioral/administrative signal only.
0_12h_mean_corpuscular_volume_mean,1,MCV reflects chronic anemia/nutritional status and is not a direct driver of postoperative AKI; early postoperative values are not informative for renal injury. Mean aggregation further reduces any potential signal.
13_24h_mean_corpuscular_volume_mean,1,"MCV mean in 13–24h is largely stable and not an established predictor of AKI after cardiac surgery. Any association would be indirect and weak compared with hemodynamics, creatinine, or urine output."
25_36h_mean_corpuscular_volume_mean,2,MCV reflects anemia/nutrition/liver disease more than renal perfusion; only an indirect association with AKI risk. As a mean value it is unlikely to capture an acute insult relevant to creatinine rise.
0_12h_mean_corpuscular_volume_max,2,"MCV extremes are not a typical driver or early marker of postoperative AKI. In the immediate 0–12h window, transient shifts (hemodilution/transfusion) are common and nonspecific."
13_24h_mean_corpuscular_volume_max,2,Higher MCV may correlate with chronic liver disease severity or transfusion effects but is not a direct AKI predictor. Max adds little mechanistic signal for kidney injury.
25_36h_mean_corpuscular_volume_max,2,"Even close to the outcome, MCV max is not a recognized leading indicator of AKI after cardiac surgery. Any association would be indirect (bleeding/transfusion/inflammation) rather than renal-specific."
0_12h_mean_corpuscular_volume_min,2,Low MCV suggests chronic microcytosis/iron deficiency and does not directly reflect renal hypoperfusion or nephrotoxicity. Early postoperative dilutional changes make this nonspecific in 0–12h.
13_24h_mean_corpuscular_volume_min,2,MCV minimum is not an established predictor of AKI; it mainly reflects baseline hematologic status or dilution. Any link to creatinine trajectory is indirect at best.
25_36h_mean_corpuscular_volume_min,2,Persistently low MCV is not a physiologic trigger for AKI and is unlikely to add predictive value beyond other anemia/bleeding markers. Not a renal biomarker.
0_12h_mean_corpuscular_volume_measured,1,Measurement frequency reflects routine CBC ordering in the immediate postoperative period rather than kidney-specific concern. It is a weak behavioral proxy for acuity.
13_24h_mean_corpuscular_volume_measured,1,CBC/MCV rechecks are common ICU practice and not specifically driven by suspected AKI. Frequency is therefore minimally informative for creatinine_ratio.
25_36h_mean_corpuscular_volume_measured,1,"Ongoing MCV measurement count mainly reflects standard monitoring or anemia/bleeding evaluation, not renal injury surveillance. Weak proxy signal for AKI."
0_12h_mean_platelet_volume_mean,2,"MPV can reflect inflammation/platelet activation and illness severity, which may correlate with AKI risk indirectly. As a mean in the immediate 0–12h period it is nonspecific and transient."
13_24h_mean_platelet_volume_mean,2,Average MPV may track systemic inflammation or consumptive processes but is not a direct renal perfusion marker. Predictive value for AKI is indirect and modest.
25_36h_mean_platelet_volume_mean,2,"Later MPV mean could reflect ongoing inflammatory/thrombotic milieu associated with organ dysfunction, but it remains nonspecific for kidney injury. Not a direct biomarker of AKI."
0_12h_mean_platelet_volume_max,2,"MPV maxima may indicate acute platelet activation/inflammation but are not established triggers or early markers of postoperative AKI. In 0–12h, peri-CPB effects make this noisy."
13_24h_mean_platelet_volume_max,2,"Higher MPV can accompany systemic inflammation and severity of illness, which may relate to AKI risk indirectly. However it is not a primary hemodynamic or nephrotoxic driver."
25_36h_mean_platelet_volume_max,2,"In the 25–36h leading window, MPV max may weakly reflect ongoing inflammatory/consumptive physiology associated with multiorgan dysfunction. Still nonspecific and not a direct predictor of creatinine rise."
0_12h_mean_platelet_volume_min,1,MPV is not a direct marker of renal perfusion or tubular injury; low MPV is at most a nonspecific inflammatory/hematologic signal. In the immediate 0–12h post-op window it is unlikely to add AKI-specific prognostic value.
13_24h_mean_platelet_volume_min,1,MPV extremes are not established predictors of post-cardiac surgery AKI and are largely nonspecific. Any association would be indirect via inflammation or illness severity.
25_36h_mean_platelet_volume_min,1,"Even close to the outcome window, MPV is not a kidney-specific biomarker and has weak mechanistic linkage to creatinine rise. It may reflect systemic inflammation but is not a primary AKI driver."
0_12h_mean_platelet_volume_measured,1,Measurement frequency reflects ordering behavior rather than physiology and MPV is typically bundled with CBCs. In 0–12h it mainly reflects routine post-op monitoring rather than AKI concern.
13_24h_mean_platelet_volume_measured,1,CBC/MPV measurement count is a weak proxy for acuity and not specific to renal risk. It is unlikely to capture a distinct AKI signal beyond general monitoring intensity.
25_36h_mean_platelet_volume_measured,1,"Even in the 25–36h leading-indicator window, MPV measurement frequency is nonspecific and largely driven by routine labs or bleeding/infection evaluation. It has minimal direct relevance to creatinine_ratio."
0_12h_lactate_mean,2,"Mean lactate reflects overall tissue hypoperfusion/low cardiac output, which can contribute to renal ischemia, but early post-CPB elevations are common and transient. Because mean smooths peaks and 0–12h is noisy, it is capped low."
13_24h_lactate_mean,3,"Persistently elevated average lactate in 13–24h suggests ongoing shock/low flow and correlates with risk of ischemic AKI. However, mean is less specific than peak lactate for acute insults."
0_12h_lactate_max,3,"Peak lactate captures acute hypoperfusion episodes (e.g., low cardiac output, vasoplegia) that can precipitate AKI. In 0–12h it is still influenced by CPB/anesthesia effects, so the score is conservatively limited."
13_24h_lactate_max,4,A high lactate maximum in 13–24h indicates significant ongoing or recurrent hypoperfusion and is strongly associated with subsequent organ dysfunction including AKI. The extreme value best captures the pathologic insult versus mean/min.
0_12h_lactate_min,1,Minimum lactate mainly reflects periods of adequate perfusion and is not a trigger for AKI. It is less informative than lactate_max for detecting hypoperfusion-related renal risk.
13_24h_lactate_min,1,Lactate minimum does not capture hypoperfusion severity and is generally not predictive of AKI compared with lactate peaks. It adds little beyond other lactate aggregations.
0_12h_lactate_measured,2,"More frequent lactate checks can indicate clinician concern for shock/poor perfusion, which relates indirectly to AKI risk. Still, it is an ordering-behavior proxy and early post-op lactates are often routine."
13_24h_lactate_measured,2,"Repeated lactate measurement in 13–24h suggests ongoing hemodynamic instability or concern for hypoperfusion, indirectly increasing AKI risk. As a behavioral proxy it is limited to a low score."
25_36h_lactate_measured,2,"Frequent lactate monitoring in 25–36h may reflect persistent shock/low output close to the creatinine outcome window, indirectly signaling AKI risk. Nonetheless it remains a non-physiologic ordering proxy and is capped at 2."
0_12h_alkaline_phosphatase_mean,1,Alkaline phosphatase reflects cholestasis/bone turnover and is not a direct marker of renal perfusion or tubular injury. In the immediate post-op period it is unlikely to meaningfully predict creatinine_ratio beyond baseline liver disease context.
0_12h_alkaline_phosphatase_max,1,Alkaline phosphatase reflects cholestasis/bone turnover rather than renal perfusion or tubular injury. Early post-op fluctuations are not a meaningful AKI signal.
0_12h_alkaline_phosphatase_min,1,Low ALP has no established relationship to postoperative AKI risk or creatinine rise. Not a renal-relevant physiologic marker.
0_12h_alkaline_phosphatase_measured,1,Measurement frequency mainly reflects ordering behavior (liver/biliary monitoring) rather than kidney injury risk. In the immediate 0–12h window it is unlikely to add AKI-specific prognostic value.
13_24h_alkaline_phosphatase_measured,1,"Repeated ALP checks indicate ongoing liver-focused evaluation, not a direct AKI mechanism. As a behavioral proxy it should remain low importance."
25_36h_alkaline_phosphatase_measured,1,"Even close to the outcome window, ALP ordering frequency is not a specific indicator of impending creatinine rise. Primarily reflects hepatic monitoring intensity rather than renal injury."
0_12h_red_cell_distribution_width_mean,2,"Higher RDW is associated with frailty/inflammation and worse outcomes, which can correlate with AKI risk, but it is indirect. Mean values are also less informative than extremes for acute insults, and 0–12h is a transient period."
13_24h_red_cell_distribution_width_mean,2,"RDW reflects chronic illness/inflammation and may track overall physiologic stress, indirectly relating to AKI risk. The mean aggregation is nonspecific and likely collinear with other severity markers."
25_36h_red_cell_distribution_width_mean,2,"Persistently elevated RDW can indicate ongoing inflammation/critical illness severity, indirectly associated with AKI. Mean RDW remains a nonspecific marker and not a direct renal predictor."
0_12h_red_cell_distribution_width_max,2,"An elevated RDW maximum may better capture underlying illness severity than the mean, but it is still an indirect AKI correlate. In the immediate post-op window, changes are often dilutional/transfusion-related and less specific."
13_24h_red_cell_distribution_width_max,2,"Higher RDW max may reflect ongoing inflammation, transfusion effects, or physiologic stress, which can accompany AKI risk. It remains nonspecific and not a direct kidney injury marker."
25_36h_red_cell_distribution_width_max,3,"A high RDW max closer to hour 60 can reflect persistent critical illness/inflammation and has been associated with postoperative complications including AKI. Still indirect, but the extreme in the leading-indicator window is more informative than the mean/min."
0_12h_red_cell_distribution_width_min,1,Low/normal RDW minimum is not a recognized risk factor for AKI and is generally uninformative. Minimum values do not capture pathology relevant to renal injury.
13_24h_red_cell_distribution_width_min,1,RDW minimum provides little clinical signal for AKI compared with elevated values. It is unlikely to add predictive value beyond other severity markers.
25_36h_red_cell_distribution_width_min,1,RDW minimum is not mechanistically linked to renal hypoperfusion or tubular injury. It is less informative than RDW max and likely redundant.
0_12h_red_cell_distribution_width_measured,1,RDW is typically reported with routine CBCs; measurement frequency mainly reflects standard ICU lab cadence rather than AKI suspicion. As a behavioral proxy it should be low importance.
13_24h_red_cell_distribution_width_measured,1,CBC/RDW ordering frequency is largely routine and not specific to renal deterioration. It is a weak behavioral proxy and not a physiologic AKI driver.
25_36h_red_cell_distribution_width_measured,2,Measurement frequency reflects clinician concern/acuity rather than a renal mechanism; RDW checks may correlate with overall illness/inflammation but are not specific for AKI.
0_12h_chloride_mean,2,"Hyperchloremia can contribute to renal vasoconstriction and AKI risk, but the early post-op mean is often transient and diluted by resuscitation; extremes are more informative than the mean."
13_24h_chloride_mean,2,"Sustained chloride elevation may reflect ongoing saline load and metabolic acidosis risk, but mean values are less sensitive than maxima/minima for AKI-relevant insults and are collinear with extremes."
25_36h_chloride_mean,2,"Closer to outcome, chloride burden may matter, but the mean still smooths clinically important peaks; prefer max/min for capturing hyperchloremic exposure or dilutional states."
0_12h_chloride_max,3,Peak hyperchloremia in the immediate post-op period can indicate high chloride fluid exposure and acid-base disturbance that may impair renal perfusion; capped at 3 due to early transient derangements.
13_24h_chloride_max,3,"A higher chloride peak during the trajectory phase suggests ongoing chloride-rich resuscitation and potential hyperchloremic acidosis, which is more AKI-relevant than the mean."
25_36h_chloride_max,4,"Persistent/late peak hyperchloremia is a stronger signal of ongoing chloride load and acid-base stress near the outcome window, which has been associated with AKI risk after major surgery."
0_12h_chloride_min,2,Low chloride early is usually dilutional or related to bicarbonate/diuretics and is less directly linked to AKI than hyperchloremia; early period effects are often transient.
13_24h_chloride_min,2,"Hypochloremia may reflect diuretic use or alkalosis and overall instability, but it is an indirect and nonspecific marker for AKI compared with hyperchloremic peaks."
25_36h_chloride_min,2,"Late low chloride can indicate ongoing diuresis/alkalosis or dilution, which may correlate with severity of illness but is not a direct AKI driver; less informative than chloride maxima."
0_12h_chloride_measured,1,"Test frequency mainly reflects routine ICU monitoring and clinician behavior rather than kidney injury physiology, especially in the immediate post-op window."
13_24h_chloride_measured,1,Ordering frequency is a weak proxy for acuity and is not a direct predictor of AKI; chloride is commonly trended regardless of renal trajectory.
25_36h_chloride_measured,2,"More frequent chloride checks late may reflect concern for acid-base/volume issues, but it remains a behavioral proxy and not a mechanistic AKI marker."
0_12h_hdl_cholesterol_measured,1,HDL measurement is not part of AKI pathophysiology and is rarely ordered for renal risk assessment in the immediate post-cardiac surgery ICU setting.
13_24h_hdl_cholesterol_measured,1,HDL testing frequency is unrelated to renal perfusion or nephrotoxicity and provides no meaningful signal for impending AKI.
25_36h_hdl_cholesterol_measured,1,HDL measurement is not clinically used to predict AKI; ordering it reflects non-renal workflows rather than kidney injury risk.
0_12h_percent_neutrophils_mean,1,Neutrophil percentage reflects postoperative inflammation/stress but is not a direct driver or biomarker of AKI. Mean in the immediate 0–12h window is nonspecific and likely transient.
13_24h_percent_neutrophils_mean,2,Persistently elevated neutrophil fraction may indicate ongoing inflammation/infection that can contribute to AKI risk indirectly. Mean value is still nonspecific and not a primary renal perfusion marker.
0_12h_percent_neutrophils_max,2,"A high peak neutrophil percentage can signal acute inflammatory response or early infection, which can increase AKI risk indirectly. In 0–12h post-op this is commonly reactive and not specific for kidney injury."
13_24h_percent_neutrophils_max,2,"A higher peak in the trajectory phase may better reflect evolving infection/systemic inflammation, which can worsen renal outcomes. Still an indirect marker rather than a direct renal insult."
0_12h_percent_neutrophils_min,1,Low neutrophil percentage is not a typical mechanistic trigger for AKI in this setting. The minimum is unlikely to capture relevant renal pathology.
13_24h_percent_neutrophils_min,1,The minimum neutrophil percentage is generally not informative for AKI risk compared with other hemodynamic/renal markers. Any association would be weak and indirect.
0_12h_percent_neutrophils_measured,1,Measurement frequency mainly reflects ordering behavior and routine post-op CBC monitoring rather than renal physiology. In 0–12h it is standard-of-care and not specific to AKI concern.
13_24h_percent_neutrophils_measured,1,CBC differential rechecks are common and reflect general acuity/infection workup more than imminent AKI. As a behavioral proxy it has weak specificity for renal outcomes.
25_36h_percent_neutrophils_measured,2,"More frequent checks closer to the outcome may reflect clinician concern for infection/sepsis, which can precipitate AKI. Still a behavioral proxy, so capped low."
0_12h_albumin_mean,2,"Hypoalbuminemia is associated with frailty, inflammation, and worse outcomes including AKI, but is not a direct renal injury marker. Mean in 0–12h is confounded by hemodilution from bypass/fluids."
0_12h_albumin_max,1,Higher albumin is generally not a risk factor for AKI and the maximum is not pathologic. This aggregation is unlikely to add signal beyond low albumin measures.
0_12h_albumin_min,3,"The lowest albumin early post-op can reflect severe dilution/capillary leak and low oncotic pressure, correlating with illness severity and AKI risk. In 0–12h it is still confounded, so capped at 3 by epoch rule."
0_12h_albumin_measured,1,Albumin ordering frequency is largely routine perioperative monitoring and not a direct physiologic driver of AKI. As a behavioral proxy it has weak specificity.
13_24h_albumin_measured,1,"Repeat albumin checks may reflect nutrition/volume management rather than kidney-specific concern. Measurement frequency is a weak, nonspecific proxy."
25_36h_albumin_measured,2,"More frequent albumin measurement later may indicate ongoing capillary leak/volume issues or clinician concern about severity, which can correlate with AKI risk. Still behavioral and nonspecific, so kept low."
0_12h_triglycerides_measured,1,Triglyceride measurement is not a standard AKI predictor and is usually related to nutrition/propofol monitoring rather than renal perfusion. As a measured/ordering indicator in 0–12h it has minimal AKI relevance.
13_24h_triglycerides_measured,1,"Triglyceride testing frequency is not mechanistically linked to AKI and mainly reflects nutrition/lipid monitoring rather than renal perfusion or injury. As a _measured proxy, it should be low importance."
25_36h_triglycerides_measured,1,"Ordering triglycerides is not a typical response to evolving AKI and has minimal physiologic connection to creatinine rise. As a measurement-frequency feature, it is a weak behavioral signal."
0_12h_hemoglobin_mean,2,"Anemia/hemodilution can reduce oxygen delivery and contribute to renal ischemia, but the early post-op mean is heavily influenced by transient CPB-related dilution. Extremes (especially low nadir) are more informative than the mean for AKI risk."
13_24h_hemoglobin_mean,2,"Sustained anemia may contribute to renal hypoxia, but the mean still smooths clinically important nadirs and is collinear with min/max. In this trajectory phase it is a modest, indirect predictor."
25_36h_hemoglobin_mean,2,"Later anemia can matter for renal oxygen delivery, but mean hemoglobin is less specific than the nadir for ischemic risk and is likely redundant with min. Usefulness for predicting creatinine_ratio is therefore limited."
0_12h_hemoglobin_max,1,High hemoglobin in the immediate post-op period is not a typical driver of AKI and may reflect hemoconcentration/transfusion effects. It is less pathophysiologically relevant than low hemoglobin for renal ischemia.
13_24h_hemoglobin_max,1,Elevated hemoglobin is not an established predictor of post-cardiac surgery AKI compared with anemia or hypotension. This aggregation is also less clinically meaningful than the minimum.
25_36h_hemoglobin_max,1,"High hemoglobin late post-op is not a direct marker of renal injury and is generally less informative than low hemoglobin nadir. Any association would be indirect (e.g., hemoconcentration) and weak."
0_12h_hemoglobin_min,3,"Low hemoglobin nadir reflects anemia/hemodilution/bleeding and reduced oxygen delivery, which can precipitate renal ischemia after cardiac surgery. In the immediate 0–12h window derangements are common, so capped at 3."
13_24h_hemoglobin_min,4,"A low hemoglobin nadir during 13–24h suggests persistent anemia/bleeding or inadequate correction, increasing risk of renal hypoxia and AKI. This is more predictive than mean/max and reflects trajectory rather than transient CPB effects."
25_36h_hemoglobin_min,4,"A low hemoglobin nadir close to the outcome window indicates ongoing impaired oxygen delivery and physiologic stress, which is strongly associated with AKI risk post-cardiac surgery. The minimum is the most pathologically relevant aggregation versus mean/max."
0_12h_hemoglobin_measured,2,"More frequent hemoglobin checks reflect bleeding concern/transfusion management and overall acuity, which can correlate with AKI risk indirectly. As a _measured feature it is a behavioral proxy and should remain low."
13_24h_hemoglobin_measured,2,"Frequent hemoglobin monitoring suggests ongoing instability (bleeding, transfusions), which can be associated with renal hypoperfusion risk. Still, it is not a physiologic measurement itself and should be low importance."
25_36h_hemoglobin_measured,2,"Continued frequent hemoglobin checks late post-op imply persistent concern for bleeding/anemia and higher illness severity, indirectly linked to AKI. As a measurement-frequency proxy, it should not be scored highly."
0_12h_teg_fibrinogen_activity_measured,1,"Ordering TEG fibrinogen activity reflects coagulation/bleeding management rather than renal injury mechanisms. As a _measured behavioral feature in the immediate post-op period, it has weak specificity for AKI."
13_24h_teg_fibrinogen_activity_measured,1,"TEG fibrinogen testing frequency mainly indicates ongoing coagulopathy/bleeding evaluation and is not a direct predictor of creatinine rise. As a _measured proxy, it should be minimal importance."
25_36h_teg_fibrinogen_activity_measured,2,"Measurement frequency reflects bleeding/coagulopathy concern and overall acuity rather than a direct renal mechanism. It may indirectly correlate with transfusion/instability that can contribute to AKI, but is not specific."
0_12h_activated_clotting_time_mean,2,"ACT reflects anticoagulation/heparin effect during/after bypass and is not a direct AKI driver. In the immediate 0–12h window, mean values are less informative than extremes and are capped to reduce collinearity."
0_12h_activated_clotting_time_max,3,"Markedly prolonged ACT can indicate high heparin effect or coagulopathy/ongoing bypass-related issues that may track with operative complexity and hemodynamic stress. In 0–12h it is only a moderate, indirect AKI predictor (max score 3)."
0_12h_activated_clotting_time_min,2,Low ACT may reflect heparin reversal/protamine effect and is not a typical direct trigger for AKI. As an early postoperative extreme it is at best an indirect marker of management/bleeding risk.
0_12h_activated_clotting_time_measured,2,More frequent ACT checks indicate clinician concern for anticoagulation/bleeding and procedural complexity rather than renal physiology. As a behavioral proxy it should remain low importance.
13_24h_activated_clotting_time_measured,2,"Ongoing ACT monitoring in 13–24h suggests continued anticoagulation management or bleeding concern, indirectly associated with instability/transfusion. Still a behavioral proxy and not kidney-specific."
25_36h_activated_clotting_time_measured,2,"Late ACT measurement frequency may reflect persistent coagulopathy/ECMO/assist device management and higher acuity, which can correlate with AKI risk. However it remains an ordering-frequency proxy, not a physiologic biomarker."
0_12h_aspartate_aminotransferase_mean,2,"AST elevation can reflect hepatic/ischemic injury and systemic hypoperfusion, which may co-occur with AKI, but mean values dilute acute insults. In 0–12h this is a weak-to-indirect predictor and capped for collinearity with max."
0_12h_aspartate_aminotransferase_max,3,"High AST early after surgery can signal ischemic hepatitis/shock or major operative insult, which is associated with renal hypoperfusion and AKI risk. In the immediate 0–12h period it is a moderate predictor (max score 3)."
0_12h_aspartate_aminotransferase_min,1,Low/normal AST has no meaningful mechanistic link to AKI and provides little prognostic information. It is largely a baseline/normality indicator.
0_12h_aspartate_aminotransferase_measured,2,More frequent AST checks reflect clinician concern for hepatic injury/hemolysis or overall acuity rather than renal injury itself. As a measurement-frequency feature it should remain low importance.
13_24h_aspartate_aminotransferase_measured,2,"Continued AST monitoring in 13–24h suggests ongoing concern for hepatic dysfunction or shock, indirectly related to AKI risk. Still primarily a behavioral/acuity proxy."
25_36h_aspartate_aminotransferase_measured,2,"Late AST measurement frequency may indicate persistent organ dysfunction and higher severity of illness, which can correlate with AKI. Nonetheless it is not a direct renal marker and remains low importance."
0_12h_total_protein_mean,2,"Total protein reflects dilution, nutrition, and hepatic synthetic function; it can relate indirectly to oncotic pressure and fluid shifts affecting renal perfusion. Mean values in 0–12h are heavily influenced by perioperative fluids and are weak predictors."
0_12h_total_protein_max,1,Higher total protein is generally not a trigger for AKI and often reflects hemoconcentration or baseline status. It has minimal direct relevance to postoperative creatinine rise.
0_12h_total_protein_min,3,"Low total protein early can reflect hemodilution, capillary leak, liver dysfunction, or major fluid resuscitation, all associated with worse postoperative course and AKI risk. In 0–12h it is a moderate indirect predictor (max score 3)."
0_12h_total_protein_measured,1,"Measurement frequency of total protein mainly reflects ordering behavior/nutrition/liver evaluation rather than renal perfusion or tubular injury, especially in the immediate post-op window."
13_24h_total_protein_measured,1,"Total protein ordering frequency is a weak, indirect proxy for acuity and is not a recognized driver or early marker of AKI."
25_36h_total_protein_measured,1,"Even close to the outcome window, total protein measurement frequency is not specific for impending AKI and mostly reflects clinician practice patterns."
0_12h_hemoglobin_a1c_measured,1,HbA1c measurement indicates diabetes assessment but the '_measured' flag is an ordering proxy; in the immediate post-op period it adds little specific signal for AKI risk.
13_24h_hemoglobin_a1c_measured,1,Ordering HbA1c postoperatively is uncommon and reflects documentation/assessment rather than acute renal physiology or AKI trajectory.
25_36h_hemoglobin_a1c_measured,1,HbA1c measurement frequency is not a physiologic marker of AKI and is unlikely to change meaningfully as AKI develops.
0_12h_co2_mean,2,Mean serum CO2 (bicarbonate surrogate) reflects acid-base status but averages can dilute brief hypoperfusion-related acidosis; early post-op derangements are often transient.
13_24h_co2_mean,2,"Sustained lower bicarbonate can correlate with shock/AKI risk, but the mean is less sensitive than extremes for detecting clinically important metabolic acidosis."
25_36h_co2_mean,2,"In the leading-indicator window, bicarbonate trends matter, but the mean remains less informative than the minimum for capturing pathologic metabolic acidosis linked to AKI."
0_12h_co2_max,1,High CO2/bicarbonate (metabolic alkalosis) is not a typical trigger for AKI and early post-op values are often influenced by ventilation/diuretics and transfusions.
13_24h_co2_max,1,CO2 maxima generally reflect alkalosis or compensation and are not a strong mechanistic predictor of postoperative AKI compared with low bicarbonate states.
25_36h_co2_max,1,"Even near hour 60, elevated bicarbonate is not a direct marker of renal injury; it is less relevant than low bicarbonate for hypoperfusion/sepsis physiology."
0_12h_co2_min,3,"Low CO2/bicarbonate can indicate metabolic acidosis from hypoperfusion/lactate and is a plausible early signal for AKI risk, though immediate post-op fluctuations are common (cap at 3 for 0–12h)."
13_24h_co2_min,4,"A low bicarbonate nadir in the trajectory phase suggests ongoing shock/sepsis or worsening renal acid handling, which is strongly associated with subsequent AKI."
25_36h_co2_min,4,"In the closest window to the outcome, a low bicarbonate nadir is a strong indicator of persistent metabolic acidosis and systemic hypoperfusion/inflammation linked to AKI progression."
0_12h_co2_measured,2,"More frequent CO2 checks reflect clinician concern for acid-base instability/critical illness, but it is an ordering proxy rather than a direct physiologic driver of AKI."
13_24h_co2_measured,1,Measurement frequency mainly reflects clinician monitoring intensity rather than a direct AKI mechanism. CO2 checks may increase with respiratory instability but are not specific for renal injury.
25_36h_co2_measured,2,"More frequent CO2 monitoring late may indicate ongoing critical illness/ventilatory failure that can correlate with AKI risk, but it remains an indirect behavioral proxy rather than a physiologic driver."
0_12h_bnp_measured,1,"BNP ordering early post-op reflects concern for heart failure/volume status but is not itself a renal biomarker. In the immediate post-bypass period, BNP testing is often nonspecific and transiently influenced."
13_24h_bnp_measured,2,"BNP measurement in this window may signal suspected cardiac dysfunction/venous congestion, which can contribute to AKI, but the feature is still only a proxy for clinician concern."
25_36h_bnp_measured,2,"Late BNP ordering may indicate persistent/worsening congestion or low-output state associated with cardiorenal AKI risk, but as a 'measured' feature it is indirect and not a physiologic value."
0_12h_pco2_mean,2,"Sustained hypercapnia/acidosis can worsen renal perfusion and reflect respiratory failure, but early post-op values are often transient and ventilator-driven. Mean also smooths extremes that better capture acute insult."
13_24h_pco2_mean,2,"Persistent abnormal PCO2 may reflect ongoing respiratory failure and systemic stress that correlates with AKI, but mean values are less informative than extremes for acute decompensation."
25_36h_pco2_mean,2,"Late sustained hypercapnia can accompany shock/ventilatory failure and be associated with AKI risk, but the mean is still less specific than max/min excursions for capturing clinically relevant insults."
0_12h_pco2_max,3,"Marked hypercapnia early can indicate hypoventilation/respiratory failure and acidosis that may impair renal perfusion, but immediate post-op derangements are common and often transient (cap at 3 for 0–12h)."
13_24h_pco2_max,3,"Episodes of significant hypercapnia in this trajectory phase suggest ongoing respiratory failure and acid-base stress that can contribute to AKI risk, though it remains indirect compared with hemodynamic/renal markers."
25_36h_pco2_max,4,"Late hypercapnic episodes can reflect persistent ventilatory failure, severe illness, and acidemia that can worsen renal perfusion and correlate strongly with subsequent AKI in ICU patients."
0_12h_pco2_min,2,"Hypocapnia may reflect hyperventilation or low cardiac output states, but it is not a primary AKI driver and early post-op ventilator settings commonly influence it. Extremes are less clearly linked to AKI than hypercapnia."
13_24h_pco2_min,2,"Low PCO2 episodes may indicate overventilation or compensation for metabolic acidosis, which is nonspecific for AKI. The association with renal injury is indirect."
25_36h_pco2_min,2,Late hypocapnia can be a marker of systemic stress or compensation but is not a direct predictor of renal tubular injury. Its link to AKI is weaker than hypercapnia/acidemia-related patterns.
0_12h_pco2_measured,1,"Frequency of PCO2 checks reflects monitoring intensity (e.g., ventilator titration) rather than renal pathophysiology. Early post-op ABG monitoring is routine and not AKI-specific."
13_24h_pco2_measured,2,"More frequent PCO2 measurement may indicate ongoing respiratory instability and higher acuity that correlates with AKI risk, but it remains an indirect proxy rather than a causal physiologic feature."
25_36h_pco2_measured,2,"Measurement frequency reflects clinician concern/acuity (e.g., ventilatory instability, shock) rather than a direct AKI mechanism. Could correlate with severity of illness near the outcome window but is nonspecific."
0_12h_indirect_bilirubin_measured,1,"Ordering indirect bilirubin early post-op is largely a clinician-behavior marker and not a direct driver of AKI. In the immediate 0–12h period, testing may be routine in liver disease and is weakly predictive."
13_24h_indirect_bilirubin_measured,1,Test frequency is a nonspecific proxy for ongoing hepatic evaluation rather than renal injury. At 13–24h it may reflect complexity but has limited direct linkage to creatinine rise.
25_36h_indirect_bilirubin_measured,2,"More frequent bilirubin checks late may indicate worsening hepatic dysfunction/hemolysis and higher overall illness severity, which can co-occur with AKI. Still a behavioral proxy rather than a renal biomarker."
0_12h_calcium_mean,2,"Mean calcium is influenced by transfusion/citrate, albumin, and replacement; it is not a primary AKI driver. In 0–12h, averages are especially confounded by transient peri-bypass shifts."
13_24h_calcium_mean,2,"Sustained average calcium abnormalities can reflect ongoing critical illness and massive transfusion, indirectly associated with AKI risk. However, mean values are less informative than extremes for acute physiologic insult."
25_36h_calcium_mean,2,Late mean calcium may track overall instability and replacement needs but is not a direct predictor of renal tubular injury. Extremes (particularly hypocalcemia) would better capture clinically relevant derangements.
0_12h_calcium_max,1,"Transient hypercalcemia in the immediate post-op window is uncommon and usually iatrogenic; it is not a typical AKI trigger. Given collinearity, this extreme is less pathophysiologically relevant than hypocalcemia."
13_24h_calcium_max,1,"Calcium maxima are generally less tied to AKI pathogenesis than minima and often reflect supplementation. As an extreme, it is still a weak and nonspecific signal for renal risk."
25_36h_calcium_max,1,"Late hypercalcemia is not a common direct cause of post-cardiac surgery AKI and often reflects treatment effects. To reduce redundancy, prioritize calcium_min over calcium_max for AKI-relevant extremes."
0_12h_calcium_min,3,"Hypocalcemia can indicate massive transfusion/citrate load, hemodilution, and severe physiologic stress, which correlate with AKI risk. In 0–12h, derangements are common and transient, so capped at 3."
13_24h_calcium_min,3,"Persistent or recurrent hypocalcemia suggests ongoing transfusion, inflammation, or critical illness and can accompany hemodynamic instability linked to AKI. As an extreme, it is more informative than mean/max but still indirect."
25_36h_calcium_min,4,"Late hypocalcemia may reflect ongoing severe illness, continued transfusion/citrate exposure, or organ dysfunction and is a stronger leading indicator of subsequent AKI than averages. As an extreme close to hour 60, it can meaningfully track deterioration."
0_12h_calcium_measured,1,Frequency of calcium checks is largely routine post-cardiac surgery/ICU care and reflects monitoring practices more than renal pathophysiology. In the immediate post-op period it is especially nonspecific.
13_24h_calcium_measured,1,Repeated calcium testing mainly indicates ongoing electrolyte management rather than impending AKI. It may correlate with acuity but provides little mechanistic specificity.
25_36h_calcium_measured,2,"More frequent calcium monitoring late can signal ongoing instability, transfusion, or replacement needs, indirectly associated with AKI risk. Still a behavioral proxy, so kept low."
0_12h_partial_thromboplastin_time_mean,2,"PTT reflects anticoagulation/coagulopathy (common after CPB) and may correlate with bleeding/transfusion and illness severity, which can indirectly affect renal perfusion. Mean PTT is less informative than extremes for acute derangements, and early (0–12h) values are often transient."
25_36h_partial_thromboplastin_time_mean,2,"Persistently abnormal mean PTT can indicate ongoing coagulopathy/heparin effect and higher acuity, indirectly associated with AKI risk via bleeding/transfusion or shock. Mean aggregation is less pathophysiologically specific than max/min for capturing clinically meaningful extremes."
0_12h_partial_thromboplastin_time_max,3,"Markedly elevated PTT early post-op can signal excessive anticoagulation or severe coagulopathy with bleeding/transfusion risk, which can contribute to renal hypoperfusion and AKI. Capped by the 0–12h window where abnormalities are common and often correct quickly."
25_36h_partial_thromboplastin_time_max,3,"A high PTT maximum in the 25–36h window suggests ongoing anticoagulation/coagulopathy and higher severity, potentially linked to bleeding/transfusion and hemodynamic instability that increase AKI risk. Still an indirect predictor rather than a renal biomarker."
0_12h_partial_thromboplastin_time_min,1,Low PTT is not a typical direct driver of postoperative AKI and is often clinically less concerning than high PTT in this context. Early postoperative minima are frequently influenced by sampling/therapy timing and add limited renal-specific signal.
25_36h_partial_thromboplastin_time_min,1,"A low PTT minimum late post-op has weak and nonspecific linkage to AKI compared with hemodynamics, urine output, or renal labs. It is more reflective of anticoagulation management than kidney injury physiology."
0_12h_partial_thromboplastin_time_measured,1,Measurement frequency mainly reflects monitoring intensity after surgery/CPB and anticoagulation management rather than kidney pathophysiology. In 0–12h it is routine and not specific for impending AKI.
13_24h_partial_thromboplastin_time_measured,1,More frequent PTT checks indicate clinician concern about anticoagulation/coagulopathy but are not a direct mechanism for AKI. This is a behavioral proxy and remains nonspecific.
25_36h_partial_thromboplastin_time_measured,2,"Continued frequent PTT monitoring at 25–36h may reflect ongoing bleeding/coagulopathy or heparin management in a sicker patient, indirectly associated with AKI risk. Still a proxy for acuity rather than a physiologic renal predictor."
0_12h_absolute_monocyte_count_mean,1,Monocyte count is a nonspecific inflammatory marker and not an established direct predictor of postoperative AKI. Early postoperative leukocyte shifts are common and often reflect surgical stress rather than renal injury.
13_24h_absolute_monocyte_count_mean,1,"Mean monocyte count in 13–24h remains a nonspecific inflammation signal with weak linkage to AKI compared with hemodynamics, nephrotoxins, and renal labs. Averaging further dilutes any association with acute inflammatory surges."
0_12h_absolute_monocyte_count_max,2,"A high monocyte maximum may reflect heightened systemic inflammation/infection risk, which can contribute to AKI via cytokine-mediated injury and hemodynamic effects. In 0–12h this is often stress-related and thus only weakly informative."
13_24h_absolute_monocyte_count_max,2,"An elevated monocyte maximum during 13–24h could suggest evolving inflammatory response or infection, which can increase AKI risk indirectly. It is still nonspecific and not a primary renal driver."
0_12h_absolute_monocyte_count_min,1,Low monocyte minima are not a recognized trigger or biomarker for AKI in this setting and may reflect dilutional effects or lab variability. Adds little renal-specific prognostic value.
13_24h_absolute_monocyte_count_min,1,A low monocyte minimum is nonspecific and not mechanistically tied to postoperative AKI. It is less informative than extremes of hemodynamics or renal function markers.
0_12h_absolute_monocyte_count_measured,1,"Frequency of monocyte measurement is largely driven by routine CBC ordering and general acuity monitoring, not kidney-specific concern. As a behavioral proxy in the immediate post-op period, it provides minimal AKI signal."
13_24h_absolute_monocyte_count_measured,1,Measurement frequency mainly reflects clinician ordering behavior rather than renal physiology. Monocyte count ordering is not a specific AKI signal in this context.
25_36h_absolute_monocyte_count_measured,1,Test-order frequency is a weak proxy for acuity and not a direct driver/marker of AKI. Monocyte monitoring is not typically used to anticipate creatinine rise post-cardiac surgery.
0_12h_phosphorus_mean,2,"Phosphorus can rise with reduced GFR/catabolism, but early post-op values are often transient and influenced by shifts/hemolysis. Mean is less sensitive than extremes for detecting early renal impairment, and this epoch is capped."
13_24h_phosphorus_mean,2,"Sustained hyperphosphatemia can reflect evolving renal dysfunction, but the mean blunts acute rises that are more informative. In this trajectory phase it is a plausible but indirect predictor."
25_36h_phosphorus_mean,2,"Later phosphorus elevation may track declining GFR, but the mean is still less pathophysiologically specific than the maximum for detecting worsening renal clearance. Capped to reduce collinearity with phosphorus_max."
0_12h_phosphorus_max,3,"An early phosphorus spike can indicate impaired renal clearance or high cell breakdown/hemolysis after bypass, both associated with AKI risk. However, immediate post-op derangements are common/transient, so importance is conservatively capped."
13_24h_phosphorus_max,4,A higher phosphorus maximum in the 13–24h window suggests persistent impaired renal excretion and is more sensitive than the mean for evolving AKI. This trajectory-phase extreme is a strong direct predictor of later creatinine rise.
25_36h_phosphorus_max,4,Hyperphosphatemia close to the outcome window is a strong indicator of reduced GFR and ongoing renal dysfunction. The maximum best captures clinically meaningful worsening and is more predictive than mean/min.
0_12h_phosphorus_min,1,"Low phosphorus is more often due to dilution, insulin/glucose shifts, or refeeding and is not a typical trigger/marker of AKI. Early post-op minima are especially nonspecific."
13_24h_phosphorus_min,1,A low phosphorus minimum does not directly indicate reduced renal clearance and is weakly related to AKI risk. It is more reflective of nutrition/shift phenomena than kidney injury.
25_36h_phosphorus_min,1,"Phosphorus minima are not a recognized biomarker for AKI and are often driven by non-renal factors (dilution, intracellular shifts). Provides little incremental signal versus phosphorus_max."
0_12h_phosphorus_measured,2,"More frequent phosphorus checks may reflect clinician concern for metabolic/renal issues post-bypass, but it is not a physiological mechanism. As a behavioral proxy in the immediate period, it remains weak."
13_24h_phosphorus_measured,2,"Increased measurement frequency can indicate ongoing instability or concern for renal/metabolic derangements, but it is indirect. It should be down-weighted relative to actual phosphorus values."
25_36h_phosphorus_measured,2,"Frequent phosphorus monitoring late may signal suspected renal dysfunction, but it is still an ordering-behavior proxy rather than a biomarker. Kept low per the measured-feature rule."
0_12h_absolute_neutrophil_count_mean,2,"Neutrophilia reflects inflammation/stress response after surgery and may correlate with severity/CPB-related injury, indirectly linked to AKI. Mean ANC in the immediate post-op window is nonspecific and conservatively scored."
13_24h_absolute_neutrophil_count_mean,2,"Persistent neutrophilia may indicate ongoing inflammation/infection, which can contribute to AKI risk via sepsis/hemodynamic effects. As a mean value and indirect marker, it has limited specificity for predicting creatinine_ratio."
0_12h_absolute_neutrophil_count_max,2,"Early postoperative neutrophilia reflects inflammation/stress and may correlate with illness severity, but is not a direct AKI driver. In the 0–12h window it is often transient after CPB, so prognostic value is limited."
13_24h_absolute_neutrophil_count_max,3,"Persistently high neutrophils in the trajectory phase can indicate ongoing systemic inflammation/infection, which increases AKI risk via cytokine-mediated injury and hemodynamic instability. Still indirect rather than kidney-specific."
0_12h_absolute_neutrophil_count_min,1,Low ANC is not a typical mechanistic predictor of postoperative AKI and may reflect dilutional effects or lab variability early after surgery. Limited direct linkage to creatinine rise.
13_24h_absolute_neutrophil_count_min,1,Low ANC in this context is not an established AKI predictor and is more relevant to infection risk than renal perfusion or tubular injury. Weak relationship to creatinine_ratio.
0_12h_absolute_neutrophil_count_measured,1,"Measurement frequency mainly reflects routine post-op CBC monitoring rather than a renal-specific concern. As a behavioral proxy in the immediate post-op period, it adds little AKI signal."
13_24h_absolute_neutrophil_count_measured,1,CBC ordering frequency is largely standard ICU practice and only weakly reflects escalating concern. Not a physiologic mechanism for AKI.
25_36h_absolute_neutrophil_count_measured,2,"More frequent ANC checks late may reflect clinician concern for infection/sepsis, which can precipitate AKI. Still a behavioral proxy, so capped low."
0_12h_troponin_measured,1,Troponin ordering early after cardiac surgery is common protocolized care and not kidney-specific. Measurement frequency alone weakly reflects hemodynamic compromise.
13_24h_troponin_measured,2,"Repeated troponin checks in this phase may indicate suspected perioperative MI/low cardiac output, which can reduce renal perfusion and increase AKI risk. Still a behavioral proxy rather than a direct physiologic measure."
25_36h_troponin_measured,2,"Late continued troponin monitoring may signal ongoing myocardial injury or instability with potential renal hypoperfusion. As a measured feature, it remains an indirect proxy and should stay low."
0_12h_po2_mean,2,Average oxygenation early post-op is influenced by ventilation strategy and transient pulmonary dysfunction; hypoxemia can contribute to renal ischemia but is not usually the primary AKI driver. Mean is less sensitive to acute insults than extremes.
13_24h_po2_mean,2,"Sustained lower PaO2 may reflect ongoing respiratory failure and higher illness severity, indirectly increasing AKI risk. Mean values still dilute short hypoxemic episodes that are more pathologic."
25_36h_po2_mean,3,Persistently impaired oxygenation closer to the outcome can indicate ongoing shock/ARDS physiology and higher risk of renal hypoxia and AKI. Mean PaO2 is moderately informative but less than hypoxemic minima (not provided).
0_12h_po2_max,1,"High PaO2 peaks usually reflect high FiO2 rather than pathology and are not a recognized trigger for AKI in this setting. As an extreme in 0–12h, it is more about ventilator management than renal risk."
13_24h_po2_max,1,PaO2 maxima largely capture supplemental oxygen delivery rather than organ hypoperfusion or renal injury. Limited mechanistic link to creatinine rise.
25_36h_po2_max,1,Late high PaO2 peaks are typically iatrogenic (high FiO2) and not predictive of AKI compared with hypoxemia measures. Minimal relevance to creatinine_ratio.
0_12h_po2_min,2,"Hypoxemia can worsen renal ischemia, but early post-op PaO2 nadirs are often transient and ventilation-related; in 0–12h cap at 3 and keep modest."
13_24h_po2_min,2,"Persistent hypoxemia may reflect ongoing cardiopulmonary dysfunction that can contribute to AKI, but it is an indirect marker compared with perfusion/renal labs."
25_36h_po2_min,3,Later hypoxemia closer to the outcome suggests sustained respiratory/cardiac failure and higher risk of renal hypoperfusion; still indirect rather than a renal biomarker.
0_12h_po2_measured,1,Measurement frequency mainly reflects monitoring intensity/acuity and ventilator management rather than a direct physiologic driver of AKI.
13_24h_po2_measured,1,More frequent PaO2 checks indicate clinician concern but do not directly capture renal injury; behavioral proxy only.
25_36h_po2_measured,2,"Increased PaO2 sampling late may signal instability (e.g., worsening oxygenation/shock), but remains an indirect, behavior-driven marker."
0_12h_potassium_mean,2,"Potassium abnormalities can accompany renal dysfunction, but the mean blunts acute hyperkalemic episodes and early post-op shifts are common; cap due to collinearity with max/min."
13_24h_potassium_mean,2,Average potassium over 13–24h is a nonspecific signal and may reflect treatment effects; extremes are more informative for evolving AKI.
25_36h_potassium_mean,2,"Mean potassium near 36h can correlate with reduced renal excretion, but it is less sensitive than hyperkalemic peaks; keep low to avoid redundancy with max."
0_12h_potassium_max,3,Hyperkalemia peaks can indicate impaired renal excretion or severe tissue injury/hemolysis; in 0–12h it may be transient post-CPB so capped at 3.
13_24h_potassium_max,3,"Rising potassium peaks in the trajectory phase can reflect evolving renal dysfunction and is more informative than the mean, though still not definitive alone."
25_36h_potassium_max,4,"Late hyperkalemia is a strong indicator of reduced renal clearance and impending/worsening AKI, especially when persistent despite ICU management."
0_12h_potassium_min,1,Hypokalemia is more often due to diuretics/insulin shifts and is not a typical direct marker of AKI; early post-op lows are common and nonspecific.
13_24h_potassium_min,1,Low potassium is generally treatment-related and does not directly predict creatinine rise; limited mechanistic link to AKI.
25_36h_potassium_min,1,Later hypokalemia remains nonspecific and more reflective of therapy/nutrition than renal injury; minimal predictive value for creatinine ratio.
0_12h_potassium_measured,1,Frequency of potassium checks reflects clinician monitoring and protocolized post-op care rather than a physiologic driver of AKI.
13_24h_potassium_measured,2,"Measurement frequency reflects clinician concern for electrolyte/renal issues rather than kidney injury itself. In the 13–24h trajectory phase it may weakly proxy evolving AKI or instability, but is not a direct physiologic driver."
25_36h_potassium_measured,2,"More frequent potassium checks can indicate concern for renal dysfunction, acidosis, or arrhythmia risk, but it is a behavioral marker not a mechanism. Closer to hour 60 it may better reflect rising acuity, yet remains indirect."
0_12h_total_bilirubin_mean,2,"Hyperbilirubinemia reflects hepatic dysfunction and systemic illness that can predispose to AKI (hepatorenal physiology), but early post-op values are often transient/hemodilutional. Mean is less informative than extremes for acute insult and is capped for collinearity."
0_12h_total_bilirubin_max,3,"An early peak bilirubin can signal significant hepatic injury/low-flow state after surgery, which is associated with higher AKI risk. In 0–12h this is still conservative due to common transient post-bypass derangements (max score 3)."
0_12h_total_bilirubin_min,1,The minimum bilirubin in the immediate post-op window is not a plausible trigger or marker for AKI. It mainly reflects baseline/normal values and adds little prognostic information.
0_12h_total_bilirubin_measured,1,How often bilirubin is checked is primarily a practice/acuity signal and not a physiologic determinant of AKI. In the immediate 0–12h period it is commonly routine post-op monitoring.
13_24h_total_bilirubin_measured,1,"Repeat bilirubin ordering may reflect concern for hepatic dysfunction, but remains an indirect behavioral proxy rather than a kidney-specific predictor. It provides limited incremental value for AKI prediction."
25_36h_total_bilirubin_measured,2,"More frequent bilirubin checks late may indicate ongoing hepatic failure/low-output state, which correlates with AKI risk, but it is still a clinician-behavior proxy. Thus it is kept low per the _measured rule."
0_12h_rbc_count_mean,2,"Lower RBC count/anemia can worsen renal oxygen delivery and correlate with bleeding/hemodilution after bypass, indirectly increasing AKI risk. Mean is less sensitive than the nadir for acute oxygen-delivery insult and is capped for collinearity."
13_24h_rbc_count_mean,2,"Sustained anemia in the trajectory phase may reflect ongoing bleeding/hemodilution and reduced oxygen delivery, indirectly contributing to AKI. However, mean is less informative than the minimum for capturing the harmful exposure."
25_36h_rbc_count_mean,2,"Persistently low average RBC count closer to the outcome can indicate ongoing anemia and illness severity, which may contribute to renal hypoxia. Still, mean is less pathophysiologically specific than the nadir and is capped to reduce redundancy."
0_12h_rbc_count_max,1,A higher maximum RBC count is not a typical driver of AKI in this context and may reflect hemoconcentration/transfusion timing rather than injury. It is less clinically relevant than anemia (low values) for renal oxygen delivery.
13_24h_rbc_count_max,1,The maximum RBC count in this window is not a recognized predictor of AKI and is often influenced by transfusion or fluid shifts. It adds little mechanistic information compared with low RBC values.
25_36h_rbc_count_max,1,High-end RBC values are not a direct marker of renal risk and are confounded by transfusion and volume status. The nadir is the more relevant aggregation for AKI physiology.
0_12h_rbc_count_min,3,"The nadir RBC count captures the worst anemia/hemodilution early after surgery, which can impair renal oxygen delivery and is associated with bleeding/transfusion and AKI risk. Scored conservatively due to the immediate post-op epoch cap (max 3)."
13_24h_rbc_count_min,3,"A low RBC nadir during 13–24h suggests persistent anemia/ongoing bleeding or hemodilution, which can contribute to renal hypoxia and AKI. This is more informative than mean/max and fits the trajectory-phase cap (≤4)."
25_36h_rbc_count_min,3,"Low RBC count late (25–36h) can reflect ongoing anemia/bleeding/hemodilution, which can worsen renal oxygen delivery and contribute to AKI risk. The minimum captures the worst anemia exposure better than a mean for ischemic tubular injury."
0_12h_rbc_count_measured,1,Measurement frequency mainly reflects monitoring intensity immediately post-op rather than a renal mechanism. In the 0–12h window it is especially routine after cardiac surgery and not specific for impending AKI.
13_24h_rbc_count_measured,1,How often RBC count is checked is a care-pattern proxy and not a direct physiologic driver of AKI. At 13–24h it may reflect general acuity/bleeding concern but remains nonspecific.
25_36h_rbc_count_measured,2,"More frequent RBC checks at 25–36h may indicate ongoing bleeding/anemia management, which can correlate with hemodynamic instability and AKI risk. Still, it is an indirect behavioral marker rather than a biomarker."
0_12h_d_dimer_measured,1,Ordering D-dimer early post-op is largely driven by clinician concern for thrombosis/PE/DIC and is not a direct AKI marker. In 0–12h it is particularly nonspecific given postoperative inflammation and coagulation activation.
13_24h_d_dimer_measured,1,D-dimer measurement frequency reflects suspicion for thrombotic/consumptive processes rather than kidney injury itself. It provides limited incremental AKI prediction beyond overall illness severity.
25_36h_d_dimer_measured,2,"Late D-dimer ordering can signal evolving thrombosis/DIC/sepsis, which can contribute to renal hypoperfusion or microthrombi-associated AKI. However, it remains an indirect proxy and not a renal-specific measurement."
0_12h_teg_activated_clotting_time_measured,1,TEG ACT measurement frequency is primarily a marker of perioperative bleeding/coagulopathy management and is routine early after cardiac surgery. It is not a direct physiologic indicator of AKI risk.
13_24h_teg_activated_clotting_time_measured,1,How often TEG ACT is checked reflects ongoing coagulation management rather than renal perfusion or nephrotoxicity. Any association with AKI would be indirect via severity of bleeding/instability.
25_36h_teg_activated_clotting_time_measured,2,"Continued TEG ACT monitoring at 25–36h may indicate persistent coagulopathy/bleeding requiring transfusion and hemodynamic support, which can increase AKI risk. Still, it is a behavioral proxy rather than a kidney biomarker."
0_12h_percent_immature_granulocyte_mean,1,"Immature granulocytes reflect systemic inflammation/stress but are nonspecific and commonly elevated immediately post-op. The mean further smooths transient spikes, limiting its value for AKI prediction in 0–12h."
13_24h_percent_immature_granulocyte_mean,2,"Persistent elevation can suggest ongoing inflammation/infection, which is associated with AKI via sepsis-related hypoperfusion and cytokine injury. As a mean, it is less sensitive to acute inflammatory surges than a max."
0_12h_percent_immature_granulocyte_max,2,"A high maximum immature granulocyte percentage may indicate an early exaggerated inflammatory response, which can correlate with later organ dysfunction including AKI. In 0–12h, postoperative stress makes this less specific, capping importance."
13_24h_percent_immature_granulocyte_max,3,"A high max in the 13–24h trajectory phase can signal evolving infection/sepsis or sustained systemic inflammation, both established contributors to AKI. The maximum better captures clinically meaningful inflammatory surges than the mean."
0_12h_percent_immature_granulocyte_min,1,The minimum immature granulocyte percentage is not pathologic and does not capture inflammatory insult relevant to AKI. In the immediate post-op window it adds little beyond noise.
13_24h_percent_immature_granulocyte_min,1,A low minimum immature granulocyte percentage is not a recognized AKI risk marker and does not represent a harmful exposure. It is unlikely to add predictive value compared with max-based inflammatory features.
0_12h_percent_immature_granulocyte_measured,1,Measurement frequency of immature granulocytes mainly reflects clinician concern for infection/inflammation rather than a direct AKI mechanism. In the immediate 0–12h post-op window it is especially nonspecific for later creatinine rise.
13_24h_percent_immature_granulocyte_measured,1,Ordering frequency is a weak behavioral proxy for acuity/sepsis workup and not a direct predictor of renal injury. At 13–24h it remains nonspecific for AKI trajectory.
25_36h_percent_immature_granulocyte_measured,2,"More frequent checks late (25–36h) may indicate evolving infection/sepsis which can precipitate AKI, but it is still an indirect behavioral marker rather than physiology."
0_12h_teg_fibrinolysis_measured,1,"Whether TEG fibrinolysis was measured reflects bleeding/coagulopathy evaluation and transfusion management, not renal perfusion directly. In 0–12h it is common post-cardiac surgery and weakly specific for AKI."
13_24h_teg_fibrinolysis_measured,1,TEG fibrinolysis measurement is a care-process marker for hemostasis concerns and does not directly capture kidney injury. Any AKI link would be indirect via shock/transfusion.
25_36h_teg_fibrinolysis_measured,2,"Late need for TEG may signal ongoing bleeding/transfusion or instability that can contribute to renal hypoperfusion, but it remains an indirect proxy rather than a renal biomarker."
0_12h_creatinine_ratio_mean,2,"Early mean creatinine ratio can reflect immediate post-op renal stress, but averages smooth transient spikes and 0–12h changes are often dilutional/hemodynamic and less predictive. To reduce collinearity, extremes are more informative than mean."
13_24h_creatinine_ratio_mean,2,"Mean creatinine ratio in 13–24h may reflect evolving renal dysfunction, but the mean is less sensitive than the maximum for detecting early AKI signal. Capped to avoid redundancy with max/min aggregations."
25_36h_creatinine_ratio_mean,2,"Closer to the outcome, creatinine trajectory matters, but the mean still blunts clinically important rises; the maximum better captures AKI evolution. Scored low to prevent collinearity with creatinine_ratio_max."
0_12h_creatinine_ratio_max,3,"An early peak in creatinine ratio can indicate immediate renal insult or low perfusion, but in 0–12h it may be confounded by fluid shifts and perioperative hemodilution. Still, extremes are the most informative aggregation in this epoch."
13_24h_creatinine_ratio_max,4,A rising/peaking creatinine ratio by 13–24h is a strong early signal of evolving AKI and predicts continued worsening by 60h. The maximum captures clinically meaningful deterioration better than the mean.
25_36h_creatinine_ratio_max,5,A high creatinine ratio peak at 25–36h is a direct early biomarker of kidney dysfunction and strongly predicts the 60h creatinine ratio. This is the closest window and the extreme best captures pathologic rise.
0_12h_creatinine_ratio_min,1,A low minimum creatinine ratio early is usually driven by hemodilution/volume status rather than protection from AKI and is not a trigger for renal injury. It is less pathophysiologically relevant than the maximum.
13_24h_creatinine_ratio_min,1,The minimum creatinine ratio in 13–24h is generally not informative for AKI risk compared with the maximum/trajectory of rise. Low values often reflect dilution rather than renal recovery.
25_36h_creatinine_ratio_min,1,"Even near the outcome, the minimum creatinine ratio is less clinically meaningful than the peak for identifying AKI progression. It can be influenced by fluid balance and lab timing rather than renal injury."
0_12h_creatinine_ratio_measured,2,"More frequent creatinine checks early may reflect clinician concern for renal dysfunction or instability, but it is a behavioral proxy rather than a physiologic driver. In 0–12h it is common post-op and only weakly predictive."
13_24h_creatinine_ratio_measured,2,Measurement frequency reflects clinician concern and monitoring intensity rather than renal physiology. In the 13–24h window it may weakly proxy evolving renal dysfunction but is not a direct predictor.
25_36h_creatinine_ratio_measured,2,"More frequent creatinine checks closer to hour 60 can indicate suspected AKI, but it is still a behavioral/acuity marker rather than a physiologic driver. Thus it has limited independent predictive value."
0_12h_x25_percent_albumin_dose_total_12h,2,"Hyperoncotic albumin use early post-op often reflects hypotension/vasoplegia or volume management, which can relate indirectly to renal hypoperfusion. In 0–12h many administrations are transient/resuscitative, so prognostic specificity is limited."
13_24h_x25_percent_albumin_dose_total_12h,3,"Ongoing need for 25% albumin in the trajectory phase suggests persistent third-spacing/vasoplegia or low effective arterial volume, which can impair renal perfusion. This is an indirect but established context for AKI risk."
25_36h_x25_percent_albumin_dose_total_12h,4,"Continued 25% albumin requirement in the 25–36h leading window implies ongoing hemodynamic/oncotic instability and low effective circulating volume, both strongly associated with subsequent AKI. It can be a strong marker of persistent shock/volume derangement."
0_12h_albumin_5_percent_dose_total_12h,2,5% albumin is commonly used for early post-bypass volume resuscitation; it may correlate with hypotension/low cardiac output but is nonspecific in the immediate 0–12h period. Therefore it is only an indirect AKI risk marker.
13_24h_albumin_5_percent_dose_total_12h,3,"Need for continued colloid volume expansion at 13–24h suggests ongoing capillary leak or hemodynamic instability, which can reduce renal perfusion. This provides moderate predictive signal for AKI risk."
25_36h_albumin_5_percent_dose_total_12h,3,"Persistent albumin boluses in the 25–36h window indicate ongoing volume/hemodynamic problems that can precede creatinine rise. It is a moderate, indirect predictor rather than a direct renal biomarker."
0_12h_acetaminophen_codeine_dose_total_12h,1,Analgesic dosing is not a direct driver of AKI; codeine/acetaminophen are not typical nephrotoxins at usual doses. Early post-op use mainly reflects pain control practices.
13_24h_acetaminophen_codeine_dose_total_12h,1,This medication combination has minimal physiologic linkage to AKI compared with hemodynamics and nephrotoxins. Dose largely reflects analgesia needs rather than renal injury.
25_36h_acetaminophen_codeine_dose_total_12h,1,Continued use is unlikely to causally affect creatinine trajectory; any association would be confounding by illness severity or care patterns. Not a meaningful AKI predictor.
0_12h_acetaminophen_dose_total_12h,1,Acetaminophen is not nephrotoxic in typical ICU dosing and does not reflect renal perfusion status. Early administration is routine post-op care.
13_24h_acetaminophen_dose_total_12h,1,Dose is primarily a pain/fever management marker with weak connection to AKI mechanisms. It provides little independent prognostic information for creatinine rise.
25_36h_acetaminophen_dose_total_12h,1,Acetaminophen exposure is not a recognized driver of postoperative AKI in this context. Any correlation would be indirect and likely negligible.
0_12h_allopurinol_dose_total_12h,1,Allopurinol is not an acute perioperative nephrotoxin and is usually a chronic medication; early post-op dosing is unlikely to influence AKI development. It may reflect gout/hyperuricemia history but weakly relates to postoperative creatinine changes.
13_24h_allopurinol_dose_total_12h,1,Continuation of allopurinol mainly reflects home-med reconciliation rather than renal physiology or hemodynamic insult. It has minimal predictive value for AKI in this setting.
25_36h_allopurinol_dose_total_12h,1,Allopurinol use/dose is not a typical driver of post-cardiac surgery AKI and is more reflective of chronic gout management than acute renal hypoperfusion or nephrotoxicity in this setting.
0_12h_aminocaproic_acid_dose_total_12h,2,"Aminocaproic acid is used for bleeding control and is not a direct nephrotoxin; any AKI link is indirect via bleeding/transfusion burden and perioperative complexity. In the immediate 0–12h window, exposure is common and less discriminative."
13_24h_aminocaproic_acid_dose_total_12h,2,"Continued need may indicate ongoing bleeding/instability, which can contribute to renal hypoperfusion, but the medication itself is not a primary AKI driver."
25_36h_aminocaproic_acid_dose_total_12h,3,"Ongoing antifibrinolytic use this late suggests persistent bleeding or re-exploration risk and sustained physiologic stress, which can meaningfully increase AKI risk via hypoperfusion and transfusion-related injury."
0_12h_amiodarone_dose_total_12h,2,"Amiodarone is not directly nephrotoxic; its relevance is indirect as a marker of perioperative arrhythmia/hemodynamic instability that can reduce renal perfusion. Early post-op arrhythmias are common, limiting specificity in 0–12h."
13_24h_amiodarone_dose_total_12h,3,"Need for amiodarone in 13–24h more strongly reflects persistent atrial/ventricular arrhythmias and potential low cardiac output states, which are established contributors to AKI risk."
25_36h_amiodarone_dose_total_12h,3,"Ongoing amiodarone use close to the outcome suggests continued arrhythmia burden and/or low output physiology, which can impair renal perfusion and predict worsening creatinine."
0_12h_amlodipine_dose_total_12h,1,Amlodipine is a chronic antihypertensive with minimal acute ICU use and no direct AKI signal; perioperative dosing is uncommon and not mechanistically tied to post-op creatinine rise.
13_24h_amlodipine_dose_total_12h,1,"Amlodipine administration mainly reflects resumption of home BP meds rather than renal injury physiology, and it is not a recognized AKI predictor in this context."
25_36h_amlodipine_dose_total_12h,1,"Late amlodipine use is typically routine BP management and does not directly indicate renal hypoperfusion, nephrotoxicity, or evolving AKI."
0_12h_ampicillin_dose_total_12h,1,Ampicillin is not a common cause of AKI in the perioperative ICU; early administration usually reflects prophylaxis or empiric coverage rather than renal injury.
13_24h_ampicillin_dose_total_12h,2,"Antibiotic continuation may indicate suspected infection/sepsis, which can contribute to AKI via inflammation and hypotension, but ampicillin itself is not a strong nephrotoxin."
25_36h_ampicillin_dose_total_12h,2,"Ongoing antibiotics near 36h can be a proxy for infection severity (a contributor to AKI), but the specific agent ampicillin has only an indirect association with creatinine rise."
0_12h_angiotensin_ii_dose_total_12h,3,"Angiotensin II use indicates vasodilatory shock and severe hemodynamic compromise, a known AKI risk state; however, immediate post-op vasopressor needs are common, so cap at 3 for 0–12h."
13_24h_angiotensin_ii_dose_total_12h,4,Requirement for angiotensin II in 13–24h suggests persistent refractory vasoplegia/shock with high AKI risk due to sustained renal hypoperfusion and systemic inflammation.
25_36h_angiotensin_ii_dose_total_12h,5,"Angiotensin II use at 25–36h is a strong marker of ongoing severe shock/refractory hypotension, which is highly predictive of subsequent AKI and creatinine rise by hour 60."
0_12h_apixaban_dose_total_12h,1,Apixaban exposure is not a direct driver of postoperative AKI; it mainly reflects anticoagulation strategy/bleeding risk. In the immediate 0–12h window it is unlikely to add specific renal prognostic signal beyond overall acuity.
13_24h_apixaban_dose_total_12h,1,"Apixaban dosing is not nephrotoxic and has only an indirect relationship to AKI (e.g., bleeding/hypoperfusion). Its presence more reflects care decisions than renal pathophysiology."
25_36h_apixaban_dose_total_12h,1,Later apixaban use still has no strong mechanistic link to creatinine rise; at most it is a weak proxy for stability/bleeding risk. Not a primary predictor of AKI trajectory.
0_12h_aspirin_dose_total_12h,1,Typical postoperative aspirin dosing is not a major cause of AKI (unlike NSAIDs) and is largely routine after cardiac surgery. In 0–12h it provides minimal specific information about renal injury risk.
13_24h_aspirin_dose_total_12h,1,Aspirin at antiplatelet doses has weak renal hemodynamic impact compared with NSAIDs and is standard-of-care. It is not a strong predictor of subsequent creatinine rise.
25_36h_aspirin_dose_total_12h,1,Continued aspirin use mainly reflects routine secondary prevention rather than evolving renal hypoperfusion or tubular injury. Minimal direct relevance to creatinine_ratio.
0_12h_atorvastatin_dose_total_12h,1,"Statins are not direct AKI triggers and are often continued routinely; any renal effects are indirect (inflammation/vascular risk). In the immediate postoperative window, dosing is unlikely to predict creatinine_ratio."
13_24h_atorvastatin_dose_total_12h,1,Atorvastatin use is more a marker of baseline cardiovascular disease management than acute renal perfusion status. Weak and indirect association with AKI risk.
25_36h_atorvastatin_dose_total_12h,1,Later statin administration remains largely routine and not mechanistically tied to acute creatinine rise. Any association would be confounded by overall stability and medication reconciliation.
0_12h_bisacodyl_dose_total_12h,1,Bisacodyl is unrelated to renal perfusion or nephrotoxicity and mainly reflects bowel regimen practices. No meaningful physiologic link to AKI.
13_24h_bisacodyl_dose_total_12h,1,Bowel regimen use is not a driver of postoperative AKI and is heavily practice-pattern dependent. Provides negligible prognostic value for creatinine_ratio.
25_36h_bisacodyl_dose_total_12h,1,"Bisacodyl administration does not reflect renal injury or hemodynamic compromise. At most it indicates feeding/ICU routine, not AKI risk."
0_12h_bivalirudin_dose_total_12h,2,"Bivalirudin use can indicate heparin avoidance (e.g., HIT concern) and higher procedural complexity/acuity, which indirectly relates to AKI risk. In 0–12h, however, it is still primarily a treatment-choice proxy rather than a renal biomarker (cap at 3; assigned 2)."
13_24h_bivalirudin_dose_total_12h,2,"Ongoing bivalirudin suggests continued anticoagulation needs and potentially complicated postoperative course, indirectly increasing AKI risk via bleeding/hypoperfusion. It is not directly nephrotoxic, so relevance remains modest."
25_36h_bivalirudin_dose_total_12h,2,Later bivalirudin use may mark persistent critical illness or thrombotic/bleeding issues that can secondarily affect renal perfusion. Still an indirect proxy rather than a direct predictor of creatinine rise.
0_12h_bumetanide_dose_total_12h,3,"Early loop diuretic requirement reflects volume management challenges and possible low cardiac output/venous congestion, both linked to AKI risk. In 0–12h this is common and confounded by routine diuresis, so capped at 3."
13_24h_bumetanide_dose_total_12h,3,"Loop diuretic requirement suggests volume overload/venous congestion or evolving oliguria, both associated with postoperative AKI risk. In 13–24h it reflects trajectory but is still partly treatment-driven rather than a direct biomarker."
25_36h_bumetanide_dose_total_12h,4,"Ongoing/high bumetanide use closer to the outcome often indicates persistent congestion or diuretic-resistant oliguria, which strongly correlates with subsequent creatinine rise. This late window is a leading indicator of worsening renal perfusion/venous congestion."
0_12h_calcium_acetate_dose_total_12h,1,Calcium acetate is a phosphate binder reflecting chronic CKD/mineral bone disease management rather than acute renal perfusion changes. In the immediate 0–12h postoperative period it is unlikely to add specific prognostic signal for AKI beyond baseline comorbidity.
13_24h_calcium_acetate_dose_total_12h,1,Use mainly reflects pre-existing CKD/hyperphosphatemia treatment and is not a direct driver of postoperative AKI. Ordering/administration is routine and not tightly linked to acute creatinine changes.
25_36h_calcium_acetate_dose_total_12h,2,"Continued phosphate binder use may weakly proxy underlying CKD severity, which increases AKI susceptibility, but it is not mechanistically predictive of acute creatinine rise. Any association is indirect and confounded by baseline renal disease."
0_12h_calcium_carbonate_dose_total_12h,1,Calcium carbonate is commonly used for supplementation/antacid or binder purposes and does not directly reflect renal hypoperfusion or tubular injury. Early postoperative administration is typically routine and nonspecific for AKI.
13_24h_calcium_carbonate_dose_total_12h,1,Primarily reflects supplementation or chronic binder therapy rather than acute kidney injury physiology. It is unlikely to provide independent predictive value for creatinine_ratio.
25_36h_calcium_carbonate_dose_total_12h,2,"May weakly indicate CKD/mineral bone disease or electrolyte management complexity, which correlates with AKI vulnerability, but remains indirect. Not a direct marker of renal injury or perfusion failure."
0_12h_calcium_chloride_dose_total_12h,2,"Calcium chloride use early after cardiac surgery often reflects hemodynamic instability, transfusion/citrate load, or post-CPB electrolyte derangements, which can accompany AKI risk. However in 0–12h it is common and transient, limiting specificity (cap at 3; scored conservatively)."
13_24h_calcium_chloride_dose_total_12h,3,"Ongoing need for calcium chloride beyond the immediate post-CPB period can signal persistent shock, massive transfusion effects, or severe electrolyte disturbances, all associated with AKI. Still partly treatment-driven rather than a direct renal biomarker."
25_36h_calcium_chloride_dose_total_12h,3,"Late calcium chloride requirement may indicate continued hemodynamic instability or significant metabolic derangements (e.g., ongoing transfusion/citrate, severe hypocalcemia) that correlate with AKI risk. Association is moderate and indirect."
0_12h_calcium_gluconate_dose_total_12h,2,"Calcium gluconate administration early post-op often reflects electrolyte shifts, transfusion/citrate exposure, or arrhythmia management, which can co-occur with AKI risk. In 0–12h it is frequent and nonspecific, so predictive value is limited."
13_24h_calcium_gluconate_dose_total_12h,2,"Continued calcium replacement may reflect ongoing critical illness severity and instability, which is indirectly linked to AKI. It is not a direct driver or biomarker of renal injury."
25_36h_calcium_gluconate_dose_total_12h,3,"Persistent calcium replacement closer to hour 60 can indicate ongoing severe illness (shock, transfusion burden, metabolic derangements) associated with AKI development. Still an indirect proxy rather than a kidney-specific marker."
0_12h_carvedilol_dose_total_12h,1,Carvedilol use is primarily chronic heart failure/HTN management and is often held or variably resumed post-op; early dosing is not a specific AKI predictor. Any renal effect is indirect via hemodynamics and confounded by indication.
13_24h_carvedilol_dose_total_12h,2,"Resumption/continuation may reflect cardiovascular stability (or conversely low-output states if poorly tolerated), which can relate to renal perfusion, but the link is indirect. Medication decisions are clinician-driven and not a direct marker of AKI physiology."
25_36h_carvedilol_dose_total_12h,2,"Beta-blockade can contribute to lower cardiac output or hypotension in susceptible patients, indirectly affecting renal perfusion. Dose here is more a marker of hemodynamic stability/therapy choice than a direct AKI driver."
0_12h_cefepime_dose_total_12h,2,"Cefepime is not a classic nephrotoxin, but dosing may reflect infection severity and renal dosing adjustments. In the immediate 0–12h post-op window, it is unlikely to be a primary causal signal for later creatinine rise."
13_24h_cefepime_dose_total_12h,2,"Ongoing broad-spectrum antibiotics can proxy for sepsis/critical illness, which increases AKI risk, but cefepime itself is not strongly nephrotoxic. Dose may also be confounded by renal dose adjustment."
25_36h_cefepime_dose_total_12h,3,"Closer to the outcome, cefepime use/dose can better reflect persistent infection/sepsis physiology and evolving renal dysfunction (via dose adjustment). Still an indirect predictor rather than a direct nephrotoxic mechanism."
0_12h_ceftriaxone_dose_total_12h,1,Ceftriaxone has minimal direct nephrotoxicity and is commonly used perioperatively. In the immediate post-op period it mainly reflects routine prophylaxis/early empiric coverage rather than AKI pathophysiology.
13_24h_ceftriaxone_dose_total_12h,2,"Continued ceftriaxone may indicate suspected infection or ongoing critical illness, indirectly linked to AKI risk. The drug itself is not a strong renal insult in most ICU contexts."
25_36h_ceftriaxone_dose_total_12h,2,"Later ceftriaxone use can still proxy for infection burden/clinical trajectory, which relates to AKI risk. However, it remains a weak-to-indirect predictor because ceftriaxone is not typically nephrotoxic."
0_12h_clonidine_dose_total_12h,2,"Clonidine can cause hypotension/bradycardia, potentially reducing renal perfusion, but early post-op hemodynamics are often transient and heavily managed. Thus it is an indirect and conservative signal in 0–12h."
13_24h_clonidine_dose_total_12h,2,"Ongoing clonidine may contribute to lower sympathetic tone and hypotension, indirectly affecting kidney perfusion. More often it reflects sedation/analgesia strategy rather than a primary AKI determinant."
25_36h_clonidine_dose_total_12h,3,"In the 25–36h window, clonidine-associated hypotension/bradycardia (or need for it) may better reflect sustained hemodynamic vulnerability relevant to AKI. Still indirect and confounded by indication."
0_12h_clopidogrel_dose_total_12h,1,Clopidogrel does not directly impair renal perfusion or cause intrinsic nephrotoxicity. Early administration mainly reflects antiplatelet management rather than AKI risk.
13_24h_clopidogrel_dose_total_12h,1,Clopidogrel exposure is not a recognized driver of postoperative AKI. It is more related to thrombotic/bleeding management than renal injury mechanisms.
25_36h_clopidogrel_dose_total_12h,1,"Even close to the outcome, clopidogrel is not a meaningful physiologic predictor of creatinine rise. Any association would be indirect (e.g., bleeding/transfusion pathways) and typically weak."
0_12h_colchicine_dose_total_12h,1,"Colchicine is not a typical cause of AKI at standard doses and is rarely central to post-cardiac surgery renal outcomes. In 0–12h it is more indicative of treatment choice (e.g., pericarditis prophylaxis) than kidney injury."
13_24h_colchicine_dose_total_12h,1,"Colchicine has limited direct renal toxicity; dosing is often reduced in renal dysfunction, making interpretation confounded. Overall it is a weak predictor of subsequent creatinine ratio."
25_36h_colchicine_dose_total_12h,2,"Later colchicine use/dose could weakly reflect evolving renal function via dose adjustment or ongoing inflammatory complications, but it is not a primary AKI driver. Any predictive value is indirect and likely small."
0_12h_d10_lr_dose_total_12h,2,D10 in LR is mainly a marker of postoperative fluid/dextrose administration and metabolic management rather than a direct AKI driver. In the immediate 0–12h window it is often routine and confounded by transient post-bypass physiology.
13_24h_d10_lr_dose_total_12h,2,"Continued need for D10-containing crystalloid may reflect ongoing metabolic support or fluid strategy, but has only an indirect relationship to renal injury. More informative hemodynamics/renal labs typically capture AKI risk better."
25_36h_d10_lr_dose_total_12h,2,"In the 25–36h leading window, D10 LR use can indicate persistent support needs and fluid exposure, but it is not a nephrotoxin and is not a direct biomarker of AKI. Any association is likely mediated through volume status and illness severity."
0_12h_d10w_dose_total_12h,2,D10W use early post-op is usually for hypoglycemia prevention/treatment or insulin protocols and is not directly linked to AKI. In 0–12h it is highly protocol-driven and weakly predictive.
13_24h_d10w_dose_total_12h,2,"Ongoing D10W requirement may reflect metabolic instability or nutrition/insulin management, which correlates with acuity but not directly with renal tubular injury. Thus it is at most an indirect predictor of creatinine rise."
25_36h_d10w_dose_total_12h,2,"Later D10W use can be a proxy for persistent critical illness or glycemic management complexity, but it does not directly affect renal perfusion or nephrotoxicity. Predictive value for creatinine_ratio is therefore limited and indirect."
0_12h_d5_0_45ns_dose_total_12h,2,"Hypotonic maintenance fluids in the first 12h mainly reflect routine postoperative fluid orders and do not directly cause AKI. Any relationship to creatinine change is indirect via overall fluid balance/hemodilution and illness severity, and early epoch scoring is capped."
13_24h_d5_0_45ns_dose_total_12h,2,Use of D5 1/2NS in 13–24h is typically maintenance rather than resuscitation and has weak mechanistic linkage to AKI. It may correlate with care patterns but is not a strong renal risk factor.
25_36h_d5_0_45ns_dose_total_12h,2,"In the 25–36h window, continued hypotonic maintenance fluid suggests ongoing IV dependence but is not a direct driver of renal injury. Association with AKI would be mediated through volume status and overall clinical trajectory."
0_12h_d5_lr_dose_total_12h,2,D5 LR is generally used for maintenance/volume support and is not nephrotoxic; early postoperative administration is common and confounded. Its link to AKI is indirect through fluid strategy and hemodynamics.
13_24h_d5_lr_dose_total_12h,2,"Ongoing D5 LR use may reflect continued fluid needs but does not directly indicate renal hypoperfusion or injury. Compared with MAP/vasopressors/urine output, it is a weak predictor."
25_36h_d5_lr_dose_total_12h,2,"Later D5 LR volume can contribute to fluid balance and venous congestion, which can worsen renal function, but the fluid type itself is not a strong causal factor. Thus it remains an indirect marker rather than a direct AKI predictor."
0_12h_d5_ns_dose_total_12h,2,D5 NS use early post-op is common for maintenance and does not directly cause AKI; chloride load is possible but typically not the dominant driver in this immediate epoch. Any signal is indirect via fluid volume and severity of illness.
13_24h_d5_ns_dose_total_12h,2,Continued D5 NS may reflect ongoing IV fluid requirements; hyperchloremia-related renal vasoconstriction is plausible but usually modest relative to hemodynamic factors. Therefore it is only a weak-to-indirect predictor.
25_36h_d5_ns_dose_total_12h,2,"In the 25–36h window, higher chloride-containing fluid exposure could contribute to hyperchloremic acidosis and renal vasoconstriction, but this is still an indirect and inconsistent AKI driver. Stronger predictors would be hypotension/vasopressor need and renal labs."
0_12h_d50w_dose_total_12h,2,D50W is typically given for hypoglycemia or to treat insulin-related glucose drops and is not directly nephrotoxic. In the immediate 0–12h period it mainly reflects metabolic events/protocols rather than impending AKI.
13_24h_d50w_dose_total_12h,2,D50W use usually reflects treatment of hypoglycemia or insulin therapy rather than a direct renal insult; it is at most an indirect marker of illness severity. In the 13–24h window it may correlate with instability but is not a primary AKI driver.
25_36h_d50w_dose_total_12h,2,"Later D50W requirement can indicate ongoing metabolic derangements (e.g., hypoglycemia in liver disease) and higher acuity, but it is not mechanistically linked to AKI. Thus it is a weak indirect predictor."
0_12h_d5w_dose_total_12h,1,D5W is commonly used for maintenance fluids or free-water replacement and is not a specific AKI risk factor. In the immediate 0–12h post-op period it is routine and poorly discriminative.
13_24h_d5w_dose_total_12h,1,D5W volume may reflect fluid strategy or hypernatremia management rather than renal injury. It has minimal direct relationship to subsequent creatinine rise.
25_36h_d5w_dose_total_12h,2,"Ongoing D5W later may signal dysnatremia management or attempts to correct fluid balance, indirectly reflecting complexity of care. Still, it is not a direct hemodynamic or nephrotoxic driver of AKI."
0_12h_dialysate_infusion_dose_total_12h,3,"Dialysate infusion implies renal replacement therapy (or preparation for it), which is strongly associated with kidney dysfunction, but in 0–12h it may reflect transient perioperative issues and is capped by epoch rules. It is a meaningful marker of early severe renal/acid-base derangement."
13_24h_dialysate_infusion_dose_total_12h,4,Need for dialysate/RRT in the 13–24h trajectory phase indicates persistent or worsening renal failure/volume overload and strongly predicts higher creatinine at 60h. This is close to a direct indicator of severe AKI.
25_36h_dialysate_infusion_dose_total_12h,5,Dialysate infusion in the 25–36h leading window is essentially a direct marker of severe AKI requiring RRT and strongly predicts elevated creatinine ratio at 60h. It reflects established renal failure rather than a nonspecific association.
0_12h_dilaudid_pca_dose_total_12h,1,Opioid PCA dosing is primarily an analgesia/comfort measure and does not directly cause AKI. In the immediate post-op period it is routine and not informative for renal outcomes.
13_24h_dilaudid_pca_dose_total_12h,1,"Continued PCA use mainly reflects pain control needs and sedation level, with little direct linkage to renal perfusion or nephrotoxicity. Any association with AKI would be weak and confounded."
25_36h_dilaudid_pca_dose_total_12h,1,Later PCA dosing remains a nonspecific care pattern and is not a recognized driver of postoperative AKI. It may correlate with immobility or respiratory status but not directly with creatinine rise.
0_12h_hydromorphone_dose_total_12h,1,Hydromorphone is not intrinsically nephrotoxic and dosing is driven by analgesia/sedation practices. In 0–12h it is common and provides little signal for AKI risk.
13_24h_hydromorphone_dose_total_12h,1,Opioid dose may reflect overall illness/sedation needs but has no strong physiologic pathway to AKI compared with hemodynamics or nephrotoxins. Therefore it is a weak predictor.
25_36h_hydromorphone_dose_total_12h,2,"Higher opioid requirements later can indirectly mark ongoing critical illness (e.g., prolonged ventilation, agitation) which may co-occur with AKI, but the relationship is nonspecific. It is not a primary renal risk factor."
0_12h_dobutamine_dose_total_12h,3,"Dobutamine use indicates low cardiac output/cardiogenic shock physiology, which can reduce renal perfusion and precipitate AKI; however, early post-bypass inotrope use is common and transient, so importance is capped. It still captures clinically relevant hemodynamic compromise."
13_24h_dobutamine_dose_total_12h,4,"Ongoing dobutamine requirement in the 13–24h phase suggests persistent low-output state and renal hypoperfusion, a strong driver of postoperative AKI. This is a more discriminative marker than immediate post-op inotrope use."
25_36h_dobutamine_dose_total_12h,4,"Dobutamine requirement in the 25–36h window is a strong marker of ongoing low cardiac output/cardiogenic shock physiology, which directly reduces renal perfusion and increases AKI risk."
0_12h_docusate_dose_total_12h,1,Stool softener use is routine ICU care and has no meaningful physiologic link to renal perfusion or tubular injury.
13_24h_docusate_dose_total_12h,1,Docusate dosing reflects bowel regimen practices rather than kidney injury risk or hemodynamic compromise.
25_36h_docusate_dose_total_12h,1,Docusate is not nephrotoxic and does not indicate renal hypoperfusion; it is unlikely to predict creatinine rise.
0_12h_dopamine_dose_total_12h,3,"Early postoperative dopamine use suggests hypotension/low output requiring vasoactive support, which is associated with AKI risk, but this immediate period is often transient (capped at 3)."
13_24h_dopamine_dose_total_12h,4,"Continued dopamine requirement in 13–24h indicates persistent hemodynamic instability/vasopressor dependence, a strong driver of renal hypoperfusion and AKI."
25_36h_dopamine_dose_total_12h,4,"Ongoing dopamine use close to the outcome window is a strong indicator of sustained shock physiology and renal hypoperfusion, increasing likelihood of creatinine rise by 60h."
0_12h_enoxaparin_dose_total_12h,2,"Enoxaparin is not a typical cause of AKI; dosing may indirectly reflect renal function (dose adjustment) or thrombotic risk, but early postoperative use is not a primary AKI predictor (capped by epoch)."
13_24h_enoxaparin_dose_total_12h,2,"Enoxaparin exposure has only an indirect relationship to AKI (renal dosing/bleeding risk), and is not a direct marker of renal hypoperfusion or tubular injury."
25_36h_enoxaparin_dose_total_12h,2,"Later enoxaparin dosing may reflect clinician comfort with renal function and bleeding risk, but it is not a direct physiologic driver of postoperative AKI."
0_12h_ephedrine_sulfate_dose_total_12h,2,"Ephedrine use indicates perioperative hypotension treated with bolus vasopressor, which can relate to renal perfusion, but in the immediate 0–12h period it is often transient and nonspecific (capped at 3)."
13_24h_ephedrine_sulfate_dose_total_12h,2,"Intermittent ephedrine suggests episodic hypotension, an indirect AKI risk factor, but it is less informative than continuous vasopressor/inotrope requirements."
25_36h_ephedrine_sulfate_dose_total_12h,3,"Need for ephedrine in the 25–36h window suggests ongoing hemodynamic lability that can impair renal perfusion, though it is a weaker signal than sustained pressor/inotrope infusions."
0_12h_esmolol_dose_total_12h,2,"Esmolol use may reflect tachyarrhythmia or hypertension management; it can affect cardiac output and renal perfusion indirectly, but early postoperative use is common and nonspecific (capped by epoch)."
13_24h_esmolol_dose_total_12h,2,Esmolol in 13–24h may indicate ongoing arrhythmia control; any AKI link is indirect via hemodynamics rather than a direct renal injury marker.
25_36h_esmolol_dose_total_12h,2,"Later esmolol use can signal persistent tachyarrhythmia management and potential cardiac output effects, but it is not an established direct predictor of postoperative AKI."
0_12h_etomidate_dose_total_12h,2,"Etomidate can cause transient adrenal suppression that may contribute indirectly to hypotension/vasopressor need, but it is not a direct AKI driver; early (0–12h) exposure is also common and nonspecific."
13_24h_etomidate_dose_total_12h,2,"Ongoing etomidate use may reflect continued sedation needs/instability, but its link to AKI is indirect and weak compared with hemodynamics and nephrotoxins."
25_36h_etomidate_dose_total_12h,2,"Late etomidate use may be a proxy for persistent critical illness, yet it is not a known nephrotoxin and has no direct renal biomarker relationship."
0_12h_ezetimibe_dose_total_12h,1,Ezetimibe has minimal acute hemodynamic or nephrotoxic effects and is unlikely to influence postoperative creatinine trajectory; early dosing is routine medication reconciliation.
13_24h_ezetimibe_dose_total_12h,1,Continuation of ezetimibe is largely unrelated to renal perfusion or tubular injury and provides little prognostic information for AKI.
25_36h_ezetimibe_dose_total_12h,1,Ezetimibe exposure is not a meaningful contributor to AKI risk and mainly reflects chronic lipid management rather than acute physiology.
0_12h_famotidine_dose_total_12h,1,Famotidine is standard stress-ulcer prophylaxis and is not a typical cause of AKI; early use is routine and nonspecific.
13_24h_famotidine_dose_total_12h,1,Ongoing famotidine dosing reflects routine ICU prophylaxis rather than renal injury risk or hemodynamic compromise.
25_36h_famotidine_dose_total_12h,1,Famotidine has little direct relationship to postoperative creatinine rise; dosing is more a marker of standard care than AKI pathophysiology.
0_12h_fentanyl_pca_dose_total_12h,2,"Higher opioid requirements can correlate with illness severity and may contribute indirectly via hypotension or respiratory depression, but PCA dosing early post-op is not a direct AKI predictor (0–12h capped)."
13_24h_fentanyl_pca_dose_total_12h,2,"PCA opioid dose may proxy ongoing pain/instability and potential hemodynamic effects, but the association with AKI is indirect."
25_36h_fentanyl_pca_dose_total_12h,2,"Late higher opioid needs may reflect complicated recovery and can contribute to hypotension, yet fentanyl itself is not nephrotoxic and is a weak predictor versus perfusion/labs."
0_12h_fentanyl_dose_total_12h,2,"Non-PCA fentanyl dose may indicate deeper sedation/ventilation and can indirectly affect blood pressure, but it is not a direct renal insult and early post-op dosing is common (0–12h capped)."
13_24h_fentanyl_dose_total_12h,2,"Continued fentanyl requirements may track severity and hemodynamic vulnerability, but the link to AKI remains indirect."
25_36h_fentanyl_dose_total_12h,2,"Higher fentanyl dosing close to outcome may reflect persistent critical illness and potential hypotension, but it is not a primary AKI driver."
0_12h_flutacisone_nasal_spray_dose_total_12h,1,Intranasal fluticasone has negligible systemic effects at typical doses and no meaningful relationship to renal perfusion or AKI; early administration is incidental.
13_24h_flutacisone_nasal_spray_dose_total_12h,1,Intranasal fluticasone has minimal systemic absorption and no meaningful effect on renal perfusion or AKI risk in this context.
25_36h_flutacisone_nasal_spray_dose_total_12h,1,Intranasal steroid dosing is not a physiologic driver of postoperative AKI and is unlikely to correlate with creatinine rise beyond noise.
0_12h_folic_acid_dose_total_12h,1,Folic acid supplementation is not linked to acute changes in renal perfusion or tubular injury; early postoperative administration is routine/nonspecific.
13_24h_folic_acid_dose_total_12h,1,Folic acid use reflects chronic supplementation rather than acute kidney stress and has no established predictive value for AKI trajectory.
25_36h_folic_acid_dose_total_12h,1,Folic acid dosing is not mechanistically related to postoperative creatinine rise and is unlikely to be a marker of evolving AKI.
0_12h_furosemide_dose_total_12h,3,"Loop diuretic requirement can reflect early volume overload/low cardiac output and attempts to manage oliguria, both related to AKI risk, but in 0–12h it is often transient and protocol-driven (cap at 3)."
13_24h_furosemide_dose_total_12h,4,"Ongoing furosemide needs in the trajectory phase often indicate persistent congestion, renal hypoperfusion, or oliguria management, which strongly associates with subsequent creatinine rise."
25_36h_furosemide_dose_total_12h,4,High diuretic requirement close to the outcome window is a strong marker of persistent fluid overload/renal dysfunction and is commonly associated with worsening creatinine after cardiac surgery.
0_12h_gabapentin_dose_total_12h,1,Gabapentin is not nephrotoxic; dosing early post-op mainly reflects analgesia practices and is not a direct AKI predictor (though it is renally cleared).
13_24h_gabapentin_dose_total_12h,2,"Gabapentin dose may be indirectly influenced by renal function (dose reduction with AKI), but it is not a causal driver; at most a weak proxy for clinician adjustment."
25_36h_gabapentin_dose_total_12h,2,"Later gabapentin dosing can reflect renal-dose adjustment in evolving AKI, but remains an indirect and nonspecific signal rather than a physiologic mechanism."
0_12h_guaifenesin_dose_total_12h,1,Guaifenesin use is unrelated to renal perfusion or tubular injury and is typically routine airway secretion management.
13_24h_guaifenesin_dose_total_12h,1,Expectorant dosing does not reflect kidney physiology or AKI risk and is unlikely to add predictive value.
25_36h_guaifenesin_dose_total_12h,1,Guaifenesin administration is not mechanistically linked to postoperative creatinine changes and is not a meaningful AKI marker.
0_12h_half_normal_saline_dose_total_12h,3,Early hypotonic crystalloid volume reflects resuscitation/maintenance and can contribute to fluid overload and hemodilution; however in 0–12h it is often routine and transient (cap at 3).
13_24h_half_normal_saline_dose_total_12h,3,"Continued IV fluid administration in this phase may indicate ongoing hemodynamic instability or attempts to support perfusion, which relates to AKI risk, but it is nonspecific and practice-dependent."
25_36h_half_normal_saline_dose_total_12h,2,"IV fluid choice/volume can influence renal perfusion and chloride load, but 0.45% saline is not a strong nephrotoxin and dose often reflects routine maintenance rather than AKI pathophysiology."
0_12h_heparin_dose_total_12h,2,"Heparin dose is mainly driven by anticoagulation needs (e.g., CPB/lines) and is not a direct AKI driver; any link is indirect via bleeding/transfusion or thrombosis risk. Early post-op window is highly protocolized and transient."
13_24h_heparin_dose_total_12h,2,Ongoing anticoagulation intensity may reflect illness complexity (ECMO/IABP/CRRT access) but is not itself a renal injury mechanism. Association with AKI is indirect and confounded by indication.
25_36h_heparin_dose_total_12h,2,"Later heparin use can be a proxy for advanced support devices or thrombotic risk, which correlate with AKI, but heparin is not a direct nephrotoxin. Predictive value remains indirect."
0_12h_hydralazine_dose_total_12h,2,"Hydralazine use suggests hypertension management; hypotension from over-treatment could reduce renal perfusion, but this is not a primary AKI predictor. In the immediate 0–12h period, BP swings are common and treatment is often transient."
13_24h_hydralazine_dose_total_12h,2,"Antihypertensive dosing may reflect hemodynamic management rather than intrinsic renal injury; any AKI link is via perfusion pressure effects. Typically a weak, indirect predictor."
25_36h_hydralazine_dose_total_12h,2,"Continued need for hydralazine may indicate persistent hypertension, but this is not a direct mechanism for postoperative AKI compared with hypotension/vasopressor need. Overall an indirect signal at best."
0_12h_hydrocodone_acetaminophen_dose_total_12h,1,Opioid/acetaminophen analgesia is routine post-op care and does not directly predict AKI; acetaminophen at therapeutic doses is not typically nephrotoxic. Early dosing largely reflects pain control protocols.
13_24h_hydrocodone_acetaminophen_dose_total_12h,1,Analgesic dose is more related to pain/sedation strategy than renal perfusion or tubular injury. Any association with AKI would be weak and confounded.
25_36h_hydrocodone_acetaminophen_dose_total_12h,1,Later oral opioid/acetaminophen use generally indicates recovery trajectory rather than impending AKI. Not a meaningful physiologic predictor of creatinine rise.
0_12h_hydrocortisone_dose_total_12h,2,"Hydrocortisone often signals vasoplegia/shock treatment, which is linked to AKI via hypoperfusion, but steroid administration is an indirect proxy rather than a direct renal biomarker. In 0–12h, use may be protocolized for post-CPB vasoplegia."
13_24h_hydrocortisone_dose_total_12h,3,"Ongoing hydrocortisone suggests persistent vasoplegia or refractory shock requiring pressors, a recognized AKI risk state via sustained renal hypoperfusion. Still indirect because the medication reflects severity rather than causing AKI."
25_36h_hydrocortisone_dose_total_12h,3,"Hydrocortisone use this late implies continued shock/vasoplegia and high vasopressor burden, which strongly correlates with subsequent AKI and creatinine rise. The drug is a proxy for hemodynamic failure rather than a direct nephrotoxin."
0_12h_hypertonic_saline_dose_total_12h,2,Hypertonic saline use indicates significant dysnatremia or intracranial/volume management issues; hypernatremia/osmotic shifts can associate with worse outcomes but are not a primary AKI mechanism. Early post-op use may be situational and transient.
13_24h_hypertonic_saline_dose_total_12h,2,"Continued hypertonic saline suggests persistent electrolyte derangement or complex fluid management, which can correlate with severity of illness and AKI risk. The relationship remains indirect."
25_36h_hypertonic_saline_dose_total_12h,2,"Late hypertonic saline implies ongoing dysnatremia/complex fluid strategy and may track with critical illness severity, which is associated with AKI. Not a direct renal injury marker compared with creatinine/urine output/hemodynamics."
0_12h_ibuprofen_dose_total_12h,3,"NSAIDs can reduce renal prostaglandin-mediated afferent arteriolar dilation and precipitate AKI in hypoperfused post-cardiac surgery patients, especially elderly with liver disease. In the immediate 0–12h window, exposure may be transient and confounded by perioperative care, so capped at 3."
13_24h_ibuprofen_dose_total_12h,3,"Ongoing NSAID exposure during the trajectory phase can worsen renal perfusion and contribute to rising creatinine, particularly with low effective circulating volume. Still indirect and often avoided post-op, so moderate importance."
25_36h_ibuprofen_dose_total_12h,4,"NSAID dosing closer to the outcome window is a stronger actionable nephrotoxic exposure and may directly contribute to subsequent creatinine rise. In older post-cardiac surgery patients, this can be a meaningful driver of AKI when combined with hemodynamic stressors."
0_12h_inhaled_acetylcysteine_dose_total_12h,1,Inhaled acetylcysteine is used for airway secretion management and has no direct renal perfusion or nephrotoxic effect. Any association would reflect respiratory care intensity rather than kidney injury.
13_24h_inhaled_acetylcysteine_dose_total_12h,1,Primarily a pulmonary toileting medication without a known mechanistic link to AKI. Use is more reflective of pulmonary status than renal injury risk.
25_36h_inhaled_acetylcysteine_dose_total_12h,1,No established relationship between inhaled mucolytics and creatinine rise; not a renal biomarker or nephrotoxin. Likely unrelated to AKI prediction.
0_12h_inhaled_arformoterol_dose_total_12h,1,Inhaled LABA therapy reflects COPD/asthma management and does not directly affect renal perfusion or tubular injury. Any signal would be confounding by pulmonary comorbidity.
13_24h_inhaled_arformoterol_dose_total_12h,1,"Continued inhaled bronchodilator use is not a recognized predictor of AKI and is not nephrotoxic. At most it indicates respiratory disease burden, an indirect confounder."
25_36h_inhaled_arformoterol_dose_total_12h,1,No direct physiologic pathway to AKI from inhaled arformoterol at typical doses. Not expected to add predictive value for creatinine_ratio.
0_12h_inhaled_budesonide_dose_total_12h,1,Inhaled corticosteroids have minimal systemic absorption and are not typical drivers of AKI. Use mainly reflects chronic airway disease rather than renal risk.
13_24h_inhaled_budesonide_dose_total_12h,1,Not nephrotoxic and not a marker of renal hypoperfusion; association would be indirect via pulmonary comorbidity. Low relevance for predicting creatinine_ratio.
25_36h_inhaled_budesonide_dose_total_12h,1,Inhaled budesonide is unlikely to influence kidney function meaningfully in this context. Provides little mechanistic or prognostic information for AKI.
0_12h_inhaled_levalbuterol_dose_total_12h,1,Inhaled beta-agonists are used for bronchospasm and do not directly cause AKI; systemic effects are usually limited. Any relationship would be confounded by respiratory severity.
13_24h_inhaled_levalbuterol_dose_total_12h,1,Not a renal biomarker or nephrotoxin; reflects pulmonary management rather than kidney injury risk. Low expected predictive value for creatinine_ratio.
25_36h_inhaled_levalbuterol_dose_total_12h,1,Continued bronchodilator dosing is not mechanistically linked to postoperative AKI. Likely unrelated to subsequent creatinine rise.
0_12h_inhaled_sodium_chloride_dose_total_12h,1,"Nebulized saline is supportive airway therapy without renal implications. It does not reflect renal perfusion, nephrotoxicity, or early kidney injury."
13_24h_inhaled_sodium_chloride_dose_total_12h,1,Inhaled saline is primarily for airway clearance/humidification and has no direct renal perfusion or nephrotoxic effect. Dose mainly reflects respiratory secretion management rather than AKI risk.
25_36h_inhaled_sodium_chloride_dose_total_12h,1,Inhaled saline use is not a physiologic driver of kidney injury and is unlikely to predict creatinine rise. At most it is a weak proxy for pulmonary care intensity.
0_12h_inhlaed_levalbuterol_dose_total_12h,1,Inhaled beta-agonist dosing reflects bronchospasm/airflow limitation management and is not a known AKI trigger. Early post-op use is common and nonspecific (0–12h capped low).
13_24h_inhlaed_levalbuterol_dose_total_12h,1,Levalbuterol dose is not directly linked to renal hypoperfusion or nephrotoxicity. It may correlate with respiratory illness severity but is an indirect and weak AKI predictor.
25_36h_inhlaed_levalbuterol_dose_total_12h,2,"Persistent need for bronchodilators may indicate ongoing respiratory failure/ventilation needs that can associate with hemodynamic stress, but the medication itself does not cause AKI. Thus only an indirect severity-of-illness proxy."
0_12h_insulin_glargine_dose_total_12h,2,"Insulin requirement reflects diabetes/stress hyperglycemia, which is associated with worse outcomes including AKI, but insulin dosing is not a direct renal injury mechanism. In the immediate 0–12h period it is especially nonspecific."
13_24h_insulin_glargine_dose_total_12h,2,"Basal insulin dosing is a proxy for underlying diabetes and glycemic control, which modestly relates to AKI risk. It is not a direct biomarker of renal dysfunction."
25_36h_insulin_glargine_dose_total_12h,2,"Ongoing basal insulin needs may track metabolic stress/diabetes severity, indirectly associated with AKI risk. Still not a direct predictor of creatinine rise compared with hemodynamics or renal labs."
0_12h_insulin_levemir_dose_total_12h,2,Detemir use similarly reflects diabetes/stress hyperglycemia rather than kidney injury physiology. Early post-op dosing is routine and weakly informative (0–12h capped).
13_24h_insulin_levemir_dose_total_12h,2,"Basal insulin requirement is an indirect marker of diabetes and illness severity, which can increase AKI susceptibility. Not a direct renal perfusion or nephrotoxic factor."
25_36h_insulin_levemir_dose_total_12h,2,"Continued basal insulin needs may correlate with persistent stress response and comorbidity burden, modestly linked to AKI risk. The dose itself does not directly drive creatinine changes."
0_12h_insulin_lispro_dose_total_12h,2,"Short-acting insulin dose reflects stress hyperglycemia and diabetes management, which are associated with AKI risk but indirectly. In the immediate post-op window it is highly protocol-driven and nonspecific."
13_24h_insulin_lispro_dose_total_12h,2,"Higher prandial/correction insulin needs can indicate ongoing stress hyperglycemia, an indirect risk marker for complications including AKI. It is not a direct indicator of renal hypoperfusion or injury."
25_36h_insulin_lispro_dose_total_12h,3,"Persistent high insulin requirements late (25–36h) may better reflect ongoing systemic stress/infection/inflammation, which can contribute to AKI risk. Still indirect, but closer to outcome and potentially more informative than earlier epochs."
0_12h_insulin_regular_infusion_dose_total_12h,3,"Need for insulin infusion suggests significant stress hyperglycemia/critical illness, which is associated with higher AKI risk, but is not a direct renal biomarker. In 0–12h it remains partly protocolized after cardiac surgery, limiting specificity."
13_24h_insulin_regular_infusion_dose_total_12h,3,"Ongoing insulin infusion at 13–24h implies persistent critical illness or difficult glycemic control, which correlates with higher AKI risk. It remains an indirect severity marker rather than a direct kidney injury mechanism."
25_36h_insulin_regular_infusion_dose_total_12h,3,"Higher insulin infusion often reflects stress hyperglycemia and critical illness severity, which correlates with AKI risk after cardiac surgery. It is an indirect marker rather than a direct renal insult."
0_12h_iopamidol_contrast_dose_total_12h,3,"Iodinated contrast can precipitate contrast-associated AKI, but in the immediate 0–12h post-op window exposures may be peri-procedural and effects may not yet be distinguishable from transient post-bypass changes. Capped by early-epoch rule."
13_24h_iopamidol_contrast_dose_total_12h,4,"Contrast exposure in this trajectory phase is a strong, well-established nephrotoxic risk factor and can contribute to rising creatinine by 48–72 hours. Timing is closer to the 60h outcome than the immediate post-op period."
25_36h_iopamidol_contrast_dose_total_12h,5,"Recent iodinated contrast exposure is a direct, high-risk nephrotoxic insult with a typical creatinine rise within 24–72 hours, aligning closely with the 60h creatinine ratio outcome. Particularly consequential in elderly patients with liver disease and limited renal reserve."
0_12h_ipratropium_bromide_dose_total_12h,1,Inhaled ipratropium is not nephrotoxic and has minimal systemic hemodynamic impact relevant to renal perfusion. Use mainly reflects airway management rather than AKI pathophysiology.
13_24h_ipratropium_bromide_dose_total_12h,1,Continued inhaled anticholinergic therapy is not a meaningful driver of renal injury and is largely unrelated to creatinine trajectory. At most it reflects pulmonary comorbidity/ventilator needs.
25_36h_ipratropium_bromide_dose_total_12h,1,Ipratropium dosing remains clinically unrelated to kidney perfusion or nephrotoxicity. It is unlikely to add predictive value for creatinine ratio beyond general illness context.
0_12h_ipratropium_albuterol_dose_total_12h,2,"Albuterol can cause tachycardia and shifts in potassium, and frequent bronchodilator need may indicate respiratory failure severity, indirectly associated with AKI risk. However it is not a direct renal insult, and early post-op use is common."
13_24h_ipratropium_albuterol_dose_total_12h,2,"Ongoing bronchodilator requirement may proxy for persistent pulmonary dysfunction and higher ICU acuity, which correlates with AKI risk. The medication itself is not nephrotoxic."
25_36h_ipratropium_albuterol_dose_total_12h,2,"Persistent need for bronchodilators late in the first 36h suggests ongoing respiratory compromise and catecholamine exposure, indirectly linked to AKI via severity of illness. Still not a primary mechanistic predictor."
0_12h_iron_dose_total_12h,1,Iron administration is not a typical cause of AKI in this setting and more often reflects anemia management/transfusion strategy. Immediate post-op dosing provides little renal-specific prognostic information.
13_24h_iron_dose_total_12h,1,Iron dosing is generally unrelated to renal perfusion or nephrotoxicity and mainly indicates anemia treatment. It is unlikely to predict creatinine rise independent of other factors.
25_36h_iron_dose_total_12h,1,"Late iron administration remains a weak, non-specific marker (anemia/bleeding management) without a direct link to AKI mechanisms. Any association would be confounded by overall illness course."
0_12h_isosorbide_mononitrate_dose_total_12h,2,"Nitrates can lower preload/afterload and potentially contribute to hypotension, indirectly affecting renal perfusion, but early post-op hemodynamics are highly variable and transient. Capped by early-epoch rule and indirect mechanism."
13_24h_isosorbide_mononitrate_dose_total_12h,2,"Use may reflect ongoing ischemia/heart failure management and can contribute to lower blood pressure, indirectly increasing AKI risk. However it is not a strong standalone predictor compared with direct hemodynamic measures."
25_36h_isosorbide_mononitrate_dose_total_12h,3,"In the 25–36h window, nitrate use may indicate persistent cardiac dysfunction/ischemia and risk of hypotension, both relevant to renal hypoperfusion and AKI. Still an indirect proxy rather than a direct biomarker."
0_12h_k_phos_dose_total_12h,2,"K/Phos repletion is an indirect marker of electrolyte derangements and illness severity, but it is not a direct driver of AKI. In the immediate 0–12h post-op window it is often routine replacement, limiting specificity."
13_24h_k_phos_dose_total_12h,2,"Ongoing phosphate/potassium replacement may reflect evolving renal dysfunction or shifts from diuresis/insulin, but remains nonspecific. More a proxy for metabolic instability than a causal AKI predictor."
25_36h_k_phos_dose_total_12h,3,Late need for K/Phos replacement can signal persistent electrolyte wasting/management complexity and may correlate with renal stress or aggressive diuresis. Still indirect and not a definitive AKI marker.
0_12h_ketamine_dose_total_12h,1,Ketamine dosing mainly reflects sedation/analgesia strategy and does not directly predict renal injury. Any hemodynamic effects are typically transient and confounded in the immediate post-op period.
13_24h_ketamine_dose_total_12h,1,Continued ketamine use is more related to sedation needs and delirium/pain control than kidney perfusion. It has no established direct association with postoperative AKI.
25_36h_ketamine_dose_total_12h,1,"Ketamine dose remains a weak, nonspecific marker of ICU course and is not nephrotoxic at typical ICU doses. Any association with AKI would be confounded by severity of illness."
0_12h_lactated_ringers_dose_total_12h,2,"Early crystalloid volume can influence renal perfusion and congestion, but 0–12h fluids are heavily protocolized and reflect immediate resuscitation. Thus it is an indirect and noisy predictor of later creatinine rise."
13_24h_lactated_ringers_dose_total_12h,3,"Ongoing LR requirements in 13–24h may indicate persistent vasoplegia/low effective circulating volume, which can contribute to renal hypoperfusion. Still confounded by clinician practice and overall fluid strategy."
25_36h_lactated_ringers_dose_total_12h,4,"Fluid administration close to the outcome window can reflect ongoing hemodynamic instability or attempts to treat low renal perfusion, both strongly linked to AKI risk. It may also contribute to venous congestion and worsening renal function."
0_12h_lactulose_dose_total_12h,1,Lactulose use primarily reflects hepatic encephalopathy prophylaxis/treatment rather than renal physiology. Any effect on creatinine is indirect (diarrhea/volume depletion) and usually not dominant in the immediate post-op window.
13_24h_lactulose_dose_total_12h,2,"Lactulose can contribute to volume depletion and electrolyte disturbances, which may worsen renal perfusion. However, it is still an indirect and practice-driven marker in this setting."
25_36h_lactulose_dose_total_12h,2,"Later lactulose use may increase risk of dehydration/hypotension via diarrhea, potentially contributing to prerenal AKI. The relationship remains indirect and highly dependent on net fluid balance and hemodynamics."
0_12h_levothyroxine_dose_total_12h,1,Levothyroxine dosing reflects chronic hypothyroidism management and is not an acute determinant of postoperative renal injury. It provides minimal prognostic information for AKI in the immediate post-op period.
13_24h_levothyroxine_dose_total_12h,1,Continuation of thyroid replacement is routine ICU care and not linked to short-term changes in creatinine. Any association would be confounded by baseline comorbidity rather than acute kidney perfusion.
25_36h_levothyroxine_dose_total_12h,1,Levothyroxine remains a maintenance medication without a direct mechanistic link to AKI over this timeframe. It is unlikely to add predictive value for creatinine_ratio.
0_12h_lidocaine_patch_dose_total_12h,1,Topical lidocaine patch use is an analgesic adjunct and does not affect renal perfusion or nephrotoxicity meaningfully. It is unlikely to be informative for AKI prediction.
13_24h_lidocaine_patch_dose_total_12h,1,Topical lidocaine has minimal systemic hemodynamic or nephrotoxic effect and is not an AKI driver. Dose mainly reflects analgesia practice rather than renal risk.
25_36h_lidocaine_patch_dose_total_12h,1,Topical lidocaine exposure is unlikely to affect renal perfusion or tubular injury. More indicative of pain management than impending AKI.
0_12h_lidocaine_dose_total_12h,1,Systemic lidocaine is not a typical nephrotoxin and usually has limited impact on renal perfusion at therapeutic doses. In the immediate post-op window it mostly reflects arrhythmia/analgesia management rather than AKI risk.
13_24h_lidocaine_dose_total_12h,1,Lidocaine dosing is not an established predictor of postoperative AKI and has no direct renal biomarker relationship. More a marker of arrhythmia treatment than kidney injury trajectory.
25_36h_lidocaine_dose_total_12h,1,Ongoing lidocaine use is unlikely to causally influence creatinine rise and is not a recognized AKI risk factor. At most it is a weak proxy for clinical complexity.
0_12h_lisinopril_dose_total_12h,3,"ACE inhibitors can reduce intraglomerular pressure (efferent dilation) and worsen creatinine in low-perfusion states common after cardiac surgery. In 0–12h, effects may be confounded by transient post-bypass hemodynamics, so capped at moderate importance."
13_24h_lisinopril_dose_total_12h,3,"Continuation/restart of ACE inhibitor during the trajectory phase can contribute to functional AKI when renal perfusion is marginal. Still indirect and practice-dependent, so moderate importance."
25_36h_lisinopril_dose_total_12h,4,"ACE inhibitor exposure close to the outcome window can meaningfully worsen creatinine in patients with ongoing hypotension/low effective arterial volume (especially with liver disease). This is a strong, plausible contributor to rising creatinine ratio."
0_12h_losartan_dose_total_12h,3,"ARBs can lower intraglomerular filtration pressure and precipitate creatinine rise in the setting of postoperative hypoperfusion. Early post-op dosing is less common and confounded by transient instability, so moderate importance."
13_24h_losartan_dose_total_12h,3,ARBs during 13–24h may contribute to functional AKI if renal perfusion remains compromised. Association is plausible but not definitive and may reflect medication reconciliation practices.
25_36h_losartan_dose_total_12h,4,ARBs in the 25–36h leading-indicator window can directly worsen creatinine by reducing glomerular filtration pressure when effective circulating volume is low. Stronger relevance given proximity to the 60h creatinine outcome.
0_12h_magnesium_sulfate_dose_total_12h,2,"Magnesium sulfate is not a typical cause of AKI; dosing often reflects electrolyte repletion or arrhythmia prophylaxis. Any renal link is indirect (e.g., higher dosing in sicker patients or reduced clearance), and early window is highly confounded."
13_24h_magnesium_sulfate_dose_total_12h,2,Magnesium sulfate administration is generally renal-safe and mainly reflects replacement needs/clinical practice. It may weakly proxy illness severity or reduced renal clearance but is not a primary AKI driver.
25_36h_magnesium_sulfate_dose_total_12h,2,"Later magnesium sulfate dosing could reflect ongoing electrolyte derangements or reduced clearance, but it is not a direct predictor of tubular injury. Overall only an indirect severity/clearance signal."
0_12h_magnesium_dose_total_12h,2,Magnesium replacement is common post-cardiac surgery and not nephrotoxic; relationship to AKI is indirect via severity of illness or impaired excretion. Immediate post-op period is particularly nonspecific.
13_24h_magnesium_dose_total_12h,2,Magnesium dosing in 13–24h is more reflective of replacement protocols and monitoring than kidney injury itself. Any association with creatinine rise is likely indirect (reduced clearance/acuity).
25_36h_magnesium_dose_total_12h,2,Magnesium repletion is common post-cardiac surgery and usually reflects electrolyte management rather than kidney injury; higher dosing may indirectly signal renal dysfunction (reduced clearance) or arrhythmia/diuretic use.
0_12h_melatonin_dose_total_12h,1,Melatonin use is largely for sleep/delirium prevention and has no established direct relationship to AKI risk; in the immediate 0–12h window it is especially nonspecific.
13_24h_melatonin_dose_total_12h,1,Melatonin dosing is not a physiologic driver of renal hypoperfusion or nephrotoxicity and mainly reflects comfort/sleep management rather than AKI trajectory.
25_36h_melatonin_dose_total_12h,1,"Even close to the outcome window, melatonin is not a recognized predictor of postoperative AKI and is unlikely to add signal beyond illness severity proxies."
0_12h_meropenem_dose_total_12h,2,"Meropenem is not strongly nephrotoxic, but early broad-spectrum antibiotic use can proxy severe infection/shock risk; in 0–12h this is often prophylactic/empiric so predictive value is limited."
13_24h_meropenem_dose_total_12h,3,"Ongoing meropenem use in the trajectory phase more likely reflects suspected/confirmed infection or sepsis, which is a well-known contributor to AKI via hypotension and inflammation."
25_36h_meropenem_dose_total_12h,3,"Continued broad-spectrum antibiotics near 36h can indicate persistent infection/sepsis and higher illness severity, both associated with subsequent creatinine rise, though the drug itself is not a primary nephrotoxin."
0_12h_methocarbamol_dose_total_12h,1,Methocarbamol is used for muscle spasm/pain control and has no meaningful direct link to renal perfusion or nephrotoxicity; early postoperative use is routine.
13_24h_methocarbamol_dose_total_12h,1,Analgesic adjunct use is not an established AKI predictor and mainly reflects symptom management rather than renal pathophysiology.
25_36h_methocarbamol_dose_total_12h,1,Methocarbamol dosing remains nonspecific for AKI risk and is unlikely to add predictive value beyond general care intensity.
0_12h_methylene_blue_dose_total_12h,3,"Methylene blue use typically indicates vasoplegic shock after cardiopulmonary bypass, a hemodynamic state associated with renal hypoperfusion; however in 0–12h transient vasoplegia is common so score is capped."
13_24h_methylene_blue_dose_total_12h,4,"Need for methylene blue beyond the immediate postoperative period suggests persistent vasoplegia/refractory shock, strongly linked to AKI through sustained hypotension and high vasopressor requirements."
25_36h_methylene_blue_dose_total_12h,4,"Methylene blue use in the 25–36h leading window implies ongoing severe vasoplegia/shock physiology, a strong direct predictor of subsequent creatinine rise from renal ischemia."
0_12h_metoclopramide_dose_total_12h,1,Metoclopramide is an antiemetic/prokinetic and does not meaningfully affect renal perfusion or cause nephrotoxicity; early use is routine postoperative care.
13_24h_metoclopramide_dose_total_12h,1,Antiemetic use is nonspecific and not an established marker of AKI risk or renal injury trajectory.
25_36h_metoclopramide_dose_total_12h,1,"Even near the outcome window, metoclopramide administration is not a recognized predictor of AKI and mainly reflects nausea/feeding intolerance management."
0_12h_metoprolol_dose_total_12h,2,"Beta-blocker dosing mainly reflects rate control and hemodynamic management; it has only an indirect link to AKI via potential hypotension/low cardiac output. In the immediate 0–12h post-op period, dosing is common and not specific for renal injury."
13_24h_metoprolol_dose_total_12h,2,"Ongoing beta-blocker use may correlate with persistent hemodynamic issues or atrial arrhythmias, which can affect renal perfusion indirectly. It is not a direct AKI driver and is often routine."
25_36h_metoprolol_dose_total_12h,2,"Later metoprolol requirement can signal continued cardiac dysfunction or arrhythmia control, which may secondarily influence renal perfusion. Still, it is not a nephrotoxin or direct biomarker of AKI."
0_12h_metronidazole_dose_total_12h,1,Metronidazole is not typically nephrotoxic and is not a direct predictor of postoperative AKI. Early administration more likely reflects infection prophylaxis/coverage rather than renal risk.
13_24h_metronidazole_dose_total_12h,2,"Use may indicate suspected infection/abdominal source or broader illness severity, which can increase AKI risk indirectly. The drug itself is not a strong renal insult."
25_36h_metronidazole_dose_total_12h,2,"Continued metronidazole can be a proxy for ongoing infection/sepsis risk, which is associated with AKI. However, it remains an indirect marker rather than a direct renal predictor."
0_12h_midazolam_dose_total_12h,1,"Sedation dose is not a direct AKI mechanism; any association is largely via illness severity or hemodynamic effects. In the immediate post-op window, midazolam use is common and nonspecific."
13_24h_midazolam_dose_total_12h,2,"Ongoing sedative requirement may reflect prolonged ventilation/instability and higher acuity, indirectly associated with AKI. Midazolam itself is not a typical nephrotoxin."
25_36h_midazolam_dose_total_12h,2,"Persistent sedation at 25–36h suggests delayed recovery or ongoing critical illness, which correlates with AKI risk indirectly. It is not a direct biomarker or established causal driver."
0_12h_midodrine_dose_total_12h,3,"Midodrine use indicates vasoplegia or need for blood pressure support, which relates to renal perfusion risk. In 0–12h, hypotension is common post-CPB, so prognostic specificity is limited (cap at 3)."
13_24h_midodrine_dose_total_12h,3,"Requirement for midodrine in the trajectory phase suggests persistent vasodilatory shock/low MAP risk, which is an established contributor to AKI. It remains an indirect marker of hemodynamic compromise rather than a renal biomarker."
25_36h_midodrine_dose_total_12h,4,"Needing midodrine close to the outcome window implies ongoing hypotension/vasoplegia and difficulty maintaining renal perfusion pressure, strongly linked to subsequent AKI. It serves as a strong proxy for sustained hemodynamic vulnerability."
0_12h_milrinone_dose_total_12h,3,"Milrinone use reflects low cardiac output/right ventricular dysfunction and can worsen hypotension, both relevant to renal hypoperfusion. In the immediate post-op period, inotrope use is common and less specific (cap at 3)."
13_24h_milrinone_dose_total_12h,4,"Ongoing milrinone suggests persistent cardiac dysfunction and/or pulmonary hypertension with risk of low renal blood flow, a strong predictor of AKI after cardiac surgery. It also may contribute to hypotension, compounding renal risk."
25_36h_milrinone_dose_total_12h,4,"Continued inotrope dependence at 25–36h indicates unresolved low-output physiology, strongly associated with postoperative AKI via renal hypoperfusion and venous congestion. This is a strong leading indicator though not a direct renal biomarker."
0_12h_minocycline_dose_total_12h,1,Minocycline is not a typical nephrotoxin and has weak direct linkage to AKI risk. Early use is more reflective of antimicrobial choice than renal pathophysiology.
13_24h_minocycline_dose_total_12h,2,"Minocycline is not a typical direct driver of post-cardiac surgery AKI, but antibiotic exposure can correlate with infection/sepsis severity and renal vulnerability. In the 13–24h window it is more a marker of clinical course than a renal mechanism."
25_36h_minocycline_dose_total_12h,2,"Ongoing minocycline use may reflect persistent infection/complexity of care, which can indirectly increase AKI risk. It is not a classic nephrotoxin compared with other ICU antibiotics, so direct predictive value is limited."
0_12h_morphine_dose_total_12h,2,"Opioid dose is an indirect marker of illness severity and can contribute to hypotension/respiratory depression, but it is not a primary AKI driver. Early (0–12h) dosing is heavily influenced by routine post-op analgesia, limiting specificity (max 3)."
13_24h_morphine_dose_total_12h,2,"Higher morphine requirements may indicate ongoing instability or prolonged ventilation/sedation needs, indirectly associated with AKI risk. Morphine itself is not directly nephrotoxic and is confounded by standard pain management."
25_36h_morphine_dose_total_12h,2,Continued opioid requirement late may track with complicated recovery and hemodynamic/respiratory issues that can predispose to AKI. Still largely an indirect severity marker rather than a direct renal insult.
0_12h_nicardipine_dose_total_12h,2,"Nicardipine use reflects postoperative hypertension management; excessive vasodilation could worsen renal perfusion if it lowers MAP, but early use is common and transient. In 0–12h it is less specific for impending AKI (max 3)."
13_24h_nicardipine_dose_total_12h,3,Need for ongoing nicardipine suggests persistent BP lability; hypotension episodes from aggressive afterload reduction can reduce renal perfusion and contribute to AKI. In the trajectory phase it can be a meaningful hemodynamic proxy.
25_36h_nicardipine_dose_total_12h,3,"Late nicardipine requirement indicates continued hemodynamic management and potential MAP compromise, which is directly relevant to renal perfusion near the outcome window. It remains an indirect predictor because dose does not capture actual achieved pressures."
0_12h_nitroglycerin_dose_total_12h,2,Nitroglycerin is used for ischemia/afterload/preload control; it can lower MAP and renal perfusion but is often routine immediately post-op. Early dosing is therefore a weakly specific AKI predictor (max 3).
13_24h_nitroglycerin_dose_total_12h,3,"Ongoing nitroglycerin may indicate persistent cardiac dysfunction/ischemia or BP management needs, conditions associated with renal hypoperfusion and AKI. Dose is an indirect marker but more informative in 13–24h than immediately post-op."
25_36h_nitroglycerin_dose_total_12h,3,"Continued nitroglycerin late suggests ongoing cardiac/hemodynamic issues (e.g., low output/ischemia) that can drive renal hypoperfusion close to hour 60. Still indirect because it does not directly measure perfusion or urine output."
0_12h_normal_saline_dose_total_12h,2,"Large early saline volumes can contribute to fluid overload and hyperchloremic acidosis, which may worsen renal outcomes, but early resuscitation is common and confounded by routine post-op care. Thus it is only a modest, nonspecific AKI signal (max 3)."
13_24h_normal_saline_dose_total_12h,3,"Continued saline requirement in 13–24h may reflect ongoing hypotension/vasoplegia or bleeding, both linked to renal hypoperfusion and AKI. High chloride load may also contribute, making this a more relevant trajectory marker."
25_36h_normal_saline_dose_total_12h,4,"Persistent need for saline at 25–36h suggests ongoing shock/third spacing or inadequate perfusion requiring resuscitation, which strongly predicts subsequent AKI. It also captures cumulative chloride/volume burden near the outcome window."
0_12h_nystatin_dose_total_12h,1,Nystatin is minimally systemically absorbed and is not nephrotoxic; its use is largely routine prophylaxis/treatment for mucocutaneous candidiasis. It has no meaningful physiologic link to AKI (max 3).
13_24h_nystatin_dose_total_12h,1,Nystatin exposure remains clinically unrelated to renal perfusion or tubular injury and mainly reflects routine care. It is unlikely to add predictive value for creatinine rise.
25_36h_nystatin_dose_total_12h,1,Oral/topical nystatin is minimally absorbed and not nephrotoxic; dosing mainly reflects routine antifungal prophylaxis rather than renal perfusion or injury.
0_12h_ondansetron_dose_total_12h,1,Ondansetron is not a meaningful driver of AKI; early postoperative use mainly reflects nausea prophylaxis and is weakly related to renal outcomes (and capped by the 0–12h window).
13_24h_ondansetron_dose_total_12h,1,Continued antiemetic use is not a direct physiologic contributor to AKI and is more reflective of symptoms/care patterns than kidney injury risk.
25_36h_ondansetron_dose_total_12h,1,Ondansetron exposure has little mechanistic link to postoperative AKI; dosing at 25–36h is unlikely to add predictive signal for creatinine rise.
0_12h_oxycodone_dose_total_12h,1,Opioid dosing is not a direct AKI driver; in the immediate 0–12h period it mostly reflects analgesia needs and sedation strategy rather than renal hypoperfusion.
13_24h_oxycodone_dose_total_12h,2,"Higher opioid requirements can indirectly correlate with illness severity and hypotension/respiratory depression, but oxycodone itself is not nephrotoxic and is a weak AKI predictor."
25_36h_oxycodone_dose_total_12h,2,"Ongoing opioid need may proxy for complicated recovery and reduced mobility/ventilation, but it remains an indirect and nonspecific link to AKI compared with hemodynamics and renal labs."
0_12h_pantoprazole_dose_total_12h,1,Pantoprazole use is routine stress-ulcer prophylaxis post-cardiac surgery and provides little specific information about renal injury risk in the early 0–12h window.
13_24h_pantoprazole_dose_total_12h,1,"Although PPIs are rarely associated with interstitial nephritis, short-term ICU pantoprazole dosing is typically prophylactic and not a strong predictor of AKI trajectory."
25_36h_pantoprazole_dose_total_12h,1,Continued PPI prophylaxis is common and nonspecific; it is unlikely to meaningfully predict creatinine_ratio at 60h.
0_12h_phenylephrine_dose_total_12h,3,"Need for vasopressor support indicates perioperative vasoplegia/hypotension risk, which can reduce renal perfusion; however early post-CPB vasopressor use is common and transient (0–12h cap)."
13_24h_phenylephrine_dose_total_12h,4,"Persistent vasopressor requirement in the 13–24h trajectory phase suggests ongoing shock/low effective renal perfusion, a strong driver of postoperative AKI."
25_36h_phenylephrine_dose_total_12h,5,"Vasopressor dependence at 25–36h is a leading indicator of sustained hemodynamic instability and renal hypoperfusion, strongly predictive of subsequent creatinine rise/AKI."
0_12h_phos_na_k_dose_total_12h,2,"Phosphate replacement suggests hypophosphatemia from shifts/diuresis and may correlate with severity, but it is not a direct AKI mechanism; early postoperative electrolyte repletion is common (0–12h cap)."
13_24h_phos_na_k_dose_total_12h,2,"Ongoing phosphate supplementation can reflect nutritional issues, refeeding, or renal handling changes, but remains an indirect and nonspecific predictor of AKI."
25_36h_phos_na_k_dose_total_12h,2,"Phosphate replacement at 25–36h may weakly proxy for diuretic use or metabolic stress, but it is not a direct biomarker of renal injury and has limited specificity for predicting creatinine_ratio."
0_12h_piperacilin_tazobactam_dose_total_12h,2,"Broad-spectrum antibiotics can be associated with AKI (often via sepsis severity or rare interstitial nephritis), but early post-op use is more a marker of infection concern than a direct renal insult. In the immediate 0–12h window, dosing is unlikely to be a primary driver of creatinine rise by 60h."
13_24h_piperacilin_tazobactam_dose_total_12h,2,"Ongoing need for piperacillin-tazobactam may reflect infection/sepsis risk, which can contribute to AKI, but the drug itself is not a strong direct nephrotoxin. More of an indirect severity marker than a mechanistic predictor."
25_36h_piperacilin_tazobactam_dose_total_12h,3,"Antibiotic continuation closer to hour 60 can indicate evolving infection/sepsis and hemodynamic instability, both strong AKI drivers. Still indirect (severity proxy) rather than a definitive nephrotoxic exposure."
0_12h_plasmalyte_dose_total_12h,2,"Crystalloid volume reflects resuscitation needs and can influence renal perfusion, but in the immediate post-bypass period large volumes are common and nonspecific. Early fluid dose is an indirect marker of illness/bleeding rather than a direct AKI predictor."
13_24h_plasmalyte_dose_total_12h,3,"Persistently higher crystalloid requirements in 13–24h may indicate ongoing vasoplegia, bleeding, or low effective circulating volume, which can impair renal perfusion. Moderate predictor as a hemodynamic/severity surrogate."
25_36h_plasmalyte_dose_total_12h,3,"Higher crystalloid needs in 25–36h can signal continued hemodynamic instability or attempts to treat oliguria/AKI, both linked to later creatinine rise. Still indirect and confounded by clinician response."
0_12h_polyethylene_glycol_dose_total_12h,1,Polyethylene glycol is a bowel regimen and does not directly affect renal perfusion or nephrotoxicity in typical ICU dosing. Early administration mainly reflects routine care.
13_24h_polyethylene_glycol_dose_total_12h,1,Bowel regimen use is not mechanistically linked to AKI and is largely standard ICU practice. Minimal prognostic value for creatinine trajectory.
25_36h_polyethylene_glycol_dose_total_12h,1,Continued polyethylene glycol use remains a routine care marker without a direct relationship to renal injury. Unlikely to add predictive signal for creatinine_ratio.
0_12h_potassium_chloride_dose_total_12h,2,"Potassium repletion can reflect shifts from diuresis, insulin therapy, or acid-base changes; it may weakly correlate with renal dysfunction but is nonspecific early post-op. In 0–12h it is often protocolized and not a strong AKI indicator."
13_24h_potassium_chloride_dose_total_12h,2,Ongoing potassium supplementation may reflect diuretic use or electrolyte derangements; renal impairment more often reduces K needs rather than increases them. Overall an indirect and noisy marker for AKI risk.
25_36h_potassium_chloride_dose_total_12h,2,Later potassium dosing can still be driven by diuretics/alkalosis management and does not directly indicate worsening renal function (which often causes hyperkalemia). Weak-to-plausible indirect association only.
0_12h_dexmedetomidine_dose_total_12h,1,"Dexmedetomidine is primarily a sedative; while it can affect heart rate and blood pressure, its dosing is not a recognized direct AKI driver. In 0–12h it mainly reflects sedation strategy."
13_24h_dexmedetomidine_dose_total_12h,1,"Sedation dose is not a direct biomarker of renal injury and has only weak, confounded links via hemodynamics. Limited value for predicting creatinine_ratio."
25_36h_dexmedetomidine_dose_total_12h,2,"Higher sedation needs later may correlate with prolonged ventilation/critical illness severity, which can associate with AKI risk. Still indirect and not a primary renal mechanism."
0_12h_prednisone_dose_total_12h,1,"Prednisone use in the immediate post-op period is uncommon and, when present, is not a typical direct cause of AKI; it may reflect chronic therapy or specific indications. In 0–12h it is unlikely to meaningfully predict creatinine rise by 60h."
13_24h_prednisone_dose_total_12h,2,"Systemic steroids are not a primary driver of post-cardiac surgery AKI; any effect is indirect (hemodynamics, infection risk, glycemic effects). In this mid-phase window it is more a marker of inflammatory/airway issues than renal injury."
25_36h_prednisone_dose_total_12h,2,"Later steroid exposure still has only an indirect relationship to creatinine rise (fluid retention, hyperglycemia, infection risk) and is not a typical direct nephrotoxin. More likely reflects clinical complexity than kidney-specific pathology."
0_12h_propofol_dose_total_12h,2,"Propofol can contribute to hypotension and reduced renal perfusion, but early post-op dosing largely reflects sedation strategy and immediate post-bypass care. Given the 0–12h cap and indirect mechanism, predictive value for AKI is limited."
13_24h_propofol_dose_total_12h,3,"Ongoing propofol requirement may indicate prolonged mechanical ventilation and/or hemodynamic instability, which can worsen renal perfusion. Still indirect and confounded by sedation practices."
25_36h_propofol_dose_total_12h,3,Continued propofol use closer to the outcome can be a proxy for persistent critical illness and potential hypotension/vasopressor dependence affecting renal blood flow. It remains an indirect predictor rather than a direct renal biomarker.
0_12h_protamine_dose_total_12h,2,Protamine exposure can cause acute hypotension/pulmonary vasoconstriction and rare anaphylactoid reactions that could transiently impair renal perfusion. In the immediate post-op window it is routine after CPB and not strongly discriminative for later AKI.
13_24h_protamine_dose_total_12h,2,"Protamine use beyond the immediate post-op period may reflect re-exploration/bleeding management and associated instability, which can increase AKI risk. However, protamine itself is not a direct nephrotoxin and this is an indirect signal."
25_36h_protamine_dose_total_12h,3,"Late protamine administration suggests ongoing bleeding/re-operation or anticoagulation reversal with significant physiologic stress and potential hypotension/transfusion exposure, which are linked to AKI. This is still a proxy rather than a direct renal marker."
0_12h_quetiapine_dose_total_12h,1,Quetiapine is not a typical cause of AKI and early post-op use mainly reflects delirium/agitation management. Any renal effect is minimal and indirect.
13_24h_quetiapine_dose_total_12h,2,"Use may indicate delirium and higher illness severity, which can correlate with complications including AKI. The medication itself has weak direct renal relevance."
25_36h_quetiapine_dose_total_12h,2,Later quetiapine use remains primarily a marker of delirium/prolonged ICU course rather than a renal insult. Indirect association with AKI via severity of illness is plausible but weak.
0_12h_rocuronium_dose_total_12h,2,"Neuromuscular blockade can be associated with deeper sedation and prolonged ventilation, indirectly correlating with severity and hemodynamic instability. Rocuronium itself is not nephrotoxic, and early use is common perioperatively."
13_24h_rocuronium_dose_total_12h,3,"Ongoing paralysis in this window suggests severe respiratory failure or ventilator dyssynchrony requiring deep sedation, often accompanying shock/vasopressors that threaten renal perfusion. Still an indirect severity marker."
25_36h_rocuronium_dose_total_12h,3,"Continued neuromuscular blockade close to hour 60 implies persistent critical illness (ARDS, high ventilatory support) and often concurrent hemodynamic compromise, increasing AKI risk. The relationship is indirect rather than causal."
0_12h_rosuvastatin_dose_total_12h,1,Statin administration is routine and not a meaningful acute predictor of post-op AKI; true statin-associated rhabdomyolysis is rare. Early dosing mainly reflects home-med continuation.
13_24h_rosuvastatin_dose_total_12h,1,Continued statin use is standard care and has little direct linkage to creatinine rise in this setting. Any association with AKI is weak and confounded by baseline cardiovascular risk rather than perioperative renal injury.
25_36h_rosuvastatin_dose_total_12h,2,Statins are not typical direct drivers of postoperative AKI; any association is indirect (overall comorbidity burden) and dose in ICU is unlikely to reflect acute renal perfusion changes.
0_12h_senna_docusate_dose_total_12h,1,Bowel regimen use is routine ICU care and has no meaningful physiologic link to AKI; early postoperative administration is not informative for renal injury.
13_24h_senna_docusate_dose_total_12h,1,Continued bowel regimen dosing is standard supportive care and does not predict renal dysfunction beyond general illness context.
25_36h_senna_docusate_dose_total_12h,1,Bowel regimen dosing in this window is not a renal biomarker and is unlikely to track hemodynamic or nephrotoxic exposures relevant to creatinine rise.
0_12h_senna_dose_total_12h,1,"Senna use is routine constipation prophylaxis and does not reflect kidney perfusion, nephrotoxicity, or intrinsic renal injury; early window also limits interpretability."
13_24h_senna_dose_total_12h,1,Senna dosing is not mechanistically linked to AKI and mainly reflects routine care rather than renal risk.
25_36h_senna_dose_total_12h,1,Senna dosing remains a low-signal supportive-care variable with no direct relationship to postoperative creatinine trajectory.
0_12h_sevelamer_carbonate_dose_total_12h,2,"Sevelamer use suggests hyperphosphatemia/advanced CKD and higher baseline renal vulnerability, but in the immediate 0–12h period it is a weak, indirect marker (max score capped at 3)."
13_24h_sevelamer_carbonate_dose_total_12h,2,"Ongoing sevelamer use indicates underlying CKD/mineral bone disorder and may correlate with AKI susceptibility, but it is not a direct driver of acute postoperative creatinine rise."
25_36h_sevelamer_carbonate_dose_total_12h,3,"In the closest window to outcome, sevelamer use can serve as a stronger proxy for significant baseline renal disease or evolving hyperphosphatemia management, both associated with higher AKI risk, though still indirect."
0_12h_simethicone_dose_total_12h,1,Simethicone is a benign GI medication with no physiologic connection to renal perfusion or nephrotoxicity; early postoperative use is not predictive.
13_24h_simethicone_dose_total_12h,1,Simethicone dosing reflects GI symptom management and provides no meaningful signal for AKI risk.
25_36h_simethicone_dose_total_12h,1,Simethicone remains unrelated to kidney injury mechanisms and is unlikely to add predictive value for creatinine_ratio.
0_12h_sodium_bicarbonate_dose_total_12h,3,"Bicarbonate use early after surgery often reflects metabolic acidosis from low perfusion/CPB effects, which is associated with AKI risk, but this period is noisy/transient (max score capped at 3)."
13_24h_sodium_bicarbonate_dose_total_12h,3,"Need for bicarbonate in the trajectory phase suggests persistent metabolic acidosis or ongoing hypoperfusion, both linked to subsequent AKI, though it remains a treatment proxy rather than a direct biomarker."
25_36h_sodium_bicarbonate_dose_total_12h,4,"Bicarbonate requirement close to the outcome indicates ongoing metabolic acidosis/poor perfusion or renal acid-handling impairment, which strongly correlates with evolving AKI and rising creatinine."
0_12h_tpn_dose_total_12h,1,TPN use is not a direct driver of AKI; in the immediate post-op window it mainly reflects nutrition/illness complexity rather than renal perfusion or nephrotoxicity.
13_24h_tpn_dose_total_12h,1,"TPN is an indirect marker of prolonged critical illness but has no strong mechanistic link to AKI compared with hemodynamics, nephrotoxins, or renal labs."
25_36h_tpn_dose_total_12h,2,"Ongoing TPN may proxy higher acuity/prolonged instability, which can correlate with AKI risk, but it is not a primary causal predictor."
0_12h_tamsulosin_dose_total_12h,1,Tamsulosin has minimal relevance to postoperative AKI; it does not meaningfully affect renal perfusion and is often a chronic/home med.
13_24h_tamsulosin_dose_total_12h,1,Continued tamsulosin use is unlikely to influence creatinine trajectory after cardiac surgery and is not a recognized AKI risk factor.
25_36h_tamsulosin_dose_total_12h,1,Tamsulosin dosing remains clinically unrelated to renal injury mechanisms in this setting; at most it reflects urinary retention management.
0_12h_tramadol_dose_total_12h,1,Tramadol is not typically nephrotoxic; early postoperative dosing mainly reflects analgesia needs rather than renal insult (and 0–12h is capped conservatively).
13_24h_tramadol_dose_total_12h,1,Analgesic dosing has weak/indirect association with AKI; it may correlate with pain/respiratory status but not a direct renal predictor.
25_36h_tramadol_dose_total_12h,2,"Higher opioid/analgesic requirement can be a proxy for ongoing critical illness and hypotension/sedation-related hemodynamic effects, but the link to AKI is indirect."
0_12h_tranexamic_acid_dose_total_12h,2,"TXA use reflects bleeding risk/complex surgery and transfusion exposure, which can relate to AKI risk, but TXA itself is not a primary AKI driver (0–12h conservative cap)."
13_24h_tranexamic_acid_dose_total_12h,1,TXA is usually perioperative; later presence is uncommon and more reflective of practice patterns than a direct renal injury mechanism.
25_36h_tranexamic_acid_dose_total_12h,1,Late TXA use is not a recognized direct predictor of AKI; any association would be confounding by bleeding/acuity rather than causality.
0_12h_vancomycin_dose_total_12h,3,"Vancomycin exposure is a known nephrotoxin and can contribute to AKI, but in the immediate post-op period creatinine changes are often multifactorial (0–12h capped at 3)."
13_24h_vancomycin_dose_total_12h,4,"Ongoing vancomycin dosing increases nephrotoxic exposure and is a strong contributor to AKI risk, especially in older patients with limited renal reserve."
25_36h_vancomycin_dose_total_12h,4,Continued vancomycin exposure close to the outcome window is a strong predictor of subsequent creatinine rise due to nephrotoxicity and accumulation with declining GFR.
0_12h_vasopressin_dose_total_12h,3,Need for vasopressin indicates vasoplegia/shock and risk of renal hypoperfusion; however early post-CPB vasopressor use is common and transient (0–12h capped at 3).
13_24h_vasopressin_dose_total_12h,3,"Ongoing vasopressin requirement suggests persistent vasoplegia/shock and risk of renal hypoperfusion, but it is an indirect marker rather than a kidney-specific biomarker. In the 13–24h trajectory phase it is moderately predictive of evolving AKI severity."
25_36h_vasopressin_dose_total_12h,4,Vasopressin need close to the outcome window indicates persistent circulatory failure and high AKI risk from sustained renal hypoperfusion and critical illness. Dose intensity over this period often tracks shock severity and multi-organ dysfunction.
0_12h_warfarin_dose_total_12h,1,Early postoperative warfarin dosing is not a typical driver of AKI and is more related to anticoagulation strategy than renal perfusion. In the immediate 0–12h period it provides little specific prognostic information for creatinine rise.
13_24h_warfarin_dose_total_12h,1,Warfarin dose reflects anticoagulation management and does not directly affect renal hemodynamics or tubular injury in the short term. Any association with AKI would be weak and confounded by indication.
25_36h_warfarin_dose_total_12h,1,"Warfarin is not an acute nephrotoxin in this timeframe; dosing mainly reflects clinical decisions (e.g., valve/AF) rather than kidney injury. Thus it is unlikely to add meaningful signal for creatinine_ratio at 60h."
0_12h_heparin_line_flush_dose_total_12h,1,Heparin line flush dosing is routine ICU maintenance and does not meaningfully influence renal perfusion or AKI risk. It is unlikely to correlate with subsequent creatinine rise beyond noise.
13_24h_heparin_line_flush_dose_total_12h,1,"Line flush heparin remains a standard-of-care process variable with minimal physiologic relevance to AKI. Any relationship would be incidental (e.g., more lines/acuity) and weak."
25_36h_heparin_line_flush_dose_total_12h,1,Heparin flush dose is not a kidney injury marker and is largely protocol-driven. It provides negligible direct or indirect information about impending AKI.
0_12h_urine_output_total_12h,3,"Low urine output is an established early sign of renal hypoperfusion/AKI, but in the immediate post-op 0–12h window oliguria is common and often transient (anesthesia, CPB, diuretics). Therefore it is informative but capped by early-epoch conservatism."
13_24h_urine_output_total_12h,4,Persistently reduced urine output in the 13–24h trajectory phase is a strong predictor of evolving AKI and correlates with renal perfusion and tubular function. It is closer to the outcome and less likely to be purely transient post-op oliguria.
25_36h_urine_output_total_12h,5,Urine output in the 25–36h leading-indicator window is a direct functional marker of kidney performance and is tightly linked to subsequent creatinine rise. Sustained oliguria here strongly predicts AKI and worsening creatinine_ratio by 60h.
0_12h_norepinephrine_equivalent_dose_total_12h,3,"Higher vasopressor requirement indicates shock/low effective circulating volume and risk of renal hypoperfusion, but early post-CPB vasoplegia is common and may resolve. Thus it is an established but non-definitive AKI risk marker in 0–12h."
13_24h_norepinephrine_equivalent_dose_total_12h,4,Continued norepinephrine requirement in 13–24h suggests persistent hemodynamic instability and higher likelihood of renal ischemia and AKI progression. Dose burden over this window often tracks severity of illness and renal risk.
25_36h_norepinephrine_equivalent_dose_total_12h,4,"Ongoing vasopressor dependence near 60h implies sustained shock physiology and high AKI risk via prolonged renal hypoperfusion and congestion. It is a strong indirect predictor, though not a kidney-specific biomarker like urine output or creatinine."
