value,importance,reason
age,0.03,"Within an already ≥80 cohort, incremental age adds limited additional signal, though frailty and reduced renal reserve can increase AKI susceptibility."
gender,0.01,Sex has inconsistent and generally modest association with post-cardiac surgery AKI compared with hemodynamics and renal biomarkers.
race_caucasian,0.01,Race category is not a direct physiologic driver of AKI and is less informative within a cohort defined as black male patients.
race_black,0.01,Race is not a direct mechanistic predictor of creatinine rise and is redundant given the cohort restriction to black patients.
race_asian,0.01,Not clinically relevant in a cohort restricted to black patients; no direct physiologic link to AKI beyond confounding.
race_native_am,0.01,Not clinically relevant in a cohort restricted to black patients; no direct mechanistic relationship to postoperative AKI.
race_native_pacific,0.01,Not clinically relevant in a cohort restricted to black patients; no direct physiologic link to creatinine rise.
race_other,0.01,Race categorization here is non-mechanistic and likely redundant/noisy given cohort restriction.
ethnicity,0.01,Ethnicity is not a direct physiologic determinant of postoperative renal hypoperfusion or nephrotoxicity and is likely confounded.
height_cm,0.01,"Height has no direct relationship to AKI risk; any association would be indirect via body size and dosing, better captured by weight."
weight_kg,0.03,"Higher body mass can increase perioperative risk (hemodynamic stress, dosing/volume distribution) and is indirectly associated with AKI, though not a primary driver."
family_history_premature_cardiac_death,0.01,Family history is not a proximate determinant of postoperative renal perfusion or nephrotoxic exposure and has weak relevance to AKI prediction.
diabetes,0.08,"Diabetes is an established risk factor for postoperative AKI due to microvascular disease and reduced renal reserve, especially after cardiopulmonary bypass."
diab_ctrl,0.03,"Quality of diabetes control may reflect chronic end-organ vulnerability, but it is an indirect and often noisy proxy compared with perioperative physiology."
pre_op_dyslipidemia,0.01,Dyslipidemia is not a direct driver of acute postoperative creatinine rise; any effect is mediated through vascular disease and is weak for short-horizon AKI.
hypertension,0.06,"Hypertension is an established AKI risk factor via chronic nephrosclerosis and impaired autoregulation, increasing vulnerability to perioperative hypotension."
endocarditis_history,0.03,"Prior endocarditis can be associated with chronic inflammation, embolic phenomena, and more complex surgery, which may indirectly increase AKI risk. It is not a direct perioperative driver of creatinine rise in most cases."
chronic_lung_disease,0.04,"Chronic lung disease increases risk of perioperative hypoxemia/hypercapnia and higher ventilatory pressures, which can worsen renal perfusion indirectly. The link is plausible but not a primary AKI determinant compared with hemodynamics and nephrotoxins."
pre_op_home_oxygen,0.04,"Home oxygen is a marker of severe chronic cardiopulmonary disease and frailty, which correlates with postoperative complications including AKI. It is an indirect risk marker rather than a mechanistic renal biomarker."
bronchodilator_therapy,0.01,Bronchodilator use mainly reflects obstructive lung disease treatment and has no strong direct relationship to renal injury. Any association with AKI is likely confounded by overall illness severity.
pre_op_sleep_apnea,0.02,"Sleep apnea is associated with cardiometabolic disease and intermittent hypoxemia, which may increase perioperative risk. However, it is not an established strong predictor of postoperative creatinine rise after cardiac surgery."
pneumonia,0.05,"Active/recent pneumonia increases systemic inflammation, hypoxemia, and risk of sepsis-related hypotension, all of which can precipitate AKI. Still, it is an indirect predictor compared with direct hemodynamic and renal markers."
iv_drug_abuse,0.02,"IV drug use can correlate with infections and comorbid liver disease, which may increase perioperative risk. It is not a consistent direct predictor of postoperative creatinine trajectory."
depression,0.01,Depression has no direct physiologic link to perioperative renal hypoperfusion or nephrotoxicity. Any association with AKI would be indirect via comorbidity burden and care patterns.
alcohol,0.03,"Alcohol use can be associated with liver dysfunction, malnutrition, and hemodynamic instability, which may increase AKI susceptibility. The relationship is variable and generally indirect."
liver_dis,0.08,"Liver disease is an established risk factor for AKI via altered hemodynamics, susceptibility to hypotension, and hepatorenal physiology, especially under surgical stress. It also correlates with bleeding/transfusion and vasopressor needs after cardiac surgery."
imm_supp,0.05,"Immunosuppression increases infection/sepsis risk and may involve nephrotoxic agents (e.g., calcineurin inhibitors), both relevant to AKI. Without medication specificity, it remains an indirect-to-moderate predictor."
mediast_rad,0.03,Prior mediastinal radiation can make cardiac surgery more complex and increase risk of hemodynamic complications. Its link to AKI is plausible but not strong or direct.
cancer,0.03,"Cancer is a marker of frailty, inflammation, and potential exposure to nephrotoxins, which can increase postoperative complication risk. It is not a specific or strong predictor of creatinine rise after cardiac surgery."
peripheral_artery_disease,0.09,"Peripheral artery disease reflects systemic atherosclerosis and microvascular disease, which is associated with reduced renal reserve and higher AKI risk after cardiac surgery. It is an established comorbidity-level predictor."
pre_op_thoracic_aorta_disease,0.07,"Thoracic aortic disease often implies more complex operations (longer bypass/cross-clamp, embolic risk) and greater hemodynamic stress, increasing AKI risk. It is an established but not definitive predictor."
syncope,0.01,Syncope is nonspecific and does not directly indicate renal vulnerability or perioperative renal hypoperfusion. Any association with AKI is likely weak and confounded by underlying cardiac disease severity.
unresponsive_state_history,0.01,History of unresponsiveness is not a direct renal risk factor and is more reflective of neurologic status/frailty than kidney perfusion or nephrotoxin exposure.
cerebrovascular_disease,0.03,"Cerebrovascular disease is a marker of systemic atherosclerosis and vascular comorbidity, which can correlate with perioperative hypoperfusion risk, but it is an indirect predictor of AKI."
pre_op_hemoglobin,0.08,"Preoperative anemia increases risk of perioperative transfusion and reduced oxygen delivery, both associated with cardiac-surgery–associated AKI."
total_albumin_before_surgery,0.06,"Low pre-op albumin reflects frailty/inflammation and lower oncotic pressure, which is associated with worse postoperative outcomes including AKI, though it is not kidney-specific."
total_bilirubin_before_surgery,0.04,"Elevated bilirubin suggests hepatic dysfunction/congestion and higher illness severity, which can increase AKI risk indirectly via hemodynamic instability."
a1c_lvl,0.07,"Higher HbA1c indicates diabetes/chronic glycemic burden, a well-established risk factor for postoperative AKI and reduced renal reserve."
pre_op_heparin_induced_thrombocytopenia_antibodies,0.01,HIT antibodies mainly affect anticoagulation strategy and thrombotic risk; any link to AKI is indirect and uncommon in this context.
meld_scr,0.1,"Higher MELD (including creatinine component) captures hepatorenal vulnerability and overall organ dysfunction, which is associated with higher postoperative AKI risk."
bnp,0.09,"Elevated BNP reflects heart failure and venous congestion, both strongly linked to renal hypoperfusion/congestive nephropathy and postoperative AKI risk."
five_m_walk_test,0.02,"Poor walk test performance reflects frailty and limited physiologic reserve, which may correlate with complications but is only an indirect AKI predictor."
previous_cardiovascular_intervention,0.03,"Prior cardiovascular interventions indicate advanced cardiovascular disease and potential hemodynamic vulnerability, but the association with AKI is indirect."
previous_coronary_bypass_graft,0.04,"Prior CABG suggests complex coronary disease and possible redo-sternotomy risk, which can increase perioperative instability and AKI risk modestly."
previous_surgery_cardiac_value,0.04,"History of prior cardiac surgery is associated with higher operative complexity and risk of low cardiac output states, indirectly increasing AKI risk."
previous_percutaneous_coronary_intervention,0.03,Prior PCI is a marker of coronary disease burden; it may correlate with perioperative hemodynamic risk but is not a direct AKI driver.
previous_percutaneous_coronary_intervention_this_episode_of_care,0.05,"Recent PCI during the same episode may imply recent contrast exposure and acute coronary instability, which can increase AKI risk, though still not definitive."
previous_percutaneous_coronary_intervention_stent,0.02,Presence of a stent mainly reflects prior coronary disease and antiplatelet considerations; it has minimal direct mechanistic linkage to postoperative AKI.
time_since_previous_cardiac_intervention,0.02,"Short interval since prior intervention may proxy higher baseline cardiovascular disease burden and perioperative complexity, indirectly increasing AKI risk. The link is nonspecific and largely mediated by other factors (hemodynamics/CPB exposure)."
past_cardiac_interventions,0.03,"History of prior cardiac interventions can indicate advanced coronary/valvular disease and potentially more complex redo surgery, which can raise AKI risk indirectly. Not a direct physiologic driver compared with perioperative perfusion variables."
pre_op_ace_inhibitor_within_48_hours,0.08,"Recent ACE inhibitor use can blunt efferent arteriolar tone and reduce renal autoregulation during perioperative hypotension/vasoplegia, increasing AKI susceptibility. Effect size is moderate and context-dependent (volume status, shock)."
pre_op_adp_inhibitor_within_5_days,0.03,"Recent P2Y12 inhibitor use mainly increases bleeding/transfusion risk, which can secondarily contribute to AKI via hypotension and inflammation. It is not directly nephrotoxic and is a weak, indirect predictor."
pre_op_amiodarone,0.02,"Amiodarone use is a marker of arrhythmia/heart failure severity and may correlate with perioperative instability, indirectly affecting renal perfusion. It is not a primary AKI driver and has limited direct renal toxicity relevance."
pre_op_anticoagulants,0.02,"Pre-op anticoagulation can increase bleeding/transfusion and hemodynamic lability, indirectly raising AKI risk. The association is nonspecific and largely mediated by perioperative events."
pre_op_aspirin,0.01,Aspirin is common standard-of-care and generally not a meaningful predictor of postoperative AKI in this context. Any effect is small and confounded by indication.
pre_op_beta_blockers,0.02,"Beta-blocker use reflects underlying CAD/CHF and may influence perioperative hemodynamics, but it is not a direct renal risk factor. Predictive value is weak compared with postoperative perfusion and renal labs."
pre_op_beta_blocker_therapy_for_2_weeks,0.01,Chronic beta-blocker therapy duration is largely a maintenance/management detail and not mechanistically linked to AKI. Any association is indirect and redundant with comorbidity severity.
pre_op_calcium_channel_blocker_therapy_for_2_weeks,0.01,Chronic CCB therapy is not a recognized driver of postoperative AKI and mainly reflects hypertension/angina management. Predictive signal is expected to be minimal.
pre_op_glycoprotein_inhibitor,0.03,"GPI use suggests recent ACS/PCI and higher bleeding/transfusion risk, which can contribute to AKI indirectly through hypotension and inflammatory load. Not directly nephrotoxic and typically uncommon."
pre_op_inotropic_agents,0.1,"Need for pre-op inotropes indicates low cardiac output/cardiogenic shock physiology, strongly linked to renal hypoperfusion and higher postoperative AKI risk. This is an established risk marker though still mediated by postoperative hemodynamics."
pre_op_lipid_lowering_med,0.01,"Statin/lipid-lowering therapy is common and not a specific predictor of AKI; if anything, statins may be neutral or mildly protective. Signal is weak and confounded by baseline cardiovascular risk."
pre_op_long_acting_nitrate_therapy_for_2_weeks,0.01,Chronic nitrate therapy mainly reflects angina burden and does not directly affect renal injury mechanisms. Any association with AKI is indirect and expected to be small.
pre_op_iv_nitrates,0.04,"IV nitrates pre-op can indicate active ischemia/heart failure with potential hemodynamic fragility, indirectly increasing AKI risk via hypotension/low output. Still a nonspecific marker rather than a direct renal insult."
pre_op_other_antianginal_therapy_for_2_weeks,0.01,Other chronic antianginal therapy is a management detail and not mechanistically tied to AKI. Predictive value is minimal beyond underlying disease severity.
pre_op_steroid_usage,0.03,"Chronic steroid use can reflect frailty/inflammation and may worsen infection risk and glycemic control, indirectly increasing AKI risk. Not a direct renal perfusion marker in this setting."
pre_op_thrombin_inhibitor_within_24_hours,0.01,Primarily affects perioperative bleeding/transfusion needs rather than renal physiology directly. Any AKI association is indirect and inconsistent.
pre_op_warfarin_within_5_days,0.01,Warfarin exposure mainly influences bleeding management and reversal strategies; it is not a typical driver of postoperative AKI. Potential links via transfusion/instability are indirect.
pre_op_factor_xa_inhibitor_within_5_days,0.01,"Factor Xa inhibitors mainly affect perioperative bleeding risk and procedural timing, with no direct mechanism predicting creatinine rise. Any effect on AKI would be mediated through complications."
pre_op_thrombin_inhibitor_within_5_days,0.01,"Similar to other anticoagulants, this is not a direct predictor of renal injury after cardiac surgery. Indirect effects via bleeding/transfusion are possible but weak."
pre_op_lipid_lowering_med_is_statin,0.02,Statin use is a marker of cardiovascular disease burden and may have modest anti-inflammatory effects; associations with CSA-AKI are mixed. More of a comorbidity proxy than a direct predictor.
cardiac_catheterization_performed,0.08,"Recent catheterization often implies contrast exposure and higher acuity/complex coronary disease, both associated with increased postoperative AKI risk. This is a recognized preoperative risk factor in cardiac surgery populations."
cor_anat_dis_known,0.03,"Known coronary anatomy/disease reflects underlying atherosclerotic burden and potential hemodynamic vulnerability, indirectly increasing AKI risk. Not a direct renal insult measure."
number_of_diseased_coronary_vessels,0.05,"Greater coronary disease burden correlates with operative complexity, bypass time, and risk of low cardiac output states that predispose to AKI. Still an indirect proxy rather than a direct biomarker."
aortic_valve_disease,0.04,"Aortic valve disease (especially severe AS) can predispose to perioperative hemodynamic instability and low forward flow, increasing AKI risk. Effect is indirect and heterogeneous by severity and procedure."
mitral_valve_disease,0.03,"Mitral disease can be associated with pulmonary hypertension and low cardiac output physiology, which may impair renal perfusion perioperatively. Typically a weaker predictor than direct hemodynamic/lab markers."
tricuspid_valve_disease,0.06,"Tricuspid disease/right-sided failure leads to venous congestion and elevated renal venous pressure, a recognized contributor to cardiorenal AKI. This can be clinically meaningful in postoperative renal dysfunction."
pulmonic_valve_disease,0.01,Pulmonic valve disease is uncommon and usually not a primary determinant of postoperative renal injury in cardiac surgery. Any association would be indirect via right heart dysfunction.
n_past_cardiac_surgeries,0.07,"Redo cardiac surgery increases operative complexity, bleeding/transfusion risk, and bypass time, all associated with higher AKI incidence. This is a well-recognized surgical risk marker."
status,0.01,"Without clear clinical definition, this variable is likely administrative or broadly categorical and not mechanistically tied to renal injury. Treat as weak evidence to avoid spurious inclusion."
current_case_canceled,0.01,Case cancellation is an operational outcome and does not directly reflect renal perfusion or nephrotoxic exposure. Any relationship to AKI would be incidental.
operative_approach_converted,0.06,"Conversion (e.g., minimally invasive to open) often reflects intraoperative complexity/instability, longer ischemic time, and higher transfusion/vasopressor needs, all of which increase AKI risk. It is an indirect but established perioperative risk marker."
robotic,0.01,Robotic approach itself is not a direct driver of renal injury; any effect is largely mediated through case selection and operative duration/hemodynamics. Weak independent physiologic link to postoperative creatinine rise.
op_cab,0.05,"CABG is associated with AKI risk via cardiopulmonary bypass exposure, hemodilution, and perioperative hypotension, but procedure type alone is not strongly predictive without hemodynamic/lab context. Moderate indirect relevance."
op_valve,0.06,"Valve surgery often entails longer bypass/cross-clamp times and higher risk of low cardiac output syndrome, both important contributors to renal hypoperfusion and AKI. Procedure category is an established but nonspecific risk factor."
other_cardiac_procedure_completed,0.04,"Additional cardiac procedures generally indicate greater operative complexity and longer bypass time, which can increase AKI risk. However, it is a heterogeneous label and thus only indirectly informative."
a_fib_proc,0.02,"Concomitant AF procedures (e.g., Maze) may increase operative time but are not directly nephrotoxic and have variable hemodynamic impact. Weak-to-plausible indirect association with AKI."
aort_proc,0.1,"Aortic procedures are strongly associated with AKI due to prolonged circulatory arrest/bypass, embolic risk, and major hemodynamic perturbations. This is an established perioperative risk factor for postoperative creatinine rise."
other_non_cardiac_procedure_done,0.02,Non-cardiac concomitant procedures may reflect complexity and inflammation but are heterogeneous and not directly linked to renal tubular injury. Limited independent predictive value.
appropriate_antibiotic_selection,0.01,Appropriate prophylactic antibiotic choice is standard-of-care and not a direct determinant of renal perfusion or AKI in the immediate postoperative window. Any association is likely confounded by infection risk rather than causal.
appropriate_antibiotic_administration_timing,0.01,Timing of prophylactic antibiotics is a quality metric with minimal direct physiologic linkage to postoperative creatinine trajectory. Weak evidence for predicting AKI at 60 hours.
antibiotic_discontinuation_ordered,0.01,Discontinuation orders reflect protocol adherence and clinician behavior more than renal physiology. Not a meaningful mechanistic predictor of AKI.
additional_intraoperative_prophylactic_antibiotic_dose,0.03,"An extra intraoperative dose may proxy longer cases or higher blood loss, which can correlate with AKI risk. The antibiotic dose itself is not typically nephrotoxic in prophylactic regimens, so relevance is indirect."
operative_lowest_core_temperature,0.05,"Deeper hypothermia can indicate more complex bypass strategies and may associate with longer bypass/circulatory arrest and inflammatory injury, increasing AKI risk. Temperature is an indirect marker rather than a direct renal biomarker."
operative_lowest_hemoglobin,0.12,"Low intraoperative hemoglobin reflects hemodilution/bleeding and reduced oxygen delivery, which can precipitate renal medullary hypoxia and AKI; it also correlates with transfusion exposure. This is a relatively strong perioperative predictor of postoperative creatinine rise."
high_intra_glu,0.04,"Intraoperative hyperglycemia is associated with stress response and worse outcomes, and may correlate with inflammation and microvascular dysfunction affecting kidneys. It is an indirect and nonspecific predictor compared with hemodynamics and anemia."
cardiopulmonary_coronary_perfused_used,0.03,"Use of specialized perfusion strategies may indicate higher-risk coronary physiology or complex bypass management, indirectly relating to AKI risk. The variable is more a marker of case complexity than a direct renal insult."
arterial_cannulation_site_aortic,0.01,Aortic cannulation is common standard practice and is not independently predictive of renal injury beyond what is captured by bypass duration and hemodynamics.
arterial_cannulation_site_femoral,0.03,"Femoral cannulation can correlate with more complex/urgent cases and higher embolic/atheroma burden, which may indirectly increase AKI risk, but it is not a direct renal biomarker."
arterial_cannulation_site_axillary,0.02,Axillary cannulation is often chosen for aortic pathology and complex operations; it may proxy case complexity but has weak direct linkage to postoperative creatinine rise.
arterial_cannulation_site_innominate,0.02,Innominate cannulation is mainly a technical choice related to aortic surgery strategy and is only indirectly associated with AKI through operative complexity.
arterial_cannulation_site_other,0.01,Other cannulation sites are heterogeneous and primarily reflect surgical technique rather than a consistent mechanism affecting renal perfusion or nephrotoxic exposure.
venous_cannulation_site_femoral,0.02,"Femoral venous cannulation may indicate minimally invasive/redo or complex access and can weakly proxy operative complexity, but has limited direct renal relevance."
venous_cannulation_site_jugular,0.01,Jugular venous cannulation is typically an access/technical detail and does not directly influence renal perfusion or tubular injury risk.
venous_cannulation_site_right_atrial,0.01,Right atrial venous cannulation is standard for CPB and provides little incremental information for AKI risk beyond bypass time and postoperative physiology.
venous_cannulation_site_left_atrial,0.02,"Left atrial cannulation may occur in specific complex procedures and could weakly reflect case complexity, but is not a direct predictor of postoperative creatinine rise."
venous_cannulation_site_pulmonary,0.01,Pulmonary venous cannulation is uncommon and primarily procedural; it has no established independent association with AKI.
venous_cannulation_site_bicaval,0.02,"Bicaval cannulation is used for certain valve/congenital procedures and may proxy operative complexity, but has weak direct mechanistic linkage to AKI."
venous_cannulation_site_other,0.01,This category is heterogeneous and mainly reflects surgical approach rather than consistent renal hypoperfusion or nephrotoxic exposure.
cardiopulmonary_bypass_time,0.18,"Longer CPB time is a well-established strong predictor of cardiac-surgery–associated AKI via inflammation, hemolysis, nonpulsatile flow, and renal hypoperfusion; risk is amplified in patients ≥80."
circulatory_arrest,0.12,"Circulatory arrest indicates profound systemic hypoperfusion and high-complexity aortic surgery, both strongly associated with subsequent AKI, though partially mediated by arrest duration and CPB time."
deep_hypothermic_circulatory_arrest_time,0.2,Longer DHCA time directly reflects duration of extreme low-flow/ischemic exposure and is strongly linked to postoperative AKI risk in cardiac surgery.
cerebral_perfusion_utilized,0.03,Use of cerebral perfusion mainly reflects operative strategy during aortic surgery; it may correlate with case complexity but is not a direct renal perfusion or injury marker.
cerebral_perfusion_time,0.01,Primarily reflects neuroprotection strategy rather than renal perfusion; any association with AKI is indirect via overall case complexity.
intraop_circulatory_arrest_time,0.18,"Longer circulatory arrest implies profound systemic hypoperfusion/ischemia-reperfusion and high operative complexity, both strongly linked to postoperative AKI risk."
aortic_occlusion,0.02,Binary indicator of aortic manipulation/occlusion is a nonspecific proxy for procedure type and complexity; renal impact is indirect.
aortic_cross_clamp_time,0.12,"Longer cross-clamp time correlates with prolonged cardiopulmonary bypass/ischemic burden and inflammatory response, established contributors to cardiac-surgery–associated AKI."
cerebral_oximetry_used,0.01,Use of cerebral oximetry reflects monitoring preference and perceived risk rather than a direct renal injury mechanism.
diffuse_aortic_calcification,0.04,"Severe aortic atherosclerosis increases risk of embolic phenomena and operative complexity, which can indirectly increase AKI risk, but it is not a direct renal biomarker."
assessment_of_ascending_aorta_arch,0.01,Documentation of aortic assessment is largely procedural/standard-of-care and not a physiologic driver of postoperative creatinine rise.
aorta_plaque_assessment,0.02,"Plaque assessment indicates atherosclerotic burden and embolic risk, but the link to AKI is indirect and confounded by procedure complexity."
aortic_condition_altered_plan,0.05,"A change in surgical plan due to aortic condition is a proxy for higher complexity and potential longer bypass/hypoperfusion, plausibly increasing AKI risk."
intraop_blood_products_refused,0.01,Refusal is a behavioral/administrative factor; any renal effect would be mediated through anemia/hypotension and is too indirect for strong inclusion.
intraop_blood_products_received,0.08,"Receiving blood products reflects bleeding, hemodilution, inflammation, and transfusion-related renal stress; transfusion burden is an established AKI risk factor in cardiac surgery."
intraop_red_blood_cells_transfused,0.1,"RBC transfusion is associated with AKI via inflammation, hemolysis/iron load, and as a marker of bleeding/complexity; dose-response relationships are reported."
intraop_fresh_frozen_plasma_transfused,0.05,FFP use indicates coagulopathy/bleeding and higher operative stress; association with AKI is plausible but less direct than RBCs.
intraop_platelets_transfused,0.05,"Platelet transfusion is a marker of significant bleeding/coagulopathy and complex surgery, which can increase AKI risk indirectly."
intraop_cryoprecipitate_transfused,0.03,Cryoprecipitate suggests severe bleeding or hypofibrinogenemia; renal impact is indirect and largely reflects case severity.
intra_clot_fact,0.02,Intraoperative clotting factor administration reflects coagulopathy management and bleeding severity; any AKI relationship is indirect through shock/transfusion burden.
intraop_received_amino_captroic_acid,0.01,Antifibrinolytic use is primarily related to bleeding management and is not a direct driver of renal hypoperfusion or nephrotoxicity. Any AKI association is likely confounded by surgical complexity and transfusion needs.
intraop_received_tranexamic_acid,0.01,Tranexamic acid is not a typical nephrotoxin and is mainly a marker of bleeding-risk strategy rather than renal physiology. Potential links to AKI are indirect and confounded by case complexity.
intraop_transesophageal_echocardiogram_performed,0.01,TEE performance reflects procedural monitoring and case type rather than a physiologic insult causing AKI. It is not expected to add independent predictive value beyond hemodynamics and surgical variables.
post_repair_aortic_insufficiency,0.05,"Residual aortic insufficiency can reduce effective forward flow and contribute to low cardiac output and renal hypoperfusion. However, its impact on AKI is indirect and often captured better by downstream hemodynamic variables."
post_repair_mitral_insufficiency,0.05,"Residual MR can worsen pulmonary congestion and reduce effective cardiac output, indirectly impairing renal perfusion. Predictive value is plausible but not typically definitive without accompanying hemodynamic data."
post_repair_tricuspid_insufficiency,0.1,"Residual TR is closely linked to elevated venous pressures and renal venous congestion, an established contributor to postoperative AKI. This can be particularly relevant in older patients with limited renal reserve."
op_val_surg_input,0.05,"Valve surgery is associated with longer bypass times and hemodynamic instability, increasing AKI risk, but this variable is a coarse proxy for complexity. Much of its signal is mediated through perfusion, bleeding, and shock variables."
a_fib_proc_surg_input,0.01,Concomitant AF procedures mainly indicate operative type and duration but have no direct renal mechanism. Any AKI association is likely indirect and better captured by bypass/hemodynamic features.
general_anesthesia_used,0.01,"General anesthesia is near-universal in cardiac surgery and provides little discrimination for AKI risk. It is not a specific renal insult compared with perfusion pressure, congestion, and nephrotoxins."
intraop_prothrombin_complex_concentrate_used,0.05,"PCC use is a marker of major bleeding/coagulopathy and higher acuity, which can correlate with hypotension, transfusion, and AKI risk. The relationship is indirect and confounded by severity of illness."
post_repair_aortic_mean_gradient,0.01,"Post-repair gradients primarily reflect valve hemodynamics and are not a direct AKI mechanism unless causing overt low output, which would be captured by systemic hemodynamic measures. Incremental predictive value for creatinine rise is likely small."
post_repair_aortic_paravalvular_leak,0.05,"Paravalvular leak can contribute to hemolysis and reduced effective forward flow, potentially worsening renal perfusion. Still, its AKI signal is indirect and typically mediated through hemodynamics and anemia/hemolysis markers."
post_repair_mitral_mean_gradient,0.01,Mitral gradients relate to valve function and filling pressures but are not a direct renal biomarker. Any AKI association is indirect and likely captured by cardiac output/pressures and congestion variables.
post_repair_mitral_paravalvular_leak,0.05,"Mitral PVL may cause hemolysis and impaired effective forward flow, plausibly contributing to renal injury. However, it is an indirect predictor and often reflected in downstream hemodynamics and lab abnormalities."
post_repair_mitral_tricuspid_leak,0.05,"Residual combined valvular regurgitation can indicate persistent volume overload and impaired forward flow, increasing risk of renal hypoperfusion/congestion. The link is plausible but not as direct as measured venous pressures/urine output."
ejection_fraction_post_procedure,0.1,"Lower post-procedure EF is an established risk factor for low cardiac output syndrome and renal hypoperfusion after cardiac surgery. It can meaningfully stratify AKI risk, especially in very elderly patients."
pp_planed_pci,0.02,"Planned PCI suggests more complex coronary disease and potential contrast exposure, which can indirectly increase AKI risk. However, it is not a direct physiologic marker of postoperative renal injury."
iabp,0.12,"IABP use is a marker of perioperative low cardiac output/cardiogenic shock physiology, strongly linked to renal hypoperfusion and subsequent AKI. It also correlates with higher illness severity and vasopressor/inotrope exposure."
cath_bas_assist,0.03,"Cath lab assist implies procedural complexity and hemodynamic instability risk, which can indirectly relate to AKI. It is a nonspecific proxy and not a direct renal perfusion or injury measure."
ecmo,0.18,"ECMO indicates severe cardiopulmonary failure with high risk of renal hypoperfusion, inflammation/hemolysis, and need for nephrotoxic exposures, all strongly associated with AKI. It is a high-severity marker with a well-established link to postoperative renal failure."
bld_prod,0.1,"Blood product transfusion burden is associated with AKI after cardiac surgery via inflammation, hemolysis, and association with bleeding/hypotension. It is an established perioperative risk factor though not kidney-specific."
extubated_in_or,0.02,"Extubation in the OR generally reflects lower acuity and better cardiopulmonary stability, which may correlate with lower AKI risk. It is an indirect marker and not a mechanistic renal predictor."
re_intub,0.06,"Re-intubation signals postoperative respiratory failure and clinical deterioration, often accompanied by hemodynamic instability and higher vasopressor needs that can worsen renal perfusion. It is an established but indirect predictor of AKI risk."
icu_visit,0.01,ICU visit is routine after cardiac surgery and provides little discriminatory information about renal injury risk in this cohort. It is largely standard-of-care rather than a physiologic driver.
postop_hemoglobin,0.05,"Low postoperative hemoglobin can reduce oxygen delivery and is associated with bleeding/transfusion, both linked to AKI after cardiac surgery. As a single value without timing/trajectory, it is a moderate indirect predictor."
postop_hct,0.03,"Postoperative hematocrit overlaps heavily with hemoglobin and mainly reflects anemia/hemodilution and transfusion/bleeding context. Due to collinearity with hemoglobin, it adds limited independent AKI signal."
postop_intub,0.03,"Postoperative intubation status reflects immediate postoperative acuity and cardiopulmonary reserve, which can correlate with AKI risk. It is nonspecific and less directly tied to renal perfusion than shock/hemodynamic variables."
prev_mi,0.04,Prior MI indicates underlying ischemic cardiomyopathy risk and potential for low cardiac output states that predispose to AKI. It is a chronic comorbidity marker with indirect linkage.
mi_when,0.02,"Timing of prior MI may modestly stratify cardiac reserve and perioperative risk, but its relationship to postoperative creatinine rise is indirect. It is unlikely to add strong incremental predictive value beyond overall cardiac severity markers."
card_symp_time_of_adm,0.01,Symptom timing at admission is not a direct determinant of postoperative renal perfusion or nephrotoxic exposure. It is a weak proxy for disease acuity and is unlikely to predict creatinine ratio meaningfully.
card_symp_time_of_surg,0.01,Symptom timing at surgery is not mechanistically linked to postoperative AKI and mainly reflects scheduling/clinical workflow. It provides minimal renal prognostic information.
anginal_class,0.03,"Angina class reflects coronary disease severity and potential for perioperative ischemia/low output, which can indirectly increase AKI risk. It is not a direct renal biomarker and is typically a weak-to-modest predictor."
class_nyh,0.03,"Higher NYHA class reflects worse baseline cardiac reserve and venous congestion, which can predispose to perioperative renal hypoperfusion. It is indirect and overlaps with heart failure/hemodynamic variables."
car_shock,0.18,"Cardiogenic shock implies profound low cardiac output and renal hypoperfusion, a strong driver of ischemic ATN and postoperative AKI. It is a high-signal clinical state even without labs."
resusc,0.06,Need for resuscitation suggests perioperative instability (hypotension/bleeding/low flow) that can precipitate AKI. It is an established but nonspecific marker and may be collinear with shock and transfusion/hemodynamics.
arrhythmia,0.02,"Arrhythmias can reduce effective cardiac output and renal perfusion, but this broad indicator is heterogeneous and often transient. More specific rhythm features capture the risk better."
recent_cardiac_arrhythmia_vtach_vfib,0.07,VT/VF episodes are associated with severe hemodynamic compromise and potential renal ischemia from low-flow states. Predictive but typically mediated through shock/vasopressor exposure.
recent_arrhyth_sss,0.01,Sick sinus syndrome mainly reflects conduction disease and pacing needs rather than direct renal injury mechanisms. Any AKI association is weak and indirect.
recent_arrhyth_a_flutter,0.02,"Atrial flutter may reduce cardiac output and prompt anticoagulation/antiarrhythmics, but renal impact is usually indirect. Less predictive than overt shock or sustained hypotension."
recent_arrhyth_second,0.01,Second-degree AV block is typically managed with pacing and does not directly indicate renal hypoperfusion. Any association with AKI is weak and confounded by overall illness severity.
recent_arrhyth_third,0.03,"Complete heart block can cause bradycardia and low cardiac output until paced, potentially affecting renal perfusion. Still generally episodic and less direct than shock/vasopressor requirement."
arrhyth_p_paced,0.01,Being paced is more a management status than a direct renal risk factor. It is not a specific marker of renal hypoperfusion severity.
heart_fail,0.09,"Heart failure is an established AKI risk factor via low forward flow and venous congestion (cardiorenal physiology), especially after cardiac surgery. It provides baseline vulnerability beyond immediate postoperative vitals."
recent_arrhyth_atr_fib,0.04,Atrial fibrillation can worsen hemodynamics and is associated with postoperative complications and diuretic/vasopressor exposure. The link to AKI is plausible but indirect and often mediated by instability.
pain_score_pre,0.01,Preoperative pain score has no clear physiologic pathway to postoperative creatinine rise. Any association would be incidental or reflect unmeasured comorbidity rather than renal injury mechanisms.
intraop_cell_saver_volume,0.02,"Cell saver volume is a proxy for surgical blood loss/transfusion needs, which can correlate with hypotension and inflammation. However, it is indirect and less informative than direct hemodynamics or transfusion totals."
total_heparin_before_bypass,0.01,Heparin dosing before bypass is largely protocol-driven and not a direct AKI mechanism. It provides minimal discriminatory information for postoperative creatinine trajectory.
total_protamine_before_or_exit,0.03,"Protamine can cause hypotension/pulmonary vasoconstriction and hemodynamic instability in susceptible patients, which could secondarily affect renal perfusion. Still an indirect and relatively uncommon driver compared with shock/low output."
intra_visco_test,0.01,"Intraoperative viscoelastic testing (e.g., TEG/ROTEM) primarily reflects coagulation management rather than renal perfusion or nephrotoxicity. Any AKI association is indirect via bleeding/transfusion complexity."
vol_agent_used,0.02,"Use of any volatile anesthetic is not an established driver of postoperative AKI compared with hemodynamics, bypass factors, and nephrotoxins. It may weakly proxy case complexity/anesthetic strategy."
volatile_agent_isoflurane,0.01,"Choice of isoflurane has no consistent direct link to postoperative creatinine rise in cardiac surgery. Renal risk is dominated by perfusion pressure, CPB-related injury, and postoperative shock."
volatile_agent_sevoflurane,0.02,"Sevoflurane has theoretical nephrotoxicity concerns (compound A) but clinically meaningful AKI signal in modern practice is weak, especially relative to hemodynamic and CPB factors. Treat as a minor proxy for anesthetic selection."
volatile_agent_desflurane,0.01,Desflurane selection is not a recognized predictor of AKI after cardiac surgery. Any association would be indirect through case/anesthetic management patterns.
vol_agent_oth,0.01,"Other volatile agents are unlikely to have a specific, reproducible relationship with postoperative creatinine trajectory. This variable is more about documentation/anesthetic preference than renal pathophysiology."
volatile_agent_used_pre_bypass,0.01,Pre-bypass volatile use is not a direct mechanism for AKI and is largely routine. Renal injury risk is more tied to perfusion/oxygen delivery and inflammatory/ischemic insults during and after CPB.
volatile_agent_used_during_bypass,0.02,During-bypass volatile use may correlate with anesthetic technique and hemodynamic management but is not a primary AKI driver. Any predictive value is indirect and likely small compared with perfusion pressure/flow and vasopressor needs.
volatile_agent_used_post_bypass,0.02,"Post-bypass volatile use may weakly reflect immediate post-CPB stability and anesthetic plan, but it is not an established AKI predictor. Hemodynamic instability and low cardiac output are more causally linked."
volatile_agent_used_for_maintenance,0.01,Maintenance volatile choice is standard anesthetic practice and not a specific marker of renal hypoperfusion or nephrotoxin exposure. Predictive value for creatinine_ratio is expected to be minimal.
intra_op_infusion_dexmedetomidine,0.03,"Dexmedetomidine can influence sympathetic tone and hemodynamics and may reduce delirium/opioid needs, but evidence for AKI prevention/prediction is inconsistent. At most it is an indirect marker of sedation strategy and stability."
intraop_propofol_infusion,0.02,Propofol infusion reflects anesthetic technique; it is not a direct nephrotoxin and has no strong established association with postoperative AKI. Any signal would be mediated through hypotension or case complexity.
intraop_midazolam_infusion,0.01,Midazolam infusion is not mechanistically linked to renal tubular injury or perfusion failure. It mainly reflects sedation practice and is unlikely to add independent predictive value.
total_insulin_before_or_exit,0.05,"Higher insulin requirement can proxy perioperative hyperglycemia/stress response, which is associated with worse postoperative outcomes including AKI risk. Still, it is indirect and less specific than hemodynamics, lactate, or renal labs."
pre_anesth_bp_sys,0.05,"Baseline systolic BP reflects chronic hypertension/vascular disease and starting perfusion reserve, which can influence susceptibility to perioperative renal hypoperfusion. It is an established but nonspecific risk factor compared with postoperative shock markers."
pre_anesth_bp_dia,0.04,Baseline diastolic BP may reflect vascular tone and coronary/renal perfusion characteristics and chronic hypertension burden. Its relationship to postoperative AKI is indirect and weaker than intra/postoperative hypotension measures.
pre_anesth_hr,0.01,Pre-induction heart rate is a nonspecific marker of stress/pain and does not directly reflect renal perfusion or tubular injury risk after cardiac surgery.
pulmonary_artery_catheter_used,0.04,"Use of a PA catheter is a proxy for higher surgical/ICU acuity and anticipated hemodynamic instability, which can correlate with AKI risk, but it is not a physiologic driver itself."
core_temp_max,0.01,"Maximum core temperature is not a strong or specific determinant of postoperative AKI compared with hypotension/low flow, congestion, or nephrotoxins; mild hyperthermia is common and nonspecific."
nitric_ox_intraop,0.03,"Inhaled nitric oxide typically reflects pulmonary hypertension/RV strain and complex cardiopulmonary physiology that can secondarily affect renal perfusion, but the medication itself is not a primary AKI driver."
total_crystalloid_by_anesthesia_team,0.05,"Large crystalloid volumes can contribute to venous congestion/hemodilution and reflect bleeding/vasoplegia, indirectly increasing AKI risk, but volume given is confounded by case complexity."
total_synthetic_colloid_by_anesthesia_team,0.06,"Synthetic colloids (e.g., some starches) have been associated with AKI in critical illness and may reflect aggressive resuscitation; intraop exposure can plausibly increase postoperative creatinine rise."
total_5_percent_albumin_by_anesthesia_team,0.03,Albumin use is mainly a marker of resuscitation strategy/oncotic support and illness severity; evidence for direct AKI causation is weaker than for hemodynamics or nephrotoxins.
gluc_trough_intraop,0.02,Intraoperative hypoglycemia/low glucose is not a typical direct mechanism for AKI; it may reflect insulin use or metabolic instability but is an indirect and nonspecific signal.
vasodil_intraop,0.04,"Intraoperative vasodilator use can indicate hypertension management or afterload reduction and may be associated with episodes of hypotension/low renal perfusion, but it is a proxy rather than a direct biomarker."
intra_proc_eeg,0.01,"Intra-procedural EEG monitoring reflects neurologic monitoring needs and anesthetic management, with no meaningful direct link to postoperative renal injury."
intra_op_pre_tee,0.02,Pre-incision TEE use is largely a marker of case complexity and anticipated hemodynamic issues; it does not itself drive AKI risk.
left_ventricular_ejection_fraction_estimate_pre_incision,0.08,"Reduced LVEF is an established risk factor for postoperative AKI via low cardiac output and renal hypoperfusion, especially in older cardiac surgery patients."
rv_function_estimate_pre_incision,0.07,"RV dysfunction predisposes to elevated venous pressures and renal congestion/low forward flow, both important contributors to postoperative AKI."
mitral_valve_regurgitation_pre_incision,0.03,"Significant MR can be associated with heart failure physiology and perioperative instability, indirectly affecting renal perfusion, but it is less directly predictive than ventricular function measures."
mitral_stenosis_pre_incision,0.02,"Mitral stenosis may indicate chronic cardiopulmonary disease and perioperative complexity, but its direct linkage to postoperative AKI is weaker than low output or congestion markers."
aortic_valve_regurgitation_pre_incision,0.02,"Aortic regurgitation can contribute to volume overload and perioperative hemodynamic variability, but it is an indirect and generally weaker predictor of AKI than ventricular dysfunction or shock states."
aortic_stenosis_regurgitation_pre_incision,0.03,"Significant valvular disease can predispose to perioperative low cardiac output and renal hypoperfusion, but it is an indirect and heterogeneous marker for AKI risk."
pre_ava_assessed,0.005,Whether aortic valve area was assessed reflects documentation/testing rather than a physiologic driver of postoperative renal injury.
pre_tr,0.04,"Tricuspid regurgitation can indicate right-sided dysfunction and venous congestion, which may worsen renal perfusion pressure, but it is an indirect predictor."
pre_pfo,0.005,Patent foramen ovale has no direct mechanistic link to postoperative AKI and is unlikely to add prognostic value for creatinine rise.
asc_ao_assessed,0.005,Assessment of the ascending aorta is primarily procedural/documentation and does not directly reflect renal perfusion or nephrotoxic exposure.
maximal_ascending_aortic_diameter,0.01,"Aortic dilation may correlate with overall vascular disease and operative complexity, but it is not a specific or strong determinant of postoperative AKI."
maximal_ascending_aortic_atherosclerotic_thickness,0.02,"Greater aortic atherosclerosis can increase embolic/operative risk and may correlate with systemic vascular disease, but links to AKI are indirect."
ascending_aortic_atheroma_mobility,0.02,"Mobile atheroma suggests higher embolic burden and complex surgery, which can contribute to end-organ injury, but it is not a direct renal biomarker."
visualize_aortic_arch,0.005,Whether the arch was visualized is a procedural detail and not a physiologic exposure that would directly influence creatinine trajectory.
mx_arc_ath,0.02,Aortic arch atheroma reflects systemic atherosclerosis and potential embolic risk; association with AKI is plausible but indirect.
aortic_arch_atheroma_mobility,0.02,"Mobile arch atheroma may indicate higher embolic/complexity risk and systemic vascular disease, but it is not a primary driver of postoperative AKI."
cpb_used,0.1,"Cardiopulmonary bypass is an established risk factor for AKI via inflammation, hemolysis, nonpulsatile flow, and renal hypoperfusion, though effect size varies without duration/flow details."
retr_autol_prim,0.02,"Autologous priming/retrograde autologous priming may reduce hemodilution and transfusion needs, potentially affecting AKI risk, but evidence is modest and indirect."
total_crystalloid_by_perfusion_team,0.04,"Higher intraoperative crystalloid can reflect hemodilution, capillary leak, and fluid overload contributing to renal congestion, but it is a nonspecific proxy for illness/management."
total_synthetic_colloid_by_perfusion_team,0.06,"Synthetic colloids (e.g., HES) have recognized nephrotoxicity and are associated with AKI in critical illness; intraoperative exposure is a plausible contributor to creatinine rise."
total_5_percent_albumin_by_perfusion_team,0.02,"Albumin use mainly reflects volume management and oncotic support; it is not strongly nephrotoxic and is a weak, indirect marker of hemodynamic complexity."
hemofil_perf,0.22,"Need for hemofiltration/perfusion support perioperatively is a near-direct marker of severe renal dysfunction or profound fluid/solute derangement, strongly predictive of higher creatinine at 60h."
inotrop_wean_cpb,0.06,"Difficulty weaning inotropes off CPB suggests low cardiac output and renal hypoperfusion risk, but it is an indirect proxy and overlaps with other hemodynamic markers."
vasop_wean_cpb,0.08,"High vasopressor requirement to separate from CPB reflects vasoplegia/shock physiology and impaired renal perfusion pressure, an established AKI risk factor post-cardiac surgery."
intra_op_post_tee,0.02,Having a post-TEE is largely procedural/monitoring and reflects practice patterns; it is not a direct physiologic driver of AKI.
systolic_anterior_motion_mitral_valve_presence,0.04,"SAM can cause dynamic LVOT obstruction and hypotension, plausibly reducing renal perfusion, but it is uncommon and typically transient/treated intraoperatively."
ret_cpb_ech,0.03,"Return to CPB/echo reassessment indicates intraoperative instability and complexity, indirectly increasing AKI risk, but it is a nonspecific process-of-care marker."
left_ventricular_ejection_fraction_estimate_post_incision,0.07,"Reduced LVEF is an established risk factor for postoperative AKI via low forward flow and venous congestion, though it is not a direct biomarker of kidney injury."
post_rv_fx,0.09,"RV dysfunction promotes venous congestion and low effective renal perfusion pressure, a well-recognized contributor to cardiorenal AKI after cardiac surgery."
intra_card_arr,0.05,"Intraoperative arrhythmias can cause episodic hypotension and low cardiac output, plausibly contributing to renal ischemia, but the effect is variable and often rapidly corrected."
post_core_temp,0.02,"Postoperative temperature mainly reflects rewarming/ICU management; while extremes may correlate with illness severity, it is not a specific AKI driver."
post_inr,0.04,"Elevated INR can reflect hepatic hypoperfusion/CPB effects and bleeding risk (transfusion/instability), indirectly associated with AKI but not a direct renal mechanism."
post_wbc,0.03,"Leukocytosis is a nonspecific stress/inflammation marker after surgery and has only an indirect, weak link to subsequent AKI."
post_plt,0.05,"Thrombocytopenia can indicate CPB-related consumption, bleeding/transfusion, or systemic inflammation, which are associated with AKI risk but are not specific."
post_hct,0.06,"Low hematocrit/anemia reduces oxygen delivery and often tracks bleeding/transfusion, both associated with postoperative AKI, though it is an indirect predictor."
post_fibrin,0.03,Fibrinogen reflects inflammation and coagulation status; associations with AKI are indirect and confounded by bleeding and transfusion practices.
post_lact,0.18,"Elevated postoperative lactate is a strong marker of systemic hypoperfusion/low cardiac output and shock physiology, which directly increases risk of ischemic tubular injury and AKI."
prop_post,0.03,"Postoperative propofol exposure is not directly nephrotoxic, but higher requirements can proxy for prolonged ventilation/instability that may correlate with AKI risk. Overall link is indirect and confounded by illness severity."
pain_score_pod3,0.01,"Pain score on POD3 is not a physiologic driver of renal injury and is temporally downstream/remote from the 60-hour creatinine ratio. Any association would be weak and mediated by other factors (e.g., opioids, mobilization)."
current_smoker,0.03,"Active smoking is associated with vascular disease and perioperative pulmonary complications that can indirectly worsen renal perfusion. However, it is not a strong direct predictor of early post-cardiac surgery AKI compared with hemodynamics and renal labs."
former_smoker,0.02,Former smoking reflects chronic cardiopulmonary/vascular risk but is a weaker and less specific marker than current smoking for perioperative instability. Expected effect on AKI risk is indirect and modest.
pre_op_arrhyth_a_fib_paroxysmal,0.04,"Paroxysmal AF can indicate underlying cardiac disease and risk of perioperative low cardiac output or hemodynamic variability, which may impair renal perfusion. Still an indirect predictor relative to direct perfusion/renal markers."
pre_op_arrhyth_a_fib_persistent,0.06,Persistent AF more strongly reflects chronic atrial/ventricular dysfunction and can predispose to perioperative low output states and renal hypoperfusion. This is an established but non-definitive risk factor for postoperative AKI.
cardioplegia_delivery_antegrade,0.01,Antegrade cardioplegia technique is not a direct renal insult and mainly reflects surgical strategy rather than renal perfusion. Any association with AKI would be weak and procedure-mix confounded.
cardioplegia_delivery_retrograde,0.01,Retrograde cardioplegia is a surgical technique choice and does not directly affect kidney function. Potential links to case complexity are indirect and not specific for AKI.
cplegia_type_blood,0.01,Blood cardioplegia type is not a direct determinant of renal injury; it primarily reflects myocardial protection strategy. Any AKI association would be indirect via operative complexity/duration.
cplegia_type_crystalloid,0.01,Crystalloid cardioplegia type has no direct mechanistic link to postoperative creatinine rise beyond general case characteristics. Expected predictive value for AKI is minimal.
heart_fail_tmg_acute,0.08,"Acute heart failure around the time of surgery increases risk of low cardiac output, venous congestion, and renal hypoperfusion, all established contributors to AKI. It is a meaningful comorbidity but not a direct biomarker."
heart_fail_tmg_chronic,0.07,"Chronic heart failure predisposes to perioperative hemodynamic intolerance and cardiorenal physiology (low forward flow and congestion), increasing AKI risk. Predictive but less specific than immediate postoperative hemodynamics."
heart_fail_type_systolic,0.08,"Systolic dysfunction is associated with reduced cardiac output reserve and higher likelihood of postoperative low-flow states requiring vasoactive support, which can precipitate AKI. Established risk factor but not definitive alone."
heart_fail_type_diastolic,0.05,"Diastolic dysfunction can contribute to elevated filling pressures and venous congestion, which may impair renal function, but the relationship is less direct than systolic failure. Thus it is a plausible-to-established but modest predictor."
0_12h_pulse_oximetry_mean,0.03,"Early mean SpO2 reflects oxygenation during the immediate post-op period, but transient hypoxemia is common and often corrected; mean values can mask brief severe desaturations. Given the 0–12h epoch, predictive value for later creatinine rise is limited."
13_24h_pulse_oximetry_mean,0.04,Sustained oxygenation in the trajectory phase can reflect ongoing respiratory/cardiac dysfunction that may contribute to renal hypoxia and AKI risk. Mean SpO2 remains an indirect marker and is capped to avoid over-weighting compared with more direct perfusion/renal measures.
25_36h_pulse_oximetry_mean,0.02,"Sustained oxygenation may reflect overall cardiopulmonary stability, but mean SpO2 is a nonspecific and often well-maintained ICU parameter with weak direct linkage to AKI."
0_12h_pulse_oximetry_max,0.005,Maximum SpO2 is not pathologic and largely reflects supplemental oxygen/ventilator settings rather than renal perfusion risk.
13_24h_pulse_oximetry_max,0.005,Maximum SpO2 is generally non-informative for AKI risk and is driven by oxygen therapy rather than kidney injury mechanisms.
25_36h_pulse_oximetry_max,0.005,"High SpO2 values are not a trigger for AKI and mainly indicate oxygen delivery strategy, not renal hypoperfusion."
0_12h_pulse_oximetry_min,0.06,"Hypoxemia episodes can contribute to systemic hypoxia and hemodynamic stress, plausibly worsening renal ischemia; early post-op period is noisy so capped by epoch."
13_24h_pulse_oximetry_min,0.08,Persistent or recurrent hypoxemia in the trajectory phase may indicate ongoing cardiopulmonary failure and higher AKI risk via reduced oxygen delivery and instability.
25_36h_pulse_oximetry_min,0.12,"Late hypoxemia close to the outcome window can signal decompensation (e.g., low cardiac output, pulmonary edema) associated with renal hypoperfusion and AKI."
0_12h_pulse_oximetry_measured,0.01,Measurement frequency mainly reflects monitoring intensity and is near-universal post-cardiac surgery; weak behavioral proxy for acuity.
13_24h_pulse_oximetry_measured,0.01,SpO2 measurement frequency is routine in ICU care and provides little incremental information about AKI risk beyond physiologic values.
25_36h_pulse_oximetry_measured,0.01,Continued frequent SpO2 checks are standard and only weakly reflect clinical concern; not a direct renal risk marker.
0_12h_r_pulmonary_artery_pressure_mean_mean,0.03,"Mean PAP reflects RV afterload and congestion which can affect renal perfusion, but early post-op values are transient and less specific for AKI."
13_24h_r_pulmonary_artery_pressure_mean_mean,0.06,Sustained elevated PAP may indicate RV dysfunction/venous congestion contributing to cardiorenal syndrome and AKI risk in the trajectory phase.
25_36h_r_pulmonary_artery_pressure_mean_mean,0.1,"Later sustained pulmonary hypertension/RV strain can drive renal venous congestion and reduced effective renal perfusion, an established contributor to AKI."
0_12h_r_pulmonary_artery_pressure_mean_max,0.05,"Acute spikes in PAP may reflect RV failure or pulmonary vasoconstriction, but to reduce collinearity with mean_mean and given early noise, capped at 0.05."
13_24h_r_pulmonary_artery_pressure_mean_max,0.05,"Max PAP captures episodic RV afterload surges, but to avoid redundancy with mean_mean (better for sustained congestion), capped at 0.05."
25_36h_r_pulmonary_artery_pressure_mean_max,0.05,"Late PAP extremes may indicate decompensation, but sustained elevation (mean_mean) better represents ongoing venous congestion relevant to AKI; capped for collinearity control."
0_12h_r_pulmonary_artery_pressure_mean_min,0.03,"Low pulmonary artery pressure can reflect low RV output/low forward flow and systemic hypoperfusion, which can contribute to AKI, but early post-op values are often transient. Use of a minimum captures acute low-flow episodes better than mean, but keep conservative in 0–12h."
13_24h_r_pulmonary_artery_pressure_mean_min,0.04,"Persistently low PA pressures in the trajectory phase may indicate ongoing low cardiac output and renal hypoperfusion. Still an indirect marker and collinear with other hemodynamics, so kept low."
25_36h_r_pulmonary_artery_pressure_mean_min,0.06,"In the 25–36h window, low PA pressures can be a closer leading indicator of sustained low-flow physiology associated with AKI risk. Remains indirect (not a renal biomarker), so modest weight."
0_12h_r_pulmonary_artery_pressure_mean_measured,0.01,"Measurement frequency mainly reflects monitoring intensity (e.g., PA catheter presence/acuity) rather than a physiologic mechanism for AKI. Early post-op monitoring is routine in many cardiac surgery patients."
13_24h_r_pulmonary_artery_pressure_mean_measured,0.02,"More frequent PA pressure documentation may reflect clinician concern for hemodynamic instability, which correlates with AKI risk, but it is a behavioral proxy. Capped low per rules."
25_36h_r_pulmonary_artery_pressure_mean_measured,0.03,"Continued frequent PA pressure measurements late may indicate persistent shock/need for titration, indirectly associated with AKI. Still a proxy variable, so kept <0.05."
0_12h_r_device_continuous_cardiac_index_measured,0.01,Frequency of continuous cardiac index recording reflects device use and acuity rather than renal pathophysiology. In the immediate post-op period this is common and not specific for AKI.
13_24h_r_device_continuous_cardiac_index_measured,0.02,"Ongoing intensive CI monitoring may signal hemodynamic instability, which is associated with AKI, but it is not a direct physiologic measure. Kept low to avoid over-weighting monitoring behavior."
25_36h_r_device_continuous_cardiac_index_measured,0.03,"Persistent need for frequent CI monitoring near 36h can indicate unresolved low-output/shock physiology, indirectly increasing AKI risk. Still a proxy feature and capped <0.05."
0_12h_r_central_venous_pressure_mean,0.03,"Elevated CVP can reduce renal perfusion gradient and cause renal venous congestion, but mean values early after surgery are often influenced by ventilation/volume shifts. Mean is less specific than extremes, so kept low."
13_24h_r_central_venous_pressure_mean,0.05,"Sustained higher CVP in 13–24h suggests ongoing venous congestion/right-sided dysfunction, a recognized contributor to AKI after cardiac surgery. Mean captures sustained congestion but is still somewhat collinear with max."
25_36h_r_central_venous_pressure_mean,0.08,"In the 25–36h window, persistently elevated CVP is a strong hemodynamic correlate of renal venous congestion and worsening kidney function. Mean is appropriate for sustained congestion close to the outcome."
0_12h_r_central_venous_pressure_max,0.04,"High CVP spikes can reflect acute RV failure, tamponade physiology, or excessive volume/PEEP leading to renal congestion, but early post-op spikes are common and transient. Max captures the insult better than mean, within the 0–12h cap."
13_24h_r_central_venous_pressure_max,0.07,"Intermittent high CVP episodes during 13–24h may indicate clinically meaningful congestion or RV dysfunction associated with AKI. Max is preferred over mean for capturing pathologic peaks, so given modest weight."
25_36h_r_central_venous_pressure_max,0.12,"High CVP peaks close to 36h can signal significant venous congestion/tamponade/RV failure, which directly worsens renal perfusion gradient and is strongly linked to AKI after cardiac surgery. Max best captures the pathologic extreme, so higher importance."
0_12h_r_central_venous_pressure_min,0.01,"Low CVP minima are less specific for AKI and may reflect transient hypovolemia or measurement/ventilation effects in the immediate post-op period. Compared with high CVP (congestion), low CVP is a weaker and less consistent AKI driver here."
13_24h_r_central_venous_pressure_min,0.05,"Low CVP can reflect relative hypovolemia/underfilling and reduced renal perfusion, but CVP is an imperfect surrogate and collinear with other hemodynamic markers. In the 13–24h trajectory phase, keep modest weight."
25_36h_r_central_venous_pressure_min,0.08,"Persistently low CVP closer to the outcome can indicate ongoing under-resuscitation or low preload contributing to renal hypoperfusion. As a leading-indicator window, it is more informative than earlier epochs but still indirect."
0_12h_r_central_venous_pressure_measured,0.01,"Measurement frequency mainly reflects monitoring intensity immediately post-op rather than a renal mechanism. Early post-bypass period is highly protocolized, limiting prognostic specificity."
13_24h_r_central_venous_pressure_measured,0.02,"More frequent CVP documentation may reflect clinician concern for hemodynamic instability, which can correlate with AKI risk, but it is a behavioral proxy. Keep below 0.05 per rules."
25_36h_r_central_venous_pressure_measured,0.03,"Increased CVP monitoring late may indicate ongoing shock/volume management complexity, indirectly associated with AKI risk. Still a proxy for acuity rather than a direct physiologic driver."
0_12h_r_fio2_mean,0.01,Average FiO2 in the immediate post-op window is heavily influenced by routine ventilator weaning practices and does not directly drive AKI. Any association is indirect via overall illness severity.
13_24h_r_fio2_mean,0.02,"Sustained higher oxygen requirement can reflect cardiopulmonary dysfunction and severity of illness, indirectly linked to AKI. Mean is less informative than extremes for acute insults."
25_36h_r_fio2_mean,0.03,"Persistently elevated FiO2 closer to hour 60 suggests ongoing respiratory/cardiac failure and systemic hypoperfusion risk, indirectly increasing AKI risk. Still nonspecific and severity-proxy."
0_12h_r_fio2_max,0.03,"High peak FiO2 early may mark transient post-op instability, but this period is confounded by routine immediate post-bypass management. It is an indirect severity signal, capped conservatively for 0–12h."
13_24h_r_fio2_max,0.04,"A high FiO2 peak during 13–24h can indicate episodes of hypoxemia or cardiopulmonary decompensation, indirectly associated with AKI via hypoperfusion/inflammation. Use max over mean to reduce collinearity."
25_36h_r_fio2_max,0.05,"Late high FiO2 peaks suggest significant ongoing respiratory failure or shock physiology, which correlates with AKI risk through systemic hypoxia and hemodynamic compromise. Still indirect and nonspecific, so keep modest."
0_12h_r_fio2_min,0.01,Minimum FiO2 largely reflects ventilator weaning targets and may not capture renal-relevant pathology. Early post-op practices dominate this signal.
13_24h_r_fio2_min,0.01,Minimum FiO2 is more about successful weaning than acute physiologic insult and is less informative than FiO2 maxima for instability. Weak indirect link to AKI.
25_36h_r_fio2_min,0.01,Minimum FiO2 reflects best-case oxygen requirement rather than episodes of decompensation; it is a weak severity proxy. Prefer FiO2_max for capturing clinically relevant extremes.
0_12h_r_fio2_measured,0.01,Frequency of FiO2 recording is largely protocol-driven in the immediate post-op period and does not represent a renal mechanism. Behavioral proxy with low specificity for AKI.
13_24h_r_fio2_measured,0.01,More frequent FiO2 documentation may reflect ventilator adjustments/acuity but is not a direct predictor of renal injury. Keep very low per measurement-frequency rule.
25_36h_r_fio2_measured,0.02,Measurement frequency mainly reflects clinician concern/acuity rather than a direct renal mechanism. Higher monitoring may correlate with sicker patients but is nonspecific for AKI.
0_12h_r_vent_resp_rate_set_mean,0.02,"Ventilator rate settings are an indirect marker of respiratory status and acid-base management, not a primary AKI driver. In the immediate post-op window this is often protocolized and transient."
13_24h_r_vent_resp_rate_set_mean,0.03,"Persistently higher set rates may reflect ongoing respiratory failure/sepsis and physiologic stress that can contribute to AKI risk. Mean is still a smoothed, indirect signal."
0_12h_r_vent_resp_rate_set_max,0.04,"A high maximum set rate can indicate acute ventilatory demand (acidosis/hypoxemia) associated with systemic illness and potential renal hypoperfusion. Early post-op changes are common, so keep conservative."
13_24h_r_vent_resp_rate_set_max,0.05,"A higher maximum rate in this trajectory phase may better capture episodic deterioration (e.g., worsening acidosis) than the mean. Still indirect for AKI and capped to limit collinearity."
0_12h_r_vent_resp_rate_set_min,0.01,Low minimum set rate is usually due to sedation/weaning strategy and is not a recognized trigger for AKI. Provides little specific information beyond other severity markers.
13_24h_r_vent_resp_rate_set_min,0.01,Minimum set rate largely reflects ventilator management choices rather than renal perfusion or nephrotoxicity. Weak and nonspecific association with AKI.
0_12h_r_vent_resp_rate_set_measured,0.01,Measurement frequency is a documentation/monitoring artifact and not a physiologic mechanism. In early post-op care it is routine and not specific for impending AKI.
13_24h_r_vent_resp_rate_set_measured,0.01,More frequent recording may reflect instability but is nonspecific and highly practice-dependent. Not a direct predictor of creatinine rise.
25_36h_r_vent_resp_rate_set_measured,0.02,Increased measurement frequency closer to outcome may indicate ongoing ventilatory instability and higher illness severity. Still a behavioral proxy and not kidney-specific.
0_12h_r_vent_tidal_volume_set_mean,0.02,"Tidal volume settings are primarily lung-protective strategy and body-size based, with only indirect links to AKI via ventilator-induced hemodynamic effects. Immediate post-op settings are often standardized."
13_24h_r_vent_tidal_volume_set_mean,0.03,"Persistently higher tidal volumes may correlate with less lung-protective ventilation and systemic inflammation, which can contribute to AKI risk. Mean remains an indirect, smoothed signal."
25_36h_r_vent_tidal_volume_set_mean,0.04,Later sustained tidal volume settings may reflect ongoing respiratory failure management and hemodynamic interactions affecting renal perfusion. Still indirect and generally weaker than direct hemodynamic/renal labs.
0_12h_r_vent_tidal_volume_set_max,0.03,"A high maximum tidal volume may capture brief periods of non–lung-protective ventilation that can worsen intrathoracic pressures and renal perfusion. Early post-op variability is common, so conservative."
13_24h_r_vent_tidal_volume_set_max,0.05,Maximum tidal volume may better capture potentially harmful excursions than the mean and could reflect worsening compliance/ARDS physiology linked to AKI. Kept low to avoid redundancy with other ventilator features.
25_36h_r_vent_tidal_volume_set_max,0.06,"In the closest window to outcome, high tidal volume excursions may indicate difficult ventilation and higher intrathoracic pressures, contributing to reduced renal perfusion and AKI risk. Still an indirect predictor compared with direct renal/hemodynamic markers."
0_12h_r_vent_tidal_volume_set_min,0.01,Set tidal volume is not a direct AKI driver; low values mainly reflect lung-protective strategy or ventilator management. Any renal effect is indirect via hemodynamics and is better captured by blood pressure/vasopressors.
13_24h_r_vent_tidal_volume_set_min,0.01,"Minimum set tidal volume has weak, indirect linkage to renal perfusion and mostly reflects ventilator strategy. Not an established predictor of postoperative creatinine rise."
25_36h_r_vent_tidal_volume_set_min,0.02,"Persistently low set tidal volume may proxy ongoing respiratory failure/ARDS severity, which can correlate with multiorgan dysfunction including AKI. Still indirect and not kidney-specific."
0_12h_r_vent_tidal_volume_set_measured,0.01,Measurement frequency reflects documentation/monitoring rather than physiology and is not a mechanistic AKI predictor. Early post-op ventilator charting is routine.
13_24h_r_vent_tidal_volume_set_measured,0.01,Ventilator setting measurement frequency is a behavioral proxy and typically routine in ICU care. Weak and nonspecific for AKI risk.
25_36h_r_vent_tidal_volume_set_measured,0.02,"More frequent ventilator setting entries may indicate instability or ongoing critical illness, which can co-occur with AKI. Still a nonspecific behavioral proxy, so kept low."
0_12h_r_vent_peep_mean,0.03,"Higher mean PEEP can reduce venous return and renal perfusion via increased intrathoracic pressure, but early post-op PEEP is often transient and protocolized. Mean is also less informative than extremes for acute hemodynamic insult."
13_24h_r_vent_peep_mean,0.04,"Sustained moderate PEEP may contribute to lower cardiac output/renal perfusion and reflects respiratory severity. However, mean PEEP is still an indirect marker and collinear with PEEP extremes."
25_36h_r_vent_peep_mean,0.05,Persistently elevated mean PEEP closer to outcome can indicate ongoing lung injury and higher intrathoracic pressures that may impair renal perfusion. Capped to limit redundancy with PEEP max as the more pathologic aggregation.
0_12h_r_vent_peep_max,0.06,"High peak PEEP can acutely decrease preload/cardiac output and renal blood flow, plausibly precipitating AKI, but immediate post-op ventilator adjustments are common. Scored conservatively due to early epoch cap."
13_24h_r_vent_peep_max,0.1,A higher maximum PEEP in the trajectory phase suggests significant respiratory failure and potential hemodynamic compromise affecting renal perfusion. Extremes better capture acute insult than mean/min.
25_36h_r_vent_peep_max,0.14,High maximum PEEP in the 25–36h window is a leading indicator of severe lung disease and sustained high intrathoracic pressures that can reduce renal perfusion and worsen AKI risk. This extreme is the most informative PEEP aggregation for pathology.
0_12h_r_vent_peep_min,0.01,Minimum PEEP largely reflects baseline ventilator settings and is not a known trigger for AKI. It is less pathologic than high PEEP extremes and likely redundant.
13_24h_r_vent_peep_min,0.01,Low minimum PEEP is not mechanistically linked to AKI and mainly reflects ventilator strategy. Provides little incremental prognostic value versus PEEP max.
25_36h_r_vent_peep_min,0.01,"Minimum PEEP remains a weak, non-pathologic signal and is collinear with other ventilator variables. Not expected to predict creatinine rise."
0_12h_r_vent_peep_measured,0.01,PEEP measurement frequency is primarily documentation intensity and routine early post-op. It is not a physiologic mechanism for AKI and should remain very low.
13_24h_r_vent_peep_measured,0.01,Measurement frequency mainly reflects clinician attention/vent management rather than a direct renal perfusion mechanism. Cap low per behavioral-proxy rule and collinearity concerns.
25_36h_r_vent_peep_measured,0.02,"More frequent PEEP documentation may indicate ongoing respiratory failure/ARDS and higher illness severity, which can correlate with AKI risk. Still a behavioral proxy, so kept <0.05."
0_12h_r_vent_plateau_pressure_mean,0.02,"Sustained higher plateau pressures can reduce venous return/cardiac output and worsen renal perfusion, but early post-op values are often transient. Mean is less informative than extremes for acute insult."
13_24h_r_vent_plateau_pressure_mean,0.03,"Persistently elevated plateau pressure suggests ongoing poor lung compliance and higher intrathoracic pressures that may impair renal perfusion. Mean is still less specific than max for insult, so kept low."
0_12h_r_vent_plateau_pressure_max,0.06,"High peak plateau pressures reflect acute high intrathoracic pressure/poor compliance, which can reduce cardiac output and renal blood flow. In the immediate 0–12h period, capped conservatively per epoch rule."
13_24h_r_vent_plateau_pressure_max,0.1,"A high maximum plateau pressure in 13–24h indicates persistent severe lung mechanics/ventilator stress and potential hemodynamic compromise, increasing AKI risk. Max captures the insult better than mean/min, so prioritized."
0_12h_r_vent_plateau_pressure_min,0.01,Minimum plateau pressure is not a plausible trigger for AKI and mainly reflects periods of lower ventilatory stress. Provides little prognostic information compared with maxima.
13_24h_r_vent_plateau_pressure_min,0.01,Lower minima do not indicate renal risk and are unlikely to capture pathology relevant to AKI. Redundant given max/mean features.
0_12h_r_vent_plateau_pressure_measured,0.01,Frequency of plateau pressure measurement reflects monitoring intensity rather than a physiologic driver of AKI. Early post-op measurement patterns are routine and nonspecific.
13_24h_r_vent_plateau_pressure_measured,0.02,"More frequent plateau checks may indicate difficult ventilation/ARDS and higher acuity, indirectly associated with AKI. Still a behavioral proxy, so kept <0.05."
25_36h_r_vent_plateau_pressure_measured,0.03,"Ongoing frequent plateau measurements late (25–36h) can signal persistent respiratory failure and clinician concern, which correlates with multi-organ dysfunction risk including AKI. Remains a proxy, so limited to <0.05."
0_12h_r_vent_minute_ventilation_mean,0.02,"Higher sustained minute ventilation may reflect metabolic acidosis/respiratory drive or ventilatory support needs, indirectly linked to shock and AKI. Early post-op values are often protocol-driven and transient."
13_24h_r_vent_minute_ventilation_mean,0.03,"Persistently elevated minute ventilation can indicate ongoing acidosis/sepsis/low perfusion states that predispose to AKI. Mean is less specific than extremes, so kept low."
0_12h_r_vent_minute_ventilation_max,0.04,"High maximum minute ventilation may capture episodes of acidosis or ventilatory stress that accompany hypoperfusion and AKI risk. In 0–12h, conservatively scored due to common transient derangements."
13_24h_r_vent_minute_ventilation_max,0.05,"A high maximum minute ventilation in 13–24h may reflect significant acidosis/physiologic stress and evolving organ dysfunction associated with AKI. Max is preferred over mean/min for capturing acute episodes, but capped to avoid over-weighting indirect markers."
0_12h_r_vent_minute_ventilation_min,0.01,Minimum minute ventilation is not a meaningful AKI trigger and may reflect sedation or brief ventilator adjustments. Adds little beyond max/mean and is likely redundant.
13_24h_r_vent_minute_ventilation_min,0.03,"Low minute ventilation can reflect hypoventilation/sedation or evolving respiratory failure, which may correlate with overall illness severity and renal hypoperfusion. As a minimum (extreme) it is more informative than mean, but it is still an indirect AKI predictor in this epoch."
0_12h_r_vent_minute_ventilation_measured,0.01,Measurement frequency mainly reflects monitoring intensity rather than a renal mechanism. In the immediate post-op window it is especially confounded by routine ventilator management.
13_24h_r_vent_minute_ventilation_measured,0.01,How often minute ventilation is recorded is a behavioral/acuity proxy and not a direct driver of AKI. Any association would be weak and highly confounded by ICU workflow.
25_36h_r_vent_minute_ventilation_measured,0.02,"More frequent ventilator documentation late may indicate instability and higher severity of illness, which can track with AKI risk. Still, it is not a physiologic renal predictor, so it remains low."
0_12h_respiratory_therapy_o2_device_mean,0.01,"Average oxygen device level is a coarse marker of respiratory support and is not kidney-specific. In the first 12 hours, device choice is often protocolized and transient."
13_24h_respiratory_therapy_o2_device_mean,0.02,Ongoing need for higher respiratory support can reflect cardiopulmonary dysfunction and systemic illness that may contribute to renal hypoperfusion. As a mean value it is less informative than extremes and remains an indirect marker.
25_36h_respiratory_therapy_o2_device_mean,0.03,"Persistently higher oxygen device requirement closer to hour 60 suggests unresolved cardiopulmonary compromise and higher overall severity, which can increase AKI risk. Still indirect and coarse, so kept low."
0_12h_respiratory_therapy_o2_device_max,0.03,"A high maximum oxygen device requirement indicates an acute respiratory/cardiac insult that can accompany low cardiac output and renal hypoperfusion. Early post-op values are often transient, so capped conservatively for 0–12h."
13_24h_respiratory_therapy_o2_device_max,0.05,"A high maximum device requirement during the trajectory phase suggests clinically significant respiratory failure or pulmonary edema, which often coexists with hemodynamic compromise affecting kidneys. As an extreme it is more informative than mean, but still indirect."
25_36h_respiratory_therapy_o2_device_max,0.07,"Late high maximum oxygen device requirement is a stronger leading indicator of persistent cardiopulmonary failure and systemic hypoxia/low output states that predispose to AKI. It remains a nonspecific proxy, so not scored high."
0_12h_respiratory_therapy_o2_device_min,0.01,Minimum oxygen device requirement mainly reflects periods of stability and is not a trigger for AKI. In the immediate post-op period it is heavily influenced by weaning protocols.
13_24h_respiratory_therapy_o2_device_min,0.01,A low minimum device requirement does not capture renal-relevant pathology and is largely a marker of intermittent stability. It adds little beyond max/trajectory measures.
25_36h_respiratory_therapy_o2_device_min,0.01,Minimum device requirement late is not informative for AKI risk compared with maxima or hemodynamic/lab features. It is more reflective of successful weaning than renal stress.
0_12h_respiratory_therapy_o2_device_measured,0.01,Measurement frequency reflects documentation/RT workflow rather than physiology and has no direct renal mechanism. Early post-op monitoring is routine and not specific for impending AKI.
13_24h_respiratory_therapy_o2_device_measured,0.01,How often oxygen device is recorded is a weak acuity proxy and not a causal AKI factor. Any signal is likely redundant with more direct hemodynamic and lab predictors.
25_36h_respiratory_therapy_o2_device_measured,0.02,"More frequent RT device documentation late may indicate instability and escalating support, which can correlate with AKI risk via severity of illness. Still behavioral and nonspecific, so kept <0.05."
0_12h_r_chest_tube_output_mean,0.02,"Average chest tube output is an indirect marker of bleeding/transfusion needs that can affect renal perfusion, but mean is less informative than peak output for acute insult and early (0–12h) values are often transient."
13_24h_r_chest_tube_output_mean,0.03,"Persistently higher average drainage may reflect ongoing bleeding/inflammation and hemodynamic stress, but mean is still less specific than maximum output for AKI-relevant hypoperfusion risk."
25_36h_r_chest_tube_output_mean,0.04,"Ongoing average chest tube losses closer to the outcome can indicate continued volume loss and need for blood products, indirectly increasing AKI risk, though it remains nonspecific."
0_12h_r_chest_tube_output_max,0.08,"Peak early chest tube output can indicate significant postoperative bleeding with hypotension/transfusion exposure, both established contributors to AKI; capped by the 0–12h epoch limit."
13_24h_r_chest_tube_output_max,0.12,"High maximum output in 13–24h suggests ongoing bleeding/tamponade physiology risk and repeated resuscitation/transfusion, which can impair renal perfusion and increase AKI risk."
25_36h_r_chest_tube_output_max,0.16,"A high peak chest tube output in 25–36h is a strong leading indicator of ongoing hemodynamic stress/bleeding requiring resuscitation, plausibly driving renal hypoperfusion and AKI."
0_12h_r_chest_tube_output_min,0.01,Minimum output is generally not informative for AKI risk and may reflect routine low drainage rather than a pathologic process.
13_24h_r_chest_tube_output_min,0.01,Minimum chest tube output has weak physiologic linkage to renal injury and is unlikely to capture bleeding-related hemodynamic insult.
25_36h_r_chest_tube_output_min,0.01,"Minimum drainage does not meaningfully indicate hypoperfusion, transfusion burden, or nephrotoxic exposure relevant to creatinine rise."
0_12h_r_chest_tube_output_measured,0.01,Measurement frequency mainly reflects nursing/ICU workflow rather than a direct physiologic driver of AKI; early postoperative monitoring is routine.
13_24h_r_chest_tube_output_measured,0.02,"More frequent documentation may correlate with acuity/concern for bleeding, but it is a behavioral proxy and not a direct mechanism for AKI."
25_36h_r_chest_tube_output_measured,0.03,"Increased measurement frequency late may indicate ongoing concern for bleeding/instability, but remains an indirect proxy and should be kept low for sparsity."
0_12h_r_pap_systolic_mean,0.03,"Mean PAP systolic reflects pulmonary pressures/right heart load that can affect renal venous congestion, but mean is less sensitive than extremes and early values are often transient post-CPB."
13_24h_r_pap_systolic_mean,0.05,"Sustained elevated PAP systolic can indicate RV dysfunction and venous congestion, which can reduce renal perfusion gradient; still indirect and averaged."
25_36h_r_pap_systolic_mean,0.07,"Persistently elevated PAP systolic closer to hour 60 may reflect ongoing RV failure/venous congestion, an established contributor to AKI via reduced renal perfusion pressure."
0_12h_r_pap_systolic_max,0.06,Peak PAP systolic early may capture acute RV strain/pulmonary hypertension episodes that can impair forward flow and renal perfusion; capped by the 0–12h epoch limit and collinearity preference for extremes over means.
13_24h_r_pap_systolic_max,0.04,"Elevated PA systolic pressure can reflect RV strain and venous congestion, which may impair renal perfusion, but it is an indirect marker. Capped to limit collinearity with other PA pressure summaries and because max is less informative than sustained congestion."
25_36h_r_pap_systolic_max,0.05,"Later elevated PA systolic pressure may indicate persistent pulmonary hypertension/RV dysfunction contributing to renal venous congestion. Still indirect for AKI and potentially collinear with diastolic/mean PA measures, so kept low."
0_12h_r_pap_systolic_min,0.03,"Low PA systolic pressure early may reflect low flow/low preload states after surgery that can reduce renal perfusion. Early epoch is noisy/transient post-CPB, so conservative scoring."
13_24h_r_pap_systolic_min,0.05,"A low PA systolic minimum in the trajectory phase can signal ongoing low cardiac output or underfilling, both associated with AKI risk. Still an indirect hemodynamic proxy and capped to reduce redundancy."
25_36h_r_pap_systolic_min,0.08,"A low PA systolic minimum close to the outcome can indicate persistent low output/poor forward flow, a recognized driver of renal hypoperfusion and AKI. More temporally proximate, so higher than earlier epochs."
0_12h_r_pap_systolic_measured,0.01,"Measurement frequency mainly reflects monitoring intensity (e.g., PA catheter presence/acuity) rather than a renal mechanism. Early post-op monitoring is common and not specific for impending AKI."
13_24h_r_pap_systolic_measured,0.02,"More frequent PA measurements may indicate clinician concern for hemodynamic instability, which correlates with AKI risk, but remains a behavioral proxy. Kept <0.05 per rule."
25_36h_r_pap_systolic_measured,0.03,"Continued frequent PA monitoring late may signal persistent shock/RV failure management, indirectly associated with AKI risk. Still non-physiologic proxy, so limited importance."
0_12h_r_pap_diastolic_mean,0.02,"Mean PA diastolic pressure can relate to filling pressures and congestion, but averaging blunts acute insults and early post-op values are often transient. Low score to avoid collinearity with max/min measures."
13_24h_r_pap_diastolic_mean,0.04,"Sustained higher PA diastolic pressure may reflect elevated left-sided filling pressures/venous congestion that can worsen renal function. Mean is less specific than extremes, so capped low."
25_36h_r_pap_diastolic_mean,0.05,"Later sustained elevation in PA diastolic pressure suggests ongoing congestion, a plausible contributor to cardiorenal syndrome and AKI. Mean remains less discriminative than extremes, so kept modest."
0_12h_r_pap_diastolic_max,0.04,"High PA diastolic maxima can indicate acute congestion/elevated filling pressures, which may impair renal venous outflow. Early epoch is confounded by immediate post-op shifts, so conservative."
13_24h_r_pap_diastolic_max,0.07,"A high PA diastolic maximum during 13–24h can reflect worsening congestion or LV dysfunction, which is associated with AKI via venous congestion and reduced renal perfusion gradient. Max captures insult better than mean, so higher."
25_36h_r_pap_diastolic_max,0.1,"Persistently high PA diastolic maxima close to hour 60 strongly suggest significant congestion/elevated filling pressures, a recognized contributor to postoperative AKI (cardiorenal physiology). Chosen as the most informative PA diastolic aggregation versus mean/min."
0_12h_r_pap_diastolic_min,0.02,"Low PA diastolic minima may reflect low preload/low flow states, but early post-op variability is common and not specific. Min is less directly tied to congestion-driven AKI than high extremes."
13_24h_r_pap_diastolic_min,0.03,"Low PA diastolic minimum in the trajectory phase may indicate underfilling or low output, indirectly increasing AKI risk. Still a nonspecific proxy and kept low to reduce redundancy with systolic minima."
25_36h_r_pap_diastolic_min,0.06,"Low diastolic PAP can reflect RV failure/low pulmonary perfusion pressures and overall low-flow states that reduce renal perfusion, a recognized AKI pathway after cardiac surgery. Use the minimum as the most relevant aggregation for acute hemodynamic insult."
0_12h_r_pap_diastolic_measured,0.01,"Measurement frequency mainly reflects monitoring intensity rather than renal physiology, and early post-op monitoring is routine. Not specific for impending AKI."
13_24h_r_pap_diastolic_measured,0.01,Counts of measurements are a weak behavioral proxy for acuity and are not a direct driver of AKI. Keep low to avoid over-weighting practice-pattern effects.
25_36h_r_pap_diastolic_measured,0.02,"More frequent PAP documentation may indicate ongoing hemodynamic instability/RV dysfunction closer to the outcome window, but remains indirect. Capped low as a non-physiologic proxy."
0_12h_pulse_mean,0.02,"Average heart rate in the immediate post-op period is often transiently elevated from pain, catecholamines, and rewarming, with limited specificity for AKI. Mean is less informative than extremes for perfusion-related injury."
13_24h_pulse_mean,0.03,"Sustained tachycardia may reflect ongoing stress/low stroke volume and higher vasopressor needs, indirectly linking to renal hypoperfusion. Mean remains a smoothed metric and is less specific than extremes."
25_36h_pulse_mean,0.04,"Persistently abnormal heart rate closer to hour 60 can mark ongoing shock physiology or high catecholamine exposure, which correlates with AKI risk. Still indirect and less specific than hypotension/urine output/creatinine."
0_12h_pulse_max,0.03,"Early extreme tachycardia can indicate acute bleeding, pain, or low cardiac output, which can contribute to renal hypoperfusion, but is common and often transient immediately post-op. Max is preferred over mean for capturing acute insult."
13_24h_pulse_max,0.05,Episodes of marked tachycardia during the trajectory phase may signal persistent hemodynamic stress or arrhythmia burden associated with AKI risk. Max captures clinically meaningful extremes better than mean.
25_36h_pulse_max,0.07,"Late extreme tachycardia is a stronger marker of ongoing instability (e.g., low output, sepsis, AF with RVR) that can reduce renal perfusion and precede creatinine rise. Max is the most relevant aggregation for this mechanism."
0_12h_pulse_min,0.02,"Early bradycardia may occur from pacing/medications and is not a consistent AKI driver unless associated with low output, which is not captured here. Minimum HR in this window is therefore weakly informative."
13_24h_pulse_min,0.03,"Bradycardic episodes can reflect conduction issues or over-sedation and may contribute to low cardiac output, indirectly affecting renal perfusion. Still a nonspecific signal."
25_36h_pulse_min,0.04,"Later bradycardia may be more concerning for low-output physiology or conduction failure requiring pacing, which can impair renal perfusion. Minimum is the best aggregation to capture this potential low-flow extreme."
0_12h_pulse_measured,0.01,"Heart rate measurement frequency is routine in the ICU and does not represent a causal pathway to AKI. Behavioral proxy only, so keep minimal."
13_24h_pulse_measured,0.01,More frequent pulse recording reflects monitoring practices rather than kidney injury risk. Not specific for AKI prediction.
25_36h_pulse_measured,0.01,"Even close to the outcome window, pulse measurement counts mainly indicate documentation/monitoring intensity, not renal pathophysiology. Maintain very low inclusion probability."
0_12h_r_an_agents_o2_mean,0.01,"Mean anesthetic O2 exposure in the immediate post-op window is not a direct driver of AKI and is largely protocolized. Any renal effect is mediated through hemodynamics/oxygen delivery, better captured by hypotension/lactate variables."
0_12h_r_an_agents_o2_max,0.02,"Very high FiO2 can reflect cardiopulmonary instability and higher illness severity, which may correlate with AKI risk. However it is an indirect proxy and early (0–12h) values are often transient."
0_12h_r_an_agents_o2_min,0.03,"Low minimum O2 delivery requirement may indicate less respiratory/circulatory compromise, while very low delivered O2 could reflect hypoxemia risk that can worsen renal ischemia. Still indirect and in the immediate period is often influenced by ventilator weaning practices."
0_12h_r_an_agents_o2_measured,0.01,"Measurement frequency mainly reflects monitoring intensity rather than a renal mechanism. In the first 12 hours after cardiac surgery, frequent documentation is routine and not specific for impending AKI."
13_24h_r_an_agents_o2_measured,0.02,"More frequent O2 agent recording may reflect ongoing instability and clinician concern, which can correlate with AKI risk. Still a behavioral proxy and should remain low to avoid over-weighting documentation patterns."
25_36h_r_an_agents_o2_measured,0.03,"Persistent need for close respiratory monitoring late (25–36h) can indicate ongoing shock/respiratory failure, indirectly increasing AKI risk via poor renal perfusion. Nonetheless it is not a physiologic biomarker and should stay <0.05."
0_12h_r_an_agents_n2o_mean,0.01,Nitrous oxide exposure has no established direct nephrotoxicity and is not a standard predictor of post-cardiac surgery AKI. Any association would be confounded by anesthetic practice patterns.
0_12h_r_an_agents_n2o_max,0.01,Peak N2O use is not mechanistically linked to renal ischemia or tubular injury. It primarily reflects intraoperative anesthetic choice rather than postoperative renal risk.
0_12h_r_an_agents_n2o_min,0.01,Minimum N2O use provides little physiologic information relevant to kidney perfusion or injury. It is unlikely to add predictive value beyond other perioperative severity markers.
0_12h_r_an_agents_n2o_measured,0.01,Frequency of N2O documentation is a workflow artifact and not a renal mechanism. In early post-op care it is not a specific marker of AKI concern.
13_24h_r_an_agents_n2o_measured,0.01,N2O measurement frequency is unlikely to reflect AKI trajectory and more likely reflects anesthesia/ventilation documentation habits. No strong clinical rationale links it to creatinine rise.
25_36h_r_an_agents_n2o_measured,0.01,Late documentation of N2O is uncommon and would more likely represent charting idiosyncrasies than renal risk. Not a plausible leading indicator for AKI.
0_12h_r_an_agents_air_mean,0.01,Mean delivered medical air is largely a ventilator gas-mixing parameter and not directly related to renal perfusion or nephrotoxicity. Any association would be indirect via respiratory status and is better captured by oxygenation/hemodynamics.
0_12h_r_an_agents_air_max,0.01,Maximum air fraction reflects ventilator blending choices rather than a kidney injury mechanism. It is not an established predictor of postoperative creatinine rise.
0_12h_r_an_agents_air_min,0.01,"Minimum air fraction similarly reflects ventilator settings and oxygen titration practices, not renal physiology. It provides minimal incremental information for AKI prediction."
0_12h_r_an_agents_air_measured,0.01,Measurement frequency of air delivery is a documentation/monitoring proxy and not specific for AKI. In the immediate post-op period it is routine and should be down-weighted.
13_24h_r_an_agents_air_measured,0.005,"Frequency of documenting/ordering air as an anesthetic agent is not a physiologic driver of AKI and mainly reflects workflow. At most it weakly proxies acuity, so keep very low."
25_36h_r_an_agents_air_measured,0.005,Measurement frequency for air use is not mechanistically linked to renal injury and is largely documentation behavior. Weak proxy for ongoing ventilation/anesthesia needs only.
0_12h_r_an_agents_isoflurane_mean,0.01,"Isoflurane exposure can influence systemic hemodynamics, but mean dose in the immediate post-op window is not a strong or specific AKI predictor. Early period effects are often transient and confounded by bypass/anesthesia."
0_12h_r_an_agents_isoflurane_max,0.02,"Higher peak volatile anesthetic may correlate with deeper anesthesia/vasodilation and hypotension risk, which can reduce renal perfusion. Still indirect and in the 0–12h epoch should be conservative."
0_12h_r_an_agents_isoflurane_min,0.005,Minimum isoflurane level is not informative for renal hypoperfusion risk and is largely determined by weaning/off periods. Adds collinearity with other isoflurane summaries without capturing pathology.
0_12h_r_an_agents_isoflurane_measured,0.005,How often isoflurane is recorded reflects monitoring/documentation intensity rather than kidney physiology. Not a reliable predictor of creatinine rise.
13_24h_r_an_agents_isoflurane_measured,0.005,Measurement frequency is a behavioral proxy and not a causal AKI factor. Continued recording may reflect ongoing sedation needs but is nonspecific.
25_36h_r_an_agents_isoflurane_measured,0.005,Recording frequency of isoflurane is not a direct marker of renal injury and is highly confounded by care patterns. Keep low to maintain sparsity.
0_12h_r_saturated_venous_o2_mean,0.03,"Mean SvO2 reflects global oxygen delivery/consumption balance and can relate to systemic perfusion, but early post-op values are often unstable and treatment-responsive. Mean is less sensitive than extremes for detecting hypoperfusion insults."
13_24h_r_saturated_venous_o2_mean,0.04,Persistently low average SvO2 in the trajectory phase can indicate ongoing low cardiac output and impaired renal perfusion. Still indirect and less informative than minima for hypoperfusion.
0_12h_r_saturated_venous_o2_max,0.01,"High SvO2 peaks are less specific for renal hypoperfusion and may reflect high FiO2, shunting, or reduced extraction. Does not capture the injurious low-perfusion state."
13_24h_r_saturated_venous_o2_max,0.01,Maximum SvO2 is generally not the pathologic signal for AKI risk compared with low SvO2. Likely redundant with mean and influenced by oxygenation/measurement conditions.
0_12h_r_saturated_venous_o2_min,0.08,"Low SvO2 minima can signal episodes of low cardiac output/systemic hypoperfusion, a plausible trigger for ischemic tubular injury. In 0–12h this is still capped conservatively due to transient post-bypass effects."
13_24h_r_saturated_venous_o2_min,0.12,"Low SvO2 minima during 13–24h suggest persistent or recurrent low output state and inadequate oxygen delivery, which is a stronger predictor of subsequent AKI. Min captures the injurious extreme better than mean/max."
0_12h_r_saturated_venous_o2_measured,0.02,"More frequent SvO2 checks may indicate clinician concern for shock/low output, indirectly associated with AKI risk. As a behavioral proxy it should remain <0.05."
13_24h_r_saturated_venous_o2_measured,0.03,"Increased SvO2 measurement frequency in the trajectory phase can reflect ongoing hemodynamic instability and concern for low output, which correlates with AKI risk. Still a proxy variable and kept low."
25_36h_r_saturated_venous_o2_measured,0.03,"Measurement frequency reflects clinician concern about oxygen delivery/shock, which can precede renal hypoperfusion, but it is not a physiologic value itself. Kept <0.05 per measured-feature rule."
0_12h_r_maintenance_iv_volume_mean,0.02,"Average maintenance IV volume early post-op is largely protocol-driven and weakly linked to AKI compared with hemodynamics and urine output. In the immediate 0–12h period, fluid administration is often transient and non-specific."
13_24h_r_maintenance_iv_volume_mean,0.03,"Ongoing maintenance fluids may reflect evolving instability or attempts to support perfusion, but mean volume is a non-specific exposure. Capped low to avoid redundancy with max/min and because it is not a direct AKI marker."
25_36h_r_maintenance_iv_volume_mean,0.04,"In the 25–36h window, sustained maintenance fluid needs can indicate persistent vasoplegia/poor intake and may correlate with AKI risk indirectly. Still non-specific and kept <0.05 to maintain sparsity."
0_12h_r_maintenance_iv_volume_max,0.04,"A high peak maintenance IV rate/volume in 0–12h can signal early hypotension/vasoplegia management, indirectly related to renal hypoperfusion. Conservative scoring due to immediate post-bypass fluid shifts and epoch cap."
13_24h_r_maintenance_iv_volume_max,0.05,"A higher peak maintenance fluid requirement in 13–24h may reflect ongoing hemodynamic support needs and risk for fluid overload/venous congestion affecting kidneys. Max is preferred over mean/min for capturing acute escalation, so it gets the highest among these aggregates."
25_36h_r_maintenance_iv_volume_max,0.07,"A high peak maintenance fluid requirement close to the outcome can indicate persistent shock physiology or aggressive resuscitation, both associated with AKI risk. Max best captures clinically meaningful escalation versus mean/min, so it is prioritized within this feature family."
0_12h_r_maintenance_iv_volume_min,0.01,Minimum maintenance IV volume is typically determined by routine orders and does not capture a pathologic insult relevant to AKI. In 0–12h it is especially non-informative given standardized post-op care.
13_24h_r_maintenance_iv_volume_min,0.01,Minimum maintenance IV volume is a weak proxy for physiology and is often protocol-driven rather than reflecting renal perfusion status. Kept at the no/weak evidence cap.
25_36h_r_maintenance_iv_volume_min,0.01,Low minimum maintenance IV volume does not reliably indicate improved renal perfusion or reduced AKI risk and is heavily influenced by ordering practices. Scored at the weak-evidence cap to reduce collinearity with max/mean.
0_12h_r_maintenance_iv_volume_measured,0.01,Measurement frequency of maintenance IV volume reflects documentation/ordering behavior rather than a physiologic mechanism for AKI. Kept very low per measured-feature rule and early epoch conservatism.
13_24h_r_maintenance_iv_volume_measured,0.02,"More frequent recording may indicate higher acuity or active titration, but it remains a behavioral proxy rather than a direct driver of AKI. Maintained <0.05 per rules."
25_36h_r_maintenance_iv_volume_measured,0.03,"Increased measurement frequency in 25–36h can reflect clinician concern and active management of instability, indirectly associated with AKI risk. Still a proxy variable, so kept <0.05."
0_12h_r_an_pap_systolic_measured,0.02,"Having PAP systolic measured suggests invasive monitoring for cardiopulmonary instability, which can relate to renal hypoperfusion, but this is a measurement indicator not the PAP value. Conservative scoring in 0–12h and kept <0.05."
13_24h_r_an_pap_systolic_measured,0.03,"Continued PAP monitoring in 13–24h may indicate persistent RV dysfunction/volume status concerns that can contribute to renal venous congestion. Still a behavioral proxy, so limited to <0.05."
25_36h_r_an_pap_systolic_measured,0.04,"PAP monitoring persisting into 25–36h often reflects ongoing hemodynamic compromise (e.g., RV failure, high filling pressures) that can predispose to AKI via congestion/low output. As a measured flag it remains indirect and is capped below 0.05."
0_12h_r_an_pap_diastolic_measured,0.01,Measurement frequency mainly reflects monitoring intensity rather than a renal mechanism; early post-op monitoring is routine. Cap low to avoid behavioral/acuity proxy dominating.
13_24h_r_an_pap_diastolic_measured,0.02,"More frequent PAP monitoring may indicate ongoing cardiopulmonary instability, which can correlate with renal hypoperfusion, but it is still an indirect behavioral proxy. Keep low for sparsity."
25_36h_r_an_pap_diastolic_measured,0.03,"Late continued PAP monitoring can signal persistent RV failure/pulmonary HTN management and higher illness severity, indirectly increasing AKI risk. Still a measurement-count proxy, so kept <0.05."
0_12h_r_an_central_venous_pressure_measured,0.01,"CVP measurement frequency is largely standard ICU practice immediately post-cardiac surgery and is not a direct physiologic driver. Behavioral proxy only, so minimal weight."
13_24h_r_an_central_venous_pressure_measured,0.02,"Ongoing frequent CVP checks may reflect concern for volume status/heart failure, which can relate to renal congestion or hypoperfusion. Still indirect and should remain low."
25_36h_r_an_central_venous_pressure_measured,0.03,"Persistent CVP monitoring late may indicate unresolved shock/volume overload management, both associated with AKI risk via congestion and low renal perfusion. As a frequency feature, keep below 0.05."
0_12h_r_an_etco2_mean,0.02,"Mean EtCO2 reflects ventilation/perfusion and cardiac output trends but is nonspecific for AKI, especially in the immediate post-op period. Prefer extremes over mean for acute insults."
13_24h_r_an_etco2_mean,0.03,"Sustained lower EtCO2 can suggest low cardiac output or increased dead space, indirectly linked to renal hypoperfusion. Mean remains a smoothed signal, so modest weight."
25_36h_r_an_etco2_mean,0.05,"In the closest window to outcome, persistently low EtCO2 may indicate ongoing low flow states/shock physiology that predispose to AKI. Still indirect and averaged, so capped at 0.05 to reduce collinearity with extremes."
0_12h_r_an_etco2_max,0.01,"High EtCO2 is less plausibly linked to AKI than low EtCO2 and may reflect hypoventilation rather than perfusion failure. Early post-op variability is common, so minimal weight."
13_24h_r_an_etco2_max,0.01,EtCO2 maxima are generally not a trigger for renal injury and are often ventilator-management related. Keep very low to avoid redundancy with more relevant minima.
25_36h_r_an_etco2_max,0.01,Late high EtCO2 is not a recognized AKI driver and is more reflective of ventilation settings/metabolic status than renal perfusion. Maintain minimal inclusion probability.
0_12h_r_an_etco2_min,0.06,"Low EtCO2 can indicate low cardiac output, severe hypotension, or high dead space—states associated with renal hypoperfusion. In 0–12h derangements are common/transient, so kept conservative (≤0.10)."
13_24h_r_an_etco2_min,0.1,"A low EtCO2 nadir during the trajectory phase can signal persistent low-flow/shock physiology, a known pathway to AKI after cardiac surgery. More informative than mean/max, so higher within epoch cap."
25_36h_r_an_etco2_min,0.16,"Low EtCO2 close to hour 60 strongly suggests ongoing low cardiac output or severe V/Q mismatch, both associated with renal ischemia and subsequent creatinine rise. Extremes capture acute insults and are preferred over mean/max."
0_12h_r_an_etco2_measured,0.01,"Measurement frequency reflects monitoring intensity and ventilator management rather than kidney physiology. Early post-op EtCO2 monitoring is routine, so keep minimal."
13_24h_r_an_etco2_measured,0.02,"Measurement frequency mainly reflects monitoring intensity/acuity rather than a direct renal mechanism. ETCO2 monitoring may increase with instability, but it is a weak, nonspecific proxy for AKI risk."
25_36h_r_an_etco2_measured,0.03,"More frequent ETCO2 checks can indicate ongoing ventilatory/hemodynamic instability closer to the outcome window, which can correlate with renal hypoperfusion. Still largely a behavioral proxy, so kept <0.05."
0_12h_r_an_fio2_mean,0.03,"Higher average FiO2 suggests respiratory dysfunction and illness severity, which can be associated with AKI risk. In the immediate post-op period this is often transient and nonspecific, so conservative scoring."
0_12h_r_an_fio2_max,0.06,"A high FiO2 requirement reflects acute hypoxemia/shock physiology that can contribute to renal ischemia. Among FiO2 aggregations, the maximum best captures the acute insult, but capped by the 0–12h epoch limit."
0_12h_r_an_fio2_min,0.01,Minimum FiO2 largely reflects periods of stability and is not a trigger for AKI. Adds collinearity with FiO2 max/mean without capturing pathology.
0_12h_r_an_fio2_measured,0.01,Frequency of FiO2 documentation is a workflow/acuity proxy and not a physiologic driver of AKI. In early post-op care it is routine and minimally informative.
13_24h_r_an_fio2_measured,0.02,"More frequent FiO2 recording may reflect ongoing respiratory instability and higher acuity, indirectly associated with AKI. Still a behavioral proxy, so kept low."
25_36h_r_an_fio2_measured,0.03,"Closer to hour 60, increased FiO2 monitoring can indicate persistent respiratory failure/instability that correlates with multi-organ dysfunction including AKI. Remains nonspecific and thus <0.05."
0_12h_r_an_tidal_volume_mean,0.02,"Average tidal volume is more reflective of ventilator strategy than renal perfusion, and early post-op settings are often protocolized. Weak indirect link via lung injury/inflammation, so low."
13_24h_r_an_tidal_volume_mean,0.03,"Sustained higher tidal volumes may contribute to ventilator-induced lung injury and systemic inflammation, indirectly increasing AKI risk. Still not a primary renal predictor."
25_36h_r_an_tidal_volume_mean,0.04,"Persistently non-protective tidal volumes later may reflect ongoing respiratory failure and inflammatory burden, which can track with AKI risk. Indirect and modest effect, so <0.05."
0_12h_r_an_tidal_volume_max,0.03,"High peak tidal volumes can indicate poor compliance or aggressive ventilation, indirectly associated with systemic stress. In 0–12h this is often transient and not a direct AKI driver."
13_24h_r_an_tidal_volume_max,0.04,"Episodes of high tidal volume may signal worsening lung mechanics and higher illness severity, which can co-occur with renal hypoperfusion. Indirect association, kept low to avoid redundancy with mean."
25_36h_r_an_tidal_volume_max,0.05,Later high tidal-volume episodes may reflect persistent respiratory failure and systemic inflammation closer to the creatinine outcome. Chosen as the most informative tidal-volume aggregation (extreme) but capped to limit collinearity.
0_12h_r_an_tidal_volume_min,0.01,Minimum tidal volume generally reflects protective ventilation or brief low settings and is not mechanistically linked to AKI. Adds redundancy without capturing a harmful exposure.
13_24h_r_an_tidal_volume_min,0.01,Low minimum tidal volume is not a recognized AKI trigger and is often benign/protective. Provides little incremental prognostic information beyond other ventilator variables.
25_36h_r_an_tidal_volume_min,0.03,"Low tidal volumes can reflect lung-protective ventilation in sicker patients, but it is not a direct driver of AKI compared with hemodynamics and renal labs. As an extreme, it may weakly proxy severity of illness/ARDS affecting renal perfusion."
0_12h_r_an_tidal_volume_measured,0.01,Measurement frequency is primarily a care-intensity/monitoring proxy rather than a physiologic mechanism for AKI. Early post-op ventilation monitoring is routine after cardiac surgery.
13_24h_r_an_tidal_volume_measured,0.01,This reflects monitoring behavior more than kidney physiology and is common in mechanically ventilated post-cardiac surgery patients. Limited specificity for predicting creatinine rise.
25_36h_r_an_tidal_volume_measured,0.02,"More frequent ventilator documentation may indicate ongoing respiratory instability and higher acuity, which can correlate with AKI risk. Still a behavioral proxy, so kept low."
0_12h_r_an_abp_pulse_measured,0.01,Presence/frequency of ABP pulse measurement is a monitoring proxy and is standard immediately post-op. It does not directly encode hypotension burden relevant to renal ischemia.
13_24h_r_an_abp_pulse_measured,0.02,"Continued invasive arterial monitoring can indicate persistent instability and higher illness severity, indirectly associated with AKI. However it is not a physiologic measure of renal perfusion itself."
25_36h_r_an_abp_pulse_measured,0.03,"Ongoing ABP monitoring late (25–36h) may signal unresolved shock/vasopressor need, which increases AKI risk. Still a proxy for clinician concern, so capped low."
0_12h_r_an_heart_rate_measured,0.01,Heart rate measurement frequency is routine in the immediate post-op period and mainly reflects monitoring intensity. It does not capture tachycardia/bradycardia burden directly.
13_24h_r_an_heart_rate_measured,0.01,This is a behavioral proxy and provides little incremental information beyond actual heart rate values. Limited specificity for renal hypoperfusion or nephrotoxic exposure.
25_36h_r_an_heart_rate_measured,0.02,More frequent HR documentation late may indicate arrhythmias or hemodynamic concern that can contribute to renal hypoperfusion. Still indirect and therefore kept <0.05.
0_12h_r_an_abp_mean_measured,0.02,"ABP mean measurement frequency is common immediately after cardiac surgery and is not itself a physiologic hypotension metric. Early epoch also has many transient derangements, so conservative."
13_24h_r_an_abp_mean_measured,0.03,"Persistent need for close MAP monitoring may indicate ongoing hemodynamic instability, which is relevant to AKI risk. However, it remains a proxy rather than the MAP values/hypotension exposure."
25_36h_r_an_abp_mean_measured,0.04,"Late continued MAP monitoring can reflect unresolved shock/vasopressor titration, a clinically meaningful context for AKI development. Still a measurement-frequency proxy, so capped below 0.05."
0_12h_anesthesia_respirations_measured,0.01,Respiration measurement frequency in the immediate post-anesthesia period is routine and not mechanistically linked to AKI. It mainly reflects standard post-op monitoring.
13_24h_anesthesia_respirations_measured,0.01,"This is a monitoring/acuity proxy with weak specificity for renal injury compared with hemodynamics, fluids, and nephrotoxins. Kept minimal to avoid noise."
25_36h_anesthesia_respirations_measured,0.02,"Ongoing respiratory monitoring late may indicate prolonged ventilation or instability, which can correlate with multi-organ dysfunction including AKI. Still indirect and therefore low."
0_12h_anesthesia_pulse_oximetry_measured,0.005,"Measurement frequency reflects monitoring intensity rather than renal physiology, and is routine post-cardiac surgery. In the immediate 0–12h window it is especially nonspecific for later AKI."
13_24h_anesthesia_pulse_oximetry_measured,0.005,Primarily a care/acuity proxy and commonly measured in ICU patients; not a direct driver of creatinine rise. Limited incremental value for AKI prediction.
25_36h_anesthesia_pulse_oximetry_measured,0.01,"Ongoing frequent oximetry may reflect respiratory instability, which can correlate with shock/AKI risk, but it remains an indirect behavioral proxy. Keep low to avoid over-weighting monitoring practices."
0_12h_r_tube_intake_measured,0.01,Tube intake measurement is not a direct renal perfusion or nephrotoxin marker and is often routine. Early postoperative feeding/NG administration patterns are weakly related to AKI.
13_24h_r_tube_intake_measured,0.015,"May indirectly reflect overall stability and ability to tolerate enteral intake, but has no established mechanistic link to AKI. Keep low for sparsity."
25_36h_r_tube_intake_measured,0.02,"Later inability to advance intake can correlate with ongoing critical illness, which is associated with AKI, but remains nonspecific. Still an indirect marker rather than a renal driver."
0_12h_r_maintenance_iv_bolus_volume_mean,0.02,"Average bolus volume is a coarse proxy for resuscitation needs and hemodynamic instability, but mean is less informative than extremes for acute insults. In 0–12h, fluid boluses are common and often transient."
0_12h_r_maintenance_iv_bolus_volume_max,0.08,"A large maximum bolus suggests significant hypotension/low perfusion requiring resuscitation, a recognized AKI risk pathway. Among aggregations, the extreme best captures the acute hemodynamic insult (cap per 0–12h rule)."
0_12h_r_maintenance_iv_bolus_volume_min,0.005,Minimum bolus volume is not clinically meaningful for AKI risk and adds collinearity with other bolus summaries. It does not capture hypoperfusion severity.
0_12h_r_maintenance_iv_bolus_volume_measured,0.02,"Number of bolus administrations reflects clinician response to instability and is an indirect acuity proxy, not a mechanism. Keep below 0.05 per measurement-frequency rule."
13_24h_r_maintenance_iv_bolus_volume_measured,0.03,"Repeated boluses in the trajectory phase can indicate persistent hemodynamic instability, which increases AKI risk, but it remains a behavioral proxy. Maintain low to limit redundancy with bolus volume extremes."
25_36h_r_maintenance_iv_bolus_volume_measured,0.04,"Ongoing bolus needs close to the outcome window may signal unresolved shock/vasoplegia and higher AKI risk, but still indirect. Kept <0.05 as a measurement-frequency feature."
0_12h_r_pacemaker_mean,0.03,"Need for pacing can reflect conduction issues/low cardiac output states that may reduce renal perfusion, but early postoperative pacing is often transient. Mean pacing over 0–12h is a weak-to-moderate indirect marker (cap per 0–12h rule)."
13_24h_r_pacemaker_mean,0.06,"Persistent pacing requirement in 13–24h may indicate ongoing low output or significant cardiac dysfunction, which is an established AKI risk factor. Mean is acceptable here as it reflects sustained dependence rather than a single event."
25_36h_r_pacemaker_mean,0.1,"Continued pacing dependence near 36h suggests ongoing cardiac dysfunction/low effective perfusion, a meaningful contributor to postoperative AKI risk. This is a more proximal indicator of sustained hemodynamic compromise."
0_12h_r_pacemaker_max,0.05,"A maximum pacing indicator captures any pacing use, but is less informative than sustained dependence and can be collinear with mean pacing. In 0–12h, brief pacing is common post-op, so keep modest and capped."
13_24h_r_pacemaker_max,0.04,"Need for pacing in the trajectory phase can reflect low cardiac output or conduction issues that may reduce renal perfusion, but it is an indirect marker and often transient post-op."
25_36h_r_pacemaker_max,0.06,Persistent/late need for pacing closer to hour 60 may indicate ongoing hemodynamic instability (low output/bradycardia) that can contribute to AKI risk.
0_12h_r_pacemaker_min,0.02,Early post-op pacing is common after cardiac surgery and often resolves; it is only a weak proxy for renal hypoperfusion in this immediate period (capped by early-epoch conservatism).
13_24h_r_pacemaker_min,0.03,"Ongoing pacing requirement in 13–24h may signal incomplete recovery of cardiac function, but remains an indirect and nonspecific predictor of AKI."
25_36h_r_pacemaker_min,0.05,"Late pacing requirement suggests persistent conduction/low-output physiology nearer the outcome window; still indirect, so kept modest to avoid over-weighting correlated pacing indicators."
0_12h_r_pacemaker_measured,0.01,Measurement frequency is primarily a documentation/monitoring behavior and not a physiologic mechanism; early post-op monitoring is routine.
13_24h_r_pacemaker_measured,0.01,Counts of measurements reflect clinician attention rather than renal pathophysiology and are not specific for impending AKI.
25_36h_r_pacemaker_measured,0.02,"More frequent pacing-related documentation may reflect higher acuity later, but remains a weak behavioral proxy and is kept <0.05."
0_12h_r_sled_crrt_maintenance_blood_pump_rate_measured,0.03,"Any CRRT/SLED-related activity implies severe illness and possible early renal dysfunction, but in 0–12h it may reflect perioperative instability and practice variation; measurement count is indirect."
13_24h_r_sled_crrt_maintenance_blood_pump_rate_measured,0.04,"CRRT/SLED maintenance activity in 13–24h suggests evolving renal failure/volume issues, but this is still a measurement-frequency proxy rather than a direct physiologic value."
25_36h_r_sled_crrt_maintenance_blood_pump_rate_measured,0.05,"Late CRRT/SLED maintenance activity close to hour 60 is a strong indicator of severe renal/volume derangement, but as a 'measured' feature it is capped below 0.05 per rules."
0_12h_r_an_agents_sevoflurane_measured,0.01,Sevoflurane exposure/recording is largely anesthetic practice and not a specific driver of post-op AKI in this context; measurement frequency is non-mechanistic.
13_24h_r_an_agents_sevoflurane_measured,0.01,Post-op sevoflurane documentation is uncommon and likely reflects sedation/anesthesia workflow rather than renal risk; kept minimal.
25_36h_r_an_agents_sevoflurane_measured,0.01,Sevoflurane measurement frequency late is not a recognized direct predictor of AKI and is likely confounded by care patterns.
0_12h_intravenous_intake_measured,0.01,Measurement frequency of IV intake reflects charting intensity; early post-op fluid tracking is routine and not specific for AKI risk.
13_24h_intravenous_intake_measured,0.02,"More frequent IV intake documentation may correlate with higher acuity/active resuscitation, but remains an indirect behavioral proxy and is kept <0.05."
25_36h_intravenous_intake_measured,0.03,Measurement frequency reflects clinician attention/acuity and fluid management complexity rather than a direct renal mechanism. Could weakly proxy evolving hemodynamic instability or oliguria prompting closer I/O tracking.
0_12h_r_drain_output_measured,0.01,Drain output measurement frequency is largely routine post-cardiac surgery care and not a direct driver of AKI. Early (0–12h) period is noisy with transient changes.
13_24h_r_drain_output_measured,0.01,Ongoing drain monitoring is standard and the count of measurements is not physiologically specific for renal hypoperfusion. At most it weakly reflects concern for bleeding/instability.
25_36h_r_drain_output_measured,0.02,"Later frequent drain checks may proxy persistent bleeding or hemodynamic concern that could contribute to renal hypoperfusion, but it remains an indirect behavioral marker. Kept low per _measured rule."
0_12h_slehs_r_arrival_time_measured,0.0,Arrival time documentation is administrative/operational and has no plausible causal link to creatinine rise. Not informative for AKI physiology.
13_24h_slehs_r_arrival_time_measured,0.0,Administrative timestamp feature without physiologic relevance to renal injury. Unlikely to add predictive value beyond noise.
25_36h_slehs_r_arrival_time_measured,0.0,Administrative/recording artifact rather than a clinical state variable. No meaningful mechanistic relationship to AKI.
0_12h_cardiac_rythym_normal_sinus_mean,0.02,"Rhythm stability can indirectly relate to cardiac output and renal perfusion, but early post-op rhythm is often transiently abnormal. Mean proportion in NSR is a smoothed metric and not a direct AKI trigger."
13_24h_cardiac_rythym_normal_sinus_mean,0.03,"Persistent non-sinus rhythm may indicate ongoing low output/need for vasoactive support, indirectly increasing AKI risk. Mean is still a collinear, averaged representation so kept low."
25_36h_cardiac_rythym_normal_sinus_mean,0.05,"By 25–36h, sustained rhythm instability can better reflect ongoing hemodynamic compromise affecting renal perfusion. Mean captures persistence but is less specific than extreme/episode-based measures, so capped at 0.05."
0_12h_cardiac_rythym_normal_sinus_max,0.01,A max indicator for NSR (ever in NSR) is not clinically informative for AKI risk and is highly collinear with other rhythm summaries. Early window further limits interpretability.
13_24h_cardiac_rythym_normal_sinus_max,0.01,Ever being in NSR during the window does not capture clinically relevant arrhythmia burden or hemodynamic impact. Low specificity for renal outcomes.
25_36h_cardiac_rythym_normal_sinus_max,0.01,"Max (any NSR) remains a weak, non-specific marker and redundant with mean/min rhythm features. Does not represent an AKI-triggering extreme."
0_12h_cardiac_rythym_normal_sinus_min,0.03,Min (never in NSR) may better reflect sustained arrhythmia burden than max/mean and could relate to low cardiac output and renal hypoperfusion. Conservative due to 0–12h transient post-op arrhythmias and epoch cap.
13_24h_cardiac_rythym_normal_sinus_min,0.05,"Sustained absence of NSR in 13–24h suggests persistent arrhythmia/instability that can impair renal perfusion. Min is the most pathology-relevant aggregation among rhythm summaries, so modestly higher."
25_36h_cardiac_rythym_normal_sinus_min,0.08,Persistent non-sinus rhythm closest to the outcome window can indicate ongoing low output state and higher AKI risk. Min captures the clinically relevant extreme (no NSR) with less redundancy than mean/max.
0_12h_cardiac_rythym_normal_sinus_measured,0.005,Measurement frequency mainly reflects monitoring/documentation intensity rather than renal physiology. Normal sinus rhythm itself is not a specific AKI predictor in the immediate post-op window.
13_24h_cardiac_rythym_normal_sinus_measured,0.005,Acuity/monitoring proxy with weak mechanistic link to kidney injury. Rhythm documentation frequency is unlikely to add independent signal for creatinine rise.
25_36h_cardiac_rythym_normal_sinus_measured,0.005,Still primarily a behavioral/monitoring feature rather than a driver of renal hypoperfusion. Any association would be indirect and likely collinear with true hemodynamic variables.
0_12h_cardiac_rythym_sinus_variant_mean,0.01,"Sinus rhythm variants are generally benign and not a direct cause of AKI. In the 0–12h period, transient rhythm variability is common and nonspecific."
13_24h_cardiac_rythym_sinus_variant_mean,0.01,Average burden of sinus variants has limited physiologic connection to renal perfusion compared with hypotension/vasopressors. Likely redundant with more direct hemodynamic predictors.
25_36h_cardiac_rythym_sinus_variant_mean,0.015,"Persistent rhythm variability could weakly correlate with overall instability, but it is not an established AKI driver. Mean aggregation further dilutes any acute insult signal."
0_12h_cardiac_rythym_sinus_variant_max,0.01,Presence of any sinus variant in the immediate post-op period is common and usually clinically insignificant for renal outcomes. Extreme indicator adds little beyond general post-op stress.
13_24h_cardiac_rythym_sinus_variant_max,0.015,"New/persistent rhythm irregularity may weakly reflect instability, but sinus variants are not strongly linked to renal hypoperfusion. Kept low to avoid redundancy with true hemodynamic features."
25_36h_cardiac_rythym_sinus_variant_max,0.02,"In the closest window to outcome, any rhythm abnormality could be a weak marker of ongoing illness severity. Still not a direct AKI mechanism compared with hypotension/low output states."
0_12h_cardiac_rythym_sinus_variant_min,0.005,Minimum indicator for a benign rhythm category is not clinically interpretable as an AKI risk signal. Also highly collinear with other sinus-variant summaries.
13_24h_cardiac_rythym_sinus_variant_min,0.005,Provides little additional information beyond max/mean for the same rhythm state and has no direct renal mechanism. Capped to reduce collinearity.
25_36h_cardiac_rythym_sinus_variant_min,0.005,Not a meaningful physiologic trigger for AKI and likely redundant with other sinus-variant aggregations. Kept minimal for sparsity/collinearity control.
0_12h_cardiac_rythym_sinus_variant_measured,0.005,Measurement frequency reflects clinician attention/telemetry documentation rather than kidney perfusion. Weak and nonspecific in the immediate post-op epoch.
13_24h_cardiac_rythym_sinus_variant_measured,0.005,Behavioral proxy with limited incremental value for predicting creatinine rise. Any association likely mediated by other severity markers.
25_36h_cardiac_rythym_sinus_variant_measured,0.01,"Slightly higher only because increased rhythm surveillance late may reflect clinical concern/instability, but it remains indirect. Still capped <0.05 per measured-feature rule."
0_12h_cardiac_rythym_atrial_arrhythmia_mean,0.06,"Atrial arrhythmias (e.g., AF) can reduce cardiac output and renal perfusion and are associated with post-cardiac surgery complications. Scored conservatively due to early (0–12h) transient nature and mean aggregation."
13_24h_cardiac_rythym_atrial_arrhythmia_mean,0.03,"Atrial arrhythmias can reduce effective cardiac output and renal perfusion, indirectly increasing AKI risk. Use of a mean is collinear with presence/any-episode indicators and less reflective of acute hemodynamic insult."
25_36h_cardiac_rythym_atrial_arrhythmia_mean,0.05,Persistent atrial arrhythmia closer to hour 60 may signal ongoing hemodynamic instability affecting renal perfusion. Mean remains a smoothed measure and is less specific than an any-episode indicator.
0_12h_cardiac_rythym_atrial_arrhythmia_max,0.04,"Any atrial arrhythmia in the immediate post-op period can transiently lower cardiac output and renal blood flow. Early (0–12h) arrhythmias are common and often short-lived, so predictive value is limited."
13_24h_cardiac_rythym_atrial_arrhythmia_max,0.07,Atrial arrhythmia persisting/occurring in the trajectory phase suggests failure to stabilize and may contribute to renal hypoperfusion. Binary max (any episode) captures clinically meaningful exposure with less redundancy than mean.
25_36h_cardiac_rythym_atrial_arrhythmia_max,0.1,Atrial arrhythmia in the 25–36h window is a leading indicator of ongoing hemodynamic compromise and higher AKI risk by hour 60. Presence/any-episode is the most relevant aggregation among the arrhythmia summaries.
0_12h_cardiac_rythym_atrial_arrhythmia_min,0.01,The minimum of a binary arrhythmia indicator is typically uninformative (often reflects at least one time without arrhythmia). It adds redundancy without clear physiologic interpretability for AKI prediction.
13_24h_cardiac_rythym_atrial_arrhythmia_min,0.01,Binary minimum is not a meaningful marker of arrhythmia burden or hemodynamic insult. It is largely redundant with other arrhythmia indicators.
25_36h_cardiac_rythym_atrial_arrhythmia_min,0.01,Binary minimum does not capture clinically relevant exposure (it mainly indicates there was some period without arrhythmia). It is unlikely to add predictive value beyond max/mean features.
0_12h_cardiac_rythym_atrial_arrhythmia_measured,0.01,"Measurement frequency reflects monitoring/annotation behavior rather than a physiologic mechanism. In the immediate post-op period, frequent rhythm assessment is routine and not specific for impending AKI."
13_24h_cardiac_rythym_atrial_arrhythmia_measured,0.02,"More frequent rhythm documentation may reflect clinician concern for instability, which can correlate with AKI risk. Still primarily a behavioral proxy and should remain low-importance."
25_36h_cardiac_rythym_atrial_arrhythmia_measured,0.03,"Increased rhythm monitoring closer to hour 60 may indicate ongoing instability or arrhythmia management, indirectly associated with AKI risk. It remains a proxy variable and should be kept low to avoid overfitting."
0_12h_cardiac_rythym_paced_rythym_mean,0.02,"Need for pacing can indicate conduction disease or low-output states, which may affect renal perfusion, but early post-op pacing is often temporary. Mean pacing burden is also collinear with any-pacing indicators."
13_24h_cardiac_rythym_paced_rythym_mean,0.03,Ongoing pacing requirement in 13–24h may reflect persistent cardiac dysfunction or bradyarrhythmia with potential renal hypoperfusion. Mean remains a smoothed measure and is less specific than presence/any pacing.
25_36h_cardiac_rythym_paced_rythym_mean,0.05,Persistent pacing closer to the outcome can be a marker of continued cardiac dysfunction and reduced renal perfusion reserve. Mean pacing burden may add some signal but is still indirect for AKI.
0_12h_cardiac_rythym_paced_rythym_max,0.03,"Any pacing in the first 12 hours is common after cardiac surgery and often protocol-driven, limiting specificity for AKI. It may still weakly indicate hemodynamic vulnerability."
13_24h_cardiac_rythym_paced_rythym_max,0.06,Any pacing requirement in 13–24h suggests persistent conduction/hemodynamic issues that can impair renal perfusion. Binary max captures clinically meaningful exposure with less redundancy than mean pacing burden.
25_36h_cardiac_rythym_paced_rythym_max,0.03,"Need for pacing late (25–36h) can reflect persistent conduction disease/low cardiac output, indirectly increasing AKI risk via renal hypoperfusion. It is a nonspecific proxy and not a direct renal biomarker, so kept low."
0_12h_cardiac_rythym_paced_rythym_min,0.01,"Early postoperative pacing is common and often transient after cardiac surgery, with weak specificity for subsequent AKI. Conservative scoring due to the 0–12h epoch and indirect mechanism."
13_24h_cardiac_rythym_paced_rythym_min,0.02,"Ongoing pacing requirement in the trajectory phase may indicate persistent hemodynamic vulnerability that can contribute to renal hypoperfusion. Still indirect and collinear with other rhythm/hemodynamic markers, so low."
25_36h_cardiac_rythym_paced_rythym_min,0.03,"Absence/presence of pacing in the 25–36h window may capture persistent conduction issues and potential low-output physiology closer to the creatinine outcome. It remains an indirect predictor, so capped below 0.05."
0_12h_cardiac_rythym_paced_rythym_measured,0.01,Measurement frequency mainly reflects monitoring intensity rather than a physiologic driver of AKI. In the immediate 0–12h period it is especially nonspecific.
13_24h_cardiac_rythym_paced_rythym_measured,0.01,How often pacing rhythm is documented is a behavioral/acuity proxy and not a direct renal risk factor. Kept minimal to avoid over-weighting documentation patterns.
25_36h_cardiac_rythym_paced_rythym_measured,0.02,"More frequent rhythm documentation late may correlate with clinical instability, which can co-occur with AKI risk, but remains indirect. Scored <0.05 per the _measured rule."
0_12h_cardiac_rythym_heart_block_mean,0.01,"A mean value for heart block over 0–12h is a smoothed aggregate and early conduction abnormalities are often transient post-op. Weak and nonspecific link to AKI, so minimal."
13_24h_cardiac_rythym_heart_block_mean,0.02,"Persistent heart block burden may indicate ongoing cardiac dysfunction that can reduce renal perfusion, but the mean aggregation dilutes clinically important episodes. Kept low to reduce redundancy with max indicators."
25_36h_cardiac_rythym_heart_block_mean,0.03,"Sustained heart block burden closer to hour 60 can reflect ongoing hemodynamic compromise and need for pacing/pressors, indirectly raising AKI risk. Mean aggregation is still less informative than extremes, so capped <0.05."
0_12h_cardiac_rythym_heart_block_max,0.03,"Any episode of heart block early can signal perioperative conduction injury and potential low-output periods that may contribute to renal hypoperfusion. However, in 0–12h it is often transient and nonspecific, so conservative."
13_24h_cardiac_rythym_heart_block_max,0.05,"Heart block episodes in 13–24h suggest persistent conduction/hemodynamic instability beyond the immediate post-op period, which can contribute to AKI risk. Max captures clinically meaningful extremes better than mean."
25_36h_cardiac_rythym_heart_block_max,0.06,"Heart block episodes in 25–36h are a closer leading indicator of ongoing instability and potential renal hypoperfusion before the 60h creatinine. Still indirect (not a renal biomarker), so kept modest."
0_12h_cardiac_rythym_heart_block_min,0.01,The minimum for a binary heart block indicator is typically uninformative (often just reflects any time without heart block). It adds collinearity without capturing the pathologic extreme.
13_24h_cardiac_rythym_heart_block_min,0.01,Binary minimum is not clinically meaningful for AKI prediction and is redundant with max/mean summaries. Kept at the floor to avoid collinearity.
25_36h_cardiac_rythym_heart_block_min,0.01,Binary minimum does not capture the presence of clinically important heart block episodes and is largely redundant. Minimal importance to maintain sparsity.
0_12h_cardiac_rythym_heart_block_measured,0.01,"Measurement frequency reflects monitoring/concern rather than a direct renal mechanism, and early post-op conduction issues are often transient. Cap low to avoid behavioral-proxy noise."
13_24h_cardiac_rythym_heart_block_measured,0.02,"More persistent concern for conduction problems may correlate with overall instability, but this is still a monitoring-intensity proxy rather than a causal AKI driver. Kept <0.05 per measured-feature rule."
25_36h_cardiac_rythym_heart_block_measured,0.03,"Late ongoing assessment for heart block can indicate sustained hemodynamic vulnerability (low cardiac output/bradycardia) that may reduce renal perfusion, but remains indirect. Scored modestly and kept <0.05 as a measured feature."
0_12h_cardiac_rythym_ischemic_st_change_mean,0.03,"Sustained ischemic changes can reflect myocardial dysfunction and reduced renal perfusion, but in the immediate 0–12h window ST changes are common/transient post-op. Mean is less informative than extremes for acute insults."
13_24h_cardiac_rythym_ischemic_st_change_mean,0.04,"Persistent ischemia in the trajectory phase may signal evolving low cardiac output and higher AKI risk, but mean aggregation dilutes episodic ischemia. Kept low to reduce collinearity with max/min."
25_36h_cardiac_rythym_ischemic_st_change_mean,0.05,"Ongoing ischemic burden closer to outcome can associate with impaired cardiac output and renal hypoperfusion, but mean remains a smoothed metric. Capped at 0.05 to prioritize extreme aggregations."
0_12h_cardiac_rythym_ischemic_st_change_max,0.06,Peak ischemic ST changes can indicate acute myocardial ischemia with potential hemodynamic compromise affecting renal perfusion. Conservative due to early post-op epoch cap (≤0.10) and transient artifacts.
13_24h_cardiac_rythym_ischemic_st_change_max,0.1,"Max ST deviation in 13–24h may reflect clinically meaningful ischemia and evolving low-output state, a recognized contributor to post-cardiac surgery AKI. More informative than mean for capturing acute insults."
25_36h_cardiac_rythym_ischemic_st_change_max,0.14,"Late peak ischemic changes are a strong marker of ongoing myocardial ischemia/low cardiac output near the AKI assessment window, plausibly driving renal hypoperfusion. Chosen as the preferred aggregation over mean/measured."
0_12h_cardiac_rythym_ischemic_st_change_min,0.04,"Minimum (most negative) ST change may capture ischemic episodes, but early post-op readings can be noisy and transient. Lower than max to reduce redundancy and because directionality may be less consistently interpretable."
13_24h_cardiac_rythym_ischemic_st_change_min,0.07,More extreme negative ST shifts during 13–24h can indicate significant ischemia with downstream renal hypoperfusion risk. Scored below max to limit collinearity while retaining directional information.
25_36h_cardiac_rythym_ischemic_st_change_min,0.1,Late extreme negative ST deviation suggests ongoing ischemia close to outcome and may correlate with sustained hemodynamic compromise affecting kidneys. Kept moderate and below max to reduce redundancy.
0_12h_cardiac_rythym_ischemic_st_change_measured,0.01,Frequency of documenting/ordering ST-change assessment is primarily a clinician-behavior proxy and not a physiologic AKI driver. Early post-op monitoring is routine.
13_24h_cardiac_rythym_ischemic_st_change_measured,0.02,"More frequent assessment may reflect concern for instability, which can correlate with AKI risk, but remains indirect. Kept <0.05 per measured-feature rule."
25_36h_cardiac_rythym_ischemic_st_change_measured,0.03,"Late increased monitoring may indicate ongoing ischemia/instability, indirectly associated with AKI risk, but it is not a mechanistic biomarker. Scored modestly and kept <0.05."
0_12h_cardiac_rythym_other_mean,0.01,"A nonspecific 'other rhythm' mean lacks clear mechanistic linkage to renal injury and is likely heterogeneous/noisy. Capped as weak evidence, especially in the immediate post-op window."
13_24h_cardiac_rythym_other_mean,0.02,Non-specific rhythm category; may weakly proxy hemodynamic instability but is not a direct renal perfusion marker. Mean is also less informative than presence of an episode (max) for acute insults.
25_36h_cardiac_rythym_other_mean,0.03,"Later rhythm abnormalities can correlate with low cardiac output and renal hypoperfusion, but this “other” bucket is non-specific. Mean aggregation dilutes episodic arrhythmias, so keep low to avoid redundancy with max."
0_12h_cardiac_rythym_other_max,0.04,"Any early postoperative arrhythmia can transiently reduce renal perfusion, but 0–12h is often noisy/transient after bypass. “Other” rhythm is non-specific, so only a small inclusion probability."
13_24h_cardiac_rythym_other_max,0.05,"Arrhythmia episodes in the trajectory phase may indicate ongoing instability affecting kidney perfusion. Still non-specific (“other”), so capped at plausible-indirect strength."
25_36h_cardiac_rythym_other_max,0.07,"Arrhythmia episodes closer to hour 60 can reflect persistent hemodynamic compromise (low output, hypotension) that increases AKI risk. Max best captures episodic insults, so slightly higher than mean/min."
0_12h_cardiac_rythym_other_min,0.01,A minimum of a binary rhythm indicator is not clinically interpretable for AKI risk and adds collinearity with max. Early window also has high transient noise.
13_24h_cardiac_rythym_other_min,0.01,Binary min provides little additional information beyond whether any episode occurred (max). Not a direct renal mechanism and likely redundant.
25_36h_cardiac_rythym_other_min,0.01,Minimum of a binary rhythm flag is not a meaningful physiologic summary and is redundant with max/mean. Keep near-zero for sparsity.
0_12h_cardiac_rythym_other_measured,0.01,"Measurement frequency reflects monitoring/documentation behavior rather than physiology. In the immediate post-op period, frequent rhythm documentation is routine and not specific for impending AKI."
13_24h_cardiac_rythym_other_measured,0.02,"More frequent rhythm assessment may weakly proxy clinical concern/instability, but it is not a mechanistic AKI driver. Keep below 0.05 per measurement-frequency rule."
25_36h_cardiac_rythym_other_measured,0.03,"Increased rhythm monitoring late may indicate ongoing instability requiring closer observation, indirectly associated with AKI risk. Still a behavioral proxy, so kept low."
0_12h_r_vent_mode_asv_mean,0.01,Ventilator mode choice (ASV) is not a direct predictor of renal injury and is heavily practice-dependent. Mean mode over 0–12h is unlikely to add AKI-specific signal.
13_24h_r_vent_mode_asv_mean,0.01,ASV use may correlate with respiratory status/sedation needs but has no established direct link to creatinine rise. Mean aggregation further reduces interpretability for AKI prediction.
0_12h_r_vent_mode_asv_max,0.02,"Any ASV use early may weakly proxy postoperative respiratory complexity, which can correlate with overall illness severity. However it is not a renal perfusion marker and early window is noisy."
13_24h_r_vent_mode_asv_max,0.02,"ASV use in 13–24h may indicate delayed extubation/ongoing critical illness, indirectly associated with AKI. Still practice-driven and non-specific, so low."
0_12h_r_vent_mode_asv_min,0.01,Minimum of a binary ventilator-mode indicator is not clinically meaningful and is redundant with max. No direct physiologic linkage to AKI.
13_24h_r_vent_mode_asv_min,0.01,Ventilator mode choice is not a direct renal biomarker and has only an indirect relationship to AKI via illness severity and hemodynamics. The 13–24h epoch is intermediate and this binary minimum adds little specific signal.
0_12h_r_vent_mode_asv_measured,0.01,"Measurement frequency reflects clinician behavior/documentation rather than physiology and is highly nonspecific for AKI. In the immediate 0–12h post-op period, ventilator adjustments are common and transient."
13_24h_r_vent_mode_asv_measured,0.02,"More frequent ASV documentation may weakly proxy respiratory instability/acuity, which can correlate with AKI risk, but it is not mechanistic. As a _measured feature it is capped low to avoid over-weighting practice patterns."
25_36h_r_vent_mode_asv_measured,0.03,"Closer to the 60h creatinine outcome, frequent ASV-related entries may indicate ongoing instability and higher overall organ dysfunction risk. Still, it is a behavioral proxy (_measured) and not a direct kidney predictor."
0_12h_r_vent_mode_controlled_mean,0.02,Controlled ventilation early post-op is common and mainly reflects routine post-anesthesia management rather than renal injury. Mean exposure in 0–12h is less informative than later trajectory and is capped conservatively.
13_24h_r_vent_mode_controlled_mean,0.03,"Persistent controlled ventilation into 13–24h can indicate delayed recovery/greater severity, indirectly associated with AKI. As a mean aggregation, it is less specific than an extreme/late physiologic marker."
0_12h_r_vent_mode_controlled_max,0.03,"Any use of controlled mode in the first 12h may reflect immediate post-op instability, but this is common after cardiac surgery and not kidney-specific. The early epoch limits its predictive value."
13_24h_r_vent_mode_controlled_max,0.05,"Any controlled ventilation during 13–24h suggests ongoing respiratory/hemodynamic support needs and higher illness severity, which is an established indirect AKI risk context. Capped at 0.05 to avoid redundancy with other vent-mode summaries."
0_12h_r_vent_mode_controlled_min,0.01,A minimum indicator for controlled mode in 0–12h is not clinically interpretable as an AKI driver and is largely redundant with other mode indicators. Early post-op ventilation patterns are expected and transient.
13_24h_r_vent_mode_controlled_min,0.01,This binary minimum adds little beyond other controlled-mode features and does not represent a physiologic insult. Any association with AKI would be indirect via severity and thus kept very low.
0_12h_r_vent_mode_controlled_measured,0.01,"Frequency of recording/ordering is a clinician-behavior proxy and not a renal mechanism. In 0–12h, frequent ventilator documentation is routine and nonspecific."
13_24h_r_vent_mode_controlled_measured,0.02,"More frequent controlled-mode documentation may weakly indicate instability and higher care intensity, indirectly linked to AKI. As a _measured feature it remains low to limit practice-pattern bias."
25_36h_r_vent_mode_controlled_measured,0.03,"Nearer to outcome, frequent controlled-mode entries can reflect persistent critical illness and multiorgan dysfunction risk, which correlates with AKI. Still, it is a behavioral proxy and not kidney-specific."
0_12h_r_vent_mode_simv_mean,0.01,SIMV use early post-op is common during weaning and does not directly affect renal perfusion. Mean exposure in 0–12h is unlikely to add specific AKI signal.
13_24h_r_vent_mode_simv_mean,0.02,"SIMV in 13–24h may reflect slower liberation from ventilation and greater severity, indirectly associated with AKI. As a mean aggregation and vent-mode variable, it is kept low for sparsity and collinearity control."
0_12h_r_vent_mode_simv_max,0.02,Any SIMV use in the first 12h is typically part of routine post-op ventilator management and not a renal insult. Early epoch and indirect linkage warrant a low inclusion probability.
13_24h_r_vent_mode_simv_max,0.02,"SIMV use can proxy ongoing respiratory failure/sedation needs and overall illness severity, which indirectly relates to AKI risk. As a ventilator-mode indicator (and collinear with other mode summaries), it is not a direct renal mechanism."
0_12h_r_vent_mode_simv_min,0.01,"In the immediate 0–12h post-op period, ventilator mode is heavily driven by routine post-anesthesia management and is weakly specific for renal hypoperfusion. Min over the window adds little pathophysiologic signal."
13_24h_r_vent_mode_simv_min,0.01,Minimum SIMV presence during 13–24h is a weak and non-specific marker of severity and is likely redundant with other ventilation variables. It does not directly capture renal perfusion or nephrotoxic exposure.
0_12h_r_vent_mode_simv_measured,0.01,Measurement frequency reflects documentation/monitoring behavior rather than physiology and is not a direct AKI driver. In 0–12h it is especially influenced by routine post-op care.
13_24h_r_vent_mode_simv_measured,0.02,"More frequent recording may reflect higher acuity or ventilator adjustments, indirectly associated with AKI risk. Still primarily a behavioral proxy and should remain low for sparsity."
25_36h_r_vent_mode_simv_measured,0.03,"By 25–36h, persistent need for frequent ventilator management can indicate ongoing critical illness and hemodynamic instability that predisposes to AKI. However, it remains an indirect, behavior-linked feature."
0_12h_r_vent_mode_spontaneous_mean,0.01,"Early spontaneous mode use is largely determined by extubation timing and sedation practices immediately after surgery, with limited specificity for renal injury. Mean aggregation is also less informative than extremes for acute insults."
13_24h_r_vent_mode_spontaneous_mean,0.02,"Spontaneous mode during 13–24h may reflect recovery trajectory and lower illness severity, indirectly linked to lower AKI risk. As a mean/summary ventilation variable, it is not a direct renal predictor."
0_12h_r_vent_mode_spontaneous_max,0.02,"Any time spent in spontaneous mode early may indicate faster stabilization, indirectly associated with less AKI risk. In 0–12h this is still strongly confounded by routine extubation protocols, so kept low."
13_24h_r_vent_mode_spontaneous_max,0.03,"Maximum spontaneous mode presence in 13–24h can capture successful weaning and improving physiology, which correlates with lower AKI risk. It remains an indirect severity marker rather than a kidney-specific mechanism."
0_12h_r_vent_mode_spontaneous_min,0.01,Minimum spontaneous mode presence provides little additional information beyond whether spontaneous breathing occurred at all. In the immediate post-op window it is weakly related to renal outcomes.
13_24h_r_vent_mode_spontaneous_min,0.01,"Minimum spontaneous mode presence is a low-information, potentially collinear summary of ventilation status. It does not directly reflect renal perfusion, congestion, or nephrotoxin exposure."
0_12h_r_vent_mode_spontaneous_measured,0.01,"Counts of measurements are primarily documentation intensity and do not represent a physiologic AKI pathway. In 0–12h, frequent charting is routine and non-specific."
13_24h_r_vent_mode_spontaneous_measured,0.02,"More frequent documentation of spontaneous mode may reflect active weaning attempts and clinical attention, indirectly tied to acuity. Still a behavioral proxy and should be kept low."
25_36h_r_vent_mode_spontaneous_measured,0.03,"By 25–36h, frequent reassessment of spontaneous breathing can indicate ongoing instability or difficult weaning, which correlates with higher AKI risk via overall severity. Nonetheless it is indirect and behavior-driven."
0_12h_arterial_line_map_mean,0.08,"Mean MAP reflects renal perfusion pressure; sustained hypotension after cardiac surgery is an established AKI risk factor. In 0–12h it is influenced by transient post-bypass vasoplegia, so capped conservatively per epoch rule."
13_24h_arterial_line_map_mean,0.05,"Sustained MAP relates to renal perfusion, but mean is collinear with hypotensive extremes; trajectory-phase window also limits weight."
25_36h_arterial_line_map_mean,0.05,"Later sustained MAP may reflect ongoing perfusion adequacy, but mean is less specific than hypotensive minima for AKI risk and is likely collinear."
0_12h_arterial_line_map_max,0.01,Hypertensive peaks are not a typical direct driver of post-cardiac surgery AKI compared with hypotension/low perfusion; early post-op period is noisy.
13_24h_arterial_line_map_max,0.01,MAP maxima are generally less informative for renal ischemic injury than hypotensive episodes and add redundancy with other MAP summaries.
25_36h_arterial_line_map_max,0.01,High MAP extremes are not a strong mechanistic predictor of AKI in this context and are less relevant than low MAP exposure.
0_12h_arterial_line_map_min,0.08,"Hypotension is a key trigger for renal hypoperfusion after cardiac surgery; however, immediate post-op instability is common, so score is conservatively capped."
13_24h_arterial_line_map_min,0.16,Low MAP in the trajectory phase suggests persistent or recurrent hypoperfusion and is a strong established predictor of subsequent AKI.
25_36h_arterial_line_map_min,0.28,Late hypotension close to the outcome window is a direct hemodynamic insult strongly linked to renal ischemia and rising creatinine.
0_12h_arterial_line_map_measured,0.01,Measurement frequency mainly reflects monitoring intensity/acuity rather than a renal mechanism; early post-op arterial monitoring is routine.
13_24h_arterial_line_map_measured,0.01,Arterial-line MAP measurement count is largely standard ICU practice and is an indirect behavioral proxy with limited incremental AKI signal.
25_36h_arterial_line_map_measured,0.01,Continued frequent MAP recording reflects care patterns more than physiology and should not drive AKI prediction in a sparse model.
0_12h_diet_type_npo_mean,0.01,NPO status is routine immediately after cardiac surgery and has no direct physiologic link to AKI beyond general illness severity.
13_24h_diet_type_npo_mean,0.01,"Ongoing NPO may weakly reflect delayed recovery, but it is not a validated driver of renal injury and is nonspecific."
25_36h_diet_type_npo_mean,0.01,Persisting NPO is a nonspecific marker of clinical course and does not directly affect creatinine rise compared with hemodynamics/nephrotoxins.
0_12h_diet_type_npo_max,0.01,Being NPO at any point in the first 12 hours is expected post-op and provides minimal discriminatory information for AKI risk.
13_24h_diet_type_npo_max,0.01,Any NPO during 13–24 hours is common and nonspecific; it is at best an indirect severity proxy and should be kept very low for sparsity.
25_36h_diet_type_npo_max,0.02,NPO status is common post-cardiac surgery and is not a direct driver of AKI; it may weakly proxy illness severity or delayed recovery. Limited mechanistic link to creatinine rise compared with hemodynamics/renal labs.
0_12h_diet_type_npo_min,0.01,"In the immediate 0–12h post-op period, NPO is routine and provides little discrimination for subsequent AKI. No direct physiologic linkage to renal injury."
13_24h_diet_type_npo_min,0.02,"Persistent NPO into 13–24h may reflect slower recovery or instability, indirectly associated with AKI risk. Still a nonspecific care-process marker rather than a renal mechanism."
25_36h_diet_type_npo_min,0.03,"Remaining NPO by 25–36h can indicate ongoing critical illness, vasopressor need, or inability to tolerate enteral intake, which can correlate with AKI risk. However it remains indirect and nonspecific."
0_12h_diet_type_npo_measured,0.01,Measurement frequency of diet/NPO is documentation behavior and not a physiologic AKI driver. In 0–12h it is especially routine and non-informative.
13_24h_diet_type_npo_measured,0.01,How often NPO status is recorded is a weak proxy for care intensity and not a renal biomarker. Kept low to avoid over-weighting documentation patterns.
25_36h_diet_type_npo_measured,0.02,"More frequent documentation of NPO at 25–36h could reflect higher acuity, but remains a behavioral proxy rather than a causal AKI factor. Therefore capped low."
0_12h_diet_type_diet_mean,0.01,Diet status in the first 12h is largely protocol-driven and not mechanistically tied to AKI. Mean aggregation further dilutes any signal.
13_24h_diet_type_diet_mean,0.02,"Advancement of diet by 13–24h may indicate clinical stability, indirectly associated with lower AKI risk. Still nonspecific and mean aggregation is not ideal for capturing pathology."
25_36h_diet_type_diet_mean,0.03,"Diet tolerance by 25–36h can reflect recovery and hemodynamic stability, indirectly linked to lower AKI risk. Nonetheless it is not a direct renal predictor."
0_12h_diet_type_diet_max,0.01,Having any diet in 0–12h is uncommon and more reflective of practice variation than renal physiology. Minimal expected predictive value for creatinine ratio.
13_24h_diet_type_diet_max,0.03,"Any diet by 13–24h may signal earlier stabilization and less severe illness, indirectly lowering AKI risk. Still a weak, non-renal marker."
25_36h_diet_type_diet_max,0.04,"Any diet by 25–36h is a modest indicator of recovery and reduced critical illness burden, which can correlate with lower AKI risk. Remains indirect and thus kept <0.05."
0_12h_diet_type_diet_min,0.01,Minimum diet status in 0–12h is dominated by routine NPO practices and offers little AKI-specific information. Not a physiologic trigger for renal injury.
13_24h_diet_type_diet_min,0.02,Continued absence of diet through 13–24h may reflect instability and indirectly higher AKI risk. Still nonspecific and not a direct renal marker.
25_36h_diet_type_diet_min,0.03,"No diet by 25–36h can indicate ongoing critical illness and delayed recovery, indirectly associated with AKI. However it is a weak proxy compared with hemodynamics, urine output, and renal labs."
0_12h_diet_type_diet_measured,0.005,Diet order documentation frequency is a care-process signal and has no direct physiologic link to renal perfusion or tubular injury. Early post-op (0–12h) diet activity is often delayed for routine reasons unrelated to AKI.
13_24h_diet_type_diet_measured,0.006,"Measurement frequency reflects clinician workflow rather than kidney injury biology. Any association with AKI would be indirect via overall illness severity, so keep very low."
25_36h_diet_type_diet_measured,0.008,"Later lack of diet advancement can correlate with ongoing critical illness, but it remains a nonspecific process-of-care proxy rather than a renal mechanism. Kept <0.05 per measured-feature rule."
0_12h_diet_type_other_mean,0.003,Diet category ('other') is not a recognized driver of post-cardiac surgery AKI and is likely administrative/heterogeneous. Mean aggregation adds little clinical interpretability for AKI risk.
13_24h_diet_type_other_mean,0.004,"Nonstandard diet type may reflect GI status or extubation timing, but links to AKI are weak and confounded by general acuity. Mean is also collinear with max/min indicators."
25_36h_diet_type_other_mean,0.006,"Persistent 'other' diet status could weakly track delayed recovery/ongoing organ dysfunction, but it is not an established AKI predictor. Mean is capped low to avoid redundancy with binary extremes."
0_12h_diet_type_other_max,0.004,Presence of an 'other' diet label in the immediate post-op window is nonspecific and commonly driven by routine NPO status. Not a physiologic trigger for AKI.
13_24h_diet_type_other_max,0.006,"May weakly indicate delayed extubation or complications, but remains an indirect and noisy proxy for severity rather than renal injury. Kept low for sparsity."
25_36h_diet_type_other_max,0.01,"Ongoing nonstandard diet status closer to outcome could correlate with persistent critical illness, which can accompany AKI, but the feature is still nonspecific. Included at the upper end of 'weak evidence' only."
0_12h_diet_type_other_min,0.002,Minimum of a binary diet-type indicator is not clinically meaningful for AKI and is largely redundant with max/mean. No plausible mechanistic link.
13_24h_diet_type_other_min,0.002,Binary-min aggregation provides little interpretable information and is collinear with other summaries. Not an established AKI risk factor.
25_36h_diet_type_other_min,0.002,Binary-min remains non-informative and redundant; it does not capture a renal insult or biomarker. Kept at near-zero importance.
0_12h_diet_type_other_measured,0.004,"How often 'other diet' is recorded reflects documentation/ordering behavior, not kidney physiology. Any association with AKI would be indirect and weak."
13_24h_diet_type_other_measured,0.005,Measurement frequency is a nonspecific proxy for care intensity and does not directly predict creatinine rise. Scored low per measured-feature rule.
25_36h_diet_type_other_measured,0.007,"Later repeated documentation could reflect ongoing instability, but it is still a behavioral proxy rather than a renal mechanism. Maintained <0.05 to preserve sparsity."
0_12h_r_cardiac_regularity_regular_mean,0.03,"Cardiac rhythm regularity can indirectly affect renal perfusion via cardiac output and arrhythmia-related hypotension, but 'regular' is a weak, nonspecific marker. In the 0–12h epoch, transient rhythm changes are common post-op, so importance is conservative."
13_24h_r_cardiac_regularity_regular_mean,0.01,Regular rhythm is not a direct driver of AKI; it is mainly a proxy for overall stability. Mean regularity is also collinear with irregularity indicators and less informative than extremes.
25_36h_r_cardiac_regularity_regular_mean,0.01,Sustained regular rhythm late is reassuring but not a specific renal perfusion marker. Mean aggregation adds redundancy versus irregularity presence.
0_12h_r_cardiac_regularity_regular_max,0.005,"Early postoperative regular rhythm is common and not specific for renal risk. In the 0–12h epoch, transient rhythm changes are frequent and weakly predictive."
13_24h_r_cardiac_regularity_regular_max,0.005,Having any regular rhythm during 13–24h is expected and provides little incremental AKI signal. This is largely redundant with irregular rhythm features.
25_36h_r_cardiac_regularity_regular_max,0.005,Any regular rhythm in 25–36h is nonspecific and mostly reflects baseline monitoring. Irregular rhythm presence is the more pathologic direction for AKI risk.
0_12h_r_cardiac_regularity_regular_min,0.01,"Periods with no regular rhythm (i.e., more irregularity) could reflect arrhythmia-related hemodynamic instability, but in 0–12h this is often transient. Min is more relevant than mean/max for capturing loss of regularity, but still weak overall."
13_24h_r_cardiac_regularity_regular_min,0.02,"Reduced regular rhythm time in 13–24h may indicate persistent arrhythmia and lower effective cardiac output, indirectly worsening renal perfusion. Still an indirect proxy and collinear with irregularity measures."
25_36h_r_cardiac_regularity_regular_min,0.04,"Low regular rhythm in 25–36h suggests ongoing arrhythmia with potential hypotension/low forward flow, which can precipitate AKI. This late-window minimum best captures the pathologic extreme (loss of regularity) while remaining an indirect marker."
0_12h_r_cardiac_regularity_regular_measured,0.01,"Measurement frequency reflects monitoring intensity rather than physiology and is not a direct AKI mechanism. Early post-op monitoring is routine, limiting interpretability."
13_24h_r_cardiac_regularity_regular_measured,0.01,More frequent documentation may reflect acuity but is nonspecific and heavily practice-pattern dependent. Capped to avoid over-weighting behavioral proxies.
25_36h_r_cardiac_regularity_regular_measured,0.02,"Increased measurement frequency late may indicate clinician concern for instability, which can correlate with AKI risk, but remains indirect. Kept low per behavioral-proxy rule."
0_12h_r_cardiac_regularity_irregular_mean,0.03,"Irregular rhythm (e.g., AF) can reduce cardiac output and renal perfusion, but in 0–12h it is often transient after surgery. Mean irregularity is less informative than presence/extent extremes."
13_24h_r_cardiac_regularity_irregular_mean,0.05,"Persistent irregular rhythm during 13–24h can indicate ongoing hemodynamic compromise and higher vasopressor needs, indirectly increasing AKI risk. Mean is capped to limit redundancy versus extreme indicators."
25_36h_r_cardiac_regularity_irregular_mean,0.05,Sustained irregular rhythm close to the outcome window can reflect continued low effective forward flow and renal hypoperfusion. Mean aggregation is capped due to collinearity with max/presence features.
0_12h_r_cardiac_regularity_irregular_max,0.06,"Any irregular rhythm early (e.g., postoperative AF) can signal acute instability and reduced renal perfusion, but early epoch effects are often transient. Scored conservatively per 0–12h cap."
13_24h_r_cardiac_regularity_irregular_max,0.12,"Presence of irregular rhythm in 13–24h suggests persistent arrhythmia with potential hypotension/low cardiac output, a recognized contributor to postoperative AKI. This extreme/presence indicator is more informative than mean regularity measures."
25_36h_r_cardiac_regularity_irregular_max,0.06,"New/worsening irregular rhythm (e.g., AF with RVR) in the 25–36h window can reduce cardiac output and renal perfusion, indirectly increasing AKI risk. Max captures any occurrence of the insult better than mean/measured."
0_12h_r_cardiac_regularity_irregular_min,0.01,Immediate post-op rhythm irregularity is common/transient and the 'min' aggregation is not clinically meaningful for a binary irregularity flag. Weak and collinear with other irregularity summaries.
13_24h_r_cardiac_regularity_irregular_min,0.01,The 'min' of a binary irregularity indicator is not informative (often just reflects any period of regular rhythm). Limited direct linkage to AKI compared with hemodynamics/renal labs.
25_36h_r_cardiac_regularity_irregular_min,0.01,"For a binary irregularity feature, 'min' is poorly aligned with pathology and is redundant with max/any-occurrence representations. Any AKI signal would be better captured by the max feature."
0_12h_r_cardiac_regularity_irregular_measured,0.01,Measurement frequency reflects monitoring/acuity rather than physiology and is highly practice-pattern dependent. Early post-op monitoring is routine and not specific for impending AKI.
13_24h_r_cardiac_regularity_irregular_measured,0.02,"More frequent rhythm documentation may reflect clinical concern (arrhythmia/instability), but remains an indirect behavioral proxy. Kept low to avoid over-weighting practice variation."
25_36h_r_cardiac_regularity_irregular_measured,0.03,"Increased rhythm checks closer to hour 60 may indicate ongoing instability that can contribute to renal hypoperfusion, but it is still a non-physiologic proxy. Capped low per measured-feature rule."
0_12h_r_cardiac_regularity_other_mean,0.01,‘Other’ rhythm category is heterogeneous and mean aggregation is not clearly interpretable as a renal risk mechanism. Early post-op rhythm labels are often transient and nonspecific.
13_24h_r_cardiac_regularity_other_mean,0.01,"Averaged ‘other’ rhythm status is difficult to map to a specific hemodynamic insult and is likely collinear with max/min indicators. Weak, indirect relationship to AKI."
25_36h_r_cardiac_regularity_other_mean,0.02,"Persistent non-standard rhythm classification late (25–36h) could reflect ongoing arrhythmia/conduction issues with potential perfusion impact, but the category is nonspecific. Mean is de-emphasized versus extremes to reduce redundancy."
0_12h_r_cardiac_regularity_other_max,0.02,Any occurrence of an ‘other’ rhythm immediately post-op is common and often transient; limited specificity for AKI. Max is the most sensible aggregation but still weak in the 0–12h window.
13_24h_r_cardiac_regularity_other_max,0.03,"Occurrence of an atypical rhythm in 13–24h may indicate evolving instability that can affect renal perfusion, but the label is heterogeneous. Kept low to maintain sparsity and avoid collinearity with other rhythm features."
25_36h_r_cardiac_regularity_other_max,0.04,"Late occurrence of an atypical rhythm (25–36h) may be a leading indicator of ongoing hemodynamic compromise, indirectly raising AKI risk. Still capped low due to nonspecific ‘other’ category."
0_12h_r_cardiac_regularity_other_min,0.01,‘Min’ for a binary/flag-like rhythm category is not clinically meaningful and is redundant with max. Early post-op rhythm variability is common and not specific for AKI.
13_24h_r_cardiac_regularity_other_min,0.01,Minimum of an ‘other’ rhythm indicator provides little information about exposure to arrhythmia and is collinear with other summaries. Weak mechanistic link to AKI.
25_36h_r_cardiac_regularity_other_min,0.01,Minimum aggregation is poorly aligned with the pathologic signal (presence of atypical rhythm) and adds redundancy. Any AKI association would be better captured by the max feature.
0_12h_r_cardiac_regularity_other_measured,0.01,Measurement frequency reflects monitoring/documentation behavior rather than renal physiology. Early post-op rhythm irregularity documentation is common and nonspecific for AKI risk.
13_24h_r_cardiac_regularity_other_measured,0.01,Acuity/monitoring proxy with weak mechanistic link to kidney injury. Rhythm concerns may correlate with illness severity but are not a direct AKI driver.
25_36h_r_cardiac_regularity_other_measured,0.02,"Later rhythm-related documentation may reflect ongoing instability that can reduce renal perfusion, but this remains an indirect behavioral proxy. Kept low to avoid over-weighting non-physiologic measurement effects."
0_12h_r_heart_rate_source_monitor_pulse_ox_mean,0.02,Mean HR in the immediate post-bypass period is often transiently elevated and not specific for renal hypoperfusion. Extremes and blood pressure/vasopressor needs are typically more informative than average HR for AKI.
13_24h_r_heart_rate_source_monitor_pulse_ox_mean,0.03,"Persistently elevated mean HR can indicate ongoing stress, low stroke volume, or sepsis-like physiology that may impair renal perfusion, but it is indirect. Mean is less sensitive than extremes for acute insults."
25_36h_r_heart_rate_source_monitor_pulse_ox_mean,0.04,"Sustained tachycardia closer to the outcome can reflect ongoing hemodynamic compromise associated with AKI risk, though still nonspecific. Capped low because HR is a weak standalone predictor compared with hypotension/oliguria/creatinine trends."
0_12h_r_heart_rate_source_monitor_pulse_ox_max,0.05,"Early extreme tachycardia may reflect bleeding, pain, arrhythmia, or low cardiac output that can reduce renal perfusion. In the 0–12h epoch, derangements are common and transient, so conservatively scored."
13_24h_r_heart_rate_source_monitor_pulse_ox_max,0.06,"Recurrent extreme tachycardia during the trajectory phase can signal persistent low output or arrhythmia burden, increasing AKI risk via renal hypoperfusion. Max captures acute stress better than mean, so prioritized modestly."
25_36h_r_heart_rate_source_monitor_pulse_ox_max,0.08,"Late extreme tachycardia is a stronger leading indicator of ongoing hemodynamic instability (e.g., low cardiac output, sepsis, arrhythmia) that can precipitate AKI. Max is preferred over mean to reduce collinearity and capture insult severity."
0_12h_r_heart_rate_source_monitor_pulse_ox_min,0.04,"Bradycardia episodes can reflect conduction issues or over-sedation and may reduce cardiac output and renal perfusion. Immediate post-op bradycardia can be transient, so kept conservative."
13_24h_r_heart_rate_source_monitor_pulse_ox_min,0.05,"Bradycardia in this window may indicate ongoing conduction disease or pacing dependence with potential low-output states affecting kidneys. Still indirect without concurrent BP/CI data, so capped low."
25_36h_r_heart_rate_source_monitor_pulse_ox_min,0.06,"Later bradycardia can be more clinically meaningful (e.g., persistent conduction failure, medication effect) and may contribute to renal hypoperfusion. Min captures episodic low-rate events better than mean."
0_12h_r_heart_rate_source_monitor_pulse_ox_measured,0.01,Heart rate measurement frequency is routine in ICU and mainly reflects documentation density. It does not directly represent renal injury risk.
13_24h_r_heart_rate_source_monitor_pulse_ox_measured,0.01,Ongoing HR measurement frequency is standard-of-care and not a physiologic AKI predictor. Any association would be confounding by acuity.
25_36h_r_heart_rate_source_monitor_pulse_ox_measured,0.01,Still primarily a monitoring intensity proxy rather than a mechanism for AKI. Kept minimal to avoid spurious inclusion driven by workflow patterns.
0_12h_r_heart_rate_source_apical_mean,0.01,"Apical HR mean is largely redundant with monitor-derived HR and adds collinearity without clear incremental renal prognostic value. In the immediate post-op period, mean HR is nonspecific for AKI."
13_24h_r_heart_rate_source_apical_mean,0.03,"Sustained tachycardia can reflect ongoing stress/low cardiac output that may reduce renal perfusion, but mean HR is nonspecific and collinear with extremes."
25_36h_r_heart_rate_source_apical_mean,0.04,"Later sustained tachycardia may indicate persistent hemodynamic stress closer to the creatinine outcome, but mean HR remains an indirect and nonspecific AKI predictor."
0_12h_r_heart_rate_source_apical_max,0.05,"Early peak tachycardia can mark acute instability (pain, bleeding, low output), which can contribute to renal hypoperfusion; however immediate post-op derangements are often transient (0–12h cap)."
13_24h_r_heart_rate_source_apical_max,0.06,"A high HR peak in the trajectory phase may signal ongoing shock/arrhythmia burden affecting renal perfusion, making it more informative than the mean."
25_36h_r_heart_rate_source_apical_max,0.08,"Late peak tachycardia is a closer leading indicator of persistent hemodynamic compromise (e.g., low cardiac output, sepsis, AF with RVR) that can precipitate AKI."
0_12h_r_heart_rate_source_apical_min,0.03,"Bradycardia can reduce cardiac output and renal blood flow, but early post-op bradycardia is often medication/pacing related and transient (0–12h cap)."
13_24h_r_heart_rate_source_apical_min,0.04,"Later bradycardic episodes may reflect conduction issues or excessive beta-blockade with potential low output, but it is still an indirect AKI signal."
25_36h_r_heart_rate_source_apical_min,0.05,"Late bradycardia may indicate clinically meaningful low-output physiology closer to outcome, but remains nonspecific without concurrent BP/CO measures."
0_12h_r_heart_rate_source_apical_measured,0.01,Measurement frequency mainly reflects monitoring intensity rather than physiology; in the immediate post-op period it is largely protocol-driven.
13_24h_r_heart_rate_source_apical_measured,0.01,More frequent HR documentation is a weak proxy for acuity and is not a direct mechanism for AKI.
25_36h_r_heart_rate_source_apical_measured,0.02,"Increased measurement frequency may reflect clinician concern for instability, but it remains a behavioral proxy and should be kept low for sparsity."
0_12h_r_heart_rate_source_peripheral_mean,0.02,Peripheral mean HR is nonspecific and highly collinear with apical HR; early post-op averages are often influenced by transient factors.
13_24h_r_heart_rate_source_peripheral_mean,0.01,This is redundant with apical HR features and mean aggregation is less informative than extremes for acute insults; capped to reduce collinearity.
25_36h_r_heart_rate_source_peripheral_mean,0.01,"Redundant with apical HR and mean aggregation; extremes would better capture clinically relevant instability, so keep low to avoid collinearity."
0_12h_r_heart_rate_source_peripheral_max,0.02,Peripheral HR max is largely redundant with apical HR max and early post-op tachycardia is common and transient; keep low for sparsity.
13_24h_r_heart_rate_source_peripheral_max,0.02,Peripheral HR max may reflect instability but is collinear with apical HR max; prioritize one source to avoid redundancy.
25_36h_r_heart_rate_source_peripheral_max,0.005,Peripheral vs central HR source is mainly a monitoring/line-availability artifact rather than a renal perfusion variable. It has no direct mechanistic link to AKI beyond general acuity.
0_12h_r_heart_rate_source_peripheral_min,0.003,"In the immediate post-op window, the HR source reflects monitoring setup and transient instability more than kidney injury risk. Not a physiologic driver of creatinine rise."
13_24h_r_heart_rate_source_peripheral_min,0.004,Choice/availability of peripheral HR measurement is a weak proxy for monitoring intensity and does not directly indicate renal hypoperfusion. Limited incremental value for AKI prediction.
25_36h_r_heart_rate_source_peripheral_min,0.005,"Later reliance on peripheral HR source may correlate with line removal or stability, but it is not a kidney-specific predictor. Any association would be indirect and likely confounded."
0_12h_r_heart_rate_source_peripheral_measured,0.01,Measurement frequency is a behavioral/acuity proxy and is not a physiologic mechanism for AKI. Early post-op monitoring frequency is routine and poorly specific.
13_24h_r_heart_rate_source_peripheral_measured,0.015,"More frequent peripheral HR documentation may reflect nursing/clinical concern, but it is nonspecific for impending AKI. Kept low to avoid over-weighting care-process signals."
25_36h_r_heart_rate_source_peripheral_measured,0.02,"Increased measurement frequency closer to outcome can reflect instability prompting closer monitoring, which can co-occur with renal hypoperfusion. Still indirect and nonspecific, so kept <0.05."
0_12h_r_oxygen_device_mechanical_mean,0.03,Mechanical ventilation early after cardiac surgery is common and often transient; mean exposure in 0–12h is not specific for AKI. It may weakly proxy severity/vasopressor need.
13_24h_r_oxygen_device_mechanical_mean,0.04,"Ongoing mechanical ventilation into 13–24h suggests slower recovery and higher illness severity, which can correlate with AKI risk. Mean is less informative than an extreme/continued requirement, so kept modest."
25_36h_r_oxygen_device_mechanical_mean,0.05,"Persistent mechanical ventilation at 25–36h is a stronger marker of ongoing critical illness and potential hemodynamic compromise affecting renal perfusion. Mean ventilation status is still a proxy, not a direct renal biomarker."
0_12h_r_oxygen_device_mechanical_max,0.02,Any mechanical ventilation in the first 12h is expected post-cardiac surgery and poorly discriminates AKI risk. As an extreme indicator it adds little beyond routine care patterns.
13_24h_r_oxygen_device_mechanical_max,0.04,"Mechanical ventilation at any point in 13–24h indicates delayed extubation and higher severity, which is associated with AKI. Still indirect and confounded by sedation/respiratory factors."
25_36h_r_oxygen_device_mechanical_max,0.06,"Any mechanical ventilation in 25–36h is a meaningful marker of persistent critical illness and often accompanies shock/low cardiac output that can precipitate AKI. This is a leading-indicator window, so scored slightly higher but still not kidney-specific."
0_12h_r_oxygen_device_mechanical_min,0.01,Minimum mechanical ventilation status in 0–12h largely reflects routine immediate post-op intubation practices. It provides minimal kidney-specific prognostic information.
13_24h_r_oxygen_device_mechanical_min,0.03,"Being mechanically ventilated throughout the 13–24h window (min=1) suggests prolonged dependence and higher severity, which can track with AKI risk. Still an indirect proxy rather than a direct renal insult marker."
25_36h_r_oxygen_device_mechanical_min,0.05,"Continuous mechanical ventilation across 25–36h implies persistent organ dysfunction and often ongoing hemodynamic/oxygenation issues that threaten renal perfusion. As an extreme (min) in the closest window, it is more informative than the mean but remains indirect."
0_12h_r_oxygen_device_mechanical_measured,0.02,"Mechanical ventilation early post-op is common and only indirectly relates to AKI via illness severity/hemodynamic instability. As a measurement-frequency proxy and in the immediate 0–12h period, it should be kept low."
13_24h_r_oxygen_device_mechanical_measured,0.03,"Ongoing mechanical ventilation into 13–24h can reflect persistent cardiopulmonary dysfunction and higher AKI risk, but this is still an indirect severity marker. As a measured/count feature, keep below 0.05."
25_36h_r_oxygen_device_mechanical_measured,0.04,"Continued mechanical ventilation close to the outcome window suggests ongoing shock/low cardiac output or complications that can reduce renal perfusion. Still a behavioral/acuity proxy rather than a renal biomarker, so capped <0.05."
0_12h_r_oxygen_device_none_mean,0.01,Being on no oxygen device in the first 12h is weakly informative because many patients are transiently ventilated or on oxygen post-op. Mean device status is also collinear with max/min indicators and not a direct AKI driver.
13_24h_r_oxygen_device_none_mean,0.02,"No oxygen requirement on average during 13–24h may indicate clinical stability and lower AKI risk, but the link is indirect. Mean aggregation is less specific than an extreme/any-use indicator, so keep low."
25_36h_r_oxygen_device_none_mean,0.03,"Average absence of oxygen support at 25–36h suggests recovery and lower severity, indirectly associated with lower AKI risk. Mean device status remains a nonspecific proxy and should stay low for sparsity."
0_12h_r_oxygen_device_none_max,0.02,"Any period of being on no oxygen device in 0–12h may reflect early extubation and stability, but immediate post-op practices vary widely. This is an indirect severity marker and should be conservative in the initial epoch."
13_24h_r_oxygen_device_none_max,0.03,"Having any time off oxygen support in 13–24h suggests improving trajectory and lower risk of hemodynamic/respiratory failure that can precipitate AKI. Still indirect, so keep <0.05."
25_36h_r_oxygen_device_none_max,0.04,"Any time on room air/no device at 25–36h is a leading indicator of overall stability and lower likelihood of ongoing shock/low output contributing to AKI. Indirect association only, so modest but <0.05."
0_12h_r_oxygen_device_none_min,0.01,"Minimum being 'none' across 0–12h implies the patient was on no oxygen device the entire window, which is uncommon immediately post-cardiac surgery and heavily practice-dependent. Weak and potentially noisy severity proxy."
13_24h_r_oxygen_device_none_min,0.02,"Being consistently on no oxygen device throughout 13–24h suggests stability, indirectly lowering AKI risk. However, it remains a nonspecific respiratory-support proxy and should be kept low."
25_36h_r_oxygen_device_none_min,0.03,"Consistently requiring no oxygen device in 25–36h indicates sustained recovery and lower severity, indirectly associated with less renal hypoperfusion risk. Not a direct renal predictor, so keep <0.05."
0_12h_r_oxygen_device_none_measured,0.01,"Count of documentation/measurement for 'none' is primarily a workflow/monitoring artifact rather than physiology. As a measured feature in 0–12h, it should be near-zero."
13_24h_r_oxygen_device_none_measured,0.01,Measurement frequency reflects charting intensity and care processes more than AKI pathophysiology. No strong reason it would independently predict creatinine rise.
25_36h_r_oxygen_device_none_measured,0.02,"More frequent recording of oxygen device status may correlate with acuity, but it is not a mechanistic driver of AKI. Keep low to avoid overfitting to documentation patterns."
0_12h_r_oxygen_device_low_flow_mean,0.03,"Average low-flow oxygen use in 0–12h reflects mild respiratory support needs and overall illness severity, which can correlate with AKI risk via hemodynamic stress. In the immediate post-op epoch and as a mean aggregation, keep conservative and <0.05."
13_24h_r_oxygen_device_low_flow_mean,0.02,"Low-flow oxygen use is a nonspecific marker of postoperative respiratory support and overall illness severity, with only an indirect link to AKI risk. Mean use is also less informative than escalation to higher support or hemodynamic markers."
25_36h_r_oxygen_device_low_flow_mean,0.03,"Persistent need for low-flow oxygen at 25–36h may reflect ongoing cardiopulmonary dysfunction and higher acuity, indirectly associated with renal hypoperfusion risk. Still nonspecific and not a direct renal predictor."
0_12h_r_oxygen_device_low_flow_max,0.01,Early postoperative oxygen device status is common and transient after anesthesia/CPB and is not a specific AKI driver. Max in this window mainly reflects routine immediate post-op care.
13_24h_r_oxygen_device_low_flow_max,0.02,"Maximum low-flow oxygen requirement in 13–24h is a weak proxy for respiratory compromise/acuity, which can correlate with AKI via systemic illness. It remains nonspecific and collinear with other severity indicators."
25_36h_r_oxygen_device_low_flow_max,0.03,"Higher low-flow oxygen requirement closer to the outcome can indicate persistent cardiopulmonary limitation and potential low cardiac output physiology, indirectly increasing AKI risk. Still not a direct biomarker of renal injury."
0_12h_r_oxygen_device_low_flow_min,0.01,Minimum low-flow oxygen use in the immediate post-op period is not physiologically linked to AKI and largely reflects routine weaning/monitoring. Provides little incremental information for renal prediction.
13_24h_r_oxygen_device_low_flow_min,0.01,Minimum low-flow oxygen requirement is a weak and potentially misleading summary (often reflects brief periods off oxygen). It has minimal mechanistic connection to AKI.
25_36h_r_oxygen_device_low_flow_min,0.01,Minimum low-flow oxygen requirement in 25–36h is not a meaningful marker of renal perfusion or injury and is prone to documentation/weaning artifacts. Low specificity for AKI.
0_12h_r_oxygen_device_low_flow_measured,0.01,Measurement frequency reflects monitoring/documentation patterns rather than renal physiology. In the immediate post-op period it is routine and not indicative of impending AKI.
13_24h_r_oxygen_device_low_flow_measured,0.02,"More frequent documentation may weakly proxy higher acuity or respiratory instability, which can correlate with AKI risk. However it is behavioral/operational and should remain low."
25_36h_r_oxygen_device_low_flow_measured,0.02,"Increased measurement frequency late may reflect clinician concern or instability, indirectly associated with AKI risk. Still a non-physiologic proxy and should be kept low for sparsity."
0_12h_r_oxygen_device_high_flow_mean,0.05,"High-flow oxygen early suggests significant respiratory compromise and higher overall severity, which can be associated with AKI via hypoxemia/low output states. In 0–12h this is still confounded by immediate post-op effects, so kept conservative."
13_24h_r_oxygen_device_high_flow_mean,0.07,"Ongoing high-flow oxygen requirement in 13–24h indicates failure to rapidly stabilize and higher systemic illness severity, indirectly increasing AKI risk. Mean use captures sustained support but remains nonspecific."
25_36h_r_oxygen_device_high_flow_mean,0.09,"Persistent high-flow oxygen at 25–36h is a stronger late marker of cardiopulmonary dysfunction and severity, which can contribute to renal hypoperfusion and AKI. Still indirect and not a renal biomarker."
0_12h_r_oxygen_device_high_flow_max,0.06,Any escalation to high-flow oxygen in the immediate post-op window suggests a significant acute insult (hypoxemia/pulmonary edema) that can accompany hemodynamic stress relevant to AKI. Capped due to early-window transience and collinearity with mean.
13_24h_r_oxygen_device_high_flow_max,0.08,"Maximum high-flow oxygen requirement in 13–24h reflects episodes of respiratory decompensation and higher acuity, indirectly linked to AKI risk through systemic hypoxia/low output physiology. Kept below stronger hemodynamic/renal markers and to limit redundancy with mean."
25_36h_r_oxygen_device_high_flow_max,0.03,"Need for high-flow oxygen at 25–36h can proxy ongoing cardiopulmonary dysfunction and higher illness severity, which can contribute to renal hypoperfusion. It is indirect and non-specific for AKI."
0_12h_r_oxygen_device_high_flow_min,0.01,"Early (0–12h) oxygen device status is heavily influenced by routine post-op ventilation/weaning practices and transient physiology. Weak, non-specific link to later creatinine rise."
13_24h_r_oxygen_device_high_flow_min,0.02,Persistent need for high-flow oxygen in the trajectory phase may reflect evolving heart/lung dysfunction and systemic stress that can worsen renal perfusion. Still an indirect marker rather than a renal driver.
25_36h_r_oxygen_device_high_flow_min,0.03,"Ongoing requirement for high-flow oxygen close to the outcome window suggests continued instability (e.g., low cardiac output, pulmonary edema) associated with AKI risk. Indirect severity proxy, not a direct renal biomarker."
0_12h_r_oxygen_device_high_flow_measured,0.01,Measurement frequency reflects documentation/monitoring behavior rather than physiology. In the immediate post-op period it is routine and not specific for impending AKI.
13_24h_r_oxygen_device_high_flow_measured,0.02,"More frequent recording may indicate higher acuity, but it remains a behavioral proxy and is not mechanistically linked to kidney injury. Keep low to avoid over-weighting practice patterns."
25_36h_r_oxygen_device_high_flow_measured,0.03,"Increased monitoring/documentation at 25–36h may reflect clinical concern and instability, which correlates with AKI risk. Still non-specific and should remain low."
0_12h_r_heart_block_type_degree_1_measured,0.01,First-degree AV block documentation is common and usually hemodynamically insignificant; measurement frequency is also a behavioral proxy. Minimal direct relevance to renal perfusion or AKI.
13_24h_r_heart_block_type_degree_1_measured,0.01,Ongoing documentation of first-degree block is unlikely to meaningfully affect cardiac output or renal blood flow. Measurement frequency adds little physiologic signal.
25_36h_r_heart_block_type_degree_1_measured,0.01,First-degree block rarely causes clinically important hypotension or low output; documentation frequency is non-specific. Weak link to creatinine rise.
0_12h_r_heart_block_type_degree_23_measured,0.03,"Higher-grade AV block can be associated with bradycardia/low cardiac output and renal hypoperfusion, but in 0–12h it is often transient and treated promptly. Measurement frequency is indirect, so keep low."
13_24h_r_heart_block_type_degree_23_measured,0.04,"Persistent or recurrent high-grade block in 13–24h may signal ongoing conduction issues requiring pacing/pressors and potential renal hypoperfusion. Still captured as a measured (behavioral) feature, so capped low."
25_36h_r_heart_block_type_degree_23_measured,0.05,"High-grade block close to the outcome window can reflect sustained hemodynamic compromise (bradycardia/low output) that increases AKI risk. As a measurement-frequency proxy rather than a direct rhythm/hemodynamic value, it remains capped at 0.05."
0_12h_r_heart_block_type_bundle_branch_block_measured,0.01,Bundle branch block is often chronic or incidental and typically does not directly reduce renal perfusion. Measurement frequency is non-specific and routine post-op.
13_24h_r_heart_block_type_bundle_branch_block_measured,0.01,"BBB documentation does not reliably indicate hemodynamic instability or AKI risk, and measured counts reflect charting behavior. Weak physiologic connection."
25_36h_r_heart_block_type_bundle_branch_block_measured,0.01,BBB at 25–36h is not a direct driver of renal injury and is often baseline; measurement frequency adds little mechanistic information. Keep at minimal inclusion probability.
0_12h_ionized_calcium_mean,0.02,Ionized calcium abnormalities can reflect transfusion/citrate load and illness severity but are not a direct AKI driver. Mean value is less informative than extremes for acute insults and this early epoch is often transient.
13_24h_ionized_calcium_mean,0.03,"Persistent calcium derangements may correlate with ongoing critical illness and vasopressor needs, indirectly affecting renal perfusion. Mean aggregation is still less specific than minima/maxima for clinically relevant events."
25_36h_ionized_calcium_mean,0.04,"Later sustained calcium abnormalities can track ongoing instability and massive transfusion/critical illness, indirectly associated with AKI risk. Mean is a nonspecific marker and should remain low to avoid collinearity with extremes."
0_12h_ionized_calcium_max,0.01,Transient hypercalcemia in the immediate post-op period is uncommon and not a typical causal pathway for AKI after cardiac surgery. Early epoch values are frequently influenced by perioperative management.
13_24h_ionized_calcium_max,0.01,"Higher ionized calcium is not an established predictor of post-cardiac surgery AKI compared with hypotension, lactate, or oliguria. Max adds limited mechanistic information for renal injury."
25_36h_ionized_calcium_max,0.01,Late hypercalcemia is not a strong or direct biomarker for impending AKI in this setting. Any association is likely confounded by treatment patterns rather than renal pathophysiology.
0_12h_ionized_calcium_min,0.06,"Hypocalcemia can reflect citrate from transfusion and severe physiologic stress, which may accompany hemodynamic compromise relevant to renal perfusion. Use the minimum to capture acute derangement; capped by early-epoch maximum score."
13_24h_ionized_calcium_min,0.08,Ongoing or recurrent hypocalcemia may indicate continued transfusion burden/critical illness and can accompany vasoplegia and hypotension that increase AKI risk. Minimum better captures clinically meaningful episodes than mean.
25_36h_ionized_calcium_min,0.1,"Late hypocalcemia may be a leading indicator of persistent critical illness and ongoing resuscitation needs, indirectly linked to renal hypoperfusion and AKI. Minimum is the most pathologically relevant aggregation among calcium summaries."
0_12h_ionized_calcium_measured,0.02,"Measurement frequency mainly reflects clinician concern and post-op protocolized monitoring rather than a causal AKI mechanism. Early post-op labs are often routine, limiting specificity."
13_24h_ionized_calcium_measured,0.03,"More frequent checks may indicate instability or ongoing transfusion/electrolyte replacement, indirectly associated with AKI risk. Still a behavioral proxy and should remain low."
25_36h_ionized_calcium_measured,0.04,"Increased late monitoring can signal persistent acuity and evolving organ dysfunction, which correlates with AKI risk. As a proxy variable, it should stay <0.05 to avoid over-weighting practice patterns."
0_12h_magnesium_mean,0.01,Magnesium levels are commonly managed for arrhythmia prophylaxis post-cardiac surgery and are not a direct AKI biomarker. Mean in the immediate post-op window is heavily treatment-driven.
13_24h_magnesium_mean,0.02,"Magnesium may weakly reflect renal handling and overall illness severity, but it is not an established predictor of AKI compared with creatinine/urine output/hemodynamics. Mean aggregation is nonspecific."
25_36h_magnesium_mean,0.03,"Later magnesium elevation can occur with declining renal clearance, providing a mild indirect signal of evolving kidney dysfunction. Mean remains less sensitive than extremes and should be kept low for sparsity."
0_12h_magnesium_max,0.01,"Early magnesium maxima are often iatrogenic from supplementation and do not reliably indicate renal injury. In the 0–12h epoch, values are transient and weakly linked to subsequent AKI."
13_24h_magnesium_max,0.02,Hypermagnesemia is usually iatrogenic (replacement/renal clearance) and is not a primary AKI driver; max adds limited incremental signal beyond other renal/hemodynamic markers.
25_36h_magnesium_max,0.03,"Later hypermagnesemia can reflect reduced renal clearance and overall illness severity, but it is an indirect marker and often treatment-related."
0_12h_magnesium_min,0.02,Early hypomagnesemia is common post-CPB and with diuresis; it is not a direct predictor of AKI and is frequently corrected.
13_24h_magnesium_min,0.02,Low magnesium may track diuretic use and electrolyte wasting rather than renal injury itself; indirect link to AKI risk.
25_36h_magnesium_min,0.03,"Persistent hypomagnesemia may indicate ongoing diuresis/poor nutrition and higher acuity, but remains a weak, nonspecific AKI predictor."
0_12h_magnesium_measured,0.01,Measurement frequency mainly reflects routine post-cardiac surgery electrolyte monitoring rather than imminent AKI physiology.
13_24h_magnesium_measured,0.01,Ordering frequency is a behavioral proxy and typically standard ICU practice; weak specificity for AKI.
25_36h_magnesium_measured,0.02,"More frequent checks may reflect clinician concern or instability, but remains nonspecific and should be kept low for sparsity."
0_12h_base_excess_mean,0.03,Average base excess early post-op is influenced by CPB/anesthesia and transient metabolic shifts; only indirect association with renal hypoperfusion.
13_24h_base_excess_mean,0.06,"Sustained metabolic acidosis in the trajectory phase can reflect ongoing hypoperfusion/shock, which increases AKI risk, though mean is less sensitive than extremes."
25_36h_base_excess_mean,0.1,"Persistently negative base excess closer to hour 60 suggests ongoing tissue hypoperfusion and systemic illness, an established contributor to AKI."
0_12h_base_excess_max,0.01,"High (alkalotic) base excess is not a typical AKI trigger and is often iatrogenic (bicarbonate/ventilation), especially immediately post-op."
13_24h_base_excess_max,0.01,Alkalosis is generally not mechanistically linked to AKI compared with acidosis; max provides little prognostic value.
25_36h_base_excess_max,0.01,Later alkalosis is usually treatment-related and not a direct marker of renal hypoperfusion or tubular injury.
0_12h_base_excess_min,0.08,"Severe early metabolic acidosis (most negative base excess) can indicate acute hypoperfusion/low-flow states during/after CPB, a known AKI risk, but early window is capped."
13_24h_base_excess_min,0.16,"A markedly negative base excess in 13–24h suggests persistent shock/poor perfusion rather than transient post-op changes, strongly increasing AKI risk."
25_36h_base_excess_min,0.12,More negative base excess (metabolic acidosis) in the 25–36h window can reflect ongoing hypoperfusion/shock and is associated with subsequent AKI risk. The minimum captures acute acidemic insults better than mean/max for renal ischemia.
0_12h_base_excess_measured,0.01,Measurement frequency mainly reflects clinician concern and routine post-op ABG monitoring rather than a direct physiologic driver of AKI. Early (0–12h) testing is common after cardiac surgery and is weakly specific.
13_24h_base_excess_measured,0.02,"More frequent base excess checks may indicate instability, but it is a behavioral proxy and not a direct mechanism for AKI. Specificity remains limited in the 13–24h trajectory phase."
25_36h_base_excess_measured,0.03,"Increased ABG/base excess monitoring closer to the outcome can signal ongoing shock/ventilatory or metabolic derangements, indirectly correlating with AKI risk. Still a utilization proxy, so kept <0.05."
0_12h_direct_bilirubin_measured,0.01,Direct bilirubin ordering frequency is largely practice-pattern driven and not a direct renal biomarker. In the immediate post-op period it is often routine and nonspecific for AKI.
13_24h_direct_bilirubin_measured,0.02,"More frequent bilirubin checks may reflect concern for hepatic congestion/low-flow states that can co-occur with AKI, but remains an indirect proxy. Limited specificity warrants a low inclusion probability."
25_36h_direct_bilirubin_measured,0.03,"Closer to hour 60, repeated bilirubin testing can indicate persistent cholestasis/congestion or low cardiac output, which can accompany cardiorenal syndrome. Still a behavioral marker, so capped <0.05."
0_12h_wbc_mean,0.01,"Average WBC in the first 12h is heavily influenced by surgical stress response and steroids, and is nonspecific for AKI. Mean is also less informative than extremes for acute inflammatory insults."
13_24h_wbc_mean,0.02,"Sustained leukocytosis may reflect inflammation/infection that can contribute to AKI, but WBC mean is nonspecific and collinear with max/min. Kept low to favor more informative aggregations."
25_36h_wbc_mean,0.03,"Persistent leukocytosis closer to the outcome can correlate with infection/SIRS and hemodynamic stress that increase AKI risk, but remains indirect. Mean is less discriminative than max/min, so kept modest."
0_12h_wbc_max,0.03,"Peak WBC early post-op can indicate a strong inflammatory response, but in 0–12h it is commonly stress-related and poorly specific for AKI. Max is preferred over mean for capturing acute inflammatory surges."
13_24h_wbc_max,0.05,A higher WBC peak in 13–24h is more suggestive of evolving infection/SIRS than immediate post-op stress and can increase AKI risk via sepsis/hemodynamic effects. Max captures the relevant insult better than mean.
25_36h_wbc_max,0.07,"A high WBC peak in 25–36h may indicate infection/SIRS or ongoing inflammatory complications, which are established contributors to AKI through hypotension and microvascular injury. Max is the most pathology-relevant aggregation among WBC summaries."
0_12h_wbc_min,0.01,Low WBC early is uncommon and often reflects dilutional effects or lab variability rather than a causal AKI pathway. In 0–12h it is not a reliable predictor of renal injury.
13_24h_wbc_min,0.02,"Leukopenia can be a marker of severe illness or marrow suppression, but it is an indirect and nonspecific correlate of AKI risk. Min is generally less informative than max for post-op inflammatory complications."
25_36h_wbc_min,0.03,"Leukopenia closer to hour 60 may signal severe sepsis or critical illness, which can be associated with AKI, but the relationship is indirect. Kept low to avoid redundancy with more informative hemodynamic/renal markers."
0_12h_wbc_measured,0.02,Measurement frequency mainly reflects clinician concern/inflammation workup rather than a direct AKI mechanism; early post-op labs are routine. Capped low per _measured rule and 0–12h conservatism.
13_24h_wbc_measured,0.02,"Ordering frequency may proxy evolving infection/SIRS that can contribute to AKI, but remains an indirect behavioral signal. Keep low to avoid over-weighting practice-pattern effects."
25_36h_wbc_measured,0.03,"More frequent WBC checks late may indicate suspected sepsis or deterioration, which can precede AKI, but it is still not a physiologic biomarker. Scored slightly higher due to proximity to outcome but kept <0.05."
0_12h_prothrombin_time_mean,0.03,"Coagulopathy can reflect hepatic dysfunction/bleeding risk and overall severity, indirectly linked to renal hypoperfusion. Mean is less informative than extremes for acute insult, and early post-op derangements are common."
25_36h_prothrombin_time_mean,0.04,"Persistently prolonged PT may indicate ongoing shock, hepatic congestion, or massive transfusion physiology associated with AKI risk. Mean is still less specific than max, so kept modest."
0_12h_prothrombin_time_max,0.06,A high PT extreme can mark significant coagulopathy/bleeding or severe systemic illness that can drive renal hypoperfusion. Limited by 0–12h cap and transient CPB-related effects.
25_36h_prothrombin_time_max,0.09,"Late extreme PT prolongation suggests ongoing severe illness (shock liver, DIC/bleeding, massive transfusion) that is strongly associated with subsequent AKI. Max captures the pathologic insult better than mean/min, reducing collinearity."
0_12h_prothrombin_time_min,0.01,Low/normal PT is not a plausible driver of AKI and is generally non-informative for renal injury risk. Kept at weak-evidence cap.
25_36h_prothrombin_time_min,0.01,Minimum PT mainly reflects periods of normal coagulation and does not indicate renal hypoperfusion or nephrotoxicity. Weak evidence for predicting creatinine rise.
0_12h_prothrombin_time_measured,0.02,PT ordering frequency is largely routine after cardiac surgery and reflects monitoring intensity rather than renal physiology. Capped low per _measured rule and early epoch.
13_24h_prothrombin_time_measured,0.02,"More frequent PT checks may indicate bleeding/anticoagulation management complexity, indirectly associated with AKI via hemodynamic instability. Still a behavioral proxy, so kept <0.05."
25_36h_prothrombin_time_measured,0.03,"Late frequent PT monitoring can signal ongoing bleeding, liver dysfunction, or anticoagulation issues that correlate with severity and AKI risk. Remains indirect, so kept low."
0_12h_nucleated_red_blood_cells_mean,0.03,"NRBCs can reflect hypoxemia, inflammation, or critical illness severity, which may correlate with AKI risk. Mean is less sensitive than max for acute hypoxic insult and early post-op changes can be transient."
13_24h_nucleated_red_blood_cells_mean,0.04,"Persistent NRBCs in the trajectory phase suggest ongoing hypoxia/stress and higher illness severity, plausibly linked to AKI. Still an indirect marker, so modest score."
25_36h_nucleated_red_blood_cells_mean,0.05,"Ongoing NRBC elevation close to outcome can indicate sustained hypoperfusion/hypoxemia or systemic inflammation, which increases AKI risk. Mean retained at the plausible/indirect cap to avoid redundancy with max."
0_12h_nucleated_red_blood_cells_max,0.06,An early NRBC extreme may capture acute hypoxic/low-flow insult around surgery/CPB that can contribute to renal tubular injury. Scored higher than mean but constrained by 0–12h maximum and transient perioperative effects.
13_24h_nucleated_red_blood_cells_max,0.03,"Elevated NRBCs can reflect systemic stress/hypoxemia/inflammation after surgery, which correlates indirectly with AKI risk. Use max as the most relevant aggregation, but it remains a nonspecific marker."
25_36h_nucleated_red_blood_cells_max,0.05,"Persistently high NRBCs closer to the outcome may indicate ongoing hypoperfusion or severe illness, indirectly increasing AKI risk. Max best captures the insult; still nonspecific so kept low."
0_12h_nucleated_red_blood_cells_min,0.005,Minimum NRBC value is not physiologically informative for AKI and is likely near zero in many patients. Early (0–12h) values are also confounded by transient perioperative effects.
13_24h_nucleated_red_blood_cells_min,0.005,"NRBC minimum does not capture the pathologic signal (which is elevation), so it adds little beyond noise. Any association with AKI would be indirect at best."
25_36h_nucleated_red_blood_cells_min,0.005,Minimum NRBC is not a meaningful marker of hypoxia/inflammation severity and is unlikely to predict creatinine rise. Prefer NRBC max if using NRBC at all.
0_12h_nucleated_red_blood_cells_measured,0.01,Measurement frequency mainly reflects ordering behavior and early postoperative routine labs rather than renal pathophysiology. In the immediate 0–12h window it is especially nonspecific.
13_24h_nucleated_red_blood_cells_measured,0.02,"More frequent NRBC/CBC-related testing may reflect clinician concern for ongoing critical illness, which can correlate with AKI risk. Still a behavioral proxy, so kept <0.05."
25_36h_nucleated_red_blood_cells_measured,0.03,"Increased testing closer to hour 60 may indicate evolving complications (bleeding, hypoxia, sepsis) that raise AKI risk. As a utilization proxy rather than mechanism, it remains low."
0_12h_glucose_mean,0.02,"Stress hyperglycemia is associated with worse outcomes and may correlate with AKI risk, but mean glucose in the immediate postoperative period is heavily treatment- and CPB-influenced. Mean is also less informative than extremes for acute insult."
13_24h_glucose_mean,0.03,"Sustained dysglycemia during the trajectory phase can reflect severity of illness and insulin resistance, indirectly relating to AKI. Mean is a smoothed measure and thus kept low."
25_36h_glucose_mean,0.04,"Persistent hyperglycemia closer to the outcome may track ongoing stress/infection and is associated with AKI in ICU cohorts. Mean is still less specific than extremes, so modest weight only."
0_12h_glucose_max,0.04,"Acute hyperglycemic spikes can mark severe stress response and are associated with postoperative complications including AKI, but early (0–12h) values are often transient and protocol-driven. Max is preferred over mean/min for capturing insult."
13_24h_glucose_max,0.06,"Higher glucose peaks during 13–24h may indicate ongoing physiologic stress or infection and correlate with AKI risk. Max captures the relevant excursion better than mean, so it is weighted higher within epoch limits."
25_36h_glucose_max,0.08,Late hyperglycemic peaks (25–36h) can be a leading indicator of persistent critical illness and are associated with AKI risk. Max best captures the pathologic excursion and is closest to the hour-60 creatinine outcome.
0_12h_glucose_min,0.02,"Hypoglycemia can signal overtreatment or severe illness and is associated with adverse outcomes, but early postoperative lows are often iatrogenic and transient. Min is less consistently linked to AKI than hyperglycemic extremes."
13_24h_glucose_min,0.03,"Hypoglycemia in the 13–24h phase may reflect instability or aggressive insulin therapy and can correlate with worse outcomes, including AKI, indirectly. Still nonspecific and less mechanistically tied to renal injury than hemodynamics."
25_36h_glucose_min,0.03,"Hypoglycemia can reflect severe illness, hepatic dysfunction, or excessive insulin use and may correlate with overall instability that predisposes to AKI. It is an indirect marker rather than a direct renal perfusion/biomarker signal."
0_12h_glucose_measured,0.01,"Measurement frequency mainly reflects ICU protocol intensity and clinician concern in the immediate post-op period, not a renal mechanism. Early post-bypass glucose checks are routine and weakly specific for AKI."
13_24h_glucose_measured,0.01,Ordering frequency is a behavioral proxy and is not a direct driver of kidney injury. Glucose monitoring remains common post-cardiac surgery and is not specific for impending AKI.
25_36h_glucose_measured,0.02,"More frequent glucose checks may indicate ongoing instability (vasopressors, insulin infusion, sepsis concern) that can co-occur with AKI risk. Still, it is a nonspecific behavioral proxy and should remain low."
0_12h_platelets_mean,0.01,Mean platelet count in the immediate post-op window is heavily influenced by hemodilution and bypass-related consumption and is not specific for renal injury. Collinear with platelet extremes; mean is less informative for acute risk.
13_24h_platelets_mean,0.01,"Average platelet count is a nonspecific marker of inflammation/consumption and is less sensitive than nadir for identifying clinically relevant thrombocytopenia. To reduce collinearity, prioritize platelet_min over mean."
25_36h_platelets_mean,0.02,"Persistently lower platelets can correlate with ongoing inflammation, bleeding/transfusion, or sepsis, which may increase AKI risk, but mean remains nonspecific. Nadir platelet is typically the more pathophysiologically relevant aggregation."
0_12h_platelets_max,0.005,A high platelet value is rarely a driver of AKI and is often not clinically meaningful in this context. Early post-op maxima add little beyond other platelet summaries.
13_24h_platelets_max,0.005,Platelet maxima are not a recognized trigger for AKI and are generally uninformative compared with thrombocytopenia. Keep low to avoid redundancy with other platelet features.
25_36h_platelets_max,0.005,Higher platelet counts do not directly indicate renal hypoperfusion or nephrotoxicity and are not established AKI predictors. Max is less clinically relevant than platelet nadir.
0_12h_platelets_min,0.06,"Early thrombocytopenia after cardiac surgery can reflect bypass-related consumption, bleeding/transfusion, or early shock, which are associated with AKI risk. Conservative scoring due to the 0–12h window where transient drops are common."
13_24h_platelets_min,0.1,"A low platelet nadir in the trajectory phase can indicate ongoing consumption/inflammation, bleeding, or evolving sepsis, all associated with higher AKI risk. Nadir is the most informative platelet aggregation for clinically relevant thrombocytopenia."
25_36h_platelets_min,0.12,"Late thrombocytopenia close to the outcome window can signal persistent critical illness (sepsis, DIC-like physiology, ongoing bleeding/transfusion) that strongly correlates with AKI development. Platelet nadir is more predictive than mean/max and less redundant."
0_12h_platelets_measured,0.01,CBC frequency is largely protocolized immediately post-op and reflects monitoring intensity rather than a causal renal pathway. It is a weak and nonspecific proxy for AKI risk.
13_24h_platelets_measured,0.01,Measurement frequency mainly captures clinician concern/acuity and is not a direct physiologic predictor of AKI. Keep low to maintain sparsity.
25_36h_platelets_measured,0.02,"More frequent platelet checks may reflect concern for bleeding, HIT, or sepsis, which can co-occur with AKI risk, but it remains an indirect behavioral marker. Therefore it should stay below 0.05."
0_12h_mean_corpuscular_hemoglobin_mean,0.01,Mean corpuscular hemoglobin (MCH) is not a meaningful driver of postoperative renal perfusion or tubular injury. Any association would be indirect via anemia/hemolysis and is better captured by other variables.
13_24h_mean_corpuscular_hemoglobin_mean,0.01,"MCH mean has no established link to AKI risk after cardiac surgery. It is unlikely to add prognostic value beyond hemodynamics, hemoglobin, and renal labs."
25_36h_mean_corpuscular_hemoglobin_mean,0.01,"MCH mean remains a weak, nonspecific hematologic index with minimal mechanistic connection to AKI. Any signal would likely reflect confounding rather than causality."
0_12h_mean_corpuscular_hemoglobin_max,0.01,"Transient high MCH is not a recognized trigger for AKI and is often analytic/volume-status related. In the immediate post-op window, it is especially unlikely to be informative."
13_24h_mean_corpuscular_hemoglobin_max,0.01,MCH max is not an established predictor of postoperative AKI. Extremes here are more likely noise or reflect transfusion/hemoconcentration rather than renal injury.
25_36h_mean_corpuscular_hemoglobin_max,0.01,"Even close to the outcome window, MCH max is not a direct biomarker of kidney injury or perfusion failure. Any association would be weak and indirect."
0_12h_mean_corpuscular_hemoglobin_min,0.02,"Low MCH can reflect chronic microcytosis/iron deficiency and may correlate with frailty or anemia, which can worsen oxygen delivery. However, it is an indirect and nonspecific AKI risk marker, and early post-op values are confounded by dilution/transfusion."
13_24h_mean_corpuscular_hemoglobin_min,0.02,"Persistently low MCH may track baseline anemia phenotype and reduced oxygen-carrying reserve, indirectly affecting renal oxygenation. Still, it is not a primary AKI predictor."
25_36h_mean_corpuscular_hemoglobin_min,0.03,"Low MCH late may indicate ongoing anemia phenotype and limited oxygen delivery reserve, which can contribute to renal hypoxia in vulnerable patients. This remains indirect and should be low to avoid redundancy with more direct anemia/hemodynamic features."
0_12h_mean_corpuscular_hemoglobin_measured,0.01,Measurement frequency mainly reflects routine CBC ordering rather than specific concern for AKI. It is a weak behavioral proxy and not a renal mechanism.
13_24h_mean_corpuscular_hemoglobin_measured,0.01,MCH measurement count is largely driven by standard ICU lab cadence and does not specifically indicate impending AKI. Behavioral signal is minimal.
25_36h_mean_corpuscular_hemoglobin_measured,0.01,"Even in the later window, MCH measurement frequency is not a targeted AKI surveillance behavior compared with creatinine/urine studies. Likely adds noise."
0_12h_sodium_mean,0.03,Early postoperative sodium mean reflects fluid shifts and dilution from bypass/IV fluids; it is not a direct AKI marker. It may weakly proxy volume status and neurohormonal stress but is highly nonspecific in 0–12h.
13_24h_sodium_mean,0.04,"Sodium mean during the trajectory phase can reflect evolving free-water balance, diuretic use, and severity of illness, which may correlate with AKI risk. Still indirect and nonspecific."
25_36h_sodium_mean,0.05,"Later sodium mean may better capture persistent dysnatremia from diuresis, fluid overload management, or renal concentrating dysfunction, which can track AKI risk. Kept modest because sodium is not a direct kidney injury biomarker."
0_12h_sodium_max,0.05,"Early hypernatremia extremes can indicate significant free-water deficit, high osmotic load, or aggressive diuresis, which may worsen renal perfusion. Capped low due to early post-op confounding and to limit collinearity with sodium mean."
13_24h_sodium_max,0.03,"Hypernatremia can reflect free-water deficit/diuresis and overall illness severity, which may correlate with AKI risk, but it is not a direct renal injury marker. In this mid-epoch, it is an indirect signal and should be kept low to avoid redundancy with other sodium summaries."
25_36h_sodium_max,0.05,"Later hypernatremia may indicate ongoing volume/free-water imbalance or aggressive diuresis and can track with worsening renal function. Still, sodium is a nonspecific marker, so inclusion should remain modest."
0_12h_sodium_min,0.02,Early postoperative hyponatremia is common from hemodilution and perioperative fluids and is often transient. It has only an indirect association with AKI in this immediate post-op window.
13_24h_sodium_min,0.03,"Hyponatremia in the trajectory phase may reflect ongoing fluid overload or neurohormonal activation, which can accompany cardiorenal physiology. It remains nonspecific for predicting creatinine rise."
25_36h_sodium_min,0.05,"Persistent or worsening hyponatremia closer to the outcome can reflect fluid overload/low effective arterial volume states that predispose to AKI. It is still indirect, so keep probability low."
0_12h_sodium_measured,0.01,Measurement frequency mainly reflects routine ICU lab cadence immediately post-cardiac surgery rather than a specific AKI mechanism. Behavioral proxy only; keep minimal.
13_24h_sodium_measured,0.02,"More frequent sodium checks may indicate clinician concern about dysnatremia/volume status, but it is a weak and nonspecific proxy for impending AKI. Cap below 0.05."
25_36h_sodium_measured,0.03,"Increased sodium monitoring later may reflect escalating acuity (diuresis, hypertonic therapy, or fluid shifts) that can co-occur with AKI risk. Still a behavioral proxy, so keep low."
0_12h_teg_platelet_aggregation_measured,0.01,"Ordering TEG platelet aggregation is primarily related to bleeding/thrombosis management after surgery, not renal perfusion or tubular injury. In the immediate post-op period it is not informative for AKI prediction."
13_24h_teg_platelet_aggregation_measured,0.01,TEG platelet aggregation testing reflects coagulation management and transfusion planning rather than kidney injury biology. Any association with AKI would be indirect via severity of illness.
25_36h_teg_platelet_aggregation_measured,0.02,"Later TEG platelet aggregation orders may indicate ongoing bleeding/transfusion needs, which can correlate with shock and AKI risk, but remains a weak behavioral proxy. Keep below 0.05."
0_12h_mean_corpuscular_hemoglobin_concentration_mean,0.01,MCHC is not a recognized driver or early biomarker of AKI after cardiac surgery and is largely unrelated to renal perfusion. Early values are also influenced by hemodilution and transfusion.
13_24h_mean_corpuscular_hemoglobin_concentration_mean,0.01,Average MCHC in this window has no meaningful mechanistic link to postoperative creatinine rise. Any correlation would be incidental or via anemia/transfusion confounding.
25_36h_mean_corpuscular_hemoglobin_concentration_mean,0.01,"MCHC remains a weak, nonspecific hematologic index and does not directly inform renal injury risk. Prefer other anemia/oxygen delivery or hemodynamic features if available."
0_12h_mean_corpuscular_hemoglobin_concentration_max,0.01,Peak MCHC is not clinically used to predict AKI and may reflect lab artifact or transfusion-related shifts rather than renal pathophysiology. Keep minimal in the immediate post-op epoch.
13_24h_mean_corpuscular_hemoglobin_concentration_max,0.01,Maximum MCHC in the trajectory phase is not an established AKI predictor and offers little incremental information. Maintain a very low inclusion probability to preserve sparsity.
25_36h_mean_corpuscular_hemoglobin_concentration_max,0.01,MCHC is not a direct marker of renal perfusion or nephrotoxicity; postoperative shifts are more reflective of RBC indices/hemoconcentration than AKI biology. Any association with AKI would be indirect and weak.
0_12h_mean_corpuscular_hemoglobin_concentration_min,0.01,"Early postoperative MCHC minima are unlikely to causally relate to AKI and are often influenced by dilution/transfusion and lab variability. In the 0–12h epoch, transient changes are common and nonspecific."
13_24h_mean_corpuscular_hemoglobin_concentration_min,0.01,"MCHC minima in this window have no established mechanistic link to AKI compared with hemodynamics, urine output, or creatinine. Any signal would be indirect and likely redundant with anemia/volume status measures."
25_36h_mean_corpuscular_hemoglobin_concentration_min,0.01,"Even close to the outcome window, MCHC is not a recognized early biomarker of AKI and is more reflective of RBC characteristics and dilution. Prefer other anemia/oxygen delivery measures if needed."
0_12h_mean_corpuscular_hemoglobin_concentration_measured,0.01,Measurement frequency mainly reflects ordering behavior and routine CBC monitoring after cardiac surgery rather than AKI pathophysiology. In 0–12h this is especially standard-of-care and nonspecific.
13_24h_mean_corpuscular_hemoglobin_concentration_measured,0.01,"Repeated MCHC checks are typically part of routine CBC follow-up and do not specifically indicate impending AKI. As a behavioral proxy, it should remain very low importance."
25_36h_mean_corpuscular_hemoglobin_concentration_measured,0.02,"More frequent CBCs later may weakly proxy ongoing instability/bleeding/transfusion needs, which can correlate with AKI risk, but it is nonspecific. As a measured feature, it is capped low."
0_12h_hematocrit_mean,0.03,"Mean hematocrit reflects anemia/hemodilution affecting oxygen delivery, which can contribute indirectly to renal ischemia, but early post-bypass values are often transient. Use extremes (especially low nadir) to better capture insult, so mean is kept low."
13_24h_hematocrit_mean,0.04,"Persistently low average hematocrit may indicate ongoing anemia/bleeding/hemodilution and reduced oxygen delivery, indirectly increasing AKI risk. However, mean is less informative than nadir, so importance remains low."
25_36h_hematocrit_mean,0.05,"Sustained anemia closer to hour 60 can contribute to renal hypoxia and correlate with severity of illness, but the nadir still better captures the pathologic insult. Kept at the indirect-link cap to reduce collinearity with min/max."
0_12h_hematocrit_max,0.01,High hematocrit early is usually not a primary AKI driver and may reflect hemoconcentration or transfusion; it is less relevant than low hematocrit for renal oxygen delivery. Early epoch changes are also commonly transient.
13_24h_hematocrit_max,0.01,"Elevated hematocrit is not an established predictor of AKI in this context and is less mechanistically linked than hypotension, low Hct, or nephrotoxins. Any association would be weak and confounded."
25_36h_hematocrit_max,0.01,Later high hematocrit may reflect diuresis/hemoconcentration but is not a direct AKI biomarker and is less informative than low nadir hematocrit. Kept minimal to avoid redundancy.
0_12h_hematocrit_min,0.08,"Low hematocrit nadir can reflect significant hemodilution/bleeding and reduced oxygen delivery, plausibly contributing to renal ischemia after cardiac surgery. In 0–12h it is still limited by transient bypass-related dilution, so capped below 0.10."
13_24h_hematocrit_min,0.1,"A low hematocrit nadir in the trajectory phase suggests ongoing anemia/bleeding or inadequate correction, which can worsen renal oxygen delivery and correlate with AKI risk. This is a more pathologic signal than mean/max, so it is prioritized."
25_36h_hematocrit_min,0.14,"Low hematocrit close to the outcome window can indicate persistent anemia and impaired oxygen delivery, increasing susceptibility to renal hypoxic injury and AKI. As an extreme capturing the insult, it is more informative than mean/max in this epoch."
0_12h_hematocrit_measured,0.02,Measurement frequency mainly reflects clinician monitoring intensity rather than renal physiology; early post-op labs are routine after cardiac surgery. Weak indirect link to AKI risk via overall acuity only.
13_24h_hematocrit_measured,0.02,Ordering frequency is a behavioral proxy for instability/bleeding rather than a direct AKI mechanism. Still largely routine in the first post-op day.
25_36h_hematocrit_measured,0.03,"More frequent hematocrit checks in this later window may indicate ongoing bleeding/transfusion needs or hemodynamic concern, which can correlate with renal hypoperfusion. Still indirect and should remain low to avoid over-weighting practice patterns."
0_12h_absolute_basophil_count_mean,0.005,Basophil count has no established relationship to post-cardiac surgery AKI and is not a renal perfusion marker. Mean value in the immediate post-op period is unlikely to be informative.
13_24h_absolute_basophil_count_mean,0.005,No meaningful physiologic link between basophil count and AKI risk in this context. Mean aggregation adds little signal for acute organ injury.
0_12h_absolute_basophil_count_max,0.005,Transient basophil elevations are not known triggers or biomarkers of AKI after cardiac surgery. Extreme values here are more likely noise/lab variability.
13_24h_absolute_basophil_count_max,0.005,"Basophil maxima do not capture a recognized AKI pathway (perfusion, nephrotoxins, inflammation markers more relevant). Keep minimal to maintain sparsity."
0_12h_absolute_basophil_count_min,0.005,Basophil minima are not clinically used to assess renal risk or shock states. Likely reflects dilutional effects or lab noise rather than kidney injury.
13_24h_absolute_basophil_count_min,0.005,No established association between low basophils and AKI; not a hemodynamic or renal biomarker. Low importance to avoid spurious inclusion.
0_12h_absolute_basophil_count_measured,0.01,Frequency of differential counts is largely protocol-driven early after surgery and not specific to impending AKI. At most reflects general acuity.
13_24h_absolute_basophil_count_measured,0.01,"Repeat CBC differentials are common post-op and do not specifically indicate renal concern. Behavioral proxy only, so keep very low."
25_36h_absolute_basophil_count_measured,0.015,"More frequent CBC/differential later may reflect complications (infection/bleeding) that can secondarily increase AKI risk, but it is nonspecific. Keep below 0.05 per measurement-frequency rule."
0_12h_percent_lymphocytes_mean,0.01,Lymphocyte percentage is a nonspecific inflammation/stress marker and not a direct driver of renal hypoperfusion or nephrotoxicity. Mean in the immediate post-op window is unlikely to add AKI-specific signal.
13_24h_percent_lymphocytes_mean,0.015,"Persistent lymphopenia can reflect stress/inflammation and overall severity of illness, which may correlate with AKI risk indirectly. Still nonspecific and mean aggregation should remain low."
0_12h_percent_lymphocytes_max,0.01,"Max lymphocyte percentage is not a recognized AKI predictor and may fluctuate with hemodilution and leukocyte shifts post-CPB. Early extremes are common and transient, so keep conservative."
13_24h_percent_lymphocytes_max,0.015,"Later extremes may weakly reflect evolving inflammatory response or infection risk, which can contribute to AKI indirectly. Not a primary renal mechanism, so keep low and below 0.05."
0_12h_percent_lymphocytes_min,0.01,"Lymphocyte percentage is a nonspecific inflammation/stress marker and not a direct driver of postoperative AKI. Early post-op immune shifts are common and transient, limiting prognostic value for creatinine rise."
13_24h_percent_lymphocytes_min,0.02,"Persistent lymphopenia may reflect ongoing stress/inflammation or infection risk, which can indirectly relate to AKI. Still nonspecific and not a primary renal perfusion/toxin marker."
0_12h_percent_lymphocytes_measured,0.01,Measurement frequency mainly reflects ordering behavior (CBC monitoring) rather than renal physiology. Routine post-cardiac surgery labs make this a weak AKI predictor.
13_24h_percent_lymphocytes_measured,0.01,CBC ordering frequency is a proxy for acuity but is common in ICU care and not specific for impending AKI. Keep low to avoid behavioral confounding.
25_36h_percent_lymphocytes_measured,0.02,"More frequent CBCs late may indicate clinical concern (infection/instability) that can co-occur with AKI, but remains indirect. As an ordering proxy it should stay <0.05."
0_12h_random_vancomycin_level_measured,0.02,"Vancomycin exposure/monitoring can signal nephrotoxic risk, but in the immediate post-op window levels may be protocol-driven and not reflect evolving AKI. As a measured flag, it is an indirect proxy and should remain low."
13_24h_random_vancomycin_level_measured,0.03,"Random level monitoring suggests active vancomycin use and concern for dosing/renal clearance, which can relate to AKI risk. Still an ordering proxy rather than a physiologic insult, so keep <0.05."
25_36h_random_vancomycin_level_measured,0.04,"Late random vancomycin level checks may reflect changing renal clearance or heightened concern for nephrotoxicity, making it a slightly stronger AKI signal. Nonetheless it is behavioral/monitoring-based and capped <0.05."
0_12h_vancomycin_trough_measured,0.02,"Trough monitoring indicates vancomycin therapy, a known nephrotoxin, but early post-op troughs may be routine and not specific for AKI development. As a measured indicator, it remains an indirect predictor."
13_24h_vancomycin_trough_measured,0.03,"Ongoing trough monitoring can reflect continued exposure and attention to renal clearance, which is relevant to AKI risk. Still primarily an ordering proxy, so keep low."
25_36h_vancomycin_trough_measured,0.04,"Trough monitoring closer to the outcome may indicate concern for accumulation from reduced GFR and nephrotoxicity risk. Because it is not the trough value itself, keep <0.05."
0_12h_o2_saturation_mean,0.03,"Sustained hypoxemia can worsen renal medullary oxygenation and contribute to AKI, but early post-op oxygenation is often transiently affected by anesthesia/ventilation. Mean is also less sensitive than extremes for acute insults."
13_24h_o2_saturation_mean,0.05,"Ongoing lower oxygen saturation in the trajectory phase may reflect pulmonary/cardiac dysfunction and reduced systemic oxygen delivery, indirectly increasing AKI risk. Mean captures sustained exposure but remains an indirect hemodynamic/oxygenation marker."
25_36h_o2_saturation_mean,0.08,"Persistently reduced oxygen saturation closer to hour 60 suggests ongoing cardiopulmonary compromise and impaired oxygen delivery, which can contribute to renal ischemia and AKI. Mean is appropriate for sustained hypoxemia burden in this late window."
0_12h_o2_saturation_max,0.01,"Maximum oxygen saturation is typically near 100% with supplemental oxygen and does not capture hypoxemic insult relevant to AKI. To reduce collinearity with mean saturation, keep this very low."
13_24h_o2_saturation_max,0.01,Max saturation is not informative for renal risk because it reflects best-case oxygenation rather than hypoxemia burden. Prefer mean (or minimum if available) for pathology; cap to avoid redundancy.
25_36h_o2_saturation_max,0.01,Maximum SpO2 is usually near-normal with supplemental oxygen and is not a specific driver of renal hypoperfusion. Extremes on the low end (min) are more informative for AKI risk than high values.
0_12h_o2_saturation_min,0.05,"Early postoperative hypoxemia can contribute to renal ischemia, but in the immediate 0–12h period it is often transient and treatment-responsive. Kept modest due to epoch cap and limited specificity."
13_24h_o2_saturation_min,0.07,"Persistent hypoxemia in the trajectory phase suggests ongoing cardiopulmonary dysfunction and impaired oxygen delivery, which can worsen renal perfusion. Min captures the insult better than mean/max."
25_36h_o2_saturation_min,0.12,Late (25–36h) hypoxemia is a leading indicator of ongoing low oxygen delivery/shock physiology and is more predictive of subsequent AKI. The minimum value best reflects clinically meaningful desaturation episodes.
0_12h_o2_saturation_measured,0.01,"Measurement frequency mainly reflects monitoring intensity rather than a renal mechanism. In the immediate postoperative period, frequent SpO2 documentation is routine."
13_24h_o2_saturation_measured,0.01,SpO2 measurement frequency is largely standard ICU practice and a weak proxy for acuity. It adds little beyond the actual saturation extremes.
25_36h_o2_saturation_measured,0.02,"More frequent SpO2 checks may reflect respiratory instability, but it remains an indirect behavioral proxy. Capped low to avoid redundancy with SpO2 minima."
0_12h_alanine_aminotransferase_mean,0.01,ALT reflects hepatocellular injury rather than kidney function; mean values are nonspecific for AKI. Early postoperative fluctuations are common and not directly causal for creatinine rise.
0_12h_alanine_aminotransferase_max,0.03,"Marked early ALT elevation can indicate hypoperfusion/ischemic hepatitis, which may co-occur with shock states that predispose to AKI. Still indirect and limited by 0–12h epoch conservatism."
0_12h_alanine_aminotransferase_min,0.01,Low/normal ALT minima are not informative for AKI risk and do not represent a pathologic insult. Included only as negligible signal.
0_12h_alanine_aminotransferase_measured,0.01,ALT ordering frequency reflects clinician behavior and routine postoperative lab panels more than renal pathophysiology. Weak and nonspecific for impending AKI.
13_24h_alanine_aminotransferase_measured,0.01,"Repeat ALT testing may indicate concern for hepatic injury, but it is an indirect proxy and not kidney-specific. Kept very low to maintain sparsity."
25_36h_alanine_aminotransferase_measured,0.02,"Late repeat ALT checks can signal ongoing organ dysfunction, which may correlate with AKI risk, but remains indirect. Capped <0.05 per measurement-frequency rule."
0_12h_bun_mean,0.05,"BUN is kidney-related and can rise with reduced renal perfusion, but early postoperative values are confounded by hemodilution, catabolism, and fluids. Mean is less sensitive than later/trajectory measures and capped by 0–12h limit."
13_24h_bun_mean,0.1,Rising BUN in the trajectory phase suggests evolving renal dysfunction or sustained hypoperfusion and is a recognized AKI-associated marker. Mean over 12h captures sustained azotemia better than a single extreme here.
25_36h_bun_mean,0.18,"Sustained azotemia close to the outcome window is a strong direct predictor of subsequent creatinine rise and AKI. In 25–36h, BUN mean reflects ongoing renal impairment and volume/renal perfusion status."
0_12h_bun_max,0.05,"Elevated BUN can reflect reduced renal perfusion/catabolism and often tracks early renal dysfunction, but in the immediate post-op window it is confounded by hemodilution, transfusion, and protein load. Cap to limit redundancy with later-epoch BUN."
13_24h_bun_max,0.08,Persistently high BUN in the trajectory phase can indicate evolving renal hypoperfusion or early AKI physiology. Still indirect relative to creatinine and influenced by nutrition/bleeding.
25_36h_bun_max,0.12,Late-epoch BUN elevation is a closer leading indicator of impaired renal clearance and correlates with subsequent creatinine rise. Not definitive alone but more informative near hour-60 outcome.
0_12h_bun_min,0.01,Low BUN is not a typical trigger or marker of AKI and is often driven by dilutional effects post-bypass. Provides little prognostic signal for creatinine rise.
13_24h_bun_min,0.01,Lower-end BUN values are generally not mechanistically linked to AKI risk and are heavily confounded by fluid balance and nutrition. Weak relevance for predicting creatinine ratio.
25_36h_bun_min,0.01,BUN minima do not capture renal injury physiology; extremes of elevation are more relevant than low values. Minimal incremental value for AKI prediction.
0_12h_bun_measured,0.02,"Measurement frequency reflects clinician concern/acuity rather than renal physiology, and early post-op labs are routine. Weak proxy signal only."
13_24h_bun_measured,0.03,"More frequent BUN checks may indicate concern for renal dysfunction or instability, but remains a behavioral proxy and is common in ICU care. Keep low to avoid over-weighting practice patterns."
25_36h_bun_measured,0.04,"Late increased BUN monitoring can reflect emerging AKI suspicion and closer surveillance, modestly associated with subsequent creatinine rise. Still non-physiologic and should remain <0.05."
0_12h_amylase_measured,0.01,Amylase testing is not directly related to renal perfusion or AKI after cardiac surgery and is typically ordered for alternative diagnoses. Little expected predictive value.
13_24h_amylase_measured,0.01,Ordering amylase suggests evaluation for pancreatitis/abdominal pathology rather than kidney injury; any AKI association would be indirect via critical illness. Very weak predictor.
25_36h_amylase_measured,0.01,Amylase measurement frequency/value is not a kidney biomarker and is unlikely to add specific signal for creatinine rise beyond general illness severity. Keep minimal for sparsity.
0_12h_blood_ph_mean,0.03,"Average pH early post-op is influenced by transient respiratory/CPB-related acid-base shifts and treatment, making it a noisy AKI predictor. Acidemia can reduce renal perfusion but mean is less informative than extremes."
13_24h_blood_ph_mean,0.05,"Sustained acidemia in the trajectory phase can reflect shock, poor perfusion, or sepsis physiology that increases AKI risk. Mean pH is still a smoothed marker and less specific than extremes."
25_36h_blood_ph_mean,0.07,"Later persistent low pH suggests ongoing hypoperfusion/critical illness and is closer to the hour-60 creatinine outcome, supporting AKI risk. Mean remains indirect compared with hemodynamics or renal labs."
0_12h_blood_ph_max,0.01,Alkalemia (high pH) is not a typical driver of AKI and often reflects ventilation/bicarbonate therapy rather than renal injury. Early post-op maxima are particularly treatment-confounded.
13_24h_blood_ph_max,0.03,Alkalemia is usually less directly linked to AKI than acidemia; pH max often reflects ventilation/bicarbonate use rather than renal injury. Capped low to avoid redundancy with pH minima which better capture hypoperfusion-related acidosis.
25_36h_blood_ph_max,0.04,Later alkalemia may reflect ongoing ventilator strategy or bicarbonate administration and is not a primary AKI driver. Kept low to prioritize acidemia (pH min) as the more pathophysiologically relevant extreme.
0_12h_blood_ph_min,0.08,"Early postoperative acidemia can indicate low cardiac output, hypoperfusion, and shock physiology that predispose to AKI. Conservative scoring due to frequent transient derangements immediately after surgery (0–12h cap)."
13_24h_blood_ph_min,0.12,"Persistent or worsening acidemia in the trajectory phase suggests ongoing hypoperfusion/sepsis/respiratory failure, all associated with AKI risk. More informative than 0–12h because it reflects failure to stabilize."
25_36h_blood_ph_min,0.18,"Acidemia close to the outcome window is a strong marker of ongoing shock/poor perfusion and correlates with subsequent creatinine rise. As an extreme value, it captures acute physiologic insult relevant to renal tubular injury."
0_12h_blood_ph_measured,0.02,"Measurement frequency mainly reflects acuity and clinician behavior (e.g., frequent ABGs post-op) rather than a direct renal mechanism. Especially routine in the immediate post-bypass period."
13_24h_blood_ph_measured,0.03,"More frequent pH checks may indicate instability (ventilation/hemodynamics), indirectly associated with AKI risk, but remains a behavioral proxy. Kept <0.05 per rule."
25_36h_blood_ph_measured,0.04,"Ongoing frequent ABG/pH monitoring late may signal persistent critical illness and higher AKI risk, but it is not a physiologic biomarker itself. Scored low as a proxy feature."
0_12h_cholesterol_measured,0.0,Cholesterol testing is not mechanistically linked to acute postoperative AKI and is not typically ordered to assess renal perfusion. Likely reflects routine/lipid history rather than acute physiology.
13_24h_cholesterol_measured,0.0,Cholesterol measurement in ICU is not a meaningful predictor of creatinine rise after cardiac surgery. No plausible acute link to renal injury in this context.
25_36h_cholesterol_measured,0.0,Late cholesterol testing remains unrelated to AKI pathophysiology and is unlikely to reflect imminent renal failure. Treated as non-informative.
0_12h_absolute_lymphocyte_count_mean,0.01,Lymphopenia can reflect stress/inflammation but is a nonspecific marker and not an established AKI predictor post-cardiac surgery. Mean value is also less informative than extremes for acute insults.
13_24h_absolute_lymphocyte_count_mean,0.02,"Sustained lymphopenia may indicate ongoing systemic inflammation/critical illness, indirectly associated with AKI risk. Kept low because it is nonspecific and averaged over time."
0_12h_absolute_lymphocyte_count_max,0.005,High lymphocyte counts are not a recognized trigger for AKI and may reflect lab variability. Capped very low and deprioritized versus more relevant physiologic extremes.
13_24h_absolute_lymphocyte_count_max,0.005,Lymphocyte maxima are not clinically linked to renal hypoperfusion or nephrotoxicity in this setting. Low importance to avoid noise/collinearity with other lymphocyte summaries.
0_12h_absolute_lymphocyte_count_min,0.03,"Early lymphopenia can be a marker of surgical stress response and critical illness severity, which may correlate with AKI risk. Scored modestly but conservatively due to nonspecificity and 0–12h transient effects."
13_24h_absolute_lymphocyte_count_min,0.02,Lymphopenia can reflect stress/inflammation after surgery but is not a direct driver of renal hypoperfusion or nephrotoxicity. Use of the minimum adds limited AKI-specific signal and is likely confounded by overall illness severity.
0_12h_absolute_lymphocyte_count_measured,0.01,Measurement frequency mainly reflects ordering behavior/acuity rather than renal physiology. Early (0–12h) testing is routine post-op and weakly specific for impending AKI.
13_24h_absolute_lymphocyte_count_measured,0.02,"More frequent CBC differentials may indicate clinician concern for complications, but it is an indirect proxy and not kidney-specific. Keep low to avoid over-weighting practice-pattern effects."
25_36h_absolute_lymphocyte_count_measured,0.03,"In the 25–36h window, repeated checks may reflect evolving instability/infection that can contribute to AKI risk, but it remains a behavioral proxy. Not a direct biomarker of renal injury."
0_12h_gluccose_measured,0.01,Glucose measurement in the immediate post-op period is standard ICU care and not specific for AKI. As a measured/ordering feature it is primarily a practice-pattern signal.
13_24h_gluccose_measured,0.02,"More frequent glucose checks can indicate higher acuity (e.g., insulin infusion), which correlates with complications, but is not mechanistically tied to AKI. Keep low per measured-feature rule."
25_36h_gluccose_measured,0.03,"Late frequent glucose monitoring may reflect persistent critical illness and vasopressor/insulin needs, indirectly associated with AKI risk. Still an ordering proxy rather than a renal physiology marker."
0_12h_ck_measured,0.01,CK ordering frequency is not a direct renal biomarker and is often driven by concern for myocardial injury or rhabdomyolysis. In 0–12h it is uncommon and nonspecific for predicting creatinine rise at 60h.
13_24h_ck_measured,0.02,"Repeated CK checks may indicate concern for muscle injury/rhabdomyolysis which can cause AKI, but measurement frequency is an indirect proxy. Keep low to avoid capturing clinician behavior rather than physiology."
25_36h_ck_measured,0.03,"In the 25–36h window, ongoing CK monitoring could signal suspected rhabdomyolysis or ongoing ischemic injury, which can contribute to AKI. Still capped low because it reflects ordering intensity, not CK level."
0_12h_egfr_mean,0.05,Early post-op eGFR is derived from creatinine and can be distorted by hemodilution and non–steady-state kinetics immediately after bypass. Mean adds collinearity and is less informative than later values for predicting 60h creatinine ratio.
13_24h_egfr_mean,0.1,"By 13–24h, eGFR trends begin to reflect evolving renal dysfunction and is closer to the outcome trajectory. Mean eGFR still smooths extremes but can capture sustained impairment relevant to later creatinine rise."
25_36h_egfr_mean,0.25,"In 25–36h, eGFR (creatinine-derived) is a near-direct early indicator of evolving AKI and strongly predicts creatinine at 60h. Sustained reduction over this window is highly informative for subsequent creatinine ratio."
0_12h_egfr_max,0.01,"A higher (max) eGFR is not a pathologic trigger for AKI and is often influenced by dilutional low creatinine early after surgery. To reduce redundancy with eGFR_mean and avoid misleading signal, keep minimal."
13_24h_egfr_max,0.01,Max eGFR mainly reflects the best (least impaired) moment and is less relevant than low eGFR for AKI risk. Cap low to avoid collinearity with eGFR_mean and because extremes in the protective direction are not mechanistic.
25_36h_egfr_max,0.01,"Max eGFR in the leading-indicator window is not a direct marker of renal injury and can dilute the signal from impaired renal function. Keep very low to prioritize more pathologic summaries (e.g., low eGFR/creatinine rise) and reduce collinearity."
0_12h_egfr_min,0.1,Early postoperative low eGFR reflects reduced renal filtration from perioperative hypoperfusion/CPB effects and is an early marker of evolving AKI. Capped by 0–12h epoch limit and transient immediate post-op fluctuations.
13_24h_egfr_min,0.18,"Persistently low eGFR in the trajectory phase suggests failure to recover renal function and higher likelihood of subsequent creatinine rise. Strong early renal dysfunction signal, within the 13–24h cap."
25_36h_egfr_min,0.35,Low eGFR closest to hour-60 outcome is a direct functional biomarker of impaired filtration and strongly predicts higher creatinine_ratio. This window is the most proximal leading indicator of AKI progression.
0_12h_egfr_measured,0.02,Measurement frequency mainly reflects clinician concern and routine post-op lab protocols rather than renal physiology. In the immediate post-op period it is especially non-specific.
13_24h_egfr_measured,0.03,"More frequent eGFR/chemistry checks can indicate evolving instability or suspected AKI, but remains a behavioral proxy with substantial practice-pattern noise. Kept <0.05 per rule."
25_36h_egfr_measured,0.04,"Increased monitoring late may reflect recognized renal deterioration and can weakly predict worsening creatinine, but it is not a mechanistic driver. Scored just under 0.05 as a suspicion/acuity marker."
0_12h_ldh_measured,0.01,LDH ordering frequency is non-specific and reflects clinician behavior rather than kidney perfusion or filtration. LDH is not a standard early AKI biomarker in this context.
13_24h_ldh_measured,0.01,LDH measurement frequency may relate to hemolysis/ischemia workups but is too indirect and practice-dependent to predict creatinine_ratio. Kept at weak-evidence level.
25_36h_ldh_measured,0.02,"Late LDH checks could signal concern for hemolysis/ischemia (which can contribute to AKI), but remains an indirect behavioral proxy. Maintained <0.05."
0_12h_inr_mean,0.03,Average INR early post-op is influenced by CPB/heparin reversal and transfusion practices and is not a direct AKI driver. Mean is also less informative than extremes for acute coagulopathy-related shock/bleeding.
25_36h_inr_mean,0.04,"Sustained coagulopathy may correlate with hepatic dysfunction, bleeding/transfusion, and overall severity that can worsen renal perfusion, but the mean is a smoothed, indirect marker. Capped low to avoid redundancy with INR extremes."
0_12h_inr_max,0.05,"Peak INR may capture severe coagulopathy/bleeding risk and potential hemodynamic instability affecting renal perfusion, but early post-op elevations are often transient and protocol-driven. Scored modestly within 0–12h conservatism."
25_36h_inr_max,0.08,"High INR late suggests ongoing coagulopathy/organ dysfunction and may track with severity, transfusion, and hypotension that increase AKI risk. Max is preferred over mean/min as the more pathologic signal."
0_12h_inr_min,0.01,Low INR is generally not a trigger for AKI and is often clinically uninformative in this setting. Min adds collinearity without capturing a renal-relevant insult.
25_36h_inr_min,0.01,Minimum INR does not represent a renal injury mechanism and is unlikely to predict creatinine_ratio. Kept at weak-evidence level to reduce redundancy.
0_12h_inr_measured,0.02,"INR measurement frequency reflects monitoring intensity (e.g., bleeding/anticoagulation management) rather than renal physiology. Early post-op testing is routine and non-specific, so kept <0.05."
13_24h_inr_measured,0.03,Frequency of INR checks reflects bleeding/anticoagulation management and overall acuity rather than a direct renal mechanism; may correlate with complicated postoperative course that can predispose to AKI.
25_36h_inr_measured,0.04,"Later INR monitoring can indicate ongoing instability (bleeding, hepatic dysfunction, anticoagulation titration) that may co-occur with renal hypoperfusion, but it remains an indirect behavioral proxy."
0_12h_percent_eosinophils_mean,0.01,"Eosinophil percentage is not a typical driver or early marker of post-cardiac surgery AKI, and early postoperative leukocyte shifts are often nonspecific."
13_24h_percent_eosinophils_mean,0.01,Mean eosinophil percentage in this window has weak and nonspecific association with AKI; postoperative inflammatory patterns are common and not kidney-specific.
0_12h_percent_eosinophils_max,0.02,"A transient eosinophil spike could rarely suggest drug reaction/atheroembolic phenomena, but in the immediate post-op period it is usually nonspecific; capped low to avoid redundancy with other eosinophil aggregates."
13_24h_percent_eosinophils_max,0.03,"A higher eosinophil maximum later may weakly flag drug hypersensitivity or cholesterol embolization (rare AKI etiologies), but evidence is limited and nonspecific."
0_12h_percent_eosinophils_min,0.01,Low eosinophils are common with stress response and do not meaningfully predict AKI; also not a plausible causal pathway.
13_24h_percent_eosinophils_min,0.01,Minimum eosinophil percentage is not clinically informative for AKI risk and is largely driven by stress leukogram dynamics.
0_12h_percent_eosinophils_measured,0.01,Measurement frequency mainly reflects CBC ordering patterns (routine post-op care) rather than renal pathophysiology; early period capped very low.
13_24h_percent_eosinophils_measured,0.01,"CBC/eosinophil measurement count is a weak acuity proxy and typically routine in ICU care, with little specific linkage to AKI."
25_36h_percent_eosinophils_measured,0.02,"More frequent CBCs later may indicate complications/infection workup that can co-occur with AKI risk, but it remains indirect and nonspecific."
0_12h_ldl_cholesterol_measured,0.005,LDL testing is not relevant to acute postoperative renal perfusion or tubular injury and is usually unrelated to AKI prediction in this timeframe.
13_24h_ldl_cholesterol_measured,0.005,Ordering LDL in ICU is generally non-urgent and not mechanistically linked to AKI; likely reflects background cardiovascular risk assessment.
25_36h_ldl_cholesterol_measured,0.005,LDL measurement remains clinically irrelevant to near-term creatinine rise after surgery and provides no specific signal for AKI.
0_12h_mean_corpuscular_volume_mean,0.02,MCV reflects chronic anemia/nutritional status and transfusion patterns more than acute renal injury; early postoperative values are not kidney-specific and are capped conservatively.
13_24h_mean_corpuscular_volume_mean,0.03,"MCV may indirectly correlate with transfusion/hemolysis or chronic comorbidity burden, which can relate to AKI risk, but it is not an established direct predictor."
25_36h_mean_corpuscular_volume_mean,0.01,MCV is not a direct marker of renal perfusion or tubular injury; perioperative shifts are more related to anemia/transfusion and dilution. Any association with AKI is weak and nonspecific.
0_12h_mean_corpuscular_volume_max,0.01,"Early postoperative MCV extremes are usually driven by transfusion/dilution and are not mechanistically linked to AKI. In the immediate 0–12h window, transient lab variability is common and poorly predictive."
13_24h_mean_corpuscular_volume_max,0.01,MCV elevation in this epoch is nonspecific and not an established AKI predictor. It may reflect transfusion or macrocytosis rather than kidney injury.
25_36h_mean_corpuscular_volume_max,0.01,Later MCV maxima remain nonspecific for AKI and do not reflect renal function or perfusion. Any signal would likely be confounded by transfusion practices and anemia management.
0_12h_mean_corpuscular_volume_min,0.01,"Low MCV in the immediate postoperative period reflects baseline microcytosis or dilution and is not a driver of AKI. Given the early epoch, this is unlikely to add predictive value."
13_24h_mean_corpuscular_volume_min,0.01,MCV minima are not a recognized indicator of evolving AKI after cardiac surgery. Associations would be indirect (anemia/bleeding) and weak.
25_36h_mean_corpuscular_volume_min,0.01,MCV minima near 36h are still not physiologically tied to renal injury or hypoperfusion. Any relationship is likely mediated by anemia/transfusion and is nonspecific.
0_12h_mean_corpuscular_volume_measured,0.01,"Measurement frequency mainly reflects routine CBC ordering after surgery rather than specific concern for AKI. As a behavioral proxy, it should be kept very low."
13_24h_mean_corpuscular_volume_measured,0.01,CBC/MCV measurement counts are largely protocolized in ICU care and not specific to renal risk. This is a weak behavioral signal for AKI.
25_36h_mean_corpuscular_volume_measured,0.01,Even later measurement frequency is more reflective of general acuity/monitoring than kidney-specific concern. It provides minimal incremental information for creatinine rise prediction.
0_12h_mean_platelet_volume_mean,0.02,"Mean platelet volume can correlate with inflammation/platelet activation, which may relate indirectly to postoperative organ dysfunction, but it is not an established AKI predictor. Early 0–12h values are often transient after CPB."
13_24h_mean_platelet_volume_mean,0.03,"Sustained MPV elevation may reflect ongoing inflammatory/thrombotic milieu that can accompany AKI risk, but evidence is indirect. Kept low to avoid over-weighting a nonspecific marker."
25_36h_mean_platelet_volume_mean,0.04,"In the 25–36h leading window, persistently abnormal MPV may weakly track systemic inflammation/critical illness severity associated with AKI. Still nonspecific, so inclusion probability remains <0.05."
0_12h_mean_platelet_volume_max,0.02,"MPV maxima may capture acute inflammatory/platelet activation spikes after surgery, but links to AKI are indirect. In the immediate postoperative epoch, this is conservative and low."
13_24h_mean_platelet_volume_max,0.03,"A higher MPV peak during the trajectory phase could reflect worsening systemic inflammation, which can accompany AKI, but it is not a direct renal biomarker. Scored low to limit redundancy with MPV mean."
25_36h_mean_platelet_volume_max,0.05,"A late MPV peak may best capture an acute inflammatory/platelet activation insult closer to the creatinine outcome, making it the most plausible MPV aggregation. Capped at 0.05 to reduce collinearity with MPV mean."
0_12h_mean_platelet_volume_min,0.01,MPV is not a direct marker of renal perfusion or tubular injury; perioperative shifts are common and nonspecific. Early (0–12h) values are especially confounded by surgery/CPB effects.
13_24h_mean_platelet_volume_min,0.01,Low MPV has at most an indirect association with inflammation/consumption and is not an established AKI predictor. Trajectory-phase signal is weak and likely redundant with other acuity markers.
25_36h_mean_platelet_volume_min,0.02,"Later low MPV could reflect ongoing inflammatory/consumptive physiology, but links to AKI are indirect. Not a renal biomarker and likely adds little beyond hemodynamics/labs."
0_12h_mean_platelet_volume_measured,0.01,Measurement frequency mainly reflects ordering behavior and routine post-op lab panels rather than kidney pathophysiology. In the immediate post-op window it is unlikely to indicate impending AKI specifically.
13_24h_mean_platelet_volume_measured,0.02,"More frequent MPV/CBC checks may reflect clinical concern/bleeding or instability, indirectly related to AKI risk. Still primarily a behavior proxy and should remain low."
25_36h_mean_platelet_volume_measured,0.03,"Increased lab monitoring closer to hour 60 can indicate higher acuity and evolving organ dysfunction, which correlates with AKI risk. Nonetheless it is not mechanistic and should be kept <0.05."
0_12h_lactate_mean,0.05,"Elevated lactate reflects global hypoperfusion/low cardiac output that can precipitate AKI, but early post-CPB lactate is often transient. Mean is less informative than extremes for acute insult."
13_24h_lactate_mean,0.1,"Persistently elevated lactate in the trajectory phase suggests ongoing shock/poor perfusion, a recognized driver of AKI after cardiac surgery. Mean captures sustained hypoperfusion over this window."
0_12h_lactate_max,0.08,"Peak lactate captures the worst early hypoperfusion/oxygen debt, which can contribute to renal ischemia. Score is conservative due to common transient post-op elevations in 0–12h (cap 0.10)."
13_24h_lactate_max,0.18,"A high lactate peak during 13–24h strongly indicates ongoing or recurrent hypoperfusion/shock, a direct pathway to AKI. Max is preferred over mean/min to reduce collinearity and capture acute insult."
0_12h_lactate_min,0.01,Minimum lactate mainly reflects best-case perfusion and is not a trigger for AKI; it is also redundant with max/mean. Early window values are particularly nonspecific.
13_24h_lactate_min,0.02,"A higher 'minimum' could imply failure to clear lactate, but this is an indirect and collinear way to represent the same physiology as max/mean. Prefer max for capturing hypoperfusion insult."
0_12h_lactate_measured,0.03,"More frequent lactate checks can indicate clinician concern for shock/poor perfusion, indirectly associated with AKI risk. Still a behavior proxy and should remain <0.05."
13_24h_lactate_measured,0.04,"Repeated lactate monitoring in 13–24h often reflects ongoing hemodynamic instability and resuscitation, which correlates with AKI risk. Kept low because it is not a physiologic measurement itself."
25_36h_lactate_measured,0.04,Continued lactate surveillance late suggests persistent concern for hypoperfusion/organ dysfunction near the outcome window. Nonetheless it remains an ordering-intensity proxy and is capped <0.05.
0_12h_alkaline_phosphatase_mean,0.01,Alkaline phosphatase reflects hepatobiliary/bone processes and is not an established predictor of post-cardiac surgery AKI. Early post-op changes are nonspecific and unlikely to add renal prognostic value.
0_12h_alkaline_phosphatase_max,0.01,Alkaline phosphatase reflects cholestasis/bone turnover rather than renal perfusion or tubular injury; weak link to AKI in this context. Early post-op fluctuations are common and nonspecific.
0_12h_alkaline_phosphatase_min,0.01,Low alkaline phosphatase is not a recognized driver or marker of post-cardiac surgery AKI. Likely reflects baseline variation or dilutional effects rather than kidney injury.
0_12h_alkaline_phosphatase_measured,0.01,"Measurement frequency mainly reflects ordering behavior and routine post-op lab panels, not a renal mechanism. In the immediate 0–12h period it is unlikely to indicate impending AKI specifically."
13_24h_alkaline_phosphatase_measured,0.01,"Repeat ALP ordering is generally related to hepatic/biliary evaluation or routine labs, not kidney-specific concern. As a behavioral proxy it provides minimal incremental AKI signal."
25_36h_alkaline_phosphatase_measured,0.01,"Even close to the outcome window, ALP measurement frequency is not a typical trigger for AKI surveillance compared with creatinine/urine output. Thus it remains a weak, nonspecific proxy."
0_12h_red_cell_distribution_width_mean,0.02,"RDW is an indirect marker of inflammation, anemia, and physiologic stress, which can correlate with worse outcomes including AKI, but it is not kidney-specific. Use mean is also collinear with extremes and less reflective of acute insult."
13_24h_red_cell_distribution_width_mean,0.03,"Persistently elevated RDW may reflect ongoing inflammation/critical illness severity associated with AKI risk, but remains indirect. Mean aggregation is less informative than extremes for acute deterioration."
25_36h_red_cell_distribution_width_mean,0.04,"Later RDW may capture sustained illness severity and transfusion/hemolysis patterns that track with AKI risk, but it is still nonspecific. Mean is retained at low importance to limit redundancy with max/min."
0_12h_red_cell_distribution_width_max,0.04,"An early RDW spike can reflect acute hemolysis, transfusion effects, or systemic stress after bypass, which may correlate with AKI risk, but evidence is indirect. Capped conservatively due to 0–12h transient post-op effects."
13_24h_red_cell_distribution_width_max,0.05,"A higher RDW maximum during the trajectory phase may better capture evolving inflammation/hemolysis and overall severity, which can precede AKI. Still an indirect predictor, so kept at the plausible-link cap."
25_36h_red_cell_distribution_width_max,0.06,"A late RDW maximum may reflect ongoing critical illness, transfusion burden, or hemolysis that tracks with subsequent AKI, making it the most informative RDW aggregation. Importance remains modest because it is not a direct renal biomarker."
0_12h_red_cell_distribution_width_min,0.01,RDW minimum is not physiologically linked to AKI and is often driven by baseline values or measurement noise. It adds little beyond other RDW summaries.
13_24h_red_cell_distribution_width_min,0.01,A low RDW is not a recognized risk factor for AKI; minimum values are generally uninformative for renal outcomes. Kept minimal to avoid collinearity with other RDW features.
25_36h_red_cell_distribution_width_min,0.01,RDW minimum near 36h does not capture a plausible AKI mechanism and is unlikely to add predictive value. Prefer max over min for severity-related signal.
0_12h_red_cell_distribution_width_measured,0.01,CBC/RDW measurement frequency is largely routine post-op monitoring and not specific to renal concern. As a behavioral proxy in the immediate period it provides minimal AKI signal.
13_24h_red_cell_distribution_width_measured,0.01,More frequent CBC checks may reflect general acuity/bleeding evaluation rather than kidney-specific risk. Behavioral proxy features are kept very low to maintain sparsity.
25_36h_red_cell_distribution_width_measured,0.01,Measurement frequency mainly reflects clinician ordering behavior rather than renal physiology. RDW itself is not a direct perioperative AKI marker in this setting.
0_12h_chloride_mean,0.02,Mean chloride early post-op is influenced by resuscitation fluids and is often transient. Extremes (especially hyperchloremia) are more informative than the average for AKI risk.
13_24h_chloride_mean,0.03,"Sustained hyperchloremia can reflect ongoing saline load and may contribute to renal vasoconstriction, but mean values are still less specific than extremes. Moderate relevance in the trajectory phase."
25_36h_chloride_mean,0.05,Persistently elevated chloride closer to the outcome can indicate continued high-chloride fluid exposure and metabolic derangements associated with AKI. Still less specific than maxima for capturing the insult.
0_12h_chloride_max,0.06,"Early hyperchloremia can occur with large-volume normal saline and is plausibly linked to reduced renal perfusion via vasoconstriction. In the immediate post-op window, derangements are common, so score is conservative."
13_24h_chloride_max,0.1,"Peak chloride during 13–24h may reflect ongoing high-chloride resuscitation and persistent metabolic stress, which are established contributors to AKI risk. Max better captures the pathologic exposure than mean/min."
25_36h_chloride_max,0.14,Peak chloride in the 25–36h leading-indicator window suggests continued hyperchloremic exposure and physiologic stress close to the creatinine outcome. This extreme is more likely to track clinically meaningful risk than averages.
0_12h_chloride_min,0.01,Low chloride is less directly linked to post-cardiac surgery AKI than hyperchloremia and often reflects dilutional states or lab variability. Early post-op values are frequently transient.
13_24h_chloride_min,0.01,Hypochloremia is not a typical direct driver of AKI in this context and is less mechanistically tied to renal hypoperfusion than hyperchloremia. Limited incremental prognostic value.
25_36h_chloride_min,0.01,"Low chloride near 36h is still not a strong or specific AKI predictor compared with hyperchloremia or hemodynamic/renal markers. Likely reflects non-renal factors (dilution, diuretics) with weak specificity."
0_12h_chloride_measured,0.02,"More frequent chloride checks reflect acuity and fluid/electrolyte management rather than a direct renal mechanism. Early post-op labs are routine, limiting its specificity for impending AKI."
13_24h_chloride_measured,0.03,"Increased measurement frequency may indicate ongoing instability or aggressive fluid management, indirectly associated with AKI risk. Still primarily a behavior/acuity proxy and should remain low."
25_36h_chloride_measured,0.04,"Frequent chloride monitoring late may signal persistent metabolic derangement or clinician concern, which can correlate with AKI risk. Nonetheless it is not a physiologic driver and is capped below 0.05."
0_12h_hdl_cholesterol_measured,0.01,HDL measurement is not part of acute AKI physiology and is rarely ordered for renal risk assessment post-cardiac surgery. This is largely unrelated to short-term creatinine rise.
13_24h_hdl_cholesterol_measured,0.01,Ordering HDL in the ICU is atypical and does not reflect a direct mechanism for AKI. Any association would be incidental rather than causal or predictive.
25_36h_hdl_cholesterol_measured,0.01,"HDL measurement frequency is not a meaningful marker of renal perfusion, nephrotoxicity, or evolving AKI in this timeframe. Expected to add noise rather than predictive signal."
0_12h_percent_neutrophils_mean,0.01,Early postoperative neutrophil predominance mainly reflects surgical stress/inflammation and is not a specific driver of AKI. Mean value is also less informative than extremes for acute insults.
13_24h_percent_neutrophils_mean,0.02,"Persistent inflammation may correlate with illness severity and risk of organ dysfunction, but neutrophil percent is nonspecific for renal injury. Mean aggregation is not a primary AKI signal."
0_12h_percent_neutrophils_max,0.02,"A high peak neutrophil percent can indicate acute inflammatory response or infection concern, indirectly associated with AKI risk. In the immediate 0–12h window this is often transient and nonspecific."
13_24h_percent_neutrophils_max,0.03,"A higher peak in the trajectory phase may reflect evolving infection/SIRS and greater physiologic stress, which can contribute to AKI risk. Still an indirect marker rather than a renal-specific predictor."
0_12h_percent_neutrophils_min,0.01,Low neutrophil percent is not a typical mechanistic trigger for postoperative AKI and is often driven by relative lymphocytosis or lab variability. Limited prognostic specificity in the immediate postoperative period.
13_24h_percent_neutrophils_min,0.01,Minimum neutrophil percent is not an established AKI predictor and is generally not linked to renal hypoperfusion or nephrotoxicity. Likely redundant/noisy.
0_12h_percent_neutrophils_measured,0.01,Measurement frequency reflects ordering behavior (CBC monitoring) and is routine after cardiac surgery. It is not a direct physiologic mechanism for AKI and should be kept very low.
13_24h_percent_neutrophils_measured,0.02,"More frequent CBCs may indicate clinician concern for infection/instability, indirectly associated with AKI risk. Still primarily a care-intensity proxy and should remain low."
25_36h_percent_neutrophils_measured,0.03,Increased measurement frequency closer to outcome may reflect evolving complications (infection/shock) that raise AKI risk. Nonetheless it is a behavioral proxy and not renal-specific.
0_12h_albumin_mean,0.03,"Hypoalbuminemia relates to hemodilution, capillary leak, and illness severity, which can predispose to AKI via reduced effective circulating volume. Mean in 0–12h is heavily influenced by fluids/CPB and is less specific."
0_12h_albumin_max,0.01,Higher albumin peaks are not a recognized AKI risk signal and may reflect less hemodilution. Not a plausible causal marker for postoperative renal injury.
0_12h_albumin_min,0.06,"A low albumin nadir can indicate significant hemodilution/capillary leak and reduced oncotic pressure, associated with worse postoperative outcomes including AKI. Among albumin aggregations, the minimum best captures the adverse extreme (kept within 0–12h cap)."
0_12h_albumin_measured,0.01,Albumin ordering frequency is largely protocolized or nutrition/volume-status related and not a direct AKI mechanism. As a measurement-count proxy it should be minimal.
13_24h_albumin_measured,0.02,"More frequent albumin checks may reflect ongoing instability, large fluid shifts, or concern for capillary leak, indirectly linked to AKI risk. Still a behavioral proxy and should remain low."
25_36h_albumin_measured,0.03,"Closer to hour 60, repeated albumin testing may indicate persistent critical illness and aggressive fluid/oncotic management, which correlates with AKI risk. Nonetheless it is not a physiologic biomarker and should stay <0.05."
0_12h_triglycerides_measured,0.01,Triglyceride measurement is not a standard AKI predictor post-cardiac surgery and is usually related to nutrition/propofol monitoring rather than renal perfusion. Weak and nonspecific link to creatinine rise.
13_24h_triglycerides_measured,0.01,"Ordering triglycerides is not mechanistically linked to renal hypoperfusion or tubular injury; it mainly reflects nutrition/propofol monitoring or general acuity. As a measured/behavioral proxy, it should remain very low."
25_36h_triglycerides_measured,0.01,"Triglyceride measurement frequency is not a direct AKI predictor and is largely driven by ICU practice patterns (e.g., propofol, TPN). As a measured feature, it is capped very low."
0_12h_hemoglobin_mean,0.03,"Anemia/hemodilution can reduce renal oxygen delivery, but early post-bypass hemoglobin is often transient and treatment-related. Mean is also less informative than the nadir for ischemic risk in this window."
13_24h_hemoglobin_mean,0.04,"Persistently lower hemoglobin may contribute to reduced renal oxygen delivery during the trajectory phase, but mean is still less specific than the minimum. Kept low to avoid collinearity with hemoglobin_min."
25_36h_hemoglobin_mean,0.05,"Sustained anemia closer to the outcome can worsen renal medullary hypoxia and correlate with bleeding/transfusion burden. Mean remains less pathophysiologically specific than the nadir, so capped at 0.05."
0_12h_hemoglobin_max,0.01,Higher hemoglobin in the immediate post-op period is not a typical driver of AKI and may reflect transfusion or hemoconcentration without clear causal linkage. Extreme high values are less relevant than low nadirs for renal ischemia.
13_24h_hemoglobin_max,0.01,Hemoglobin maxima are not established predictors of AKI compared with anemia/nadir hemoglobin. Likely redundant with other hemoglobin summaries and not mechanistically compelling.
25_36h_hemoglobin_max,0.01,A high hemoglobin value is not a direct marker of renal injury and is generally less informative than low hemoglobin for renal oxygen delivery. Kept minimal to reduce redundancy.
0_12h_hemoglobin_min,0.08,"The hemoglobin nadir captures acute anemia/hemodilution and potential renal oxygen delivery compromise after CPB, which can contribute to ischemic tubular injury. Early period is capped conservatively per epoch rule."
13_24h_hemoglobin_min,0.12,"A low hemoglobin nadir during 13–24h suggests ongoing bleeding/hemodilution or inadequate oxygen delivery, which is a recognized contributor to AKI risk. More informative than mean/max and allowed moderate weight in this epoch."
25_36h_hemoglobin_min,0.18,"A low hemoglobin nadir in the 25–36h window is a strong leading indicator of inadequate oxygen delivery and ongoing critical illness, both associated with subsequent creatinine rise. This aggregation best captures the relevant pathology among hemoglobin summaries."
0_12h_hemoglobin_measured,0.02,"More frequent hemoglobin checks reflect clinician concern for bleeding/instability rather than a direct renal mechanism. As a measurement-frequency proxy in the immediate post-op period, it should remain low."
13_24h_hemoglobin_measured,0.03,"Increased hemoglobin monitoring may indicate ongoing bleeding/transfusion needs and higher acuity, indirectly associated with AKI risk. Still a behavioral proxy, so kept <0.05."
25_36h_hemoglobin_measured,0.04,"Frequent hemoglobin measurement late in the first 36h suggests persistent instability or bleeding, which can correlate with renal hypoperfusion risk. As a measured feature, it remains capped below 0.05."
0_12h_teg_fibrinogen_activity_measured,0.01,"TEG fibrinogen testing reflects coagulation management/bleeding evaluation rather than renal physiology. As a measured proxy in the immediate post-op period, it has weak direct relevance to creatinine rise."
13_24h_teg_fibrinogen_activity_measured,0.02,"Ordering TEG fibrinogen may indicate ongoing bleeding/coagulopathy and higher illness severity, which can indirectly relate to AKI via hypotension/transfusion. Still primarily a behavioral marker, so kept very low."
25_36h_teg_fibrinogen_activity_measured,0.01,"Measurement frequency reflects clinician concern about bleeding/coagulopathy rather than renal physiology. Only an indirect link to AKI via shock/transfusion burden, so keep very low."
0_12h_activated_clotting_time_mean,0.01,ACT reflects anticoagulation/CPB management and is not a direct driver of renal injury. Mean value is also less informative than extremes for acute insult and is in the immediate post-op window.
0_12h_activated_clotting_time_max,0.03,"Very high ACT may indicate prolonged heparin effect/CPB complexity and can correlate with bleeding/transfusion and hemodynamic instability, indirectly affecting renal perfusion. Still indirect and in 0–12h, so conservative."
0_12h_activated_clotting_time_min,0.01,"Low ACT mainly reflects anticoagulation reversal adequacy and thrombosis risk, not a typical AKI mechanism. Weak and indirect association with creatinine rise."
0_12h_activated_clotting_time_measured,0.01,"More frequent ACT checks are a care-process marker (procedural/bleeding management) rather than a physiologic AKI predictor. Behavioral proxy only, so very low."
13_24h_activated_clotting_time_measured,0.01,"Ongoing ACT monitoring suggests continued anticoagulation management but does not directly indicate renal injury. As a measurement-count feature, keep <0.05."
25_36h_activated_clotting_time_measured,0.02,"Late ACT monitoring may indicate ongoing bleeding/ECMO/assist device or anticoagulation needs, which can accompany shock and AKI risk. Still a behavioral proxy, so capped low."
0_12h_aspartate_aminotransferase_mean,0.02,"AST elevation can reflect hepatic/ischemic injury from low-flow states that also predispose to AKI, but mean smooths acute peaks. In 0–12h, transient post-op changes are common, so low."
0_12h_aspartate_aminotransferase_max,0.06,"High AST peak early after surgery can be a marker of ischemic hepatitis/low cardiac output or massive transfusion, which strongly correlates with renal hypoperfusion risk. Still in the immediate 0–12h window, so capped at 0.10."
0_12h_aspartate_aminotransferase_min,0.01,Low AST is not clinically meaningful for AKI prediction. Provides little signal beyond baseline variability.
0_12h_aspartate_aminotransferase_measured,0.02,"More frequent AST checks may reflect clinician concern for shock or hepatic injury, indirectly associated with AKI risk. As a measurement-frequency feature, keep <0.05."
13_24h_aspartate_aminotransferase_measured,0.03,"Continued AST monitoring in the trajectory phase may indicate ongoing instability/organ injury, which can co-occur with evolving AKI. Still a behavioral proxy, so low."
25_36h_aspartate_aminotransferase_measured,0.04,"Late repeated AST testing may signal persistent low-flow state or multiorgan dysfunction closer to the 60h creatinine outcome. As a measurement-count proxy, remain <0.05."
0_12h_total_protein_mean,0.01,"Total protein is influenced by dilution, nutrition, and inflammation and is not a direct AKI predictor. Mean values in the immediate post-op period are especially nonspecific."
0_12h_total_protein_max,0.01,Higher total protein is rarely a driver of AKI and may reflect hemoconcentration without clear causal linkage. Weak and nonspecific in 0–12h.
0_12h_total_protein_min,0.03,"Low total protein can reflect hemodilution/capillary leak and may correlate with fluid overload and severity of illness, indirectly affecting renal outcomes. Still indirect and early, so conservative."
0_12h_total_protein_measured,0.01,"Measurement frequency mainly reflects ordering behavior rather than renal physiology, and total protein is not a standard early AKI marker. Early (0–12h) labs are often routine post-op panels."
13_24h_total_protein_measured,0.01,Ordering frequency for total protein is a weak proxy for acuity and not specific to kidney injury. Not a direct driver of creatinine rise.
25_36h_total_protein_measured,0.01,"Even close to the outcome window, total protein ordering frequency is nonspecific and unlikely to add independent AKI signal beyond core renal/hemodynamic variables. Keep very low to preserve sparsity."
0_12h_hemoglobin_a1c_measured,0.01,HbA1c reflects chronic glycemic control/diabetes risk but the 'measured' flag is primarily clinician behavior and often pre-op/routine. In the immediate post-op window it is not informative for evolving AKI.
13_24h_hemoglobin_a1c_measured,0.01,"HbA1c measurement during ICU stay is uncommon and, as a measurement indicator, is not a physiologic AKI predictor. Any diabetes signal should be captured by comorbidity variables rather than this proxy."
25_36h_hemoglobin_a1c_measured,0.01,HbA1c ordering at 25–36h is still a nonspecific behavioral marker and not linked to acute renal perfusion or tubular injury. Cap at minimal importance.
0_12h_co2_mean,0.03,"Mean serum CO2 (bicarbonate) reflects acid–base status, but early post-bypass shifts are common and transient. Average values are less informative than extremes for AKI-related metabolic acidosis."
13_24h_co2_mean,0.04,"Persistently low bicarbonate can indicate ongoing shock/lactic acidosis or early renal dysfunction, but the mean smooths important insults. Moderate-low importance given trajectory-phase relevance."
25_36h_co2_mean,0.05,"Sustained metabolic acidosis closer to hour 60 can accompany worsening renal function or poor perfusion, but mean is still less specific than the minimum. Capped to reduce collinearity with CO2_min."
0_12h_co2_max,0.01,"High CO2/bicarbonate (metabolic alkalosis) is not a typical direct trigger for AKI and is often iatrogenic (diuretics, transfusions). Early post-op values are especially nonspecific."
13_24h_co2_max,0.01,CO2_max mainly captures alkalosis/compensation and is not a strong mechanistic predictor of creatinine rise. Keep minimal to avoid redundancy with other CO2 summaries.
25_36h_co2_max,0.01,"Even near the outcome window, elevated bicarbonate is not a direct AKI biomarker and is often treatment-related. Low importance for sparsity and collinearity control."
0_12h_co2_min,0.08,"Low bicarbonate (metabolic acidosis) can reflect hypoperfusion/shock and is associated with subsequent AKI, but immediate post-op derangements are common. Scored higher than mean/max but capped by 0–12h rule."
13_24h_co2_min,0.12,"A low CO2 minimum in the trajectory phase suggests persistent metabolic acidosis from ongoing hypoperfusion or evolving renal dysfunction, both linked to AKI risk. More informative than mean/max for capturing acute insult."
25_36h_co2_min,0.18,"Low bicarbonate close to hour 60 is a strong leading indicator of worsening renal function and/or sustained shock, both directly associated with creatinine rise. Minimum best captures the pathologic extreme, so it is prioritized over mean/max."
0_12h_co2_measured,0.02,Frequency of CO2 measurement reflects monitoring intensity and illness severity but is largely routine after cardiac surgery. As a behavioral proxy it should remain <0.05.
13_24h_co2_measured,0.02,Measurement frequency mainly reflects clinician concern/acuity rather than a direct renal mechanism. In the 13–24h trajectory phase it may weakly proxy evolving respiratory/hemodynamic instability but is nonspecific for AKI.
25_36h_co2_measured,0.03,"More frequent CO2 checks closer to hour 60 can indicate worsening critical illness (shock/ventilation issues) that correlates with AKI risk, but it remains an indirect behavioral proxy. Kept <0.05 per rules."
0_12h_bnp_measured,0.02,"Ordering BNP early post-op is a nonspecific marker of suspected cardiac dysfunction/volume issues, not a direct kidney injury biomarker. In the immediate 0–12h period it is especially confounded by transient post-bypass physiology."
13_24h_bnp_measured,0.03,"BNP ordering in 13–24h may reflect concern for heart failure/venous congestion, which can contribute to renal hypoperfusion and congestion-related AKI. Still primarily a clinician-behavior proxy, so capped <0.05."
25_36h_bnp_measured,0.04,"BNP measurement closer to the outcome may indicate persistent/worsening cardiac dysfunction and venous congestion, both linked to cardiorenal AKI after cardiac surgery. Nonetheless it is not the BNP value itself, so kept below 0.05."
0_12h_pco2_mean,0.02,"Average PCO2 in the first 12h is heavily influenced by ventilation strategy and transient post-op changes, with only indirect links to renal perfusion. Extremes would be more informative than mean for acute insult, so mean is down-weighted."
13_24h_pco2_mean,0.03,"Sustained hypercapnia can reflect ongoing respiratory failure and acidosis that may worsen renal perfusion, but mean values are less specific than extremes. Scored low to avoid collinearity with max/min features."
25_36h_pco2_mean,0.04,"Persistently abnormal PCO2 closer to hour 60 may indicate ongoing respiratory failure and acid-base stress associated with multi-organ dysfunction and AKI. Mean is still less pathophysiologically specific than extremes, so kept modest."
0_12h_pco2_max,0.05,"Acute hypercapnia episodes can signal hypoventilation/low cardiac output states and respiratory acidosis that may impair renal perfusion, but early post-op derangements are common and transient. Max is preferred over mean for capturing insult, within the 0–12h cap."
13_24h_pco2_max,0.07,"High PCO2 spikes during 13–24h suggest evolving respiratory failure or inadequate perfusion/ventilation, correlating with severity of illness and AKI risk. Max captures acute insult better than mean, so it is prioritized."
25_36h_pco2_max,0.1,"Hypercapnic extremes in the 25–36h window can reflect significant respiratory failure and acidemia near the outcome time, often accompanying hemodynamic compromise that predisposes to AKI. Max is the most informative aggregation among PCO2 summaries."
0_12h_pco2_min,0.02,"Low PCO2 typically reflects hyperventilation and is less directly linked to renal ischemic injury than hypercapnia; it may also be iatrogenic. In 0–12h it is particularly nonspecific, so kept low."
13_24h_pco2_min,0.02,Hypocapnia is generally a weaker and less consistent driver of AKI than hypercapnia and often reflects ventilator settings rather than pathology. Min is therefore low-importance relative to max.
25_36h_pco2_min,0.03,"Marked hypocapnia close to hour 60 may indicate aggressive ventilation or evolving sepsis/compensation, but links to AKI are indirect and inconsistent. Kept low to prioritize more mechanistic predictors."
0_12h_pco2_measured,0.02,"Frequency of PCO2 checks reflects monitoring intensity and perceived instability rather than a direct renal injury pathway. Early post-op frequent ABGs are routine, limiting specificity for AKI."
13_24h_pco2_measured,0.03,"More frequent PCO2 measurements in 13–24h can indicate respiratory/hemodynamic instability associated with AKI risk, but it remains an indirect proxy. Scored below 0.05 per measurement-frequency rule."
25_36h_pco2_measured,0.02,"Measurement frequency reflects clinician concern/acuity rather than a direct renal mechanism. Hypercapnia/ventilation issues can correlate with shock severity, but the count of checks is a weak proxy for AKI risk."
0_12h_indirect_bilirubin_measured,0.01,"Ordering indirect bilirubin early post-op is mostly a nonspecific marker of illness/hemolysis workup and not a direct AKI driver. In the immediate 0–12h window, this is especially noisy and transient."
13_24h_indirect_bilirubin_measured,0.02,"Test frequency may reflect evolving concern for hemolysis/hepatic dysfunction, which can co-occur with low-flow states. Still, it is an indirect behavioral proxy and not a renal biomarker."
25_36h_indirect_bilirubin_measured,0.03,"Persistent need to check indirect bilirubin later may indicate ongoing hemolysis/organ dysfunction and higher overall acuity, which can track with AKI risk. However it remains a measurement-frequency proxy, not a direct predictor."
0_12h_calcium_mean,0.02,"Mean calcium in the immediate post-bypass period is influenced by transfusion/citrate and replacement and is often transient. Average levels are less informative than extremes for physiologic insult, and early epoch scoring is conservative."
13_24h_calcium_mean,0.03,"Sustained calcium abnormalities can reflect ongoing critical illness and transfusion burden, indirectly relating to AKI risk. Mean is still less specific than minima/maxima for clinically relevant derangements."
25_36h_calcium_mean,0.04,"Later persistent calcium derangement may reflect ongoing critical illness, massive transfusion, or endocrine/metabolic instability that can accompany AKI. Mean remains a smoothed measure and is less mechanistically tied than extremes."
0_12h_calcium_max,0.01,"Hypercalcemia is not a typical acute post-cardiac surgery driver of AKI, and early post-op elevations are often iatrogenic and transient. Extremes here are unlikely to add renal-specific signal."
13_24h_calcium_max,0.01,"Calcium maxima are generally not a strong AKI trigger in this setting compared with hypotension, nephrotoxins, or low output states. Any association is likely confounded by treatment patterns."
25_36h_calcium_max,0.01,Late hypercalcemia is uncommon and not a primary mechanism for post-cardiac surgery AKI. It is more likely incidental or treatment-related than predictive of creatinine rise.
0_12h_calcium_min,0.06,"Hypocalcemia can reflect citrate load from transfusion and severe physiologic stress, correlating with bleeding/shock that can precipitate AKI. As an extreme marker it is more informative than mean, but early epoch caps the score."
13_24h_calcium_min,0.08,"Ongoing hypocalcemia may indicate continued transfusion, critical illness, or persistent instability, which are associated with renal hypoperfusion and AKI. Minimum captures clinically relevant derangement better than mean/max."
25_36h_calcium_min,0.1,Late hypocalcemia can be a marker of ongoing severe illness/transfusion burden and may track with persistent low-flow states contributing to AKI. Minimum is the most pathophysiologically relevant aggregation among calcium summaries.
0_12h_calcium_measured,0.02,More frequent calcium checks reflect clinician concern (bleeding/transfusion/electrolyte management) rather than a direct renal mechanism. In the immediate post-op window this is routine and nonspecific.
13_24h_calcium_measured,0.03,"Increased measurement frequency may indicate ongoing instability or transfusion needs, indirectly associated with AKI risk. Still, it is a behavioral proxy and should remain low."
25_36h_calcium_measured,0.04,"Continued frequent calcium monitoring later suggests persistent critical illness or ongoing replacement/transfusion, which can correlate with AKI risk. As a measurement-frequency feature it remains indirect and capped low."
0_12h_partial_thromboplastin_time_mean,0.02,PTT reflects anticoagulation/coagulopathy and bleeding risk rather than renal perfusion; early post-op values are often transient. Mean is also less informative than extremes for acute complications.
25_36h_partial_thromboplastin_time_mean,0.03,"Persistently abnormal PTT may indicate ongoing coagulopathy/heparin effect and higher illness severity, indirectly associated with AKI risk. Mean is capped to reduce redundancy versus extreme PTT values."
0_12h_partial_thromboplastin_time_max,0.04,Markedly elevated PTT early may signal excessive anticoagulation/bleeding and hemodynamic instability that can contribute to renal hypoperfusion. Conservative scoring due to immediate post-CPB variability and the 0–12h cap.
25_36h_partial_thromboplastin_time_max,0.06,"A high PTT peak closer to outcome can reflect ongoing bleeding risk, heparin effect, or critical illness, which can accompany hypotension/transfusion and AKI. Max captures acute derangement better than mean/min."
0_12h_partial_thromboplastin_time_min,0.01,Low PTT is not a typical direct driver of postoperative AKI and is less informative than elevated extremes. Early post-op minima are often assay/management artifacts.
25_36h_partial_thromboplastin_time_min,0.01,Low PTT later is not a recognized predictor of AKI and has weak mechanistic linkage to renal injury. Prioritize elevated extremes over minima for coagulopathy-related severity.
0_12h_partial_thromboplastin_time_measured,0.02,Measurement frequency mainly reflects monitoring intensity (bleeding/anticoagulation management) rather than kidney physiology. Early post-op frequent checks are common and nonspecific.
13_24h_partial_thromboplastin_time_measured,0.03,"More frequent PTT checks in the trajectory phase may indicate ongoing bleeding/anticoagulation complexity and higher acuity, indirectly linked to AKI. Still capped <0.05 as a behavioral proxy."
25_36h_partial_thromboplastin_time_measured,0.04,"Frequent late PTT monitoring can signal persistent instability (bleeding, heparin infusion, ECMO/IABP-related anticoagulation), which correlates with AKI risk. Kept <0.05 because it is not a physiologic biomarker."
0_12h_absolute_monocyte_count_mean,0.01,Monocyte count is a nonspecific inflammation marker and not an established early predictor of postoperative AKI. Mean values in the immediate post-op period are heavily influenced by surgical stress.
13_24h_absolute_monocyte_count_mean,0.02,"Sustained inflammation may correlate with complications (infection/SIRS) that can contribute to AKI, but the link is indirect. Mean is capped to avoid redundancy with extreme values."
0_12h_absolute_monocyte_count_max,0.02,"A high monocyte peak may reflect inflammatory response, which is only indirectly related to AKI after cardiac surgery. Conservative scoring due to early post-op leukocyte shifts."
13_24h_absolute_monocyte_count_max,0.03,"An elevated monocyte peak during the trajectory phase may indicate evolving inflammation/infection and higher severity, indirectly increasing AKI risk. Still low because it is nonspecific and not kidney-directed."
0_12h_absolute_monocyte_count_min,0.01,Low monocyte counts are not a typical mechanistic driver of AKI and are often dilutional or stress-related early post-op. Minimal prognostic value for creatinine rise.
13_24h_absolute_monocyte_count_min,0.01,Monocyte minima are nonspecific and not established predictors of postoperative AKI. Prefer other hemodynamic/renal markers over leukocyte differentials.
0_12h_absolute_monocyte_count_measured,0.01,CBC differential measurement frequency reflects routine lab ordering rather than targeted concern for AKI. Early post-op labs are standard and not specific to renal risk.
13_24h_absolute_monocyte_count_measured,0.01,Measurement frequency mainly reflects clinician ordering behavior rather than renal physiology. Monocyte count ordering is not a specific AKI predictor in this context.
25_36h_absolute_monocyte_count_measured,0.01,Test frequency is a weak proxy for acuity and is not mechanistically linked to AKI. Keep low to avoid behavioral confounding.
0_12h_phosphorus_mean,0.03,"Phosphorus can rise with reduced GFR, but early post-op means are often influenced by transient shifts and supplementation. Mean is less sensitive than extremes for detecting evolving renal dysfunction."
13_24h_phosphorus_mean,0.04,"Sustained phosphorus elevation may reflect impaired renal clearance, but mean remains collinear with max and less specific for acute insult. Trajectory phase warrants modest weight."
25_36h_phosphorus_mean,0.05,"Later phosphorus elevation can indicate reduced renal excretion approaching the outcome window, but mean is still less informative than peak values. Capped to reduce redundancy with phosphorus_max."
0_12h_phosphorus_max,0.06,"An early phosphorus spike can be an early signal of reduced renal clearance or high cell turnover, but immediate post-bypass shifts are common. Initial epoch cap applied."
13_24h_phosphorus_max,0.12,Peak phosphorus in this window better captures clinically meaningful hyperphosphatemia from declining GFR than the mean. Elevation here suggests evolving AKI risk.
25_36h_phosphorus_max,0.18,Hyperphosphatemia close to hour 60 is a strong direct marker of impaired renal excretion and correlates with worsening kidney function. Max best captures the pathologic extreme and is prioritized over mean/min.
0_12h_phosphorus_min,0.01,"Low phosphorus is more often due to dilution, insulin shifts, or refeeding/supplementation patterns than AKI. Not a typical driver or marker of postoperative AKI."
13_24h_phosphorus_min,0.01,Phosphorus minima are not specific for renal hypoperfusion or tubular injury and are often treatment-related. Low relevance for predicting creatinine rise.
25_36h_phosphorus_min,0.01,Even late low phosphorus is generally not indicative of reduced GFR and is commonly iatrogenic or redistributional. Minimal predictive value for creatinine_ratio.
0_12h_phosphorus_measured,0.02,"Ordering frequency reflects monitoring intensity rather than kidney injury itself. Early post-op labs are routine, limiting specificity for impending AKI."
13_24h_phosphorus_measured,0.03,"More frequent phosphorus checks may indicate concern for renal dysfunction or electrolyte derangements, but remains a behavioral proxy. Kept <0.05 per rule."
25_36h_phosphorus_measured,0.04,"Increased monitoring closer to the outcome may reflect clinician suspicion of AKI or worsening status, but it is not a physiologic mechanism. Still capped below 0.05."
0_12h_absolute_neutrophil_count_mean,0.01,Postoperative neutrophilia is common from surgical stress and cardiopulmonary bypass inflammation and is not specific for renal injury. Mean value in the initial window is weakly informative.
13_24h_absolute_neutrophil_count_mean,0.03,"Persistent leukocytosis may reflect systemic inflammation/infection that can contribute to AKI risk, but ANC mean is indirect and nonspecific. Modest weight in the trajectory phase."
0_12h_absolute_neutrophil_count_max,0.03,"Early postoperative neutrophilia reflects inflammatory response to surgery/CPB and may correlate indirectly with AKI risk, but is nonspecific. In the 0–12h epoch it is often transient, so keep low."
13_24h_absolute_neutrophil_count_max,0.04,"Persistently high neutrophils in the trajectory phase can indicate ongoing inflammation/infection that can contribute to AKI risk. Still indirect and nonspecific, so capped low."
0_12h_absolute_neutrophil_count_min,0.01,Low ANC is not a typical driver or early marker of post-cardiac surgery AKI. Likely reflects dilutional/lab variability or baseline hematologic issues rather than renal perfusion.
13_24h_absolute_neutrophil_count_min,0.01,ANC minima are not mechanistically linked to AKI prediction in this setting and add collinearity with other ANC summaries. Keep at weak-evidence level.
0_12h_absolute_neutrophil_count_measured,0.02,"Measurement frequency mainly reflects monitoring intensity rather than renal physiology. In the immediate post-op period CBCs are routine, limiting prognostic value."
13_24h_absolute_neutrophil_count_measured,0.03,"More frequent ANC checks may reflect concern for infection/inflammation and higher acuity, which can co-occur with AKI risk. Still a behavioral proxy, so <0.05."
25_36h_absolute_neutrophil_count_measured,0.03,"Late increased CBC/ANC monitoring can signal evolving complications (infection, shock) that raise AKI risk, but it remains an indirect clinician-behavior marker. Keep low to avoid over-weighting surveillance."
0_12h_troponin_measured,0.02,"Troponin ordering frequency is largely protocolized after cardiac surgery and reflects surveillance more than renal mechanism. Early epoch is especially routine, so low."
13_24h_troponin_measured,0.03,"Additional troponin checks beyond routine may indicate concern for myocardial injury/low output that can reduce renal perfusion. Still a proxy variable, so capped <0.05."
25_36h_troponin_measured,0.04,"Late troponin re-checks may reflect suspected ongoing myocardial ischemia/low cardiac output, a plausible contributor to renal hypoperfusion and AKI. As a measurement-frequency feature it remains indirect, so kept <0.05."
0_12h_po2_mean,0.02,"Average PaO2 in the immediate post-op period is influenced by ventilator management and transient physiology; hypoxemia can contribute to AKI but mean is a smoothed, indirect signal. Conservative scoring for 0–12h."
13_24h_po2_mean,0.03,"Sustained oxygenation impairment can reflect respiratory failure and systemic stress that increases AKI risk, but mean PaO2 is still indirect and confounded by ventilator settings. Keep low."
25_36h_po2_mean,0.04,"Later sustained hypoxemia can be a leading indicator of ongoing critical illness and impaired oxygen delivery that may worsen renal injury. Mean remains less informative than extremes, so modest score."
0_12h_po2_max,0.01,"High PaO2 maxima usually reflect supplemental oxygen rather than pathology driving AKI, and hyperoxia is not a strong established predictor here. Also avoid redundancy with PaO2 mean."
13_24h_po2_max,0.01,PaO2 maxima are primarily determined by FiO2/ventilator strategy and are not a reliable marker of renal hypoperfusion or AKI risk. Keep at weak-evidence level.
25_36h_po2_max,0.01,Late PaO2 maxima remain more reflective of oxygen administration than renal-relevant physiology and add collinearity with PaO2 mean. Minimal inclusion probability.
0_12h_po2_min,0.03,"Hypoxemia can worsen renal medullary oxygenation and contribute to AKI, but early post-op PaO2 nadirs are often transient and ventilation-related. Conservative weight in the immediate 0–12h period."
13_24h_po2_min,0.04,Persistent/recurrent hypoxemia in the trajectory phase may reflect ongoing cardiopulmonary dysfunction that can impair renal perfusion. Still an indirect driver compared with hemodynamics and renal labs.
25_36h_po2_min,0.06,Later hypoxemia closer to the outcome can signal sustained respiratory/cardiac failure and higher AKI risk via reduced oxygen delivery. Moderate inclusion as an indirect but clinically meaningful stressor.
0_12h_po2_measured,0.02,Measurement frequency mainly reflects acuity/ventilator titration and clinician behavior rather than a direct renal mechanism. Early post-op ABG frequency is common and nonspecific.
13_24h_po2_measured,0.03,"More frequent PaO2 checks may indicate instability or escalating support, which can correlate with AKI risk, but remains a behavioral proxy. Kept low to avoid over-weighting practice patterns."
25_36h_po2_measured,0.04,"High ABG/PaO2 measurement frequency late may reflect ongoing critical illness and concern for deterioration, indirectly associated with AKI. Still not a physiologic biomarker, so capped <0.05."
0_12h_potassium_mean,0.02,"Mean potassium early post-op is influenced by shifts, transfusion, and acid-base changes and is not specific for evolving AKI. Extremes are more informative than averages for renal dysfunction signals."
13_24h_potassium_mean,0.03,"Sustained potassium elevation can reflect reduced renal excretion, but the mean blunts clinically important spikes. Kept low due to collinearity with potassium_max/min."
25_36h_potassium_mean,0.04,"Later sustained hyperkalemia may indicate impaired renal clearance closer to the creatinine outcome, but mean remains less sensitive than maxima. Included modestly while prioritizing extremes."
0_12h_potassium_max,0.06,"Hyperkalemia spikes can be an early signal of reduced renal excretion or severe tissue/hemolysis burden, both associated with AKI risk. Capped by 0–12h epoch conservatism."
13_24h_potassium_max,0.1,"Peak potassium in 13–24h can reflect evolving renal dysfunction and is clinically actionable, correlating with AKI severity. Stronger than mean/min as it captures acute impaired excretion."
25_36h_potassium_max,0.18,Late hyperkalemia peak is a strong direct indicator of impaired renal clearance and impending/worsening AKI near the 60h creatinine measurement. Captures acute renal failure physiology better than averages.
0_12h_potassium_min,0.02,Hypokalemia is more often due to diuretics/insulin shifts and is not a typical direct marker of AKI. Early post-op lows are common and nonspecific.
13_24h_potassium_min,0.02,"Low potassium may reflect treatment effects (diuresis, insulin) rather than intrinsic renal injury. Weak and indirect relationship to creatinine rise."
25_36h_potassium_min,0.02,Later hypokalemia still more consistent with therapy or shifts than AKI pathophysiology. Maintained low to prioritize hyperkalemia extremes as the relevant signal.
0_12h_potassium_measured,0.03,"Frequent potassium checks reflect ICU monitoring intensity and instability rather than a direct renal mechanism. Early post-op electrolyte surveillance is routine, so kept low."
13_24h_potassium_measured,0.03,Measurement frequency mainly reflects clinician concern/acuity rather than a direct AKI mechanism. In the 13–24h trajectory phase it may weakly proxy evolving renal dysfunction or arrhythmia risk prompting labs.
25_36h_potassium_measured,0.04,"More frequent potassium checks closer to hour 60 can reflect concern for renal impairment, acidosis, or ongoing diuretic/vasopressor titration. Still a behavioral proxy, so kept <0.05."
0_12h_total_bilirubin_mean,0.01,Early postoperative bilirubin averages are often transient (CPB/hemolysis/hepatic congestion) and are not a primary driver of AKI. Mean is also less informative than extremes for acute insult.
0_12h_total_bilirubin_max,0.04,"An early bilirubin spike can indicate hemolysis, hepatic hypoperfusion, or right-sided congestion, which correlate with systemic hypoperfusion and AKI risk. In 0–12h, derangements are common/transient so conservatively scored."
0_12h_total_bilirubin_min,0.005,Minimum bilirubin in the immediate postoperative window is not clinically informative for AKI risk. It mainly reflects baseline/normal values rather than injury.
0_12h_total_bilirubin_measured,0.01,Ordering frequency reflects monitoring practice or concern for hepatic dysfunction/hemolysis rather than renal physiology. In the immediate 0–12h period it is especially nonspecific.
13_24h_total_bilirubin_measured,0.02,"More frequent bilirubin checks may indicate ongoing concern for shock liver/hemolysis or congestion, which can co-occur with AKI. Still primarily a behavioral proxy, so kept low."
25_36h_total_bilirubin_measured,0.03,"Closer to the outcome, repeated bilirubin testing can signal persistent organ dysfunction and higher illness severity associated with AKI. Remains a proxy measure, capped <0.05."
0_12h_rbc_count_mean,0.01,RBC count mean early after surgery is influenced by hemodilution and transfusion and is not a direct AKI marker. Mean adds collinearity with min/max without capturing acute extremes.
13_24h_rbc_count_mean,0.02,"Sustained anemia/hemodilution may contribute to renal hypoxia, but RBC count is an indirect and noisy proxy (transfusion/fluids). Mean is less informative than the nadir for ischemic risk."
25_36h_rbc_count_mean,0.03,"Persistently low RBC count closer to hour 60 can reflect ongoing bleeding/hemodilution and reduced oxygen delivery, indirectly increasing AKI risk. Still indirect and collinear with min, so modest."
0_12h_rbc_count_max,0.005,High RBC count early is uncommon and usually reflects hemoconcentration rather than a typical AKI pathway in post-cardiac surgery patients. Provides little incremental prognostic value.
13_24h_rbc_count_max,0.005,Maximum RBC count is not a recognized driver of AKI and is often influenced by transfusion or diuresis. Limited mechanistic link to creatinine rise.
25_36h_rbc_count_max,0.005,Higher RBC count is not a typical AKI predictor and may reflect transfusion rather than renal perfusion status. Minimal direct relevance.
0_12h_rbc_count_min,0.04,"Early anemia nadir can reflect bleeding/hemodilution and reduced oxygen delivery, which may contribute to renal ischemia. In 0–12h this is often transient and treatment-related, so conservatively scored."
13_24h_rbc_count_min,0.06,"A low RBC nadir in the 13–24h trajectory phase suggests persistent anemia/ongoing bleeding or hemodilution, which can worsen renal medullary hypoxia and AKI risk. Min is the most pathophysiologically relevant aggregation among RBC summaries."
25_36h_rbc_count_min,0.06,"Low RBC count late (25–36h) can reflect ongoing bleeding/hemodilution and reduced oxygen delivery, which may worsen renal medullary hypoxia and AKI risk. Min is more informative than mean/max for capturing clinically relevant anemia, so it gets the primary weight among RBC aggregates."
0_12h_rbc_count_measured,0.01,"Measurement frequency mainly reflects early post-op monitoring intensity rather than a renal mechanism. In the immediate 0–12h period, frequent labs are routine after cardiac surgery and weakly specific for AKI."
13_24h_rbc_count_measured,0.02,"More frequent RBC checks may indicate concern for bleeding/instability, which can correlate with AKI risk, but it is an indirect behavioral proxy. Capped low to avoid over-weighting monitoring practices."
25_36h_rbc_count_measured,0.03,"Late increased RBC monitoring can signal ongoing bleeding/transfusion needs and higher acuity, indirectly associated with AKI. Still a utilization proxy rather than physiology, so kept <0.05."
0_12h_d_dimer_measured,0.01,"Ordering D-dimer early post-cardiac surgery is nonspecific and often reflects routine evaluation for thrombosis/bleeding rather than kidney injury. As a measured/ordered indicator, it is a weak indirect proxy for AKI."
13_24h_d_dimer_measured,0.02,"D-dimer ordering in 13–24h may reflect concern for thromboembolism or inflammatory/coagulopathic states that can accompany AKI, but remains indirect. Kept low per measured-feature rule."
25_36h_d_dimer_measured,0.03,"Late D-dimer ordering may indicate evolving thrombosis/DIC concern and higher illness severity, which can co-occur with renal hypoperfusion or microthrombi. Still a behavioral proxy, so capped <0.05."
0_12h_teg_activated_clotting_time_measured,0.01,"TEG ACT measurement early is common after cardiopulmonary bypass to guide heparin reversal and transfusion, not a direct AKI marker. As an ordering indicator, it is weakly specific for subsequent creatinine rise."
13_24h_teg_activated_clotting_time_measured,0.02,"Continued TEG ACT checks may reflect ongoing bleeding/coagulopathy and higher acuity, indirectly linked to AKI via shock/transfusion burden. Still primarily a monitoring behavior signal."
25_36h_teg_activated_clotting_time_measured,0.03,"Late TEG ACT measurement suggests persistent coagulopathy/bleeding management, which can correlate with hypotension/transfusion and AKI risk. Kept below 0.05 because it is not a physiologic value, only a measurement indicator."
0_12h_percent_immature_granulocyte_mean,0.01,Mean immature granulocyte percentage in 0–12h is often influenced by surgical stress response and is not specific for infection-driven AKI. Mean is also less sensitive than extremes for detecting acute inflammatory surges.
13_24h_percent_immature_granulocyte_mean,0.02,"A sustained elevation may reflect evolving infection/inflammation that can contribute to AKI, but the mean is a smoothed signal and less specific than the max. Kept low to reduce collinearity with extreme aggregations."
0_12h_percent_immature_granulocyte_max,0.04,"An early spike in immature granulocytes can indicate acute inflammatory response or early infection, which can predispose to AKI, but 0–12h post-op changes are often transient and nonspecific. Max is preferred over mean/min for capturing clinically relevant surges."
13_24h_percent_immature_granulocyte_max,0.06,A higher max in 13–24h may better capture emerging infection/SIRS than the mean and can be associated with hemodynamic instability and AKI risk. Scored modestly given indirect linkage and epoch cap.
0_12h_percent_immature_granulocyte_min,0.005,The minimum immature granulocyte percentage is not a plausible driver or marker of AKI and adds redundancy relative to max/mean. Capped as weak evidence.
13_24h_percent_immature_granulocyte_min,0.005,Low/min immature granulocyte percentage is not clinically informative for AKI prediction and is largely redundant. Kept near-zero to avoid collinearity with more meaningful inflammatory extremes.
0_12h_percent_immature_granulocyte_measured,0.005,"Measurement frequency of immature granulocytes mainly reflects clinician concern for infection/inflammation rather than renal perfusion or tubular injury. Weak, indirect link to AKI risk."
13_24h_percent_immature_granulocyte_measured,0.01,"Ordering frequency may indicate evolving sepsis/SIRS which can contribute to AKI, but it is a behavioral proxy and nonspecific. Keep low to avoid over-weighting acuity signaling."
25_36h_percent_immature_granulocyte_measured,0.02,"In the closest window to outcome, frequent checks may reflect worsening systemic inflammation/sepsis with higher AKI risk, but remains indirect and non-physiologic. Capped <0.05 per measured-feature rule."
0_12h_teg_fibrinolysis_measured,0.005,TEG fibrinolysis testing relates to bleeding/coagulopathy management and is not a direct AKI driver. In the immediate post-op period it is common and nonspecific for renal outcomes.
13_24h_teg_fibrinolysis_measured,0.01,"May proxy ongoing bleeding/transfusion needs that can associate with AKI, but the test itself is not mechanistically linked to kidney injury. Keep low to maintain sparsity."
25_36h_teg_fibrinolysis_measured,0.02,"Late TEG fibrinolysis testing can indicate persistent coagulopathy/bleeding and higher illness severity, indirectly increasing AKI risk. Still a behavioral/procedural proxy, so <0.05."
0_12h_creatinine_ratio_mean,0.05,Early postoperative creatinine changes can signal evolving AKI but are often transient/hemodilutional immediately after bypass. Mean is less informative than later or extreme values; capped to reduce collinearity.
13_24h_creatinine_ratio_mean,0.1,Sustained elevation in creatinine ratio during the trajectory phase suggests true renal dysfunction rather than immediate post-op noise. Mean captures persistent impairment but is still less specific than the closest-window extreme.
25_36h_creatinine_ratio_mean,0.25,Creatinine ratio in the 25–36h window is a direct early biomarker of renal dysfunction and strongly predicts the 60h creatinine ratio. Mean reflects sustained injury close to the outcome.
0_12h_creatinine_ratio_max,0.06,"An early peak creatinine ratio may indicate acute renal insult, but immediate post-op fluctuations are common and can be non-pathologic. Max is more pathologic than mean in this window, but capped by 0–12h limit."
13_24h_creatinine_ratio_max,0.15,"A rising peak creatinine ratio in 13–24h is a strong signal of evolving AKI and worsening renal clearance. Max better captures acute deterioration than mean, with moderate-high importance within epoch cap."
25_36h_creatinine_ratio_max,0.4,A high peak creatinine ratio close to the outcome is a definitive early biomarker of AKI and strongly predicts subsequent creatinine at 60h. Max captures acute worsening and is the most informative aggregation here.
0_12h_creatinine_ratio_min,0.01,Minimum creatinine ratio early after surgery is often driven by hemodilution and does not indicate renal injury. Provides little incremental prognostic value versus max/mean.
13_24h_creatinine_ratio_min,0.01,A low minimum creatinine ratio is not a marker of AKI and may reflect fluid shifts rather than improved renal function. Low relevance compared with max/mean.
25_36h_creatinine_ratio_min,0.02,Minimum in the late window may weakly reflect recovery/adequate perfusion but is not a direct AKI signal. Kept low to avoid redundancy with max/mean creatinine ratio.
0_12h_creatinine_ratio_measured,0.03,"More frequent creatinine checks early post-op reflect clinician concern/instability and may correlate with AKI risk, but it is a behavioral proxy. Capped <0.05 per measured-feature rule."
13_24h_creatinine_ratio_measured,0.03,Measurement frequency reflects clinician concern and evolving renal status but is not a physiologic driver of AKI. In the 13–24h trajectory phase it may weakly proxy early renal dysfunction/workup intensity.
25_36h_creatinine_ratio_measured,0.04,"Closer to the 60h outcome, more frequent creatinine checks can indicate suspected AKI or instability, but remains a behavioral proxy rather than a biomarker. Kept <0.05 per rules."
0_12h_x25_percent_albumin_dose_total_12h,0.03,"Hyperoncotic albumin may be used for hypotension/third spacing and can correlate with hemodynamic instability, indirectly relating to AKI risk. Early (0–12h) dosing is often routine post-bypass resuscitation, so conservative scoring."
13_24h_x25_percent_albumin_dose_total_12h,0.05,"Need for 25% albumin in 13–24h may signal ongoing capillary leak/vasoplegia and intravascular depletion, which can impair renal perfusion. Still an indirect marker and treatment choice, not a direct AKI biomarker."
25_36h_x25_percent_albumin_dose_total_12h,0.07,"Late requirement for hyperoncotic albumin suggests persistent hemodynamic/volume management problems closer to outcome, which can contribute to renal hypoperfusion and AKI. More informative in the 25–36h leading-indicator window."
0_12h_albumin_5_percent_dose_total_12h,0.02,"5% albumin is commonly used for early postoperative volume expansion and may reflect resuscitation needs rather than kidney injury. In 0–12h, transient instability is common, so weak predictive value."
13_24h_albumin_5_percent_dose_total_12h,0.03,Ongoing colloid resuscitation in 13–24h can indicate continued vasoplegia/third spacing and potential renal hypoperfusion. Still largely a treatment/acuity marker with indirect linkage to AKI.
25_36h_albumin_5_percent_dose_total_12h,0.05,Continued need for volume expansion closer to 60h may indicate persistent low effective circulating volume or instability that can worsen renal perfusion. Kept modest because it is not specific and overlaps with other hemodynamic indicators.
0_12h_acetaminophen_codeine_dose_total_12h,0.005,Analgesic choice/dose has minimal direct relationship to postoperative AKI; codeine is not a typical nephrotoxin at ICU doses. Early postoperative administration is routine and nonspecific.
13_24h_acetaminophen_codeine_dose_total_12h,0.005,Primarily reflects pain control strategy and ability to take enteral meds rather than renal perfusion or injury. No established predictive link to AKI.
25_36h_acetaminophen_codeine_dose_total_12h,0.005,Continued use is not a recognized driver or marker of AKI in this context. Any association would be confounded by overall recovery trajectory.
0_12h_acetaminophen_dose_total_12h,0.005,Acetaminophen is not nephrotoxic in typical dosing and is standard postoperative analgesia/antipyresis. Provides little mechanistic information about AKI risk.
13_24h_acetaminophen_dose_total_12h,0.005,"Dose mainly reflects fever/pain management and care patterns, not renal injury physiology. Weak/no evidence for predicting creatinine rise post-cardiac surgery."
25_36h_acetaminophen_dose_total_12h,0.005,Not a direct biomarker or established risk factor for AKI; likely unrelated aside from nonspecific illness severity. Kept very low to maintain sparsity.
0_12h_allopurinol_dose_total_12h,0.01,Allopurinol use reflects chronic gout/hyperuricemia and is not an acute driver of postoperative AKI; dosing may be held/adjusted in illness. Early postoperative administration is uncommon and not specific.
13_24h_allopurinol_dose_total_12h,0.01,Continuation suggests baseline comorbidity rather than evolving renal hypoperfusion or injury. Any relationship to AKI is indirect and weak compared with hemodynamics and renal labs.
25_36h_allopurinol_dose_total_12h,0.01,Allopurinol use is not a typical driver of postoperative AKI and is usually chronic therapy rather than an acute perioperative determinant of creatinine rise.
0_12h_aminocaproic_acid_dose_total_12h,0.01,Antifibrinolytic exposure is common in cardiac surgery and has no consistent direct link to AKI; in the immediate 0–12h window it is more reflective of routine practice than renal injury.
13_24h_aminocaproic_acid_dose_total_12h,0.01,Continued aminocaproic acid use is not an established predictor of AKI and mainly reflects bleeding management rather than renal perfusion or nephrotoxicity.
25_36h_aminocaproic_acid_dose_total_12h,0.01,Late aminocaproic acid dosing is uncommon and more related to hemostasis/bleeding; it is not a direct biomarker or known causal driver of creatinine rise.
0_12h_amiodarone_dose_total_12h,0.02,"Amiodarone itself is not strongly nephrotoxic, but early use can proxy postoperative arrhythmia/hemodynamic instability that may contribute to renal hypoperfusion; capped due to early epoch."
13_24h_amiodarone_dose_total_12h,0.03,"Ongoing amiodarone suggests persistent atrial/ventricular arrhythmias and potential low cardiac output states, which can indirectly increase AKI risk, though the drug is not a direct renal toxin."
25_36h_amiodarone_dose_total_12h,0.04,Amiodarone use closer to the outcome may indicate sustained arrhythmia or shock physiology affecting renal perfusion; still an indirect marker rather than a direct AKI biomarker.
0_12h_amlodipine_dose_total_12h,0.005,Amlodipine is not nephrotoxic and is rarely a key determinant of early postoperative AKI; perioperative administration is more reflective of chronic hypertension management.
13_24h_amlodipine_dose_total_12h,0.005,Calcium-channel blocker use has minimal direct relationship to AKI risk in this setting and is generally routine medication reconciliation rather than a renal perfusion signal.
25_36h_amlodipine_dose_total_12h,0.005,"Late amlodipine dosing is unlikely to meaningfully influence creatinine trajectory compared with hemodynamics, volume status, and nephrotoxins."
0_12h_ampicillin_dose_total_12h,0.01,Ampicillin is not a common cause of postoperative AKI and early dosing typically reflects prophylaxis or empiric coverage rather than renal injury; conservative due to 0–12h epoch.
13_24h_ampicillin_dose_total_12h,0.02,"Antibiotic continuation may weakly proxy infection/sepsis risk (a contributor to AKI), but ampicillin itself is not strongly nephrotoxic."
25_36h_ampicillin_dose_total_12h,0.03,"Antibiotic use in the 25–36h window can indicate evolving infection/inflammation that increases AKI risk, though the medication is an indirect marker rather than a direct renal insult."
0_12h_angiotensin_ii_dose_total_12h,0.08,"Angiotensin II use indicates vasodilatory shock and high vasopressor requirement, a strong context for renal hypoperfusion/ischemic AKI; capped by the 0–12h maximum."
13_24h_angiotensin_ii_dose_total_12h,0.15,"Need for angiotensin II in the trajectory phase suggests persistent shock physiology and severe hemodynamic compromise, which is strongly associated with subsequent creatinine rise."
25_36h_angiotensin_ii_dose_total_12h,0.22,Ongoing angiotensin II requirement close to hour 60 is a strong indicator of refractory shock/vasoplegia and high AKI risk from sustained renal hypoperfusion and ischemic tubular injury.
0_12h_apixaban_dose_total_12h,0.01,Apixaban use mainly reflects anticoagulation strategy/bleeding risk rather than renal perfusion or tubular injury. In the immediate 0–12h post-op window it is unlikely to be a direct driver of AKI.
13_24h_apixaban_dose_total_12h,0.02,"Ongoing apixaban may correlate with clinical stability and renal dosing considerations, but it is not a primary AKI mechanism. At most an indirect marker of care trajectory."
25_36h_apixaban_dose_total_12h,0.03,"Later apixaban administration can reflect renal function awareness (dose holding/selection) and overall stability, but remains an indirect proxy rather than a causal AKI predictor."
0_12h_aspirin_dose_total_12h,0.01,Post-op aspirin is routine after many cardiac surgeries and is not typically nephrotoxic at standard doses. Early administration is more protocol-driven than AKI-informative.
13_24h_aspirin_dose_total_12h,0.01,Continued aspirin use is standard secondary prevention and has minimal direct relationship to postoperative creatinine rise. It provides little discriminatory signal for AKI risk.
25_36h_aspirin_dose_total_12h,0.01,Aspirin at this stage remains largely routine and not a meaningful determinant of renal perfusion or injury. Any association would be weak and confounded by clinical course.
0_12h_atorvastatin_dose_total_12h,0.01,Statins are generally renal-neutral and often continued per protocol; rare rhabdomyolysis is not a typical immediate post-cardiac surgery driver. Early dosing is unlikely to predict creatinine ratio.
13_24h_atorvastatin_dose_total_12h,0.01,Atorvastatin continuation reflects standard cardiovascular care rather than kidney injury physiology. It is not an established short-term predictor of postoperative AKI.
25_36h_atorvastatin_dose_total_12h,0.01,Later statin dosing remains protocolized and not mechanistically linked to AKI in this context. Any predictive value would be minimal and indirect.
0_12h_bisacodyl_dose_total_12h,0.005,Bisacodyl use reflects bowel regimen practices and does not affect renal perfusion or tubular injury. It is not clinically informative for AKI prediction.
13_24h_bisacodyl_dose_total_12h,0.005,Bowel regimen administration is unrelated to AKI pathophysiology and mostly reflects routine ICU care. Predictive signal for creatinine rise should be negligible.
25_36h_bisacodyl_dose_total_12h,0.005,"Bisacodyl remains a weak, non-specific care marker with no direct renal relevance. It should not contribute meaningfully to predicting creatinine ratio."
0_12h_bivalirudin_dose_total_12h,0.03,"Bivalirudin use may indicate HIT concern or complex anticoagulation needs, which can correlate with critical illness and hemodynamic instability affecting kidneys. In 0–12h, keep conservative due to perioperative confounding."
13_24h_bivalirudin_dose_total_12h,0.05,"Ongoing bivalirudin suggests persistent high-acuity anticoagulation needs and may track with complications that increase AKI risk (shock, bleeding/transfusion). Still an indirect predictor rather than a direct renal biomarker."
25_36h_bivalirudin_dose_total_12h,0.06,"Continued bivalirudin closer to outcome can reflect ongoing complications and severity of illness that predispose to AKI. It remains a proxy signal, not a direct mechanism, so keep modest."
0_12h_bumetanide_dose_total_12h,0.08,"Early loop diuretic requirement can indicate volume overload/heart failure physiology and attempts to manage low urine output, both linked to AKI risk. In 0–12h it is still influenced by immediate post-bypass fluid shifts, so capped conservatively."
13_24h_bumetanide_dose_total_12h,0.06,"Loop diuretic requirement in the trajectory phase can reflect evolving volume overload/low cardiac output and diuretic resistance, both associated with AKI risk. However it is an indirect marker and can be confounded by clinician practice."
25_36h_bumetanide_dose_total_12h,0.12,"Higher bumetanide needs closer to the outcome often indicate persistent congestion, worsening renal perfusion, or early renal dysfunction with poor diuretic response. This is a stronger leading indicator of subsequent creatinine rise than earlier dosing."
0_12h_calcium_acetate_dose_total_12h,0.01,Calcium acetate is a phosphate binder and typically reflects chronic kidney disease management rather than acute post-op renal injury. In the immediate post-op window it is not a direct physiologic driver of AKI.
13_24h_calcium_acetate_dose_total_12h,0.02,"Use may indicate underlying CKD/mineral bone disease, which increases AKI susceptibility, but it is a weak and practice-dependent proxy. Not a direct mechanism for acute creatinine rise."
25_36h_calcium_acetate_dose_total_12h,0.03,"Continued phosphate binder use can signal baseline CKD, a known AKI risk factor, but remains an indirect and non-specific marker. Limited incremental value for predicting creatinine_ratio compared with hemodynamics/renal labs."
0_12h_calcium_carbonate_dose_total_12h,0.01,Calcium carbonate is commonly given for supplementation or dyspepsia and has no meaningful direct link to post-cardiac surgery AKI. Early post-op administration is largely routine and non-specific.
13_24h_calcium_carbonate_dose_total_12h,0.01,Ongoing calcium carbonate use is generally maintenance therapy and does not reflect renal perfusion or tubular injury. Any association with AKI would be weak and confounded.
25_36h_calcium_carbonate_dose_total_12h,0.01,Still primarily a non-specific maintenance medication without a direct AKI mechanism. Unlikely to add predictive signal for creatinine_ratio.
0_12h_calcium_chloride_dose_total_12h,0.04,"Calcium chloride is often used during/after surgery for hemodynamic support or to treat hypocalcemia after transfusion/CPB, which can correlate with illness severity. In 0–12h it is common and transient, so predictive value for AKI is limited."
13_24h_calcium_chloride_dose_total_12h,0.05,"Need for calcium chloride beyond the immediate post-op period may indicate ongoing hemodynamic instability, massive transfusion, or severe metabolic derangements that can contribute to renal hypoperfusion. Still an indirect marker and practice-dependent."
25_36h_calcium_chloride_dose_total_12h,0.06,"Late requirement for calcium chloride can reflect persistent shock/vasopressor dependence or ongoing transfusion-related derangements, which are associated with AKI risk. It remains an indirect severity marker rather than a renal biomarker."
0_12h_calcium_gluconate_dose_total_12h,0.03,"Calcium gluconate use early post-op often treats hypocalcemia from citrate load or shifts after CPB and correlates with acuity. However it is common and not a direct driver of AKI, so signal is modest."
13_24h_calcium_gluconate_dose_total_12h,0.04,"Continued calcium replacement may indicate ongoing critical illness, transfusion burden, or instability that can impair renal perfusion. Association with AKI is indirect and confounded by care patterns."
25_36h_calcium_gluconate_dose_total_12h,0.05,"Late calcium gluconate requirement can be a marker of persistent metabolic derangement/critical illness, which increases AKI risk. Still not a specific renal injury marker, so kept relatively low for sparsity."
0_12h_carvedilol_dose_total_12h,0.01,"Beta-blocker administration early post-op is usually continuation of home therapy and not a specific predictor of renal injury. It may be held in shock, making it a weak and confounded marker."
13_24h_carvedilol_dose_total_12h,0.02,"Resumption of carvedilol can reflect hemodynamic stability, which may be modestly protective against AKI, but the relationship is indirect and heavily practice-dependent. Limited incremental predictive value for creatinine_ratio."
25_36h_carvedilol_dose_total_12h,0.02,"Beta-blockade can contribute to lower cardiac output or hypotension, indirectly affecting renal perfusion, but carvedilol dosing is not a primary AKI driver in this context."
0_12h_cefepime_dose_total_12h,0.01,"Cefepime is not typically nephrotoxic; early postoperative antibiotic choice/dose is more reflective of infection risk than renal injury, and this is the immediate post-op period."
13_24h_cefepime_dose_total_12h,0.02,"Ongoing broad-spectrum antibiotics may proxy evolving infection/sepsis (a contributor to AKI), but cefepime itself is not a strong causal nephrotoxin."
25_36h_cefepime_dose_total_12h,0.03,"Continued cefepime closer to the outcome can indicate suspected infection/sepsis and higher acuity, which can worsen renal perfusion; still an indirect marker rather than a direct AKI predictor."
0_12h_ceftriaxone_dose_total_12h,0.005,Ceftriaxone has minimal direct nephrotoxicity and early administration is usually routine perioperative coverage rather than an AKI signal.
13_24h_ceftriaxone_dose_total_12h,0.01,"May weakly reflect infection management, but ceftriaxone is not a typical AKI-causing agent and provides limited incremental renal prognostic information."
25_36h_ceftriaxone_dose_total_12h,0.015,"Later antibiotic continuation can be a mild proxy for infection/inflammation burden (AKI risk), but ceftriaxone itself is not a strong mechanistic predictor of creatinine rise."
0_12h_clonidine_dose_total_12h,0.01,"Clonidine can lower sympathetic tone and blood pressure, but in the immediate post-op window hypotension is common and clonidine dosing is not a reliable AKI predictor."
13_24h_clonidine_dose_total_12h,0.02,Antihypertensive/sedation adjunct use may relate to hemodynamic management; any AKI link is indirect via hypotension/bradycardia rather than direct nephrotoxicity.
25_36h_clonidine_dose_total_12h,0.03,"Closer to hour 60, clonidine-associated hypotension/bradycardia could contribute to reduced renal perfusion, but it remains a secondary/indirect factor."
0_12h_clopidogrel_dose_total_12h,0.005,Antiplatelet therapy has no direct renal toxicity and is unlikely to explain creatinine rise; early use is typically protocol-driven.
13_24h_clopidogrel_dose_total_12h,0.005,Clopidogrel is not a hemodynamic or nephrotoxic driver of AKI; any association would be confounding by indication (vascular disease) and is weak.
25_36h_clopidogrel_dose_total_12h,0.005,Continued antiplatelet dosing does not meaningfully affect renal perfusion or tubular injury; expected to add little predictive value for creatinine_ratio.
0_12h_colchicine_dose_total_12h,0.005,Colchicine is not a common cause of AKI at typical doses; early administration is usually for pericarditis prophylaxis/treatment and is not renal-specific.
13_24h_colchicine_dose_total_12h,0.01,"May weakly reflect inflammatory complications (e.g., pericarditis), but colchicine itself is not a strong AKI predictor and renal effects are uncommon."
25_36h_colchicine_dose_total_12h,0.01,Later colchicine use remains an indirect marker of inflammation/complications rather than a direct renal insult; limited expected contribution to predicting creatinine_ratio.
0_12h_d10_lr_dose_total_12h,0.01,D10LR use mainly reflects routine postoperative maintenance fluids or hypoglycemia management rather than a direct AKI mechanism. In the immediate 0–12h window it is highly confounded by standard post-bypass care.
13_24h_d10_lr_dose_total_12h,0.02,"Continued D10LR may indicate ongoing dextrose needs or fluid administration, indirectly correlating with illness severity. It is not a known direct driver of postoperative AKI."
25_36h_d10_lr_dose_total_12h,0.03,"Late need for D10LR can be a weak proxy for persistent ICU complexity and fluid exposure closer to the outcome window. Still, it is not nephrotoxic and has only an indirect link to creatinine rise."
0_12h_d10w_dose_total_12h,0.01,"D10W is typically used for glucose management and carrier fluid, not renal perfusion. Early postoperative use is common and poorly specific for AKI risk."
13_24h_d10w_dose_total_12h,0.03,"Higher D10W dose in 13–24h may reflect ongoing hypoglycemia treatment, insulin protocols, or nutrition delays, serving as a weak acuity marker. It has no direct physiologic pathway to AKI beyond fluid balance confounding."
25_36h_d10w_dose_total_12h,0.03,Persistent D10W use at 25–36h may weakly track ongoing critical illness and fluid administration near the prediction horizon. It remains nonspecific and not an established AKI predictor.
0_12h_d5_0_45ns_dose_total_12h,0.02,"D5 0.45NS reflects maintenance fluid strategy and can contribute to overall fluid balance, which may indirectly affect renal congestion. In 0–12h it is heavily confounded by routine post-op management, so predictive value is limited."
13_24h_d5_0_45ns_dose_total_12h,0.02,Use of hypotonic maintenance fluids may correlate with ongoing ICU needs but is not a direct AKI trigger. Any association with creatinine_ratio is likely mediated through fluid balance and severity of illness.
25_36h_d5_0_45ns_dose_total_12h,0.03,Later maintenance fluid use may weakly reflect continued dependence on IV fluids and net fluid status closer to hour 60. It is still nonspecific for renal tubular injury or hypoperfusion.
0_12h_d5_lr_dose_total_12h,0.01,D5LR is generally a maintenance/carrier fluid and not a nephrotoxin. Early postoperative administration is common and not specific for impending AKI.
13_24h_d5_lr_dose_total_12h,0.02,"Ongoing D5LR may indicate continued IV fluid requirement, indirectly related to hemodynamic instability or poor oral intake. It is not an established independent predictor of postoperative AKI."
25_36h_d5_lr_dose_total_12h,0.04,"Greater D5LR dose at 25–36h could contribute to fluid overload/venous congestion and reflect ongoing instability, both linked to AKI risk. Still, it is an indirect marker and should remain low for sparsity."
0_12h_d5_ns_dose_total_12h,0.02,D5NS use reflects maintenance fluids and sodium/chloride exposure; chloride load can be associated with renal vasoconstriction but evidence is modest. In the immediate 0–12h period it is largely protocol-driven and nonspecific.
13_24h_d5_ns_dose_total_12h,0.03,"Continued D5NS may weakly indicate ongoing fluid needs and chloride burden, which can correlate with AKI in some settings. The relationship is indirect and confounded by overall resuscitation strategy."
25_36h_d5_ns_dose_total_12h,0.05,"Later D5NS exposure may better capture sustained chloride-rich fluid administration and ongoing IV dependence near the outcome window. Any AKI signal is still indirect (via fluid balance/chloride load), so it is capped at a plausible-link level."
0_12h_d50w_dose_total_12h,0.01,D50W boluses typically treat hypoglycemia and do not directly affect renal perfusion or tubular injury. Early postoperative use is episodic and more reflective of glucose management than AKI risk.
13_24h_dobutamine_dose_total_12h,0.12,"Ongoing inotrope requirement in the 13–24h trajectory phase suggests persistent low cardiac output and renal hypoperfusion, an established driver of post-cardiac surgery AKI. Dose intensity can proxy severity of cardiogenic shock/vasoplegia impacting kidney perfusion."
0_12h_dobutamine_dose_total_12h,0.08,"Early post-op inotrope use reflects immediate post-bypass myocardial dysfunction and risk of renal hypoperfusion, but this window is often transient and treatment-driven. Capped due to 0–12h epoch conservatism."
25_36h_dialysate_infusion_dose_total_12h,0.2,"Dialysate infusion implies renal replacement therapy or preparation for it, which is a near-direct indicator of severe kidney dysfunction and strongly predicts higher creatinine at 60h. This is a late (25–36h) leading indicator close to the outcome."
13_24h_dialysate_infusion_dose_total_12h,0.18,"Dialysate use by 13–24h indicates early severe AKI/need for RRT, which strongly predicts subsequent creatinine rise. Slightly reduced vs 25–36h due to being farther from the 60h endpoint."
0_12h_dialysate_infusion_dose_total_12h,0.1,"Very early dialysate/RRT use suggests profound perioperative renal failure or severe hemodynamic collapse, which is highly predictive of later creatinine elevation. Limited by the 0–12h maximum score rule."
25_36h_d50w_dose_total_12h,0.03,D50W administration is usually for hypoglycemia or hyperkalemia temporizing measures and is not a direct renal biomarker. It may weakly reflect critical illness or electrolyte derangements but is largely nonspecific.
13_24h_d50w_dose_total_12h,0.02,D50W use is a nonspecific treatment signal (hypoglycemia/hyperkalemia protocols) with only an indirect link to AKI risk. Kept low to avoid over-weighting care-pattern variables.
25_36h_d5w_dose_total_12h,0.02,D5W volume reflects fluid/maintenance or hypernatremia management and is not a specific AKI driver; association is mainly via overall illness and fluid strategy. Low importance to maintain sparsity.
13_24h_d5w_dose_total_12h,0.015,D5W use in this window is typically maintenance or electrolyte correction and has only an indirect relationship to renal outcomes. Not a mechanistic predictor of creatinine rise.
0_12h_d5w_dose_total_12h,0.01,Immediate post-op D5W is common ICU maintenance and not specifically linked to AKI pathophysiology. Any signal is likely confounded by routine practice.
25_36h_hydromorphone_dose_total_12h,0.02,Opioid dosing is not nephrotoxic and mainly reflects pain/sedation needs; any AKI link is indirect via hypotension/respiratory depression or overall acuity. Kept low for sparsity.
13_24h_hydromorphone_dose_total_12h,0.015,Hydromorphone dose is a weak proxy for sedation/illness severity rather than a renal mechanism. Limited predictive value for creatinine trajectory.
0_12h_hydromorphone_dose_total_12h,0.01,Early opioid use is routine post-sternotomy care and provides minimal specific information about renal perfusion or tubular injury. Capped as weak evidence.
25_36h_dilaudid_pca_dose_total_12h,0.015,PCA opioid utilization is primarily a comfort/behavioral measure and not a direct AKI risk factor. Any association with AKI is likely confounded by overall recovery trajectory.
13_24h_dilaudid_pca_dose_total_12h,0.01,PCA dosing reflects analgesia needs and patient interaction rather than renal physiology. Minimal mechanistic link to creatinine rise.
0_12h_dilaudid_pca_dose_total_12h,0.005,PCA use in the immediate post-op period is routine and highly practice-dependent. No meaningful direct relationship to AKI risk.
25_36h_dobutamine_dose_total_12h,0.12,"Ongoing dobutamine requirement in the 25–36h window suggests low cardiac output/cardiogenic shock physiology, which can directly reduce renal perfusion and precipitate AKI. Dose intensity can proxy severity of hemodynamic compromise close to the creatinine outcome."
0_12h_docusate_dose_total_12h,0.005,Docusate is routine bowel regimen and has no meaningful physiologic link to renal perfusion or nephrotoxicity. Early postoperative use is not informative for AKI risk.
13_24h_docusate_dose_total_12h,0.005,Bowel regimen use reflects routine care rather than kidney injury risk. No established association with postoperative creatinine rise.
25_36h_docusate_dose_total_12h,0.005,Continued docusate use is standard ICU maintenance and does not indicate renal hypoperfusion or nephrotoxic exposure. Minimal predictive value for creatinine_ratio.
0_12h_dopamine_dose_total_12h,0.06,"Dopamine use early after surgery can indicate hypotension/low cardiac output requiring vasoactive support, which is linked to AKI risk. However, the immediate 0–12h period is often transient and confounded by anesthesia/CPB effects."
13_24h_dopamine_dose_total_12h,0.1,Persistent dopamine requirement in 13–24h suggests ongoing hemodynamic instability and renal hypoperfusion risk. This trajectory phase is more prognostic than the immediate postoperative window.
25_36h_dopamine_dose_total_12h,0.15,Vasoactive support close to hour 60 strongly reflects sustained shock/low perfusion states that drive ischemic tubular injury. Higher dopamine exposure may also correlate with severity of illness and worsening renal function.
0_12h_enoxaparin_dose_total_12h,0.01,Enoxaparin is not a typical cause of AKI and dosing is usually protocol-driven rather than reflecting renal perfusion. Early postoperative administration provides little specific signal for creatinine rise.
13_24h_enoxaparin_dose_total_12h,0.015,Use mainly reflects VTE prophylaxis decisions and mobility/bleeding risk rather than kidney injury mechanisms. Only weak indirect relevance via renal-dose adjustments.
25_36h_enoxaparin_dose_total_12h,0.02,"Later enoxaparin use may weakly proxy clinician comfort with bleeding risk and renal function (dose adjustments/holding in AKI), but it is not a direct AKI driver. Keep low to avoid overinterpreting protocolized care."
0_12h_ephedrine_sulfate_dose_total_12h,0.03,Ephedrine boluses typically treat transient peri-anesthetic hypotension; hypotension can contribute to AKI but this window is highly confounded and often short-lived. Binary exposure is a weak proxy for early instability.
13_24h_ephedrine_sulfate_dose_total_12h,0.04,"Ephedrine use beyond the immediate OR/PACU period may indicate intermittent hypotension, which can impair renal perfusion. Still a coarse, non-specific marker compared with continuous vasopressors."
25_36h_ephedrine_sulfate_dose_total_12h,0.05,"Late ephedrine requirement suggests ongoing episodic hypotension near the outcome window, which can worsen renal ischemia. As a binary bolus marker it remains less informative than continuous pressor/inotrope dosing."
0_12h_esmolol_dose_total_12h,0.01,Esmolol use generally reflects tachyarrhythmia or rate control and is not a direct AKI driver. In the immediate postoperative period it is often transient and not specific for renal hypoperfusion.
13_24h_esmolol_dose_total_12h,0.02,"May indirectly indicate atrial fibrillation/tachycardia management, which can correlate with hemodynamic stress, but the link to AKI is weak. Not a primary renal perfusion marker."
25_36h_esmolol_dose_total_12h,0.03,"Ongoing need for rate control can signal persistent arrhythmia and potential low effective cardiac output, indirectly affecting renal perfusion. Still non-specific and should remain low for sparsity."
0_12h_etomidate_dose_total_12h,0.01,Etomidate is primarily an induction agent; any effect on AKI is indirect (hemodynamic instability/adrenal suppression) and usually transient in the immediate post-op window.
13_24h_etomidate_dose_total_12h,0.02,"Ongoing etomidate use is uncommon; if present it may reflect persistent sedation needs/instability, which can correlate with AKI risk, but remains an indirect marker."
25_36h_etomidate_dose_total_12h,0.03,Late etomidate exposure may indicate prolonged critical illness or repeated procedures with potential hemodynamic stress; still not a direct renal insult.
0_12h_ezetimibe_dose_total_12h,0.005,Ezetimibe has no meaningful acute hemodynamic or nephrotoxic effect relevant to post-cardiac surgery AKI prediction.
13_24h_ezetimibe_dose_total_12h,0.005,Continuation of lipid therapy is routine and not mechanistically linked to short-term creatinine rise after surgery.
25_36h_ezetimibe_dose_total_12h,0.005,Ezetimibe dosing reflects chronic cardiovascular prevention rather than acute renal perfusion or tubular injury risk.
0_12h_famotidine_dose_total_12h,0.01,Famotidine is standard stress-ulcer prophylaxis and does not directly drive AKI; any association would be confounding by illness severity.
13_24h_famotidine_dose_total_12h,0.01,Ongoing H2-blocker use is routine ICU care and provides little specific signal for impending creatinine rise.
25_36h_famotidine_dose_total_12h,0.01,Famotidine is not nephrotoxic at typical doses; its presence mainly reflects standard prophylaxis rather than renal risk.
0_12h_fentanyl_pca_dose_total_12h,0.01,PCA fentanyl dose is an indirect marker of pain management and does not directly affect renal perfusion; early post-op dosing is common and nonspecific.
13_24h_fentanyl_pca_dose_total_12h,0.02,"Higher opioid requirements may correlate with complications or prolonged ventilation/immobility, indirectly increasing AKI risk, but it is not a primary driver."
25_36h_fentanyl_pca_dose_total_12h,0.03,Persistent opioid needs late may reflect ongoing critical illness or procedures; association with AKI is indirect via severity and hemodynamics.
0_12h_fentanyl_dose_total_12h,0.01,Fentanyl is hemodynamically relatively stable and not nephrotoxic; early dosing largely reflects routine anesthesia/analgesia.
13_24h_fentanyl_dose_total_12h,0.02,"Continued fentanyl infusion/boluses can be a proxy for ongoing ventilation or instability, which may correlate with AKI, but remains indirect."
25_36h_fentanyl_dose_total_12h,0.03,"Late higher fentanyl exposure may indicate prolonged ICU course and potential hypotension/sedation-related low perfusion, but it is not a direct biomarker."
0_12h_flutacisone_nasal_spray_dose_total_12h,0.001,Intranasal fluticasone has negligible systemic effect and no plausible link to acute postoperative creatinine changes.
13_24h_flutacisone_nasal_spray_dose_total_12h,0.005,Intranasal corticosteroid dosing has no meaningful effect on renal perfusion or tubular injury in the ICU setting. Any association would be incidental/confounded.
25_36h_flutacisone_nasal_spray_dose_total_12h,0.005,Not a nephrotoxin and does not reflect hemodynamic status or kidney function. Unlikely to add predictive value for creatinine rise.
0_12h_folic_acid_dose_total_12h,0.005,Folic acid is not linked to AKI risk or renal hypoperfusion; it is typically routine supplementation. In the immediate post-op window it is especially unlikely to be informative.
13_24h_folic_acid_dose_total_12h,0.005,Supplementation does not drive creatinine changes and is not a marker of renal injury. Any signal would likely reflect baseline nutrition/anemia management rather than AKI physiology.
25_36h_folic_acid_dose_total_12h,0.005,No direct mechanistic relationship to postoperative AKI or creatinine trajectory. Generally routine care without renal-specific prognostic content.
0_12h_furosemide_dose_total_12h,0.08,"Loop diuretic use early post-op can indicate oliguria/volume overload and attempts to manage renal perfusion/venous congestion, which relate to AKI risk. Capped by 0–12h epoch where transient derangements are common."
13_24h_furosemide_dose_total_12h,0.12,"Ongoing diuretic requirement in the trajectory phase often reflects persistent congestion, low effective circulating volume, or evolving renal dysfunction, all associated with later creatinine rise. Dose can proxy severity of fluid management challenges."
25_36h_furosemide_dose_total_12h,0.18,"In the leading-indicator window, higher furosemide dosing commonly signals refractory oliguria or significant venous congestion/heart failure physiology, both strongly linked to subsequent AKI and creatinine increase. Also reflects clinician response to worsening renal/fluid status close to outcome time."
0_12h_gabapentin_dose_total_12h,0.01,Gabapentin is not a typical cause of AKI; dosing is mainly for analgesia and may be reduced in known CKD but is nonspecific. Early post-op use is unlikely to add renal prognostic information.
13_24h_gabapentin_dose_total_12h,0.02,"May weakly reflect baseline renal function via dose adjustment, but it is not a driver of AKI and is heavily confounded by pain regimen. Kept low to maintain sparsity."
25_36h_gabapentin_dose_total_12h,0.02,"Later dosing could be influenced by renal dosing adjustments if kidney function worsens, but this is indirect and nonspecific. Not a primary AKI predictor compared with hemodynamics/labs."
0_12h_guaifenesin_dose_total_12h,0.005,Expectorant use has no physiologic link to renal perfusion or tubular injury. Likely reflects routine respiratory care rather than AKI risk.
13_24h_guaifenesin_dose_total_12h,0.005,Not nephrotoxic and not a marker of hemodynamic instability or renal injury. Any association would be incidental.
25_36h_guaifenesin_dose_total_12h,0.005,No plausible causal pathway to creatinine rise after cardiac surgery. Unlikely to improve prediction beyond noise.
0_12h_half_normal_saline_dose_total_12h,0.04,"Early hypotonic fluid administration can reflect resuscitation strategy and overall fluid exposure, which may contribute to congestion/hemodilution and AKI risk, but the immediate post-op period is highly confounded. Scored conservatively per 0–12h cap."
13_24h_half_normal_saline_dose_total_12h,0.05,"Continued IV fluid administration in the trajectory phase may indicate ongoing hemodynamic support needs and positive fluid balance, which are associated with AKI. Still indirect and confounded by clinical protocols, so kept low."
25_36h_half_normal_saline_dose_total_12h,0.03,"IV fluid choice/volume can influence renal perfusion and chloride load, but 0.45% saline is not a strong independent AKI driver compared with hemodynamics and urine output."
0_12h_heparin_dose_total_12h,0.01,Heparin dosing is usually protocol-driven (VTE prophylaxis/CPB-related) and has no direct mechanistic link to AKI; early post-op period is also highly confounded.
13_24h_heparin_dose_total_12h,0.01,Heparin exposure is not a typical predictor of creatinine rise; dosing mainly reflects anticoagulation strategy rather than renal injury risk.
25_36h_heparin_dose_total_12h,0.01,"Ongoing heparin use is rarely causally related to AKI and is more reflective of indication (e.g., AF/VTE) than kidney perfusion or nephrotoxicity."
0_12h_hydralazine_dose_total_12h,0.02,"Antihypertensive use may correlate with blood pressure management, but hydralazine itself is not nephrotoxic and early post-op BP swings are common/transient."
13_24h_hydralazine_dose_total_12h,0.03,Need for afterload reduction can be a weak proxy for hemodynamic instability; however hydralazine dosing is an indirect and nonspecific marker for AKI risk.
25_36h_hydralazine_dose_total_12h,0.04,"Later hydralazine requirement may reflect persistent hypertension/afterload issues that can affect renal perfusion, but it remains an indirect predictor compared with MAP/pressors/urine output."
0_12h_hydrocodone_acetaminophen_dose_total_12h,0.01,Opioid/acetaminophen analgesia is routine post-op care and generally not a driver of AKI at typical doses; early dosing mostly reflects pain control practices.
13_24h_hydrocodone_acetaminophen_dose_total_12h,0.01,Analgesic dosing is weakly related to renal outcomes and is more a marker of comfort/sedation strategy than kidney injury physiology.
25_36h_hydrocodone_acetaminophen_dose_total_12h,0.01,Hydrocodone/acetaminophen exposure is not a strong AKI predictor; any association would be confounded by overall illness severity and care patterns.
0_12h_hydrocortisone_dose_total_12h,0.04,"Hydrocortisone early post-op may indicate vasoplegia/shock treatment, which is relevant to renal hypoperfusion, but the 0–12h window is highly confounded and capped."
13_24h_hydrocortisone_dose_total_12h,0.06,"Continued steroid use can signal persistent vasoplegia or refractory shock, an established context for AKI via sustained hypoperfusion and inflammation."
25_36h_hydrocortisone_dose_total_12h,0.08,"Hydrocortisone use close to the outcome suggests ongoing vasoplegia/critical illness requiring support, which is associated with higher subsequent creatinine rise."
0_12h_hypertonic_saline_dose_total_12h,0.02,Hypertonic saline use is uncommon and may reflect neuro/ICP concerns or severe hyponatremia; it is not a direct AKI driver and early timing is confounded.
13_24h_hypertonic_saline_dose_total_12h,0.03,"Use may indicate significant electrolyte derangement or high-acuity management, but it remains an indirect and nonspecific predictor of AKI."
25_36h_hypertonic_saline_dose_total_12h,0.04,"Later hypertonic saline suggests ongoing severe dysnatremia/critical illness and osmotic load, which can correlate with AKI risk, though evidence is indirect."
0_12h_ibuprofen_dose_total_12h,0.06,"NSAIDs can reduce renal prostaglandin-mediated afferent arteriolar dilation and precipitate AKI in older post-cardiac surgery patients, especially with hypoperfusion. Early (0–12h) exposure is relevant but capped due to immediate post-op confounding and transient instability."
13_24h_ibuprofen_dose_total_12h,0.08,"Ongoing NSAID exposure during the trajectory phase can worsen renal perfusion and contribute to rising creatinine, particularly in elderly patients with marginal hemodynamics. Moderately predictive but not definitive on its own."
25_36h_ibuprofen_dose_total_12h,0.12,NSAID dosing closer to the 60h creatinine measurement is a stronger leading indicator of potentially preventable hemodynamic/medication-related AKI. Still an indirect predictor compared with direct renal biomarkers.
0_12h_inhaled_acetylcysteine_dose_total_12h,0.01,Inhaled acetylcysteine is used for airway secretion management and has no established direct relationship to renal perfusion or AKI risk. Any association would be via nonspecific illness severity.
13_24h_inhaled_acetylcysteine_dose_total_12h,0.01,Continued inhaled acetylcysteine primarily reflects pulmonary toileting needs rather than kidney injury mechanisms. Weak and nonspecific link to creatinine rise.
25_36h_inhaled_acetylcysteine_dose_total_12h,0.01,"Inhaled acetylcysteine use is not nephrotoxic and does not meaningfully alter renal hemodynamics. At most it is a proxy for respiratory morbidity, so kept minimal for sparsity."
0_12h_inhaled_arformoterol_dose_total_12h,0.01,Inhaled LABA therapy is aimed at bronchospasm/COPD management and is not a recognized driver of postoperative AKI. Any signal would be indirect via overall severity.
13_24h_inhaled_arformoterol_dose_total_12h,0.01,Arformoterol dosing reflects pulmonary disease management rather than renal perfusion or nephrotoxicity. Weak evidence for predicting creatinine_ratio.
25_36h_inhaled_arformoterol_dose_total_12h,0.01,Later arformoterol use remains largely unrelated to kidney injury mechanisms. Retained at a minimal probability to avoid adding noise.
0_12h_inhaled_budesonide_dose_total_12h,0.01,"Inhaled corticosteroids have minimal systemic effect at typical doses and are not established predictors of AKI after cardiac surgery. Association, if any, is indirect through chronic lung disease."
13_24h_inhaled_budesonide_dose_total_12h,0.01,"Budesonide use is primarily respiratory management and does not directly affect renal perfusion or tubular injury. Weak, nonspecific prognostic value for AKI."
25_36h_inhaled_budesonide_dose_total_12h,0.01,Later inhaled budesonide remains unlikely to influence creatinine trajectory meaningfully. Kept very low to maintain sparsity.
0_12h_inhaled_levalbuterol_dose_total_12h,0.02,"Frequent bronchodilator use may proxy respiratory distress and catecholamine exposure, which can correlate with overall postoperative instability. However, it is not a direct AKI mechanism, and early window effects are confounded."
13_24h_inhaled_levalbuterol_dose_total_12h,0.03,"Ongoing need for levalbuterol can indicate persistent pulmonary issues and higher illness severity, indirectly associated with AKI risk. Still a weak predictor compared with hemodynamics, fluids, and renal labs."
25_36h_inhaled_levalbuterol_dose_total_12h,0.04,"Continued bronchodilator requirement closer to outcome may reflect unresolved cardiopulmonary dysfunction and higher ICU acuity, indirectly increasing AKI risk. Kept below 0.05 because it is not kidney-specific."
0_12h_inhaled_sodium_chloride_dose_total_12h,0.01,Inhaled saline is used for secretion clearance/humidification and has no meaningful physiologic link to renal injury. Any association would be incidental and not mechanistic.
13_24h_inhaled_sodium_chloride_dose_total_12h,0.005,Inhaled saline is primarily for airway clearance and does not meaningfully affect renal perfusion or nephrotoxic exposure. Dose mainly reflects respiratory care intensity rather than AKI biology.
25_36h_inhaled_sodium_chloride_dose_total_12h,0.005,"Inhaled saline has no direct physiologic link to postoperative creatinine rise. At most it is a weak proxy for pulmonary issues/acuity, so keep very low for sparsity."
0_12h_inhlaed_levalbuterol_dose_total_12h,0.005,"Inhaled beta-agonist use reflects bronchospasm/airway management and is not a known driver of AKI. Early post-op use is common and transient, with minimal renal relevance."
13_24h_inhlaed_levalbuterol_dose_total_12h,0.01,"Ongoing bronchodilator requirement may weakly correlate with respiratory failure severity and downstream hemodynamic stress, but it is not an established AKI predictor. Keep low to avoid adding nonspecific acuity signals."
25_36h_inhlaed_levalbuterol_dose_total_12h,0.015,"Persistent need for levalbuterol late may indicate prolonged ventilation/critical illness, which can indirectly associate with AKI risk. Still nonspecific and not mechanistically renal, so remain <0.05."
0_12h_insulin_glargine_dose_total_12h,0.01,Basal insulin dosing reflects diabetes management rather than acute renal hypoperfusion or nephrotoxicity. In the immediate post-op window it is unlikely to add specific AKI signal beyond comorbidity.
13_24h_insulin_glargine_dose_total_12h,0.015,"Continued basal insulin suggests underlying diabetes/stress hyperglycemia, a known AKI risk context but indirect. Dose is influenced by protocols and nutrition, limiting specificity."
25_36h_insulin_glargine_dose_total_12h,0.02,"Later basal insulin requirement may track metabolic stress and diabetes severity, which can modestly relate to AKI susceptibility. Still indirect and protocol-driven, so keep low."
0_12h_insulin_levemir_dose_total_12h,0.01,Detemir use is another basal insulin marker of diabetes care with minimal direct linkage to postoperative creatinine rise. Early dosing is largely routine and not kidney-specific.
13_24h_insulin_levemir_dose_total_12h,0.015,"Basal insulin requirement in this epoch is an indirect marker of diabetes/stress response, which can increase AKI risk but is not a direct predictor. Dosing variability reduces prognostic value."
25_36h_insulin_levemir_dose_total_12h,0.02,"Ongoing basal insulin later may weakly reflect severity of illness and glycemic dysregulation, indirectly associated with AKI. Not a renal biomarker, so remain <0.05."
0_12h_insulin_lispro_dose_total_12h,0.02,"Short-acting insulin dose reflects stress hyperglycemia and nutrition, which are indirect correlates of illness severity. In the immediate post-op period it is common and nonspecific for AKI."
13_24h_insulin_lispro_dose_total_12h,0.03,"Higher prandial/correction insulin needs can indicate persistent stress response and inflammation, indirectly linked to AKI risk. Still largely protocol- and feeding-dependent, so keep modest."
25_36h_insulin_lispro_dose_total_12h,0.04,"Persistent elevated insulin requirements closer to outcome may better capture ongoing critical illness and catabolic stress, which can accompany AKI development. Remains an indirect marker, capped <0.05 for sparsity."
0_12h_insulin_regular_infusion_dose_total_12h,0.06,"Need for insulin infusion suggests significant stress hyperglycemia/critical illness, which is associated with higher postoperative complication risk including AKI. However, in 0–12h this is often protocolized and transient, so keep conservative (≤0.10)."
13_24h_insulin_regular_infusion_dose_total_12h,0.08,"Ongoing insulin infusion in the trajectory phase indicates persistent metabolic stress and higher acuity, which more consistently correlates with subsequent organ dysfunction including AKI. Still indirect and treatment-driven, so keep below 0.10."
25_36h_insulin_regular_infusion_dose_total_12h,0.04,"Insulin infusion dose is an indirect marker of stress hyperglycemia/critical illness severity, which correlates with AKI risk but is not a direct renal mechanism. Dose is also strongly confounded by glycemic targets and nutrition."
0_12h_iopamidol_contrast_dose_total_12h,0.08,"Iodinated contrast can precipitate or worsen AKI, especially in older post-cardiac surgery patients with limited renal reserve. In the immediate 0–12h window, effects may be confounded by perioperative hemodilution and transient creatinine changes, so score is capped by epoch."
13_24h_iopamidol_contrast_dose_total_12h,0.12,"Contrast exposure in this trajectory phase is a meaningful nephrotoxic insult and can contribute to creatinine rise over the next 24–48 hours. Timing is closer to the 60h outcome than 0–12h, increasing predictive value."
25_36h_iopamidol_contrast_dose_total_12h,0.18,Recent contrast exposure is a strong leading indicator for subsequent creatinine rise by 60 hours due to contrast-associated tubular injury and renal vasoconstriction. This epoch is closest to the outcome and thus most informative.
0_12h_ipratropium_bromide_dose_total_12h,0.01,Inhaled ipratropium is not nephrotoxic and has no direct link to renal perfusion or tubular injury. Use mainly reflects pulmonary disease/bronchospasm management rather than AKI risk.
13_24h_ipratropium_bromide_dose_total_12h,0.01,Inhaled anticholinergic dosing is not a recognized driver of AKI and is largely unrelated to renal physiology. Any association would be via nonspecific illness severity and is expected to be weak.
25_36h_ipratropium_bromide_dose_total_12h,0.01,Ipratropium remains clinically unrelated to kidney injury; continued use reflects respiratory status rather than renal insult. Not expected to add independent predictive signal in a sparse model.
0_12h_ipratropium_albuterol_dose_total_12h,0.02,"Bronchodilator use is an indirect marker of pulmonary disease and postoperative respiratory complications, which can correlate with overall acuity. It has no direct nephrotoxic effect, so importance is low and capped in the early epoch."
13_24h_ipratropium_albuterol_dose_total_12h,0.02,"Ongoing bronchodilator requirement may reflect persistent respiratory failure and higher illness severity, indirectly associated with AKI. Still not a primary renal risk factor."
25_36h_ipratropium_albuterol_dose_total_12h,0.03,"Persistent need for bronchodilators late in the first 36 hours can indicate ongoing critical illness and hypoxemia risk, which may contribute indirectly to AKI. Association remains nonspecific and likely weak."
0_12h_iron_dose_total_12h,0.01,Iron administration is not a typical cause of AKI in this setting and is usually related to anemia management. Any relationship to creatinine change is likely confounded and minimal.
13_24h_iron_dose_total_12h,0.01,Iron dosing reflects anemia treatment rather than renal perfusion or nephrotoxicity. It is unlikely to provide independent predictive value for creatinine rise.
25_36h_iron_dose_total_12h,0.01,"Late iron administration remains a weak, nonspecific marker (anemia/bleeding) and is not a direct AKI driver. Expected incremental signal for creatinine_ratio is minimal."
0_12h_isosorbide_mononitrate_dose_total_12h,0.02,"Nitrate therapy can lower blood pressure and potentially reduce renal perfusion, but postoperative use is often routine/continuation of home therapy. In the immediate postoperative window, hemodynamics are highly managed, limiting specificity."
13_24h_isosorbide_mononitrate_dose_total_12h,0.03,"Continued nitrate use may contribute to hypotension risk or reflect ischemic heart disease burden, both indirectly linked to AKI. Still a weak predictor compared with direct hemodynamic and renal markers."
25_36h_isosorbide_mononitrate_dose_total_12h,0.04,"In the leading-indicator window, nitrate exposure could be more informative if it coincides with marginal perfusion pressures and evolving cardiorenal syndrome. However, it remains an indirect and confounded signal, so kept low for sparsity."
0_12h_k_phos_dose_total_12h,0.03,KPhos use reflects hypophosphatemia and ICU acuity rather than a direct AKI mechanism; phosphate shifts can accompany renal dysfunction but are nonspecific. Early (0–12h) dosing is often transient post-op replacement.
13_24h_k_phos_dose_total_12h,0.04,"Ongoing phosphate replacement may indicate evolving electrolyte derangements and higher illness severity, which can correlate with AKI risk. Still an indirect marker rather than a causal driver."
25_36h_k_phos_dose_total_12h,0.05,Persistent need for phosphate replacement closer to the outcome may track worsening renal handling or catabolic stress and thus modestly signal AKI trajectory. Remains indirect and potentially confounded by nutrition/insulin/diuretics.
0_12h_ketamine_dose_total_12h,0.01,Ketamine is not a typical nephrotoxin and has no strong direct link to postoperative AKI; dosing mainly reflects sedation/analgesia strategy. Immediate post-op use is common and weakly informative.
13_24h_ketamine_dose_total_12h,0.02,"Continued ketamine may indicate ongoing ventilatory support or hemodynamic instability, indirectly associated with AKI risk. The medication itself is not a primary renal risk factor."
25_36h_ketamine_dose_total_12h,0.03,"Later ketamine use can be a proxy for persistent critical illness and prolonged sedation needs, which correlate with AKI risk. Still indirect and likely collinear with other severity/hemodynamic variables."
0_12h_lactated_ringers_dose_total_12h,0.04,"Early crystalloid volume reflects resuscitation needs and can contribute to fluid overload/hemodilution, which are associated with AKI after cardiac surgery. In 0–12h this is often routine and transient, limiting specificity."
13_24h_lactated_ringers_dose_total_12h,0.06,"Ongoing fluid administration in the trajectory phase may indicate persistent hypotension/low cardiac output or capillary leak, both linked to renal hypoperfusion and AKI. Moderate signal but still confounded by overall management."
25_36h_lactated_ringers_dose_total_12h,0.1,"Continued crystalloid requirement close to 60h suggests unresolved shock/low effective circulating volume or attempts to treat oliguria, both strongly related to subsequent creatinine rise. Also captures risk of fluid overload worsening renal congestion."
0_12h_lactulose_dose_total_12h,0.01,Lactulose use is primarily for bowel regimen or hepatic encephalopathy and has no direct AKI mechanism in this setting. Early administration is routine and weakly informative.
13_24h_lactulose_dose_total_12h,0.02,"May reflect constipation management or encephalopathy risk; dehydration from diarrhea could theoretically affect renal perfusion but is uncommon as a primary driver here. Overall a weak, indirect marker."
25_36h_lactulose_dose_total_12h,0.03,"Later lactulose could contribute to volume depletion if significant stool output occurs, potentially worsening renal perfusion in frail elderly patients. Still generally nonspecific and low predictive value."
0_12h_levothyroxine_dose_total_12h,0.01,Levothyroxine dosing reflects chronic hypothyroidism management and is not an acute determinant of postoperative renal injury. Immediate post-op continuation provides minimal AKI signal.
13_24h_levothyroxine_dose_total_12h,0.01,Continuation of thyroid replacement is routine and not mechanistically linked to AKI development over this timeframe. Any association would be confounded by baseline comorbidity.
25_36h_levothyroxine_dose_total_12h,0.01,Ongoing levothyroxine administration remains standard maintenance therapy without direct relevance to renal perfusion or nephrotoxicity. Predictive value for creatinine_ratio is expected to be negligible.
0_12h_lidocaine_patch_dose_total_12h,0.01,Topical lidocaine is an analgesic adjunct with minimal systemic hemodynamic or nephrotoxic effect. Use mainly reflects pain-control practices rather than AKI risk.
13_24h_lidocaine_patch_dose_total_12h,0.005,Topical lidocaine patch use is largely unrelated to renal perfusion or nephrotoxicity and mainly reflects analgesia needs. Minimal expected signal for AKI risk.
25_36h_lidocaine_patch_dose_total_12h,0.005,Lidocaine patch dosing is not a meaningful driver of kidney injury and is unlikely to affect creatinine trajectory. At most a weak proxy for pain/acuity.
0_12h_lidocaine_dose_total_12h,0.01,"Systemic lidocaine is not a typical nephrotoxin and has limited direct linkage to AKI; dosing may correlate with arrhythmia/pain management. Early (0–12h) period is noisy and transient, so keep low."
13_24h_lidocaine_dose_total_12h,0.01,IV/systemic lidocaine dose is not an established AKI predictor; any association would be indirect via illness severity or hemodynamic instability. Trajectory window still warrants conservative weighting.
25_36h_lidocaine_dose_total_12h,0.015,"Later systemic lidocaine may weakly proxy ongoing arrhythmia management or ICU complexity, but it is not a direct renal insult. Small inclusion probability to allow for indirect severity signal."
0_12h_lisinopril_dose_total_12h,0.03,"ACE inhibitors can reduce glomerular filtration pressure (efferent arteriolar dilation) and worsen creatinine in hypoperfusion states, but are often held immediately post-cardiac surgery. In the immediate 0–12h window, effects are confounded and capped conservatively."
13_24h_lisinopril_dose_total_12h,0.06,"If ACE inhibitor is given in the first postoperative day, it may contribute to functional AKI in the setting of low effective circulating volume or vasoplegia. Moderate established risk factor signal, but not definitive."
25_36h_lisinopril_dose_total_12h,0.09,"ACE inhibitor exposure closer to outcome can precipitate or unmask reduced renal reserve in elderly post-cardiac surgery patients, especially with ongoing diuresis/hypotension. Reasonable established risk factor for rising creatinine ratio."
0_12h_losartan_dose_total_12h,0.03,"ARBs can lower intraglomerular pressure and worsen creatinine during perioperative hypoperfusion, but are commonly withheld early after surgery. Immediate postoperative confounding warrants a low, capped score."
13_24h_losartan_dose_total_12h,0.06,ARBs given during the trajectory phase may increase susceptibility to creatinine rise when renal perfusion is marginal. Established but nonspecific AKI risk factor.
25_36h_losartan_dose_total_12h,0.09,ARBs closer to hour-60 outcome can contribute to functional decline in GFR in patients with evolving AKI or persistent hemodynamic stress. Moderate inclusion as an established risk factor.
0_12h_magnesium_sulfate_dose_total_12h,0.01,Magnesium sulfate replacement is common post-cardiac surgery and is not a typical cause of AKI; dosing more often reflects electrolyte management. Early window is highly protocol-driven and weakly informative.
13_24h_magnesium_sulfate_dose_total_12h,0.015,"Ongoing magnesium sulfate may weakly reflect arrhythmia risk or electrolyte derangements, but has little direct renal injury mechanism. Keep low to avoid over-weighting routine care."
25_36h_magnesium_sulfate_dose_total_12h,0.02,"Later magnesium sulfate dosing could indirectly signal renal dysfunction (less excretion leading to less replacement) or ongoing instability, but directionality is inconsistent. Small probability for indirect association only."
0_12h_magnesium_dose_total_12h,0.01,Non-sulfate magnesium supplementation is routine and not directly nephrotoxic; it mainly reflects electrolyte replacement practices. Immediate postoperative period adds substantial protocol noise.
13_24h_magnesium_dose_total_12h,0.015,Magnesium replacement during 13–24h is a weak proxy for ongoing ICU management and does not directly predict AKI. Low inclusion probability to maintain sparsity.
25_36h_magnesium_dose_total_12h,0.02,Magnesium repletion is common post-cardiac surgery and is not a direct AKI driver; dose more often reflects arrhythmia prophylaxis or electrolyte replacement. Only weak indirect linkage via overall illness severity and renal handling of Mg.
0_12h_melatonin_dose_total_12h,0.005,Melatonin use is largely for sleep/delirium prevention and has no established relationship to postoperative AKI. In the immediate 0–12h window it is especially unlikely to add renal prognostic signal.
13_24h_melatonin_dose_total_12h,0.005,"Primarily reflects sleep management rather than renal perfusion, nephrotoxicity, or kidney injury. Any association would be confounding by ICU course rather than causal."
25_36h_melatonin_dose_total_12h,0.005,Still a non-nephrotoxic supportive medication; dosing is not a recognized predictor of creatinine rise. At most it is a weak proxy for delirium/ICU stay complexity.
0_12h_meropenem_dose_total_12h,0.03,"Broad-spectrum antibiotic use can indicate severe infection/shock risk, which can contribute to AKI, but meropenem itself is not a classic nephrotoxin. In 0–12h it often reflects empiric coverage and is a noisy severity proxy."
13_24h_meropenem_dose_total_12h,0.04,"Ongoing meropenem suggests persistent concern for infection/sepsis, which is an indirect AKI risk via hypotension/inflammation. Still largely a confounded marker rather than a direct renal insult."
25_36h_meropenem_dose_total_12h,0.05,"Continued broad-spectrum therapy closer to outcome may better capture evolving sepsis/organ dysfunction that predisposes to AKI. Meropenem is not strongly nephrotoxic, so importance remains modest."
0_12h_methocarbamol_dose_total_12h,0.005,Muscle relaxant use is not mechanistically linked to renal hypoperfusion or nephrotoxicity in typical ICU dosing. Likely reflects pain/spasm management rather than AKI risk.
13_24h_methocarbamol_dose_total_12h,0.005,No established association with postoperative AKI; dosing is driven by comfort measures. Any signal would be indirect and highly confounded.
25_36h_methocarbamol_dose_total_12h,0.005,Continued use remains a supportive-care marker without direct renal relevance. Not expected to predict creatinine_ratio beyond noise.
0_12h_methylene_blue_dose_total_12h,0.08,"Methylene blue use often indicates vasoplegic shock after cardiopulmonary bypass, a hemodynamic state strongly linked to renal hypoperfusion and AKI. Early window is capped and conservative given transient post-op instability."
13_24h_methylene_blue_dose_total_12h,0.12,"Need for methylene blue beyond the immediate post-op period suggests persistent/refractory vasoplegia and high vasopressor burden, increasing AKI risk via sustained low renal perfusion. This is a stronger severity/hemodynamic marker in the trajectory phase."
25_36h_methylene_blue_dose_total_12h,0.18,"Use in the 25–36h leading-indicator window implies ongoing severe vasoplegia/shock physiology close to the creatinine outcome, which is strongly associated with subsequent AKI. Acts as a high-specificity marker of hemodynamic collapse rather than a direct biomarker."
0_12h_metoclopramide_dose_total_12h,0.005,Antiemetic/prokinetic use is routine and not linked to renal perfusion or nephrotoxicity. In 0–12h it is especially nonspecific.
13_24h_metoclopramide_dose_total_12h,0.005,Reflects nausea/feeding intolerance management rather than kidney injury mechanisms. Any association would be weak and confounded.
25_36h_metoclopramide_dose_total_12h,0.005,Still a supportive medication without established predictive value for AKI or creatinine rise. Not expected to add meaningful signal in a sparse linear model.
0_12h_metoprolol_dose_total_12h,0.02,"Beta-blocker dosing early post-op is usually for rate control and is not a direct AKI driver; any renal effect would be indirect via hypotension/bradycardia. In the immediate 0–12h period, transient hemodynamic changes are common, so keep conservative."
13_24h_metoprolol_dose_total_12h,0.03,"Ongoing metoprolol use may reflect persistent tachyarrhythmia or hypertension management, with only indirect linkage to renal perfusion. Modest signal possible if higher doses contribute to lower cardiac output or hypotension."
25_36h_metoprolol_dose_total_12h,0.04,"Closer to the outcome window, higher beta-blocker requirement could correlate with ongoing cardiac dysfunction/arrhythmia management that may affect renal perfusion, but it remains an indirect marker. Not a nephrotoxin and not a direct AKI biomarker."
0_12h_metronidazole_dose_total_12h,0.005,Metronidazole is not typically nephrotoxic and is unlikely to causally influence creatinine rise after cardiac surgery. Early administration mainly reflects infection/prophylaxis patterns rather than renal injury.
13_24h_metronidazole_dose_total_12h,0.01,"Continued metronidazole suggests suspected infection/abdominal source but has minimal direct renal toxicity. Any association with AKI would be confounding by illness severity, so keep very low."
25_36h_metronidazole_dose_total_12h,0.015,"Later metronidazole use may indicate evolving infection/sepsis risk, which can contribute to AKI, but the drug itself is not a strong renal insult. Treat as a weak severity proxy only."
0_12h_midazolam_dose_total_12h,0.01,"Sedation dose is not a direct AKI mechanism; it may correlate with ventilation needs and illness severity. In the immediate post-op window, sedation is routine and poorly specific for renal outcomes."
13_24h_midazolam_dose_total_12h,0.02,"Persistent midazolam requirement can indicate ongoing mechanical ventilation or instability, indirectly associated with AKI risk via severity and hemodynamics. Still nonspecific and not a renal biomarker."
25_36h_midazolam_dose_total_12h,0.03,"Ongoing sedation closer to hour 60 may reflect prolonged critical illness and higher risk of renal hypoperfusion or multi-organ dysfunction. Association is indirect, so keep low for sparsity."
0_12h_midodrine_dose_total_12h,0.03,"Midodrine use suggests vasoplegia or difficulty weaning IV vasopressors, which relates to renal perfusion pressure. In 0–12h, hemodynamic support is common post-CPB, so cap conservatively."
13_24h_midodrine_dose_total_12h,0.06,"Midodrine requirement in the trajectory phase can indicate persistent hypotension/vasoplegia, a recognized contributor to AKI via reduced renal perfusion. Still an indirect marker compared with direct BP/vasopressor dose features."
25_36h_midodrine_dose_total_12h,0.09,"Need for midodrine in the 25–36h leading window suggests ongoing low perfusion pressure or vasoplegia, which is an established AKI risk factor after cardiac surgery. This is a clinically meaningful hemodynamic proxy though not definitive."
0_12h_milrinone_dose_total_12h,0.06,"Milrinone use indicates low cardiac output/right ventricular dysfunction; renal hypoperfusion from cardiogenic shock physiology is a key AKI pathway. Early post-op inotrope use is common, so keep within the 0–12h cap."
13_24h_milrinone_dose_total_12h,0.12,"Continued milrinone in 13–24h suggests persistent low-output state, a strong contributor to renal hypoperfusion and AKI risk. Also reflects severity of cardiac dysfunction beyond routine immediate post-op support."
25_36h_milrinone_dose_total_12h,0.18,"Milrinone requirement in the 25–36h window is a strong indicator of ongoing low cardiac output syndrome, closely linked to subsequent creatinine rise after cardiac surgery. This is one of the more informative medication proxies for renal hypoperfusion."
0_12h_minocycline_dose_total_12h,0.005,"Minocycline is not a typical driver of postoperative AKI and is rarely central in cardiac ICU care; any association would be confounding by infection. In the immediate post-op period, antibiotic choice is not specific for renal injury."
13_24h_minocycline_dose_total_12h,0.01,Minocycline is not a typical driver of post-cardiac surgery AKI; any nephrotoxicity is uncommon and usually indirect. Use mainly reflects infection treatment rather than renal perfusion status.
25_36h_minocycline_dose_total_12h,0.02,"Later antibiotic exposure could weakly correlate with severity of illness/infection, which can contribute to AKI risk, but minocycline itself is not a strong nephrotoxin. Keep low to maintain sparsity."
0_12h_morphine_dose_total_12h,0.02,Opioid dosing is primarily an analgesia/sedation marker; it may indirectly reflect hemodynamic instability or ventilator dependence but is not a direct AKI predictor. Early post-op period is noisy and transient.
13_24h_morphine_dose_total_12h,0.03,"Ongoing opioid requirement can be a weak proxy for prolonged critical illness and hypotension risk, which may affect renal perfusion. Still indirect and non-specific for AKI."
25_36h_morphine_dose_total_12h,0.04,"Persistent opioid needs closer to the outcome may track ongoing instability or complications that predispose to AKI, but remains an indirect marker. Not a renal biomarker and should stay low."
0_12h_nicardipine_dose_total_12h,0.04,"Nicardipine use suggests hypertension management; excessive BP lowering could reduce renal perfusion, but early post-op BP management is common and variable. Indirect link only in this initial epoch."
13_24h_nicardipine_dose_total_12h,0.05,Continued need for nicardipine may indicate persistent hemodynamic lability; renal perfusion can be sensitive to BP targets in older patients. Still non-specific and capped to avoid over-weighting.
25_36h_nicardipine_dose_total_12h,0.07,"In the leading-indicator window, antihypertensive infusion dose may better reflect sustained BP control that could influence renal perfusion pressure. Association is plausible but not definitive without concurrent MAP/pressors."
0_12h_nitroglycerin_dose_total_12h,0.03,"Nitroglycerin is used for ischemia/afterload reduction and can lower preload/BP, potentially affecting renal perfusion, but early post-op use is common and transient. Weak indirect AKI signal."
13_24h_nitroglycerin_dose_total_12h,0.04,"Ongoing nitrate requirement may reflect cardiac dysfunction/ischemia and hemodynamic vulnerability, which can contribute to renal hypoperfusion. Still an indirect proxy rather than a direct renal marker."
25_36h_nitroglycerin_dose_total_12h,0.06,Later nitrate dosing may indicate persistent low-output/ischemia management and potential renal hypoperfusion closer to the creatinine outcome. Moderate but non-specific predictor.
0_12h_normal_saline_dose_total_12h,0.05,"Crystalloid volume can reflect resuscitation needs and hemodynamic instability; both relate to AKI risk, but early post-op fluids are routine and confounded. Also saline chloride load may contribute to renal vasoconstriction, but effect is modest."
13_24h_normal_saline_dose_total_12h,0.06,"Continued saline administration may better reflect ongoing shock/resuscitation or positive fluid balance, which is associated with AKI and creatinine rise/dilution dynamics. Still indirect and confounded by clinical strategy."
25_36h_normal_saline_dose_total_12h,0.09,"In the 25–36h window, higher saline volume can indicate persistent instability and fluid overload, both linked to AKI and worse renal outcomes. Not a direct biomarker, but a more informative leading indicator than earlier epochs."
0_12h_nystatin_dose_total_12h,0.005,Nystatin (typically non-absorbed oral/topical) has negligible systemic nephrotoxicity and little mechanistic link to AKI. Use mainly reflects routine antifungal prophylaxis or thrush treatment.
13_24h_nystatin_dose_total_12h,0.005,Continued nystatin use remains clinically non-informative for renal injury risk and is not a nephrotoxin. Likely reflects routine care rather than evolving AKI physiology.
25_36h_nystatin_dose_total_12h,0.01,Nystatin is minimally systemically absorbed and is not a typical nephrotoxin. Its use mainly reflects routine antifungal prophylaxis/colonization rather than renal perfusion or injury.
0_12h_ondansetron_dose_total_12h,0.005,Ondansetron is not a meaningful driver of AKI risk; dosing reflects nausea prophylaxis. In the immediate post-op window it provides little renal prognostic information.
13_24h_ondansetron_dose_total_12h,0.005,Ondansetron exposure has no established link to postoperative AKI. Continued use is more about symptoms/feeding tolerance than kidney injury.
25_36h_ondansetron_dose_total_12h,0.005,Ondansetron is not nephrotoxic and does not directly reflect renal hypoperfusion or tubular injury. Any association would be indirect and weak.
0_12h_oxycodone_dose_total_12h,0.01,"Opioid dosing is not a direct AKI predictor; it may weakly proxy illness severity or hypotension risk. In the 0–12h period, analgesia patterns are highly protocol-driven and noisy."
13_24h_oxycodone_dose_total_12h,0.015,"Higher opioid needs can indirectly reflect complications (pain, agitation) that may correlate with hemodynamic instability, but the link to AKI is weak. Not a primary renal risk factor."
25_36h_oxycodone_dose_total_12h,0.02,"Persistent opioid requirement may weakly track ongoing critical illness and potential hypotension/sedation-related low perfusion, but remains an indirect and nonspecific AKI signal."
0_12h_pantoprazole_dose_total_12h,0.005,Pantoprazole is commonly given for stress ulcer prophylaxis and is not an acute driver of postoperative AKI. Any PPI-associated interstitial nephritis is rare and not time-linked to this window.
13_24h_pantoprazole_dose_total_12h,0.005,Continued pantoprazole use reflects routine ICU prophylaxis rather than renal physiology. It has minimal value for predicting creatinine rise at 60h.
25_36h_pantoprazole_dose_total_12h,0.005,Pantoprazole dosing is largely protocolized and not a meaningful marker of renal hypoperfusion or nephrotoxic exposure in this timeframe.
0_12h_phenylephrine_dose_total_12h,0.08,"Need for vasopressor support indicates perioperative vasoplegia/hypotension risk, which can reduce renal perfusion and contribute to AKI. However, immediate post-bypass vasopressor use is common/transient, so importance is capped in 0–12h."
13_24h_phenylephrine_dose_total_12h,0.12,Ongoing phenylephrine requirement in the trajectory phase suggests persistent hemodynamic instability and risk of renal hypoperfusion. This is a more informative signal than in the immediate post-op period.
25_36h_phenylephrine_dose_total_12h,0.18,"Vasopressor need close to the outcome window strongly indicates ongoing shock/vasoplegia and impaired renal perfusion, a direct pathway to postoperative AKI. This is a clinically strong predictor in the 25–36h leading-indicator epoch."
0_12h_phos_na_k_dose_total_12h,0.02,"Phosphate supplementation may reflect electrolyte shifts from surgery/CPB and early renal handling changes, but it is nonspecific and often protocol-driven. Early window abnormalities are common and transient."
13_24h_phos_na_k_dose_total_12h,0.03,"Need for phosphate replacement can weakly indicate evolving renal dysfunction or refeeding/insulin effects, but it is an indirect marker with many confounders. Association with AKI is plausible but not strong."
25_36h_phos_na_k_dose_total_12h,0.04,"Late phosphate supplementation may reflect ongoing electrolyte derangements and possible impaired renal regulation, but remains indirect and influenced by nutrition/insulin and replacement protocols. Kept below 0.05 to maintain sparsity."
0_12h_piperacilin_tazobactam_dose_total_12h,0.02,"Broad-spectrum antibiotic use is more a marker of suspected infection/acuity than a direct AKI driver; piperacillin-tazobactam has weak/indirect nephrotoxicity signals. Early (0–12h) dosing is often prophylactic/empiric post-op, limiting specificity for later creatinine rise."
13_24h_piperacilin_tazobactam_dose_total_12h,0.03,"Continuation/escalation into 13–24h may reflect evolving infection/sepsis risk, which can contribute to AKI via hemodynamic/inflammatory mechanisms. Still largely an indirect proxy rather than a direct renal biomarker."
25_36h_piperacilin_tazobactam_dose_total_12h,0.04,"Ongoing need for broad-spectrum coverage closer to the outcome can indicate persistent infection/instability, increasing AKI risk. The medication itself is not a strong standalone nephrotoxin, so importance remains low."
0_12h_plasmalyte_dose_total_12h,0.03,"Early crystalloid volume reflects resuscitation needs and potential hemodynamic stress, which can relate to renal perfusion. In the immediate post-bypass period this is common and nonspecific, so predictive value is limited."
13_24h_plasmalyte_dose_total_12h,0.04,Higher fluid requirements in 13–24h may indicate ongoing vasoplegia/third spacing and risk for renal congestion or low effective perfusion. Still an indirect marker and collinear with other hemodynamic/IO features.
25_36h_plasmalyte_dose_total_12h,0.05,"Later crystalloid needs can signal persistent instability or attempts to treat low perfusion, both relevant to AKI risk. However, fluid dose alone is nonspecific without concurrent BP/pressors/urine output, so capped as indirect."
0_12h_polyethylene_glycol_dose_total_12h,0.005,PEG is a bowel regimen and does not directly affect renal perfusion or nephrotoxicity. Use in the first 12 hours is routine and not informative for AKI prediction.
13_24h_polyethylene_glycol_dose_total_12h,0.005,Bowel regimen use is largely unrelated to kidney injury mechanisms and mainly reflects routine care. Any association would be confounded by overall recovery trajectory.
25_36h_polyethylene_glycol_dose_total_12h,0.005,"PEG dosing remains a weak, nonspecific marker of general care and does not plausibly drive creatinine rise. Not expected to add signal in a sparse AKI model."
0_12h_potassium_chloride_dose_total_12h,0.03,"Potassium repletion can reflect shifts from diuresis, insulin therapy, or early renal dysfunction, but in 0–12h it is often protocolized and nonspecific. It is an indirect proxy rather than a causal AKI factor."
13_24h_potassium_chloride_dose_total_12h,0.04,Ongoing KCl needs may reflect diuretic use or electrolyte derangements that correlate with renal stress and ICU severity. Still indirect and potentially collinear with diuretic dose and potassium lab values.
25_36h_potassium_chloride_dose_total_12h,0.05,"Closer to hour 60, KCl dosing may better reflect evolving renal handling of potassium and treatment responses (e.g., diuresis vs declining function). Remains an indirect marker, so kept low."
0_12h_dexmedetomidine_dose_total_12h,0.01,"Dexmedetomidine is not a nephrotoxin; any AKI link would be via bradycardia/hypotension or sedation strategy. In the immediate post-op window, use is common and weakly informative."
13_24h_dexmedetomidine_dose_total_12h,0.015,"Continued sedation may correlate with prolonged ventilation/illness severity, indirectly associated with AKI risk. The medication itself is not a direct renal injury driver."
25_36h_dexmedetomidine_dose_total_12h,0.02,"Ongoing need for dexmedetomidine later may indicate delayed recovery or hemodynamic fragility, which can accompany AKI risk. Still primarily a severity proxy, not a direct biomarker."
0_12h_prednisone_dose_total_12h,0.01,Prednisone in early post-op care is typically for specific indications and is not a direct AKI predictor; it may affect glucose/fluid balance but indirectly. In 0–12h it is unlikely to add specific signal for creatinine ratio at 60h.
13_24h_prednisone_dose_total_12h,0.02,"Systemic steroids can worsen glycemic control and infection risk, which may indirectly affect AKI risk, but prednisone is not a primary perioperative AKI driver. In this mid window, dosing often reflects routine indications rather than renal physiology."
25_36h_prednisone_dose_total_12h,0.03,"Later steroid exposure may correlate with ongoing inflammation/respiratory issues and hyperglycemia, indirectly increasing AKI risk. Still, prednisone is not typically a direct nephrotoxin or strong AKI predictor in post-cardiac surgery ICU care."
0_12h_propofol_dose_total_12h,0.03,"Propofol can contribute to hypotension and reduced renal perfusion, but early post-op sedation dosing is common and confounded by routine ventilation needs. Given the 0–12h transient instability, it is a weak indirect marker."
13_24h_propofol_dose_total_12h,0.04,"Ongoing propofol requirement may reflect prolonged mechanical ventilation and hemodynamic fragility, which can relate to AKI risk via perfusion. However, it remains an indirect proxy rather than a direct renal insult."
25_36h_propofol_dose_total_12h,0.05,"Continued propofol use closer to the outcome can indicate persistent critical illness and potential hypotension/vasopressor dependence affecting renal perfusion. Still, it is largely a severity-of-illness proxy, so kept low for sparsity."
0_12h_protamine_dose_total_12h,0.02,"Protamine administration is routine after cardiopulmonary bypass and mainly reflects standard reversal of heparin. While rare reactions can cause hypotension/pulmonary hypertension, it is not a consistent AKI predictor and early window is highly confounded."
13_24h_protamine_dose_total_12h,0.01,Protamine use beyond the immediate post-bypass period is uncommon and more likely reflects procedural workflow/documentation than renal pathophysiology. Weak and nonspecific link to AKI.
25_36h_protamine_dose_total_12h,0.01,Late protamine exposure is unlikely to be causally related to AKI and may represent documentation artifacts or re-intervention without direct renal mechanism. Minimal predictive value expected.
0_12h_quetiapine_dose_total_12h,0.01,Quetiapine is used for agitation/delirium and has no direct nephrotoxic effect; any association with AKI would be via nonspecific illness severity. In the immediate post-op period it is not a meaningful renal predictor.
13_24h_quetiapine_dose_total_12h,0.02,"Use may indicate delirium and prolonged ICU course, indirectly correlating with complications including AKI. However, it is a behavioral/management marker rather than a renal physiology driver."
25_36h_quetiapine_dose_total_12h,0.03,"Later quetiapine use can reflect persistent delirium and ongoing critical illness, which may track with AKI risk. Still indirect and nonspecific, so kept below 0.05."
0_12h_rocuronium_dose_total_12h,0.02,"Neuromuscular blockade reflects ventilation strategy and surgical/anesthetic needs; it does not directly cause AKI. Any link is indirect via severity of illness and prolonged ventilation, and early window is highly confounded."
13_24h_rocuronium_dose_total_12h,0.03,"Continued paralysis may indicate severe respiratory failure or ventilator dyssynchrony, which can correlate with hemodynamic instability affecting renal perfusion. Still an indirect proxy rather than a direct AKI marker."
25_36h_rocuronium_dose_total_12h,0.04,"Ongoing neuromuscular blockade closer to hour 60 suggests persistent critical illness and potentially higher exposure to hypotension/vasopressors that predispose to AKI. Remains nonspecific, so modest probability only."
0_12h_rosuvastatin_dose_total_12h,0.01,Statin continuation is routine and not a typical cause of AKI; rhabdomyolysis is rare and not captured directly here. Early post-op dosing provides little renal prognostic information.
13_24h_rosuvastatin_dose_total_12h,0.01,Ongoing statin therapy mainly reflects baseline cardiovascular management rather than evolving renal injury. Minimal expected association with creatinine rise in this context.
25_36h_rosuvastatin_dose_total_12h,0.01,Statin dosing is not a direct driver of acute postoperative creatinine rise; continuation is usually routine and more reflective of baseline ASCVD management than AKI physiology.
0_12h_senna_docusate_dose_total_12h,0.005,Bowel regimen use is routine ICU care and has no meaningful mechanistic link to AKI; early postoperative administration is largely protocol-driven.
13_24h_senna_docusate_dose_total_12h,0.005,"Continued bowel regimen reflects routine care and does not indicate renal hypoperfusion, nephrotoxicity, or intrinsic kidney injury."
25_36h_senna_docusate_dose_total_12h,0.005,Bowel regimen dosing remains non-specific and is unlikely to add predictive signal for creatinine rise beyond overall illness severity.
0_12h_senna_dose_total_12h,0.005,Senna use is standard constipation prophylaxis and is not physiologically linked to postoperative AKI risk.
13_24h_senna_dose_total_12h,0.005,"Senna dosing is routine and provides minimal information about renal perfusion, nephrotoxin exposure, or evolving kidney injury."
25_36h_senna_dose_total_12h,0.005,"Ongoing senna administration is non-specific and unlikely to predict creatinine_ratio compared with hemodynamics, urine output, or renal labs."
0_12h_sevelamer_carbonate_dose_total_12h,0.03,"Sevelamer use suggests hyperphosphatemia and/or underlying CKD, which increases AKI susceptibility, but in the immediate 0–12h window it is often continuation of home therapy rather than new renal injury."
13_24h_sevelamer_carbonate_dose_total_12h,0.04,Use may reflect persistent hyperphosphatemia/CKD and higher renal vulnerability; still an indirect proxy rather than a direct AKI biomarker.
25_36h_sevelamer_carbonate_dose_total_12h,0.05,"Later need for phosphate binder can indicate ongoing renal dysfunction or hyperphosphatemia consistent with impaired clearance, but remains an indirect marker and treatment-dependent."
0_12h_simethicone_dose_total_12h,0.005,Simethicone is symptomatic GI therapy with no established relationship to renal perfusion or intrinsic kidney injury.
13_24h_simethicone_dose_total_12h,0.005,Administration is non-specific supportive care and does not plausibly predict postoperative creatinine rise.
25_36h_simethicone_dose_total_12h,0.005,Simethicone use is unrelated to AKI mechanisms and is unlikely to add predictive value for creatinine_ratio.
0_12h_sodium_bicarbonate_dose_total_12h,0.06,"Bicarbonate use can signal significant metabolic acidosis or hyperkalemia during/after bypass, which correlates with hypoperfusion and AKI risk, but early derangements are often transient in the immediate postoperative period."
13_24h_sodium_bicarbonate_dose_total_12h,0.1,"Ongoing bicarbonate requirement suggests persistent metabolic acidosis from shock, low cardiac output, or renal dysfunction, all established AKI risk contexts."
25_36h_sodium_bicarbonate_dose_total_12h,0.15,"Late bicarbonate administration is a strong indicator of persistent acidosis and/or impaired renal acid excretion close to the outcome window, making it a meaningful predictor of subsequent creatinine rise."
0_12h_tpn_dose_total_12h,0.01,TPN use early post-op is mainly a marker of nutrition/feeding strategy and overall complexity rather than a direct AKI mechanism. In the immediate 0–12h window it is unlikely to add specific signal for creatinine rise.
13_24h_tpn_dose_total_12h,0.02,"Ongoing TPN may reflect higher illness severity or inability to feed enterally, which can correlate indirectly with AKI risk. Still not a direct renal perfusion/nephrotoxin driver."
25_36h_tpn_dose_total_12h,0.03,"Later TPN use can proxy persistent critical illness and inflammatory stress, indirectly associated with AKI. It remains nonspecific and should stay low for sparsity."
0_12h_tamsulosin_dose_total_12h,0.005,Tamsulosin is used for urinary retention/BPH and has no meaningful causal link to postoperative AKI. Any association would be incidental.
13_24h_tamsulosin_dose_total_12h,0.005,Tamsulosin dosing reflects lower urinary tract symptoms/retention management rather than renal injury physiology. Not expected to predict creatinine ratio.
25_36h_tamsulosin_dose_total_12h,0.005,Continued tamsulosin use is not a renal perfusion marker and is unlikely to precede AKI. Keep near-zero to avoid noise.
0_12h_tramadol_dose_total_12h,0.01,Tramadol is not a classic nephrotoxin; any AKI link is indirect via hypotension/sedation or overall pain/illness severity. Early post-op dosing is common and nonspecific.
13_24h_tramadol_dose_total_12h,0.015,Ongoing opioid/analgesic requirement may weakly track complications or hemodynamic instability that can contribute to AKI. The relationship is indirect and modest.
25_36h_tramadol_dose_total_12h,0.02,"Later tramadol use may reflect persistent pain/complications and can correlate with reduced mobility or delirium management, indirectly associated with AKI risk. Not a direct biomarker, so keep low."
0_12h_tranexamic_acid_dose_total_12h,0.02,Tranexamic acid is commonly given perioperatively; AKI associations are inconsistent and largely confounded by bleeding risk and case complexity. In 0–12h it is not a strong renal predictor.
13_24h_tranexamic_acid_dose_total_12h,0.01,"Use beyond the immediate operative period is uncommon and may reflect bleeding concerns, but it is not a direct renal insult marker. Any signal is likely sparse and indirect."
25_36h_tranexamic_acid_dose_total_12h,0.01,Late TXA use would mainly indicate ongoing bleeding management rather than kidney injury physiology. Keep low to avoid capturing confounding rather than causation.
0_12h_vancomycin_dose_total_12h,0.06,"Vancomycin exposure is a recognized nephrotoxic risk factor, especially in older adults and with hemodynamic stress post-cardiac surgery. In 0–12h, exposure is relevant but capped by the early-epoch conservatism."
13_24h_vancomycin_dose_total_12h,0.1,"Continued vancomycin dosing increases nephrotoxic exposure and often reflects suspected infection/sepsis, both associated with AKI. This trajectory window can add meaningful risk signal."
25_36h_vancomycin_dose_total_12h,0.16,"Vancomycin exposure closest to the outcome window is a stronger leading indicator of nephrotoxic AKI risk, particularly with cumulative dosing and concurrent critical illness. This is a plausible direct contributor to creatinine rise by hour 60."
0_12h_vasopressin_dose_total_12h,0.08,"Vasopressin requirement indicates vasoplegia/shock and need for vasoactive support, a strong proxy for renal hypoperfusion risk after cardiac surgery. In 0–12h it is informative but limited by early postoperative transience and the epoch cap."
13_24h_vasopressin_dose_total_12h,0.08,"Ongoing vasopressin requirement in the trajectory phase suggests persistent vasoplegia/shock and renal hypoperfusion risk. Less proximal than 25–36h, so moderated."
25_36h_vasopressin_dose_total_12h,0.14,Vasopressin use close to the outcome indicates refractory vasodilatory shock and high risk of renal ischemia/AKI. Dose intensity is a strong marker of hemodynamic severity.
0_12h_warfarin_dose_total_12h,0.005,Early postoperative warfarin dosing is not a direct driver of AKI and is mainly related to anticoagulation strategy. Any association with creatinine change is likely confounded.
13_24h_warfarin_dose_total_12h,0.005,Warfarin dose reflects anticoagulation management rather than renal perfusion or nephrotoxicity in this window. Weak and indirect link to AKI.
25_36h_warfarin_dose_total_12h,0.006,Warfarin is not an acute nephrotoxin and dosing is unlikely to causally affect creatinine by hour 60. At most a weak proxy for clinical course.
0_12h_heparin_line_flush_dose_total_12h,0.003,Heparin line flush dosing is routine ICU maintenance and does not meaningfully affect renal perfusion or tubular injury. Minimal prognostic value for AKI.
13_24h_heparin_line_flush_dose_total_12h,0.003,Line flush heparin is standard-of-care and not mechanistically linked to postoperative creatinine rise. Any signal would be noise or confounding.
25_36h_heparin_line_flush_dose_total_12h,0.003,Heparin flush dose remains a maintenance variable without a plausible causal pathway to AKI. Not expected to predict creatinine_ratio.
0_12h_urine_output_total_12h,0.09,"Low urine output early after surgery can indicate renal hypoperfusion, but is often transient from anesthesia/CPB and diuretics. Capped by the 0–12h conservatism rule."
13_24h_urine_output_total_12h,0.18,Oliguria in the trajectory phase is a strong early functional marker of evolving AKI and/or ongoing low effective circulating volume. More informative than immediate post-op output.
25_36h_urine_output_total_12h,0.32,Persistently low urine output close to hour 60 is a direct functional biomarker of kidney dysfunction and strongly predicts subsequent creatinine rise. It also captures ongoing hemodynamic/volume problems driving AKI.
0_12h_norepinephrine_equivalent_dose_total_12h,0.1,"High vasopressor requirement immediately post-op reflects shock/vasoplegia and risk of renal hypoperfusion, but early needs are common and may resolve. Limited by the 0–12h maximum score."
13_24h_norepinephrine_equivalent_dose_total_12h,0.16,Continued norepinephrine requirement in 13–24h suggests persistent circulatory failure and higher AKI risk via reduced renal blood flow and venous congestion. Moderately strong but not definitive alone.
25_36h_norepinephrine_equivalent_dose_total_12h,0.22,"Vasopressor dependence in 25–36h is a leading indicator of ongoing shock and renal ischemic risk, strongly associated with later creatinine rise. Proximity to outcome increases predictive value."
