value,importance,reason
age,2,"Within an 80+ cohort, incremental age adds limited additional discrimination, though frailty and reduced renal reserve can increase AKI susceptibility."
gender,1,"All patients are male per cohort description, so this provides no predictive signal."
race_caucasian,1,Race is fixed/irrelevant within a black-only cohort and is not a direct physiologic driver of postoperative AKI.
race_black,1,Race is constant in this dataset subset and therefore non-informative for prediction.
race_asian,1,Not applicable/near-constant in a black-only cohort and not a direct mechanistic predictor of AKI.
race_native_am,1,Not applicable/near-constant in a black-only cohort and not a direct mechanistic predictor of AKI.
race_native_pacific,1,Not applicable/near-constant in a black-only cohort and not a direct mechanistic predictor of AKI.
race_other,1,Not applicable/near-constant in a black-only cohort and not a direct mechanistic predictor of AKI.
ethnicity,1,Ethnicity is not a direct physiologic determinant of postoperative creatinine rise and may be near-constant/weakly informative in this cohort.
height_cm,1,Height has minimal direct relationship to postoperative renal perfusion or tubular injury; any effect is indirect via body size indexing.
weight_kg,2,"Higher weight can correlate with obesity-related CKD risk and dosing/volume management complexity, indirectly affecting AKI risk, but it is not a direct biomarker."
family_history_premature_cardiac_death,1,Family history affects long-term cardiovascular risk but has little direct linkage to acute postoperative renal injury after cardiac surgery.
diabetes,4,"Diabetes is a well-established risk factor for perioperative AKI due to baseline microvascular disease, reduced renal reserve, and susceptibility to ischemia/reperfusion injury."
diab_ctrl,2,"Glycemic control status may modestly modify AKI risk via inflammation and infection risk, but it is an indirect and often noisy proxy compared with direct hemodynamic/lab markers."
pre_op_dyslipidemia,1,Dyslipidemia is not a strong direct predictor of acute postoperative creatinine rise; its effects are largely chronic and mediated through vascular disease.
hypertension,3,"Hypertension is associated with chronic kidney disease and impaired autoregulation, increasing vulnerability to perioperative hypotension and AKI."
endocarditis_history,2,"Prior endocarditis can imply prior sepsis/valve disease and higher perioperative complexity, which may indirectly increase AKI risk. It is not a direct renal perfusion or nephrotoxin marker in this setting."
chronic_lung_disease,3,"COPD is associated with perioperative hypoxemia/hypercapnia and higher vasopressor/ventilation needs, which can impair renal perfusion. It is a common comorbidity linked to worse postoperative outcomes including AKI."
pre_op_home_oxygen,3,"Home oxygen is a marker of advanced cardiopulmonary disease and limited physiologic reserve, often correlating with perioperative hypoxia and hemodynamic instability that can precipitate AKI. It is an indirect but established risk marker."
bronchodilator_therapy,2,Bronchodilator use mainly reflects underlying obstructive lung disease severity and perioperative respiratory risk. Its link to AKI is indirect and largely mediated through hypoxia/hemodynamics rather than a primary renal mechanism.
pre_op_sleep_apnea,2,"OSA is associated with intermittent hypoxemia and cardiovascular comorbidity, which may modestly increase perioperative risk. Evidence for a strong independent association with post-cardiac surgery AKI is limited."
pneumonia,4,"Active/recent pneumonia increases risk of sepsis, hypoxemia, and vasopressor requirement, all of which can directly reduce renal perfusion and trigger AKI. It is a strong marker of acute illness severity around surgery."
iv_drug_abuse,2,"IV drug use can correlate with infections (endocarditis), hepatitis, and social factors that increase perioperative complexity. It is not a direct physiologic driver of postoperative AKI in most cases."
depression,1,Depression has no direct physiologic link to renal perfusion or tubular injury in the immediate postoperative period. Any association is likely confounded by comorbidity burden and care patterns.
alcohol,2,"Alcohol use can be associated with liver disease, malnutrition, and perioperative hemodynamic instability, which may indirectly increase AKI risk. By itself it is not a strong or specific predictor."
liver_dis,4,"Liver disease predisposes to hemodynamic dysregulation, low effective arterial volume, inflammation, and higher risk of bleeding/transfusion, all of which increase postoperative AKI risk. It is a well-recognized strong comorbidity risk factor."
imm_supp,3,"Immunosuppression increases infection risk and may reflect exposure to nephrotoxic agents (e.g., calcineurin inhibitors) and higher perioperative complications. It is an established but indirect predictor of AKI."
mediast_rad,2,"Prior mediastinal radiation increases surgical complexity and risk of hemodynamic complications, which can secondarily affect kidneys. It is not a primary or consistent AKI driver."
cancer,2,"Cancer can indicate frailty, inflammation, and exposure to nephrotoxic chemotherapy, but effects vary widely by type and treatment. It is an indirect and nonspecific predictor for postoperative AKI."
peripheral_artery_disease,4,"PAD is a marker of systemic atherosclerosis and microvascular disease, associated with poorer renal reserve and higher risk of perioperative renal hypoperfusion/embolization. It is a strong established risk factor for AKI after cardiac surgery."
pre_op_thoracic_aorta_disease,4,"Thoracic aortic disease increases risk of atheroembolism, prolonged bypass/cross-clamp time, and hemodynamic instability, all strongly linked to postoperative AKI. It is a strong procedural/vascular risk marker."
syncope,2,"Syncope may reflect underlying arrhythmia or low-output states that could relate to renal hypoperfusion, but it is nonspecific. It is not a direct or consistent predictor of postoperative creatinine rise."
unresponsive_state_history,2,"History of unresponsiveness is an indirect marker of frailty/neurologic comorbidity and may correlate with overall illness severity, but it is not a primary physiologic driver of postoperative AKI."
cerebrovascular_disease,2,"Cerebrovascular disease reflects systemic atherosclerosis and vascular risk, which can correlate with renal hypoperfusion susceptibility, but it is not a strong direct predictor of creatinine rise after cardiac surgery."
pre_op_hemoglobin,3,"Preoperative anemia reduces oxygen delivery and increases transfusion likelihood, both associated with cardiac surgery–associated AKI risk."
total_albumin_before_surgery,3,"Low albumin indicates malnutrition/inflammation and lower oncotic pressure, which is associated with worse postoperative outcomes and higher AKI risk."
total_bilirubin_before_surgery,3,"Elevated bilirubin suggests hepatic dysfunction/congestion and systemic illness, which is associated with higher perioperative AKI risk (e.g., cardiorenal/hepatorenal physiology)."
a1c_lvl,3,"Higher HbA1c reflects diabetes severity and chronic microvascular disease, an established risk factor for postoperative AKI and impaired renal reserve."
pre_op_heparin_induced_thrombocytopenia_antibodies,2,"HIT antibodies mainly affect anticoagulation strategy and thrombotic risk; any link to AKI is indirect (e.g., thrombosis/complex perioperative course) rather than a consistent predictor."
meld_scr,4,"Higher MELD (including creatinine component) captures combined hepatic/renal dysfunction and overall physiologic reserve, strongly associated with postoperative renal complications."
bnp,4,"Elevated BNP indicates heart failure/volume overload and venous congestion, which strongly predispose to postoperative renal dysfunction via cardiorenal mechanisms."
five_m_walk_test,2,"Poor walk test performance is a frailty marker associated with worse surgical outcomes, but it is only indirectly linked to AKI physiology."
previous_cardiovascular_intervention,2,"Prior interventions indicate advanced cardiovascular disease and potential contrast exposure history, but they are not direct perioperative predictors of creatinine rise compared with hemodynamics and renal labs."
previous_coronary_bypass_graft,3,"Redo/previous CABG is associated with more complex surgery and higher risk of low cardiac output and longer bypass times, increasing AKI risk."
previous_surgery_cardiac_value,3,"Prior cardiac surgery suggests higher operative complexity and adhesions with increased risk of hemodynamic instability, which is an established contributor to postoperative AKI."
previous_percutaneous_coronary_intervention,2,Prior PCI reflects coronary disease burden; any AKI association is indirect and weaker than direct perioperative perfusion/renal markers.
previous_percutaneous_coronary_intervention_this_episode_of_care,3,"PCI during the same episode implies recent contrast exposure and acute coronary syndrome physiology, both of which increase susceptibility to postoperative AKI."
previous_percutaneous_coronary_intervention_stent,2,Presence of a stent mainly reflects CAD history and antiplatelet management; it has only an indirect relationship to postoperative AKI risk.
time_since_previous_cardiac_intervention,2,"Short interval since a prior intervention can proxy higher baseline cardiovascular disease burden and procedural complexity, which indirectly increases AKI risk. It is not a direct physiologic driver of postoperative creatinine rise."
past_cardiac_interventions,2,"History of prior cardiac interventions suggests more advanced coronary/valvular disease and potentially higher-risk redo surgery, indirectly raising AKI risk. The link is mediated through operative complexity/hemodynamics rather than kidney-specific injury."
pre_op_ace_inhibitor_within_48_hours,3,"ACE inhibitors can reduce efferent arteriolar tone and impair renal autoregulation during perioperative hypotension/vasoplegia, predisposing to AKI. Commonly considered in perioperative renal risk assessment but not definitive alone."
pre_op_adp_inhibitor_within_5_days,2,"Recent P2Y12 inhibitor use mainly increases bleeding/transfusion risk, which can secondarily contribute to AKI via hypotension and inflammation. The association is indirect and confounded by underlying coronary disease severity."
pre_op_amiodarone,2,Amiodarone use is a marker of arrhythmia burden and cardiac disease severity; AKI risk is indirect via hemodynamic instability. It is not typically nephrotoxic or a primary AKI predictor.
pre_op_anticoagulants,2,"Pre-op anticoagulation can increase perioperative bleeding/transfusion and hemodynamic instability, indirectly increasing AKI risk. It is not a direct renal injury marker in this context."
pre_op_aspirin,1,Aspirin at antiplatelet doses is not a major nephrotoxin and is common standard-of-care in cardiac patients. Any AKI association is weak and largely confounded by comorbidity.
pre_op_beta_blockers,2,"Beta-blocker use reflects cardiovascular disease and may influence perioperative hemodynamics, but effects on AKI are inconsistent and indirect. More a comorbidity/management marker than a direct renal risk factor."
pre_op_beta_blocker_therapy_for_2_weeks,2,Chronic beta-blocker therapy indicates stable long-term cardiac management and disease burden; renal impact is indirect through hemodynamics. Not a strong standalone predictor of postoperative creatinine rise.
pre_op_calcium_channel_blocker_therapy_for_2_weeks,1,Chronic calcium channel blocker therapy has no strong direct link to postoperative AKI and is not typically nephrotoxic. It mainly reflects hypertension/angina management.
pre_op_glycoprotein_inhibitor,2,"GPIIb/IIIa inhibitor use suggests high-risk acute coronary syndrome and increases bleeding/transfusion risk, which can secondarily worsen renal perfusion. The relationship to AKI is indirect."
pre_op_inotropic_agents,4,"Need for pre-op inotropes indicates low cardiac output/shock physiology with impaired renal perfusion, a strong driver of perioperative AKI. This is a high-signal marker of hemodynamic compromise before surgery."
pre_op_lipid_lowering_med,1,Statins/lipid-lowering therapy are common and not a direct AKI trigger; some data suggest neutral or modest protective effects. Overall prognostic value for creatinine rise is weak.
pre_op_long_acting_nitrate_therapy_for_2_weeks,1,Chronic nitrate therapy mainly reflects angina management and does not directly affect renal injury pathways. Any AKI association is indirect and likely confounded.
pre_op_iv_nitrates,2,"IV nitrates suggest active ischemia/heart failure and can contribute to hypotension, indirectly affecting renal perfusion. It is a marker of acuity rather than a direct renal biomarker."
pre_op_other_antianginal_therapy_for_2_weeks,1,Other chronic antianginal therapies generally have no direct nephrotoxic effect and mainly indicate underlying coronary disease. Predictive value for postoperative creatinine ratio is weak and indirect.
pre_op_steroid_usage,2,"Chronic or recent steroid use can reflect frailty/inflammation and may worsen glycemic control and infection risk, indirectly increasing AKI risk. It is not a direct perioperative renal perfusion marker."
pre_op_thrombin_inhibitor_within_24_hours,2,"Recent anticoagulant exposure mainly affects bleeding/transfusion risk, which can secondarily contribute to hypotension and AKI. The medication itself is not a primary AKI driver."
pre_op_warfarin_within_5_days,2,"Warfarin use is a proxy for comorbidity (e.g., AF, valve disease) and may increase bleeding/transfusion risk, indirectly affecting renal perfusion. Not a direct predictor of postoperative creatinine rise."
pre_op_factor_xa_inhibitor_within_5_days,2,DOAC exposure is mainly relevant through perioperative bleeding and transfusion/hypotension pathways. It is an indirect and inconsistent predictor of AKI compared with hemodynamics and renal labs.
pre_op_thrombin_inhibitor_within_5_days,2,"Similar to other anticoagulants, the main link to AKI is via bleeding, transfusion, and hemodynamic instability rather than direct nephrotoxicity. Thus only an indirect risk marker."
pre_op_lipid_lowering_med_is_statin,2,"Statins may be modestly protective via anti-inflammatory effects, but associations with AKI are weak and confounded by cardiovascular disease burden. Not a strong direct predictor of creatinine_ratio."
cardiac_catheterization_performed,3,"Pre-op catheterization can imply recent iodinated contrast exposure and higher coronary disease severity, both associated with postoperative AKI risk. This is a plausible established risk factor though not definitive without timing/contrast dose."
cor_anat_dis_known,2,"Known coronary anatomy/disease is a proxy for atherosclerotic burden and operative complexity, which can increase AKI risk indirectly. It is less predictive than direct hemodynamic/renal function measures."
number_of_diseased_coronary_vessels,3,"Greater multivessel CAD correlates with higher surgical complexity, longer bypass time, and risk of low cardiac output states that predispose to AKI. An established but indirect predictor."
aortic_valve_disease,3,"Aortic stenosis/regurgitation can be associated with perioperative hemodynamic instability and low forward flow, increasing AKI risk. It is an established comorbidity-level risk factor."
mitral_valve_disease,3,"Mitral disease can reflect chronic heart failure/pulmonary hypertension and predispose to postoperative low cardiac output and venous congestion, both linked to AKI. Moderate established risk factor."
tricuspid_valve_disease,4,Tricuspid disease often indicates right-sided failure and elevated venous pressures; renal venous congestion is a strong mechanism for postoperative AKI. This can be a strong predictor of creatinine rise after cardiac surgery.
pulmonic_valve_disease,2,Pulmonic valve disease is less common and typically less directly tied to renal perfusion than left-sided or tricuspid pathology. Any AKI association is usually indirect via overall cardiopulmonary disease severity.
n_past_cardiac_surgeries,3,"Redo sternotomy/reoperative cardiac surgery increases operative complexity, bleeding/transfusion, and bypass time, all associated with AKI. An established perioperative risk factor."
status,2,A generic status variable (without clear clinical definition) is likely a proxy for administrative or baseline severity and is not a direct renal mechanism. Predictive value is plausible but typically weak/unstable.
current_case_canceled,1,Case cancellation is primarily administrative/operational and does not reflect a consistent physiological pathway to postoperative AKI at hour 60. Likely no meaningful predictive signal for creatinine_ratio.
operative_approach_converted,3,"Conversion (e.g., minimally invasive to open) often reflects intraoperative complexity, longer ischemic/CPB time, bleeding, and hemodynamic instability, all of which increase AKI risk indirectly."
robotic,2,"Robotic/minimally invasive approaches may reduce surgical trauma and transfusion needs, but the link to postoperative creatinine rise is indirect and largely mediated by other intraoperative factors."
op_cab,3,"CABG is associated with CPB exposure (if on-pump), atheroembolism risk, and perioperative hemodynamic swings that can contribute to AKI, though procedure type alone is not definitive."
op_valve,3,"Valve surgery often entails longer CPB/cross-clamp times and higher risk of low cardiac output states post-op, which are established contributors to renal hypoperfusion and AKI."
other_cardiac_procedure_completed,3,"Additional cardiac procedures generally indicate greater operative complexity and longer bypass/ischemia time, increasing AKI risk through inflammation, hemolysis, and hemodynamic instability."
a_fib_proc,2,"Concomitant AF procedures (e.g., Maze) add operative time and complexity, but their relationship to AKI is mostly indirect and mediated by bypass duration and postoperative hemodynamics."
aort_proc,4,"Aortic procedures are strongly associated with embolic burden, prolonged circulatory support, and higher rates of hypotension/ischemia, making them a strong predictor of postoperative AKI."
other_non_cardiac_procedure_done,2,"Non-cardiac concomitant procedures may increase operative time and physiologic stress, but the AKI link is nonspecific and typically mediated by bleeding, hypotension, or infection."
appropriate_antibiotic_selection,1,"Appropriate prophylactic antibiotic choice is standard-of-care and has little direct mechanistic relationship to early postoperative creatinine rise, aside from rare nephrotoxic exposures."
appropriate_antibiotic_administration_timing,1,Timing of prophylactic antibiotics primarily affects surgical site infection risk and is not a meaningful direct predictor of AKI/creatinine trajectory at 60 hours.
antibiotic_discontinuation_ordered,1,Discontinuation orders reflect protocol adherence and stewardship rather than renal physiology; any association with AKI would be weak and confounded.
additional_intraoperative_prophylactic_antibiotic_dose,2,"Redosing can be a proxy for long case duration or major blood loss, which are AKI risk factors, but the antibiotic dose itself is not a primary driver."
operative_lowest_core_temperature,3,Lower nadir temperature can indicate deep hypothermia/complex surgery and altered perfusion; it is an established but indirect marker of operative severity linked to AKI risk.
operative_lowest_hemoglobin,4,"Intraoperative anemia/hemodilution reduces renal oxygen delivery and correlates with transfusion and bleeding, making it a strong predictor of postoperative AKI."
high_intra_glu,3,"Intraoperative hyperglycemia reflects stress response/diabetes and is associated with worse postoperative outcomes including AKI, though it is not a direct renal biomarker."
cardiopulmonary_coronary_perfused_used,2,Use of coronary perfusion strategies may reflect operative technique/complexity; any AKI association is indirect and likely mediated by bypass duration and hemodynamics.
arterial_cannulation_site_aortic,2,Aortic cannulation is common and usually reflects standard CPB setup rather than a specific renal insult. Any AKI signal is indirect via overall surgical complexity and embolic risk.
arterial_cannulation_site_femoral,3,"Femoral cannulation can indicate higher-risk or emergent cases and may increase atheroembolism/malperfusion risk, which can contribute to AKI. Association is indirect but clinically plausible."
arterial_cannulation_site_axillary,2,Axillary cannulation is often chosen for aortic pathology and cerebral protection strategies; renal impact is not direct. It mainly proxies case type/complexity rather than kidney perfusion itself.
arterial_cannulation_site_innominate,2,Innominate cannulation is typically related to arch/aortic procedures and cerebral perfusion planning. Renal relevance is indirect through operative complexity and potential embolic burden.
arterial_cannulation_site_other,2,"Nonstandard arterial cannulation sites usually reflect unusual anatomy or complex surgery, which can correlate with AKI risk. The link is nonspecific and largely a proxy for case complexity."
venous_cannulation_site_femoral,2,Femoral venous cannulation may indicate minimally invasive or complex access scenarios but has no direct renal mechanism. Any association with AKI is indirect via procedural complexity/hemodynamics.
venous_cannulation_site_jugular,2,"Jugular venous cannulation for CPB/venous drainage is uncommon and may reflect special circumstances, but it is not a direct driver of renal injury. Mostly a proxy for operative approach."
venous_cannulation_site_right_atrial,1,Right atrial venous cannulation is standard for many CPB cases and provides little specific prognostic information for AKI beyond routine surgery.
venous_cannulation_site_left_atrial,2,"Left atrial cannulation is procedure-specific (e.g., certain valve/left-sided operations) and may reflect complexity. Renal impact is indirect rather than mechanistic."
venous_cannulation_site_pulmonary,2,"Pulmonary venous/arterial cannulation is uncommon and suggests specialized procedures; AKI relevance is mainly via overall operative risk and hemodynamic instability, not a direct renal marker."
venous_cannulation_site_bicaval,2,Bicaval cannulation is common for certain valve/congenital-type exposures and does not directly affect renal perfusion. Any AKI association is indirect through procedure type and CPB course.
venous_cannulation_site_other,2,"Other venous cannulation sites indicate atypical anatomy or complex surgery, which can correlate with AKI risk. The relationship is nonspecific and indirect."
cardiopulmonary_bypass_time,4,"Longer CPB time is a well-established predictor of postoperative AKI via inflammation, hemolysis, nonpulsatile flow, and hypotension/low renal perfusion. It is a strong direct perioperative risk factor."
circulatory_arrest,4,"Use of circulatory arrest implies profound systemic hypoperfusion and high-complexity aortic surgery, both strongly associated with AKI. It is a strong predictor though not a kidney biomarker."
deep_hypothermic_circulatory_arrest_time,5,"Longer DHCA time directly reflects duration of extreme low-flow/ischemic exposure, a potent trigger for ischemic ATN and subsequent creatinine rise. This is among the strongest operative predictors of AKI."
cerebral_perfusion_utilized,3,Cerebral perfusion use is a marker of arch/aortic procedures and altered perfusion strategies; it correlates with higher operative complexity and potential systemic hypoperfusion. Renal link is moderate and indirect.
cerebral_perfusion_time,2,Primarily reflects neurologic protection strategy and case complexity; only indirectly relates to renal hypoperfusion via prolonged bypass/complex surgery.
intraop_circulatory_arrest_time,4,"Longer circulatory arrest implies profound systemic hypoperfusion/ischemia and complex aortic surgery, both strongly associated with postoperative AKI risk."
aortic_occlusion,2,Binary indicator of aortic manipulation/occlusion; may correlate with surgical complexity and embolic risk but is not a direct renal perfusion or injury marker.
aortic_cross_clamp_time,4,"Prolonged cross-clamp time is a well-established proxy for longer CPB/ischemic burden and inflammatory response, which increases AKI risk after cardiac surgery."
cerebral_oximetry_used,1,Monitoring choice reflects institutional practice/case type more than renal physiology; not a mechanistic predictor of creatinine rise.
diffuse_aortic_calcification,3,"Marker of advanced atherosclerosis and vascular disease, which correlates with baseline CKD risk and perioperative embolic/low-flow complications that can precipitate AKI."
assessment_of_ascending_aorta_arch,1,Documentation/assessment variable indicating evaluation occurred; weak direct physiologic link to renal injury beyond general case complexity.
aorta_plaque_assessment,2,"Presence/assessment of plaque suggests atherosclerotic burden and potential embolic risk, but it is an indirect and nonspecific predictor of AKI."
aortic_condition_altered_plan,3,"Change in operative plan due to aortic pathology implies higher complexity and potentially longer bypass/hemodynamic instability, which are established AKI risk factors."
intraop_blood_products_refused,1,Refusal is a behavioral/administrative factor; any AKI association would be indirect and confounded by bleeding severity and anemia management.
intraop_blood_products_received,3,"Transfusion requirement is a proxy for bleeding, hemodilution, and inflammatory load; transfusion exposure is associated with higher postoperative AKI risk."
intraop_red_blood_cells_transfused,3,"RBC transfusion reflects anemia/bleeding and is linked to AKI via inflammation, storage lesion effects, and severity of illness, though not kidney-specific."
intraop_fresh_frozen_plasma_transfused,2,FFP use indicates coagulopathy/bleeding and greater operative complexity; association with AKI is indirect and largely confounded by severity.
intraop_platelets_transfused,2,Platelet transfusion suggests significant bleeding or platelet dysfunction (often with prolonged CPB); indirect marker of severity rather than direct renal insult.
intraop_cryoprecipitate_transfused,2,Cryoprecipitate use indicates major bleeding/hypofibrinogenemia; any AKI signal is indirect through shock/transfusion burden.
intra_clot_fact,2,Coagulation factor administration reflects coagulopathy and complex surgery; it is not a direct renal biomarker and mainly serves as a severity proxy.
intraop_received_amino_captroic_acid,1,Antifibrinolytic use is primarily related to bleeding management and has no consistent direct link to postoperative AKI risk beyond general surgical complexity.
intraop_received_tranexamic_acid,1,"Tranexamic acid is used to reduce bleeding; it is not a direct driver or biomarker of renal injury, and any association with AKI is indirect/confounded by case complexity."
intraop_transesophageal_echocardiogram_performed,1,TEE performance reflects intraoperative monitoring practice and case type rather than a physiologic mechanism causing AKI.
post_repair_aortic_insufficiency,3,"Residual aortic insufficiency can reduce effective forward flow and contribute to low cardiac output and renal hypoperfusion, increasing AKI risk."
post_repair_mitral_insufficiency,3,"Residual mitral regurgitation can worsen pulmonary congestion and reduce effective cardiac output, indirectly impairing renal perfusion and raising AKI risk."
post_repair_tricuspid_insufficiency,4,"Tricuspid regurgitation can cause venous congestion and elevated renal venous pressure, a strong contributor to cardiorenal AKI after cardiac surgery."
op_val_surg_input,3,"Valve surgery generally implies longer bypass/cross-clamp times and higher hemodynamic stress than isolated CABG, which are established AKI risk factors."
a_fib_proc_surg_input,2,"Concomitant AF procedures may increase operative time and complexity, but the link to AKI is indirect and largely mediated by hemodynamics and bypass exposure."
general_anesthesia_used,1,General anesthesia is routine for cardiac surgery and provides little discriminatory prognostic information for AKI in this cohort.
intraop_prothrombin_complex_concentrate_used,2,"PCC use is a marker of significant bleeding/coagulopathy and higher acuity, which can correlate with hypotension/transfusion burden and AKI risk, but it is not a direct renal insult."
post_repair_aortic_mean_gradient,2,"Higher gradients may indicate residual stenosis or prosthesis mismatch affecting cardiac output, but its relationship to AKI is indirect and typically weaker than overt low-output states."
post_repair_aortic_paravalvular_leak,3,"Paravalvular leak can cause ineffective forward flow and hemolysis/inflammation, contributing to hemodynamic instability that increases AKI risk."
post_repair_mitral_mean_gradient,2,"Elevated mitral gradients can reflect residual obstruction and impaired filling/cardiac output, but the AKI link is indirect and variable."
post_repair_mitral_paravalvular_leak,3,"Mitral paravalvular leak can worsen hemodynamics and contribute to low effective output and congestion, which are established pathways to postoperative AKI."
post_repair_mitral_tricuspid_leak,3,Residual valvular leaks (mitral/tricuspid) can promote congestion and reduced effective perfusion; the renal impact is clinically meaningful but not a direct biomarker.
ejection_fraction_post_procedure,4,"Lower post-procedure EF is a strong indicator of low cardiac output risk and need for vasoactive support, directly increasing likelihood of renal hypoperfusion and AKI."
pp_planed_pci,2,"Planned PCI reflects coronary disease complexity and potential contrast exposure, which can indirectly increase AKI risk. However, it is not a direct physiologic driver of postoperative creatinine rise compared with hemodynamics, perfusion, and renal labs."
iabp,4,"Need for an intra-aortic balloon pump indicates low cardiac output/cardiogenic shock physiology and perioperative hemodynamic instability, both strongly linked to renal hypoperfusion and AKI. It is a strong marker of severity and impaired renal perfusion risk."
cath_bas_assist,3,"Baseline cath-lab assist device use suggests preoperative hemodynamic compromise and advanced cardiac disease, which increases susceptibility to perioperative renal hypoperfusion. It is an established risk factor but less specific than postoperative shock markers."
ecmo,5,"ECMO use indicates profound cardiopulmonary failure with high risk of renal ischemia, hemolysis/inflammation, and need for nephrotoxic exposures, making AKI very common. It is a near-definitive marker of severe physiologic insult associated with large creatinine rises."
bld_prod,4,"Blood product transfusion is associated with bleeding, inflammation, hemolysis, and hemodilution, and often co-occurs with hypotension and prolonged bypass—strong predictors of AKI. It is a robust severity marker and plausible contributor to renal injury."
extubated_in_or,2,"Extubation in the OR generally reflects lower illness severity and faster recovery, indirectly associated with lower AKI risk. It is not a direct renal mechanism and may be confounded by surgical complexity and practice patterns."
re_intub,3,"Re-intubation signals respiratory failure and clinical deterioration, often accompanied by hypotension, sepsis/aspiration, and higher vasopressor needs that can reduce renal perfusion. It is an established indirect predictor of AKI risk."
icu_visit,1,ICU visit is routine after cardiac surgery and provides little discriminatory information about renal injury risk in this cohort. It mainly reflects standard care rather than a specific AKI mechanism.
postop_hemoglobin,3,"Low postoperative hemoglobin can reduce oxygen delivery to the kidney and correlates with bleeding/transfusion and hemodynamic instability, increasing AKI risk. It is an established but nonspecific predictor compared with direct perfusion/renal markers."
postop_hct,3,"Postoperative hematocrit similarly reflects anemia/hemodilution and correlates with bleeding, transfusion, and reduced renal oxygen delivery. It is an established but indirect predictor and partly redundant with hemoglobin."
postop_intub,2,"Being intubated postoperatively can reflect higher acuity and need for sedation/vasopressors, indirectly increasing AKI risk. It is not a direct renal insult and is influenced by practice patterns and surgical factors."
prev_mi,3,"Prior MI indicates underlying ischemic cardiomyopathy and reduced cardiac reserve, increasing risk of low cardiac output states and renal hypoperfusion after surgery. It is a well-known comorbidity-level risk factor for postoperative AKI."
mi_when,2,"Timing of prior MI may modestly stratify cardiac reserve and perioperative risk, but its relationship to postoperative creatinine rise is indirect. It is less predictive than current hemodynamics, perfusion support, and renal-related labs."
card_symp_time_of_adm,2,"Symptom timing at admission is a proxy for acuity of coronary syndrome and overall illness severity, which can indirectly relate to AKI risk. It is not a direct physiologic determinant of postoperative renal injury."
card_symp_time_of_surg,2,"Symptom timing at surgery may reflect urgency and instability, indirectly associated with perioperative shock and AKI risk. It remains a nonspecific proxy compared with direct measures of perfusion and renal function."
anginal_class,2,"Angina class reflects coronary disease symptom burden and functional limitation, which may correlate with comorbidity and operative risk. Its link to postoperative AKI is indirect and weaker than markers of hemodynamic collapse or renal biomarkers."
class_nyh,3,"Higher NYHA class reflects worse baseline cardiac function and lower renal perfusion reserve, increasing susceptibility to perioperative AKI. It is an established but indirect predictor compared with direct hemodynamic/renal markers."
car_shock,5,"Cardiogenic shock implies profound low cardiac output and renal hypoperfusion, a direct mechanism for ischemic ATN and subsequent creatinine rise. Strongly predicts AKI severity after cardiac surgery."
resusc,4,"Need for resuscitation (e.g., CPR/major hemodynamic rescue) signals severe instability with likely hypotension and ischemia-reperfusion injury, which strongly increases AKI risk. It is a strong proxy for global hypoperfusion burden."
arrhythmia,3,"Clinically significant arrhythmias can reduce effective cardiac output and cause hypotension, indirectly worsening renal perfusion. As a broad category it is less specific than shock or sustained low-output states."
recent_cardiac_arrhythmia_vtach_vfib,4,"Recent VT/VF indicates severe electrical instability often associated with marked hypotension/low flow and high vasopressor exposure, which strongly predispose to AKI. It is a stronger signal than non-malignant arrhythmias."
recent_arrhyth_sss,2,Sick sinus syndrome mainly reflects conduction disease and pacing need; renal impact is typically indirect unless associated with prolonged bradycardia/hypotension. It is not a primary AKI driver in most post-op courses.
recent_arrhyth_a_flutter,3,"Atrial flutter can impair cardiac output and contribute to hemodynamic instability, indirectly increasing AKI risk. Its effect is generally less severe than malignant ventricular arrhythmias or shock."
recent_arrhyth_second,2,Second-degree AV block may cause bradycardia and intermittent hypotension but is often managed promptly with pacing. It is a plausible but nonspecific contributor to AKI risk.
recent_arrhyth_third,3,"Complete heart block can cause significant bradycardia and low cardiac output until paced, which can compromise renal perfusion. Risk is moderate because pacing often rapidly corrects the insult."
arrhyth_p_paced,2,"Being paced is more a marker of conduction disease/management than a direct renal insult. Unless pacing reflects severe low-output episodes, it has limited independent predictive value for AKI."
heart_fail,4,"Heart failure is a strong established risk factor for post-cardiac surgery AKI via chronic low forward flow, venous congestion, and reduced renal reserve. It also correlates with higher perioperative vasopressor/diuretic exposure."
recent_arrhyth_atr_fib,3,"Atrial fibrillation is common post-op and can reduce cardiac output and increase congestion, indirectly raising AKI risk. It is an established but not definitive predictor compared with shock/low-output states."
pain_score_pre,1,Preoperative pain score has no clear physiologic linkage to postoperative renal perfusion or tubular injury. Any association would be confounded and not mechanistically informative for AKI prediction.
intraop_cell_saver_volume,2,"Cell saver volume reflects intraoperative blood loss/complexity and transfusion avoidance, which may correlate indirectly with hemodynamic stress. It is not a direct renal injury marker and effects are mixed."
total_heparin_before_bypass,1,Heparin dosing is largely protocol-driven by weight/ACT targets and does not directly predict renal injury. It provides minimal independent information about AKI risk.
total_protamine_before_or_exit,2,"Protamine dose is tied to heparin reversal and can rarely cause hypotension/pulmonary vasoconstriction, indirectly affecting renal perfusion. However it is mostly protocolized and not a strong standalone AKI predictor."
intra_visco_test,2,"Viscoelastic testing (e.g., TEG/ROTEM) reflects bleeding/coagulopathy and can correlate with transfusion and hemodynamic instability, which indirectly affect AKI risk. It is not a direct renal perfusion or kidney injury marker."
vol_agent_used,2,Use of volatile anesthetic is largely an anesthesia practice variable and not a primary driver of postoperative AKI. Any renal effect is indirect via hemodynamics and overall case complexity.
volatile_agent_isoflurane,2,"Isoflurane choice is not an established independent predictor of AKI; effects are mainly through blood pressure/cardiac output management. Compared with direct perfusion or nephrotoxin variables, it is weakly informative."
volatile_agent_sevoflurane,2,Sevoflurane has theoretical nephrotoxicity concerns (compound A) but clinically significant AKI signal in cardiac surgery is inconsistent. Overall impact is indirect and likely confounded by anesthetic strategy.
volatile_agent_desflurane,2,Desflurane selection is not a known direct AKI predictor; renal risk would be mediated by hemodynamic effects and case/anesthesia complexity. Thus it is at most an indirect marker.
vol_agent_oth,1,Other volatile agent category is nonspecific and primarily reflects documentation/anesthesia preference. It has no clear mechanistic or established link to postoperative creatinine rise.
volatile_agent_used_pre_bypass,2,Pre-bypass volatile use may correlate with anesthetic depth and hemodynamic management but is not a direct renal insult marker. Any association with AKI would be indirect via hypotension/low flow.
volatile_agent_used_during_bypass,2,"During-bypass volatile use reflects perfusion/anesthesia strategy rather than kidney injury itself. AKI risk is more directly driven by bypass duration, perfusion pressure/flow, and inflammation than volatile choice."
volatile_agent_used_post_bypass,2,"Post-bypass volatile use may track immediate post-CPB instability and vasoplegia management but is not a direct predictor of renal injury. It is a weak proxy compared with MAP, lactate, urine output, and vasopressor dose."
volatile_agent_used_for_maintenance,2,Maintenance volatile use is largely practice-pattern driven and only indirectly related to renal outcomes through hemodynamics. It is not an established AKI risk factor on its own.
intra_op_infusion_dexmedetomidine,2,"Dexmedetomidine can lower sympathetic tone and blood pressure, potentially affecting renal perfusion, but evidence for a strong AKI effect is mixed. It is more a sedation strategy marker than a direct kidney injury driver."
intraop_propofol_infusion,2,Propofol infusion mainly influences systemic hemodynamics (hypotension) and sedation depth; any AKI relationship is indirect. It is not a direct nephrotoxin or renal biomarker.
intraop_midazolam_infusion,1,Midazolam infusion is primarily a sedation practice variable with no direct nephrotoxic effect. Associations with AKI would be weak and confounded by illness severity and hemodynamics.
total_insulin_before_or_exit,3,"Higher insulin requirement can indicate perioperative hyperglycemia/stress response or diabetes, both associated with increased AKI risk after cardiac surgery. It is an established but indirect risk factor rather than a direct renal injury marker."
pre_anesth_bp_sys,3,Baseline systolic BP reflects chronic hypertension/vascular disease and influences renal autoregulation and susceptibility to perioperative hypotension-related AKI. It is a recognized risk context but not a direct injury marker.
pre_anesth_bp_dia,3,Baseline diastolic BP relates to vascular tone and coronary/renal perfusion pressure and can reflect chronic hypertension. It provides risk context for hypotension intolerance but is not a direct biomarker of AKI.
pre_anesth_hr,2,"Pre-induction tachycardia can reflect pain/anxiety or limited cardiac reserve, which may correlate with perioperative instability. It is an indirect and nonspecific marker for subsequent renal hypoperfusion/AKI."
pulmonary_artery_catheter_used,2,PAC use is largely a marker of higher perceived hemodynamic risk/complexity rather than a direct physiologic driver of AKI. It may correlate with low-output states and vasopressor exposure but is not itself causal.
core_temp_max,2,"Higher intraoperative temperature can reflect less hypothermic CPB strategy or inflammatory response, but its link to AKI is indirect. Extremes of hypothermia/rewarming dynamics matter more than a simple maximum temperature."
nitric_ox_intraop,2,Inhaled nitric oxide is typically used for pulmonary hypertension/RV dysfunction and signals cardiopulmonary severity. Any AKI association is indirect via hemodynamic instability and right-sided failure affecting renal perfusion.
total_crystalloid_by_anesthesia_team,3,"Large crystalloid volumes can indicate bleeding/vasoplegia and contribute to venous congestion and renal interstitial edema, both associated with AKI after cardiac surgery. It is a moderate, indirect predictor and partly a severity-of-illness proxy."
total_synthetic_colloid_by_anesthesia_team,3,"Synthetic colloids (e.g., some starches) have been associated with AKI in critical illness and may be used in higher-risk resuscitations. In cardiac surgery practice this is variable, so it is a plausible-to-established risk marker rather than definitive."
total_5_percent_albumin_by_anesthesia_team,2,Albumin use reflects volume resuscitation needs and hemodynamic complexity; its direct nephrotoxicity is not established. Association with AKI is mostly confounded by illness severity and fluid strategy.
gluc_trough_intraop,2,"Intraoperative hypoglycemia/low glucose can reflect insulin management and physiologic stress, but it is not a primary AKI driver. Dysglycemia is more weakly linked to renal outcomes compared with hemodynamics and nephrotoxins."
vasodil_intraop,3,"Intraoperative vasodilator use can indicate hypertension management or vasospasm control, but also risks hypotension if over-titrated. Hypotension and impaired renal perfusion are established contributors to postoperative AKI, making this a moderate predictor."
intra_proc_eeg,1,Intra-procedural EEG monitoring reflects neurologic monitoring strategy and case complexity rather than renal physiology. It has no meaningful direct mechanistic link to AKI.
intra_op_pre_tee,2,Pre-incision TEE use is mainly a marker of procedural complexity and monitoring intensity. Any relationship to AKI is indirect through underlying cardiac dysfunction and operative risk.
left_ventricular_ejection_fraction_estimate_pre_incision,4,"Reduced LVEF is a strong predictor of low cardiac output syndrome and need for vasoactive support, both tightly linked to renal hypoperfusion and postoperative AKI. It is a well-established preoperative risk factor in cardiac surgery populations."
rv_function_estimate_pre_incision,4,"RV dysfunction predisposes to elevated venous pressures, hepatic/renal congestion, and reduced effective renal perfusion, especially after CPB. This is a strong predictor of postoperative AKI via congestion and low forward flow."
mitral_valve_regurgitation_pre_incision,3,Significant MR can reflect advanced cardiac disease and predispose to perioperative hemodynamic instability and low-output states. Its AKI link is established but less direct than global ventricular dysfunction measures.
mitral_stenosis_pre_incision,2,"MS can contribute to pulmonary hypertension and RV strain, but its relationship to AKI is indirect and depends on severity and perioperative course. It is a weaker predictor than direct measures of ventricular function and perfusion."
aortic_valve_regurgitation_pre_incision,2,"AR can be associated with volume overload and reduced diastolic perfusion pressure, but AKI risk is mainly mediated through overall cardiac function and operative complexity. It is a plausible but not strong standalone predictor."
aortic_stenosis_regurgitation_pre_incision,3,"Significant aortic valve disease can reduce forward flow and perioperative renal perfusion and is associated with higher surgical complexity/CPB exposure, indirectly increasing AKI risk."
pre_ava_assessed,1,Whether aortic valve area was assessed is primarily a documentation/measurement indicator and does not itself reflect renal physiology or AKI risk.
pre_tr,3,"Tricuspid regurgitation can reflect right-sided dysfunction and venous congestion, which can impair renal perfusion pressure and is associated with postoperative AKI risk."
pre_pfo,1,Presence of a PFO has no direct mechanistic link to postoperative AKI and is usually incidental for renal outcomes.
asc_ao_assessed,1,"Assessment of the ascending aorta is a procedural/documentation variable and does not directly capture renal perfusion, nephrotoxicity, or kidney injury."
maximal_ascending_aortic_diameter,2,"Larger aortic diameter may correlate with vascular disease and operative complexity, which can indirectly increase AKI risk, but it is not a direct renal predictor."
maximal_ascending_aortic_atherosclerotic_thickness,2,"Aortic atherosclerosis indicates systemic vascular disease and higher embolic/operative risk, which can indirectly relate to AKI, but it is not a primary renal driver."
ascending_aortic_atheroma_mobility,2,"Mobile atheroma increases embolic risk and may signal severe atherosclerosis/complex surgery; renal atheroembolism is possible but uncommon, making this an indirect predictor."
visualize_aortic_arch,1,Whether the arch was visualized is a technical/assessment variable and does not directly inform renal perfusion or kidney injury.
mx_arc_ath,2,"Severity of arch atheroma reflects systemic atherosclerosis and embolic potential, which can indirectly associate with postoperative organ dysfunction including AKI."
aortic_arch_atheroma_mobility,2,Mobile arch atheroma suggests higher embolic burden and complex aortic manipulation; renal embolization is possible but not a dominant AKI mechanism in most cases.
cpb_used,4,"Use of cardiopulmonary bypass is a well-established risk factor for AKI via inflammation, hemolysis, nonpulsatile flow, and renal hypoperfusion."
retr_autol_prim,2,"Autologous priming/retrograde autologous priming may reduce hemodilution and transfusion needs, which can influence AKI risk, but effects are modest and indirect."
total_crystalloid_by_perfusion_team,3,"Higher intraoperative crystalloid volume can reflect hemodilution, capillary leak, and fluid overload, which are associated with postoperative AKI and worse renal recovery."
total_synthetic_colloid_by_perfusion_team,4,"Synthetic colloids (e.g., HES) have recognized nephrotoxic/AKI associations in critical illness and may worsen renal outcomes when used perioperatively."
total_5_percent_albumin_by_perfusion_team,2,"Albumin use is generally not directly nephrotoxic; volume administered more often reflects hemodynamic instability or fluid strategy, making it an indirect AKI marker."
hemofil_perf,4,"Use of hemofiltration/perfusion around surgery suggests significant fluid overload, inflammatory load, or early renal support needs, all strongly associated with subsequent AKI and creatinine rise. It is not a direct biomarker of renal injury but is a strong severity-of-illness/renal stress indicator."
inotrop_wean_cpb,3,"Difficulty weaning inotropes after CPB implies low cardiac output and poor renal perfusion, a well-known pathway to postoperative AKI. It is indirect and can reflect transient myocardial stunning."
vasop_wean_cpb,3,Need for vasopressors or difficulty weaning after CPB indicates vasoplegia/shock physiology and risk of renal hypoperfusion. It is an established but nonspecific predictor of AKI.
intra_op_post_tee,2,Having a post-op/intra-op TEE is more a marker of intraoperative concern/complexity than a direct renal mechanism. It may correlate with hemodynamic instability but is not itself a physiologic driver.
systolic_anterior_motion_mitral_valve_presence,3,"SAM can cause dynamic LVOT obstruction with hypotension and low forward flow, which can reduce renal perfusion and precipitate AKI. It is relatively specific when present but not common and often rapidly treated."
ret_cpb_ech,2,"Returning to CPB for echocardiographic/hemodynamic issues signals operative complexity and instability, indirectly increasing AKI risk. It is not a direct renal biomarker and may overlap with other shock indicators."
left_ventricular_ejection_fraction_estimate_post_incision,3,Reduced LVEF reflects impaired cardiac output reserve and higher likelihood of perioperative low-flow states that predispose to AKI. It is an established risk factor but not determinative without concurrent hypotension/vasopressor need.
post_rv_fx,3,"Postoperative RV dysfunction can cause low cardiac output and venous congestion, both of which worsen renal perfusion and increase AKI risk. It is clinically meaningful but indirect and often coexists with other instability markers."
intra_card_arr,3,"Intraoperative cardiac arrhythmias can cause episodic hypotension and reduced renal blood flow, increasing AKI risk. The association is established but depends on duration/severity and is not kidney-specific."
post_core_temp,2,"Postoperative hypothermia/temperature derangements can reflect shock, prolonged CPB, or systemic stress, which may correlate with AKI risk. Temperature itself is an indirect marker and not a primary renal driver."
post_inr,2,"Elevated INR suggests hepatic dysfunction, hemodilution, or coagulopathy from CPB and correlates with overall severity/bleeding risk, which can secondarily affect renal perfusion. It is not a direct predictor of intrinsic renal injury."
post_wbc,2,"Leukocytosis reflects inflammation/stress or infection risk, which can contribute to AKI via systemic inflammatory response. It is nonspecific and weakly predictive compared with hemodynamics and renal labs."
post_plt,2,"Thrombocytopenia after CPB can indicate hemodilution/consumption and overall illness severity, sometimes correlating with AKI in complex postoperative courses. It is indirect and not kidney-specific."
post_hct,3,"Low hematocrit/anemia reduces oxygen delivery and can worsen renal medullary hypoxia, a recognized contributor to postoperative AKI, especially with hypotension. It is an established but modifiable risk factor."
post_fibrin,2,"Fibrinogen abnormalities reflect inflammation or consumptive coagulopathy and may track with surgical complexity and bleeding/transfusion, indirectly affecting AKI risk. It is not a direct renal mechanism."
post_lact,4,"Elevated lactate is a strong marker of systemic hypoperfusion/low cardiac output after cardiac surgery, a direct pathway to ischemic ATN and AKI. It is not kidney-specific but is a strong proximal predictor of subsequent creatinine rise."
prop_post,2,"Postoperative propofol exposure is not directly nephrotoxic, but higher doses can contribute to hypotension and reduced renal perfusion indirectly. It may also proxy for prolonged ventilation/illness severity rather than a causal AKI driver."
pain_score_pod3,1,Pain score on POD3 is temporally distant and not mechanistically linked to creatinine rise at 60 hours. It mainly reflects comfort/sedation practices rather than renal perfusion or injury.
current_smoker,2,"Active smoking is associated with vascular disease and perioperative pulmonary complications, which can indirectly increase AKI risk. However, it is not a strong short-term predictor of postoperative creatinine trajectory compared with hemodynamics and renal labs."
former_smoker,1,Former smoking has a weaker and less specific association with acute postoperative AKI than current smoking. Any effect is largely mediated through comorbidities already captured elsewhere.
pre_op_arrhyth_a_fib_paroxysmal,2,"Paroxysmal AF can be a marker of cardiovascular disease and may predispose to perioperative hemodynamic instability affecting renal perfusion. Still, it is an indirect and nonspecific predictor of AKI."
pre_op_arrhyth_a_fib_persistent,3,"Persistent AF more strongly reflects chronic cardiac dysfunction and risk of low cardiac output states postoperatively, which can reduce renal perfusion and increase AKI risk. It remains an indirect predictor compared with direct hemodynamic/renal markers."
cardioplegia_delivery_antegrade,1,Antegrade cardioplegia delivery strategy has limited direct linkage to renal injury; its effect on AKI is mostly mediated through overall surgical complexity and bypass time. As a standalone feature it is weakly informative.
cardioplegia_delivery_retrograde,2,"Retrograde cardioplegia may indicate more complex coronary anatomy or operative complexity, which can correlate with longer bypass/cross-clamp times and AKI risk. The relationship is indirect and confounded by procedure severity."
cplegia_type_blood,1,Blood vs crystalloid cardioplegia choice has no direct renal biomarker relationship and only weakly reflects operative practice patterns. Any AKI association is likely small relative to perfusion and inflammatory drivers.
cplegia_type_crystalloid,1,Crystalloid cardioplegia type is not a direct determinant of postoperative renal function and is largely a surgical preference variable. It provides minimal incremental AKI prediction beyond other operative/hemodynamic features.
heart_fail_tmg_acute,4,"Acute heart failure around the time of surgery strongly predisposes to low cardiac output, venous congestion, and renal hypoperfusion, all key mechanisms for postoperative AKI. It is a strong clinical predictor of creatinine rise."
heart_fail_tmg_chronic,3,Chronic heart failure increases baseline vulnerability to renal hypoperfusion and congestion and is a well-established AKI risk factor after cardiac surgery. Its predictive strength is moderate because severity varies and is mediated by postoperative hemodynamics.
heart_fail_type_systolic,4,"Systolic dysfunction (reduced forward flow) is strongly linked to perioperative low cardiac output syndrome and renal hypoperfusion, increasing AKI risk. It is a strong preoperative predictor of postoperative creatinine increase."
heart_fail_type_diastolic,3,"Diastolic dysfunction can cause elevated filling pressures and venous congestion, which can impair renal function postoperatively. The association with AKI is established but generally less direct than severe systolic dysfunction."
0_12h_pulse_oximetry_mean,2,"Early mean oxygen saturation can reflect hypoxemia and overall instability, which may contribute to renal ischemia, but immediate post-op values are often transient and artifact-prone. Per the 0–12h epoch cap, it is scored conservatively."
13_24h_pulse_oximetry_mean,2,"Sustained hypoxemia in the 13–24h trajectory phase can contribute to systemic stress and renal ischemia, but mean SpO2 is an indirect marker and often influenced by ventilator management. It is less predictive than direct perfusion/renal measures."
25_36h_pulse_oximetry_mean,2,"Sustained oxygenation may relate indirectly to renal oxygen delivery, but mean SpO2 often masks brief hypoxemic insults and is less specific for AKI than hemodynamics."
0_12h_pulse_oximetry_max,1,High SpO2 is not a driver of AKI and is heavily influenced by supplemental oxygen immediately post-op; limited prognostic value.
13_24h_pulse_oximetry_max,1,Maximum SpO2 mainly reflects oxygen therapy rather than renal-relevant physiology; not informative for AKI risk.
25_36h_pulse_oximetry_max,1,Maximum SpO2 is typically treatment-dependent and does not capture hypoxic injury risk; weak link to creatinine rise.
0_12h_pulse_oximetry_min,3,"Hypoxemia can contribute to renal ischemia, but in the immediate post-op window transient desaturations are common; capped by early epoch."
13_24h_pulse_oximetry_min,3,Lower nadir SpO2 may indicate ongoing respiratory failure/shock physiology that can worsen renal perfusion; still indirect and nonspecific.
25_36h_pulse_oximetry_min,4,"Late-window hypoxemia is a stronger leading indicator of persistent cardiopulmonary compromise and reduced renal oxygen delivery, increasing AKI risk."
0_12h_pulse_oximetry_measured,1,Measurement frequency reflects monitoring intensity/acuity rather than a physiologic mechanism for AKI; routine in early post-op care.
13_24h_pulse_oximetry_measured,1,SpO2 measurement count is largely protocol-driven and not a direct predictor of renal injury.
25_36h_pulse_oximetry_measured,2,"More frequent SpO2 checks may proxy clinical concern for instability, but remains a behavioral signal and not kidney-specific."
0_12h_r_pulmonary_artery_pressure_mean_mean,2,"Elevated PA pressures can reflect RV dysfunction/venous congestion affecting renal perfusion, but early post-op values are often transient and treatment-influenced."
13_24h_r_pulmonary_artery_pressure_mean_mean,3,"Persistently higher PA pressures suggest ongoing RV strain and congestion, which can reduce renal perfusion pressure and contribute to AKI."
25_36h_r_pulmonary_artery_pressure_mean_mean,3,Later sustained PA pressure elevation supports continued RV dysfunction/volume overload with renal venous congestion; moderate AKI relevance.
0_12h_r_pulmonary_artery_pressure_mean_max,3,"Acute spikes in PA pressure may indicate RV failure or pulmonary hypertensive crises that can impair renal perfusion, but early epoch limits specificity."
13_24h_r_pulmonary_artery_pressure_mean_max,4,"Higher PA pressure peaks in this trajectory phase can mark clinically significant RV dysfunction/venous congestion, a strong contributor to postoperative AKI."
25_36h_r_pulmonary_artery_pressure_mean_max,4,"Late-window PA pressure maxima capture acute RV/pulmonary vascular decompensation and renal venous congestion close to the outcome, strongly predicting creatinine rise."
0_12h_r_pulmonary_artery_pressure_mean_min,2,"Low pulmonary artery pressure can reflect low preload/low output states that may reduce renal perfusion, but early post-op values are often transient and treatment-related. As a minimum of a mean-derived signal, it is an indirect marker and less specific than systemic MAP/CI."
13_24h_r_pulmonary_artery_pressure_mean_min,2,"Persistently low PA pressures may indicate ongoing low filling pressures/low output physiology that can contribute to AKI risk, but it remains indirect and confounded by ventilation and vasoactive management. Not a primary AKI predictor compared with direct renal/hemodynamic markers."
25_36h_r_pulmonary_artery_pressure_mean_min,3,"In the 25–36h window, low PA pressures can be a leading indicator of inadequate preload/forward flow and potential renal hypoperfusion. Still indirect, but closer to the outcome and more likely to reflect true hemodynamic vulnerability."
0_12h_r_pulmonary_artery_pressure_mean_measured,1,"Measurement frequency mainly reflects monitoring intensity/acuity rather than a physiologic mechanism for AKI. In the immediate post-op period, PA monitoring is common and not specific for impending renal injury."
13_24h_r_pulmonary_artery_pressure_mean_measured,1,"How often PA pressure is recorded is largely a care-pattern proxy and not a direct driver of creatinine rise. Continued measurement may reflect complexity, but is nonspecific for AKI."
25_36h_r_pulmonary_artery_pressure_mean_measured,2,"Ongoing frequent PA pressure measurement late may indicate persistent hemodynamic instability or clinician concern, which can correlate with AKI risk. Still a behavioral proxy, so capped low."
0_12h_r_device_continuous_cardiac_index_measured,1,Frequency of continuous cardiac index documentation reflects monitoring practices and severity of illness rather than renal physiology. Early post-op CI monitoring is routine after cardiac surgery.
13_24h_r_device_continuous_cardiac_index_measured,1,Measurement count is a proxy for acuity and does not itself predict creatinine rise mechanistically. Many patients remain on CI monitoring during this phase regardless of renal trajectory.
25_36h_r_device_continuous_cardiac_index_measured,2,"Persistent frequent CI monitoring at 25–36h may signal ongoing shock/low-output concerns that are associated with AKI. As a behavioral proxy, it should remain low importance."
0_12h_r_central_venous_pressure_mean,2,"Elevated CVP can impair renal venous outflow and reduce GFR, but mean values in the first 12h are heavily influenced by ventilation, fluid shifts, and transient post-bypass physiology. Mean also smooths short harmful peaks."
13_24h_r_central_venous_pressure_mean,3,"Sustained higher CVP in the trajectory phase suggests venous congestion/right-sided dysfunction, a recognized contributor to cardiorenal AKI. Mean CVP is moderately informative but less so than extremes."
25_36h_r_central_venous_pressure_mean,4,"In the 25–36h window, persistently elevated CVP is a strong indicator of venous congestion and impaired renal perfusion pressure, which is closely linked to AKI after cardiac surgery. This is a relatively direct hemodynamic risk marker near the outcome."
0_12h_r_central_venous_pressure_max,3,"High peak CVP can reflect acute venous congestion/tamponade physiology that can precipitate renal dysfunction, but early post-op peaks are common and may be transient. As an extreme, it better captures harmful congestion than the mean, but scoring is capped in 0–12h."
13_24h_r_central_venous_pressure_max,4,"A high CVP maximum during 13–24h suggests episodic severe venous congestion or right heart failure, which is strongly associated with subsequent AKI. Extremes capture clinically meaningful insults better than averages."
25_36h_r_central_venous_pressure_max,5,"A very high CVP peak close to hour 60 is a potent marker of severe venous congestion (e.g., RV failure, tamponade, fluid overload) that can directly drive cardiorenal AKI. As an extreme near the outcome, it is highly predictive of creatinine rise."
0_12h_r_central_venous_pressure_min,2,"Low CVP minima may indicate hypovolemia/underfilling and potential renal hypoperfusion, but early post-op lows are often transient and treatment-related. Compared with CVP max (congestion), CVP min is a less established AKI driver in this setting."
13_24h_r_central_venous_pressure_min,2,"CVP relates to venous congestion and renal perfusion, but the minimum CVP is less informative for AKI than sustained elevation (mean/max) and may reflect transient underfilling."
25_36h_r_central_venous_pressure_min,2,"Closer to the outcome window, but a low CVP minimum is still an indirect and potentially transient signal; renal congestion risk is better captured by higher CVP rather than the minimum."
0_12h_r_central_venous_pressure_measured,1,Measurement frequency mainly reflects monitoring intensity immediately post-op and is not a physiologic driver of AKI; early post-bypass period is also highly protocolized.
13_24h_r_central_venous_pressure_measured,1,"Primarily a proxy for clinician concern/acuity rather than renal pathophysiology, and CVP monitoring is common in this population."
25_36h_r_central_venous_pressure_measured,2,"More frequent CVP checks late may indicate hemodynamic instability or volume management complexity, but it remains an indirect behavioral marker rather than a direct AKI predictor."
0_12h_r_fio2_mean,2,"Higher oxygen requirement can reflect cardiopulmonary dysfunction and illness severity, which indirectly increases AKI risk, but early post-op FiO2 is often transiently elevated by protocol."
13_24h_r_fio2_mean,2,"Persistent oxygen requirement suggests ongoing respiratory/cardiac dysfunction and systemic stress, but FiO2 is still an indirect marker and mean values can dilute brief severe episodes."
25_36h_r_fio2_mean,3,"Sustained elevated FiO2 closer to hour 60 can indicate ongoing shock/low cardiac output or pulmonary failure, which are established contributors to AKI risk."
0_12h_r_fio2_max,2,"A high FiO2 maximum may reflect transient intra/post-op instability, but in the immediate 0–12h window it is common and nonspecific for subsequent AKI."
13_24h_r_fio2_max,3,"A high FiO2 spike during the trajectory phase can signal acute decompensation (e.g., pulmonary edema/low output), which is more meaningfully associated with AKI than the mean."
25_36h_r_fio2_max,3,"Late high FiO2 requirements suggest significant ongoing cardiopulmonary failure and severity of illness, which increases AKI risk, though it remains indirect rather than kidney-specific."
0_12h_r_fio2_min,1,The minimum FiO2 largely reflects weaning success and is not a direct AKI mechanism; early post-op minima are heavily influenced by ventilator protocols.
13_24h_r_fio2_min,1,Lower minimum FiO2 indicates periods of stability and is not a trigger for AKI; it is less informative than maxima for detecting physiologic insult.
25_36h_r_fio2_min,2,"Failure to achieve low FiO2 later may indicate persistent respiratory/cardiac dysfunction, but the minimum is still less sensitive to acute insults than the maximum/mean."
0_12h_r_fio2_measured,1,Frequency of FiO2 documentation is routine in ventilated post-cardiac surgery patients and is not a physiologic predictor of AKI.
13_24h_r_fio2_measured,1,Represents monitoring/ventilator management intensity rather than renal injury biology; only weakly reflects acuity.
25_36h_r_fio2_measured,2,"Measurement frequency reflects clinician concern/acuity (e.g., hypoxemia/ARDS) rather than a direct renal mechanism. Higher monitoring intensity can correlate with overall severity that predisposes to AKI, but it is indirect."
0_12h_r_vent_resp_rate_set_mean,2,"Mean set RR early post-op is largely protocolized and influenced by sedation/vent strategy; it is only indirectly related to AKI via acid-base/hemodynamic effects. In the 0–12h epoch, transient derangements are common, so prognostic value is limited."
13_24h_r_vent_resp_rate_set_mean,2,"Sustained higher/lower set RR may reflect evolving respiratory failure or metabolic acidosis compensation, which can track with severity of illness and AKI risk. As a mean setting (not an extreme) it is a weaker, indirect predictor."
0_12h_r_vent_resp_rate_set_max,3,"A high maximum set RR can indicate significant acidosis or respiratory failure requiring aggressive ventilation, which correlates with shock/severity and AKI risk. Capped by the 0–12h window where immediate post-bypass instability is often transient."
13_24h_r_vent_resp_rate_set_max,3,"A high RR maximum in the trajectory phase suggests persistent/worsening acidosis or lung injury, both associated with systemic inflammation and hemodynamic stress that increase AKI risk. Extremes are more informative than means for acute insults."
0_12h_r_vent_resp_rate_set_min,1,A low minimum set RR is usually driven by sedation/weaning strategy and is not a direct trigger for AKI. In the immediate post-op period it is commonly protocol-driven and weakly informative.
13_24h_r_vent_resp_rate_set_min,1,Low minimum set RR typically reflects ventilator weaning or deep sedation rather than renal perfusion status. It has minimal direct linkage to subsequent creatinine rise.
0_12h_r_vent_resp_rate_set_measured,1,"Measurement frequency is a care-process variable and does not represent a physiologic mechanism for AKI. Early post-op ventilator documentation is routine, so it is weakly informative."
13_24h_r_vent_resp_rate_set_measured,1,How often RR settings are recorded mainly reflects workflow/acuity rather than kidney injury biology. At most it is a weak proxy for instability.
25_36h_r_vent_resp_rate_set_measured,2,"More frequent ventilator setting documentation late may indicate ongoing instability or difficult ventilation, which can correlate with multi-organ dysfunction and AKI risk. Still a behavioral proxy, not a direct renal predictor."
0_12h_r_vent_tidal_volume_set_mean,2,"Mean set tidal volume early is largely determined by lung-protective protocols and predicted body weight, with only indirect AKI links via ventilator-induced lung injury/inflammation. Immediate post-op period limits specificity."
13_24h_r_vent_tidal_volume_set_mean,2,"Persistently higher mean tidal volumes may reflect non–lung-protective ventilation or changing compliance, which can contribute to systemic inflammation and AKI risk indirectly. As a mean setting, it is less informative than extremes."
25_36h_r_vent_tidal_volume_set_mean,2,"Later mean tidal volume may reflect ongoing respiratory mechanics and overall severity, indirectly associated with AKI through inflammation/hemodynamics. It is not a direct marker of renal hypoperfusion or nephrotoxicity."
0_12h_r_vent_tidal_volume_set_max,2,"A high maximum tidal volume can indicate periods of less lung-protective ventilation, potentially increasing inflammatory burden that is associated with AKI. In 0–12h this is often transient and protocol/transport related, limiting predictive value."
13_24h_r_vent_tidal_volume_set_max,3,"A higher tidal volume maximum during 13–24h may signal sustained deviation from lung-protective ventilation or worsening compliance, which is linked to systemic inflammation and AKI risk. Extremes better capture potentially injurious episodes than means."
25_36h_r_vent_tidal_volume_set_max,3,"A high tidal volume maximum close to the outcome window may reflect ongoing lung injury/poor compliance and higher inflammatory/vasopressor burden, which are associated with AKI. Still indirect (not a renal biomarker), so not scored as 4–5."
0_12h_r_vent_tidal_volume_set_min,1,"Low set tidal volume is not a direct AKI driver; it mainly reflects ventilator strategy. In the immediate 0–12h post-op period it is often protocolized and transient, with weak renal prognostic value."
13_24h_r_vent_tidal_volume_set_min,1,Minimum set tidal volume is largely a management choice and only indirectly related to renal outcomes via severity of lung injury. It is not a primary hemodynamic/renal perfusion marker.
25_36h_r_vent_tidal_volume_set_min,2,"Persistently low tidal volume settings may proxy ongoing respiratory failure/ARDS severity, which can correlate with multi-organ dysfunction and AKI risk. Still indirect and not a renal-specific mechanism."
0_12h_r_vent_tidal_volume_set_measured,1,"Measurement frequency reflects documentation/monitoring intensity rather than physiology. Early post-op ventilator settings are routinely charted, so this is a weak acuity proxy."
13_24h_r_vent_tidal_volume_set_measured,1,How often tidal volume is recorded is primarily workflow-driven and not mechanistically linked to AKI. At most it weakly reflects ICU attention.
25_36h_r_vent_tidal_volume_set_measured,2,"More frequent ventilator setting documentation late may indicate instability or ongoing ventilatory adjustments, indirectly signaling higher illness severity. Still a behavioral proxy, not a renal biomarker."
0_12h_r_vent_peep_mean,2,"Higher mean PEEP can reduce venous return/cardiac output and raise renal venous pressure, potentially lowering renal perfusion. In 0–12h it is often transient and protocol-driven, so predictive value is limited."
13_24h_r_vent_peep_mean,2,"Sustained mean PEEP may reflect ongoing hypoxemia and can contribute to adverse hemodynamics affecting kidney perfusion. However, mean values smooth short hypotensive insults and are less specific than extremes."
25_36h_r_vent_peep_mean,3,Persistently elevated mean PEEP closer to hour 60 can indicate significant respiratory failure and sustained cardiopulmonary interactions that impair renal perfusion. Still indirect compared with direct hemodynamic or renal labs.
0_12h_r_vent_peep_max,3,"High peak PEEP can acutely worsen preload and renal perfusion and may mark severe hypoxemia/ARDS requiring aggressive ventilatory support. In the immediate post-op window, derangements are common, so capped at 3."
13_24h_r_vent_peep_max,3,A high maximum PEEP in 13–24h suggests episodes of significant respiratory compromise and potential hemodynamic stress that can precipitate AKI. Extremes are more informative than means for acute insults.
25_36h_r_vent_peep_max,4,"High maximum PEEP in 25–36h is a strong marker of ongoing severe lung pathology and can directly worsen renal perfusion via reduced cardiac output and increased intrathoracic/renal venous pressures. As a late extreme, it is a stronger leading indicator of subsequent AKI."
0_12h_r_vent_peep_min,1,Minimum PEEP is often near baseline ventilator settings and does not capture the injurious/hemodynamically stressful periods relevant to AKI. Early post-op values are frequently routine.
13_24h_r_vent_peep_min,1,Minimum PEEP mainly reflects the least support used and is not a trigger for renal hypoperfusion. It is less informative than maximum PEEP for AKI-related physiologic stress.
25_36h_r_vent_peep_min,1,Minimum PEEP late is still a weak indicator because it ignores episodes of high intrathoracic pressure that would affect renal perfusion. Prefer max PEEP to capture the relevant insult (collinearity control).
0_12h_r_vent_peep_measured,1,"PEEP measurement frequency is largely documentation behavior and standard ventilator charting, not a physiologic mechanism. In 0–12h it is especially routine and weakly related to AKI risk."
13_24h_r_vent_peep_measured,1,Measurement frequency mainly reflects clinician attention/vent management rather than a direct renal perfusion mechanism. At most it weakly proxies respiratory instability/acuity.
25_36h_r_vent_peep_measured,2,More frequent PEEP documentation/orders can proxy ongoing respiratory failure and higher intrathoracic pressures that may impair venous return and renal perfusion. Still a behavioral/acuity marker rather than a physiologic exposure.
0_12h_r_vent_plateau_pressure_mean,1,"Early post-op plateau pressures are often transient and influenced by anesthesia/atelectasis; mean values smooth short insults. Plateau pressure is an indirect AKI risk via hemodynamics, not a primary driver here."
13_24h_r_vent_plateau_pressure_mean,2,"Sustained higher plateau pressures can reflect worse lung mechanics and higher intrathoracic pressure, potentially reducing cardiac output/renal perfusion. Mean aggregation is less informative than extremes for acute insult."
0_12h_r_vent_plateau_pressure_max,3,"High peak plateau pressures can indicate significant ventilatory stress and elevated intrathoracic pressure that may reduce venous return and renal blood flow. In the immediate 0–12h period this is common post-op, so capped at moderate importance."
13_24h_r_vent_plateau_pressure_max,3,A high maximum plateau pressure in 13–24h suggests persistent poor compliance/ARDS physiology and potentially adverse hemodynamics affecting renal perfusion. Extremes are more relevant than means for capturing acute insults.
0_12h_r_vent_plateau_pressure_min,1,Low minimum plateau pressure is generally not a trigger for AKI and often reflects periods of improved compliance or lower support. It provides little specific information about renal risk.
13_24h_r_vent_plateau_pressure_min,1,Minimum plateau pressure is not a known AKI driver and is less clinically meaningful than high extremes for hemodynamic compromise. Likely redundant with other ventilation severity markers.
0_12h_r_vent_plateau_pressure_measured,1,Frequency of plateau pressure measurement reflects monitoring practices and ventilator management rather than kidney injury physiology. Early post-op frequent checks are routine.
13_24h_r_vent_plateau_pressure_measured,1,"More frequent plateau pressure measurements may indicate respiratory instability but remains a weak, non-physiologic proxy. Limited specificity for predicting creatinine rise."
25_36h_r_vent_plateau_pressure_measured,2,"In the later window, frequent plateau pressure checks can signal ongoing severe lung disease and higher ventilatory pressures that may contribute to hemodynamic compromise. Still primarily a clinician-behavior/acuity marker."
0_12h_r_vent_minute_ventilation_mean,1,"Mean minute ventilation early post-op is heavily influenced by sedation, temperature, and ventilator strategy and is not a direct AKI mechanism. Averages also dilute brief extremes that might matter."
13_24h_r_vent_minute_ventilation_mean,2,"Higher sustained minute ventilation can reflect metabolic acidosis/sepsis or increased dead space, which may correlate with systemic illness and AKI risk. As a mean, it is less specific than extreme derangements."
0_12h_r_vent_minute_ventilation_max,2,"A high maximum minute ventilation may indicate acute metabolic demand/acidosis or ventilatory distress, indirectly associated with shock states that predispose to AKI. In 0–12h this can be transient post-op, limiting importance."
13_24h_r_vent_minute_ventilation_max,3,"A high maximum minute ventilation in 13–24h can signal evolving systemic illness (e.g., acidosis, sepsis, high dead space) that is a recognized context for AKI. Extremes better capture clinically meaningful deterioration than means."
0_12h_r_vent_minute_ventilation_min,1,Low minimum minute ventilation often reflects sedation or ventilator weaning rather than a renal hypoperfusion insult. It has little direct or established predictive value for AKI.
13_24h_r_vent_minute_ventilation_min,2,"Low minute ventilation can reflect hypoventilation, sedation, or evolving respiratory failure, which may correlate with overall illness severity and renal hypoperfusion. As a minimum value it captures an extreme, but it is still an indirect marker for AKI and capped by the 13–24h epoch."
0_12h_r_vent_minute_ventilation_measured,1,Measurement frequency mainly reflects monitoring intensity and routine ventilator charting immediately post-op rather than a renal mechanism. In the 0–12h window this is especially non-specific for later creatinine rise.
13_24h_r_vent_minute_ventilation_measured,1,How often minute ventilation is recorded is largely a workflow/acuity proxy and not a physiologic driver of AKI. It provides little incremental signal beyond actual ventilation values.
25_36h_r_vent_minute_ventilation_measured,2,"Increased measurement frequency closer to outcome may indicate clinician concern for respiratory instability/shock, which can co-occur with AKI risk. Still, it is a behavioral proxy, so it should remain low."
0_12h_respiratory_therapy_o2_device_mean,1,Average oxygen device level in the immediate post-op period is heavily influenced by routine extubation/weaning practices and is not a direct AKI driver. Mean values also smooth clinically relevant extremes.
13_24h_respiratory_therapy_o2_device_mean,2,"Persistently higher average oxygen support may reflect ongoing cardiopulmonary dysfunction and higher illness severity, indirectly increasing AKI risk. As a mean aggregation it is less specific than extremes."
25_36h_respiratory_therapy_o2_device_mean,2,"Higher average oxygen device requirement near 36h can indicate sustained respiratory/cardiac compromise associated with renal hypoperfusion. However, mean device level remains an indirect and practice-dependent marker."
0_12h_respiratory_therapy_o2_device_max,2,"Maximum oxygen device requirement captures an early extreme of respiratory support, which can correlate with shock/low cardiac output and AKI risk. In 0–12h this is often transient and protocol-driven, so importance is capped."
13_24h_respiratory_therapy_o2_device_max,3,"A high maximum oxygen device requirement during 13–24h suggests significant respiratory failure or cardiogenic pulmonary edema, which often coexists with hemodynamic compromise and AKI risk. The extreme value is more informative than the mean."
25_36h_respiratory_therapy_o2_device_max,3,High peak oxygen device requirement in the 25–36h window is a leading indicator of persistent cardiopulmonary instability and higher likelihood of renal hypoperfusion/AKI. It is still indirect compared with renal labs or vasopressor/hemodynamic measures.
0_12h_respiratory_therapy_o2_device_min,1,"Minimum oxygen device requirement early post-op mainly reflects periods of stability or brief weaning and is not a trigger for AKI. As a minimum, it is less aligned with pathologic extremes relevant to renal injury."
13_24h_respiratory_therapy_o2_device_min,1,Lower minimum oxygen device use indicates better respiratory status and is not a direct predictor of AKI. It is also susceptible to documentation/weaning practices rather than renal physiology.
25_36h_respiratory_therapy_o2_device_min,1,A low minimum oxygen device requirement near 36h generally reflects clinical improvement and does not mechanistically predict creatinine rise. It is less informative than maximum support requirements for identifying severe illness.
0_12h_respiratory_therapy_o2_device_measured,1,Measurement frequency reflects respiratory therapy documentation intensity and routine post-op care rather than renal pathophysiology. In the immediate 0–12h period it is particularly non-specific.
13_24h_respiratory_therapy_o2_device_measured,1,How often oxygen device is recorded is a behavioral/monitoring proxy and adds little beyond the actual device level. It is not a direct or established predictor of AKI.
25_36h_respiratory_therapy_o2_device_measured,2,"More frequent oxygen device documentation closer to outcome may indicate escalating respiratory support needs and clinician concern, indirectly correlating with AKI risk. Nonetheless it remains a non-physiologic proxy and should stay low."
0_12h_r_chest_tube_output_mean,2,"Chest tube output reflects bleeding/inflammation and can contribute to hypovolemia/transfusion needs, indirectly affecting renal perfusion. In the immediate 0–12h post-op period it is often transient and mean values are less informative than extremes."
13_24h_r_chest_tube_output_mean,2,"Ongoing average drainage may indicate continued bleeding or serous output with potential volume depletion, but mean output is a blunt marker. Extremes and associated hemodynamics/transfusion are typically more predictive of AKI."
25_36h_r_chest_tube_output_mean,2,"Persistently elevated mean output late may signal ongoing losses and need for resuscitation, which can affect kidney perfusion. However, mean output is less pathophysiologically specific than peak bleeding episodes."
0_12h_r_chest_tube_output_max,3,"Peak early chest tube output can reflect significant bleeding leading to hypotension, transfusion, and renal hypoperfusion. Capped at 3 due to the 0–12h window where transient post-op bleeding is common."
13_24h_r_chest_tube_output_max,3,A high maximum output in 13–24h suggests ongoing bleeding/tamponade physiology risk and potential hemodynamic instability impacting renal perfusion. Still an indirect predictor compared with direct renal/hemodynamic markers.
25_36h_r_chest_tube_output_max,4,"A late peak in chest tube output is abnormal and may indicate clinically significant bleeding with volume loss, hypotension, and transfusion exposure, all strongly linked to AKI risk. This window is close to the 60h creatinine outcome, increasing predictive value."
0_12h_r_chest_tube_output_min,1,Minimum output is generally not a marker of renal risk and may simply reflect periods of low drainage or measurement artifact. It does not capture the bleeding-related insult relevant to AKI.
13_24h_r_chest_tube_output_min,1,Low minimum drainage is not pathognomonic for AKI and is often clinically uninformative. It does not represent the hemodynamic stressor (bleeding) that would affect kidney function.
25_36h_r_chest_tube_output_min,1,Minimum chest tube output late is not a meaningful predictor of renal injury and may reflect normal tapering. Extremes on the high side are the clinically relevant signal.
0_12h_r_chest_tube_output_measured,1,Measurement frequency mainly reflects routine ICU documentation rather than a physiologic mechanism for AKI. In 0–12h it is near-universal and poorly discriminative.
13_24h_r_chest_tube_output_measured,1,How often output is recorded is largely workflow-driven and only weakly reflects concern for bleeding/instability. It is not a direct driver of creatinine rise.
25_36h_r_chest_tube_output_measured,2,"More frequent measurement late may indicate clinician concern for ongoing bleeding or instability, which can correlate with AKI risk. Still a behavioral proxy and should remain low importance."
0_12h_r_pap_systolic_mean,2,"Mean systolic PAP reflects pulmonary pressures/right heart load, which can influence renal venous congestion and cardiac output indirectly. Early post-op values are often transient and mean is less informative than extremes or direct systemic perfusion measures."
13_24h_r_pap_systolic_mean,3,"Sustained elevated PAP in the trajectory phase can indicate RV dysfunction and venous congestion, both associated with worsening renal function. Mean values can capture persistent congestion better than a single extreme, but remain indirect."
25_36h_r_pap_systolic_mean,4,"Persistently high PAP close to the outcome suggests ongoing RV failure/venous congestion and impaired forward flow, a strong contributor to cardiorenal AKI after cardiac surgery. This late window increases its predictive relevance."
0_12h_r_pap_systolic_max,3,"A high early peak PAP may reflect acute RV strain, pulmonary hypertension, or volume overload that can compromise renal perfusion. Capped at 3 due to the immediate post-op period and to limit redundancy with mean PAP measures."
13_24h_r_pap_systolic_max,2,"Elevated PA systolic pressure can reflect RV strain and venous congestion that may contribute to AKI, but it is an indirect marker. As a max value it captures episodic pulmonary hypertension, yet renal prediction is weaker than direct perfusion/renal labs."
25_36h_r_pap_systolic_max,3,"Later sustained/episodic high PA systolic pressure suggests ongoing RV dysfunction and venous congestion closer to the creatinine outcome window. This can impair renal perfusion via elevated renal venous pressure, making it a moderate AKI risk indicator."
0_12h_r_pap_systolic_min,2,"Low PA systolic pressure may indicate low flow/cardiac output early after surgery, which can contribute to renal hypoperfusion. However, immediate post-op values are often transient and treatment-related, so prognostic value is limited (0–12h cap)."
13_24h_r_pap_systolic_min,3,"A low PA systolic minimum in this trajectory phase can reflect persistent low cardiac output or RV failure, both associated with AKI risk. The minimum captures hypotensive/low-flow insults better than mean for renal ischemia."
25_36h_r_pap_systolic_min,4,"A low PA systolic minimum close to hour 60 can indicate ongoing low-flow state/cardiogenic shock physiology, a strong driver of ischemic AKI. As an extreme (min) it captures clinically important hypoperfusion episodes."
0_12h_r_pap_systolic_measured,1,"Measurement frequency mainly reflects monitoring intensity (e.g., presence of PA catheter) rather than renal physiology. In the immediate post-op period this is routine and not specific for impending AKI."
13_24h_r_pap_systolic_measured,1,How often PA systolic is recorded is a care-process/acuity proxy and not a direct mechanism for AKI. It may correlate with severity but is too nonspecific to be a strong predictor.
25_36h_r_pap_systolic_measured,2,"Continued frequent PA pressure monitoring later may indicate ongoing hemodynamic instability or RV failure concerns, which can relate to AKI risk. Still, it is a behavioral proxy and should remain low importance."
0_12h_r_pap_diastolic_mean,1,Mean PA diastolic pressure is an indirect surrogate for pulmonary vascular tone/left-sided filling pressures and is often labile immediately post-op. The mean smooths extremes and is less tied to discrete renal hypoperfusion or congestion events (0–12h cap).
13_24h_r_pap_diastolic_mean,2,"Higher average PA diastolic pressure can reflect elevated left-sided filling pressures and venous congestion that may worsen renal function. As a mean, it is less sensitive than extremes for capturing clinically relevant insults."
25_36h_r_pap_diastolic_mean,3,"Persistently elevated PA diastolic pressure later suggests ongoing congestion/heart failure physiology, which is associated with cardiorenal syndrome and AKI. Mean values can matter if congestion is sustained, but remain indirect."
0_12h_r_pap_diastolic_max,2,"A high PA diastolic maximum may indicate acute pulmonary hypertension or elevated left-sided filling pressures contributing to venous congestion. Early post-op spikes are common and transient, limiting predictive strength (0–12h cap)."
13_24h_r_pap_diastolic_max,3,"Episodic high PA diastolic pressure in this phase can signal worsening congestion or LV dysfunction, which can impair renal function via elevated venous pressures. The max captures clinically meaningful peaks better than the mean."
25_36h_r_pap_diastolic_max,4,"High PA diastolic peaks close to the outcome window suggest significant ongoing congestion/left-sided failure, a strong contributor to AKI through renal venous hypertension and reduced effective perfusion. As an extreme, it better captures pathologic episodes than mean."
0_12h_r_pap_diastolic_min,1,Low PA diastolic minima early after surgery may reflect transient low preload/vasodilation or measurement variability and are not specific for AKI. The early window and extreme lability reduce prognostic value (0–12h cap).
13_24h_r_pap_diastolic_min,2,"A low PA diastolic minimum may indicate low filling pressures/low flow states that can contribute to renal hypoperfusion. However, PA diastolic is an indirect marker and less informative than systemic MAP/cardiac output measures."
25_36h_r_pap_diastolic_min,3,"Low diastolic PAP can reflect low RV output/low pulmonary perfusion pressures and overall cardiogenic shock physiology, which can reduce renal perfusion and precipitate AKI. As a downstream hemodynamic marker it is relevant but not as direct as MAP/urine output/creatinine."
0_12h_r_pap_diastolic_measured,1,"Measurement frequency mainly reflects monitoring intensity (e.g., presence of PA catheter) rather than renal physiology. Early post-op ordering is routine and not specific for impending AKI."
13_24h_r_pap_diastolic_measured,1,How often PAP is recorded is a care-process proxy and not a direct driver of kidney injury. At most it indicates higher acuity but is nonspecific for AKI.
25_36h_r_pap_diastolic_measured,2,"More frequent PAP documentation late may indicate ongoing hemodynamic instability prompting closer monitoring, which can correlate with AKI risk. Still, it is not a physiologic measurement itself and remains nonspecific."
0_12h_pulse_mean,2,"Average heart rate in the immediate post-op window is often influenced by pain, pacing, inotropes, and transient stress responses, making it a weak AKI signal. Extremes (tachy/brady episodes) are more informative than the mean for acute perfusion insults."
13_24h_pulse_mean,2,"Sustained tachycardia can reflect ongoing shock, anemia, or sepsis physiology that may contribute to AKI, but mean HR is still indirect. Extremes generally capture clinically meaningful instability better than averages."
25_36h_pulse_mean,2,"Persistent elevated or low mean HR near 36h can indicate ongoing hemodynamic stress that may impair renal perfusion, but it remains an indirect marker. Max/min HR typically better capture the acute insults relevant to AKI, so the mean is capped for collinearity."
0_12h_pulse_max,3,"Early post-op tachycardia episodes can signal bleeding, low cardiac output, pain/agitation, or arrhythmias that reduce effective renal perfusion. In the 0–12h epoch many spikes are transient, so importance is conservatively limited."
13_24h_pulse_max,3,"Tachycardia in the trajectory phase may reflect persistent low output, infection, or ongoing volume issues, all associated with AKI risk. It is still indirect but more informative than the mean."
25_36h_pulse_max,4,"Late tachycardia episodes close to the outcome can indicate ongoing shock/low cardiac output or atrial fibrillation with RVR, which can directly compromise renal perfusion. As an extreme value it better captures acute instability relevant to AKI."
0_12h_pulse_min,2,"Bradycardia early after surgery is often due to pacing settings, sedation, hypothermia, or transient conduction issues and is not specific for AKI. Only severe bradycardia causing hypotension would meaningfully affect renal perfusion, which is not captured directly here."
13_24h_pulse_min,2,Low HR may reflect conduction disease or over-sedation and is only indirectly linked to AKI unless it causes low cardiac output/hypotension. As an isolated minimum it is a weaker predictor than tachycardia extremes.
25_36h_pulse_min,3,"Late bradycardia can indicate conduction failure, excessive beta-blockade, or worsening cardiac function that may reduce cardiac output and renal perfusion. As an extreme near the outcome it is more relevant than earlier epochs but still indirect."
0_12h_pulse_measured,1,Heart rate measurement frequency reflects routine ICU monitoring rather than kidney-related physiology. It provides little specific prognostic information for AKI.
13_24h_pulse_measured,1,"Frequency of pulse recordings is largely standard-of-care and a documentation artifact, not a mechanistic AKI predictor. It is not specific for renal injury risk."
25_36h_pulse_measured,1,"Even late, pulse measurement frequency mainly reflects monitoring practices rather than renal pathophysiology. It is unlikely to add meaningful AKI signal beyond actual HR values."
0_12h_r_an_agents_o2_mean,2,"Mean delivered O2 as an anesthetic carrier gas is not a direct AKI driver; any association is indirect via overall respiratory/hemodynamic management. In the immediate 0–12h post-op window, averages are less informative than extremes for renal hypoperfusion risk."
0_12h_r_an_agents_o2_max,2,"High inspired O2 may reflect transient instability or attempts to optimize oxygen delivery, but it is not a specific or established predictor of AKI. In 0–12h, this is common post-op practice and only indirectly related to renal outcomes."
0_12h_r_an_agents_o2_min,3,"Low minimum inspired O2 can be a proxy for adequate oxygenation/less respiratory support, whereas very low minima could coincide with hypoxemia risk that can worsen renal ischemia. Among O2 aggregations, the minimum better captures potential acute oxygen-delivery insult, but 0–12h scoring is capped."
0_12h_r_an_agents_o2_measured,1,"Measurement frequency reflects documentation/monitoring behavior rather than a physiologic mechanism for AKI. In early post-op care, O2 agent recording is routine and not specific to impending renal injury."
13_24h_r_an_agents_o2_measured,1,This is primarily a care-intensity/documentation proxy and not a direct renal risk factor. O2 agent measurement frequency in 13–24h is still routine and weakly linked to AKI.
25_36h_r_an_agents_o2_measured,1,"Even close to the outcome window, measurement frequency of anesthetic O2 agent is not a physiologic predictor of creatinine rise. It mainly reflects ongoing ventilator/anesthesia charting rather than renal perfusion or nephrotoxicity."
0_12h_r_an_agents_n2o_mean,1,"Nitrous oxide exposure is not a recognized direct contributor to postoperative AKI compared with hemodynamics, nephrotoxins, and perfusion. Mean N2O use in 0–12h is unlikely to add specific prognostic value."
0_12h_r_an_agents_n2o_max,1,Higher peak N2O concentration is not an established AKI trigger and is generally unrelated to renal tubular injury mechanisms. Any association would be confounded by anesthetic practice rather than kidney physiology.
0_12h_r_an_agents_n2o_min,1,"Minimum N2O concentration largely reflects whether/when it was used, not renal risk. It has no meaningful mechanistic link to postoperative creatinine rise."
0_12h_r_an_agents_n2o_measured,1,Frequency of N2O recording is a documentation proxy and not a physiologic determinant of AKI. In 0–12h it is especially routine and nonspecific.
13_24h_r_an_agents_n2o_measured,1,Measurement frequency is not a renal biomarker and mainly reflects charting intensity. N2O monitoring in this epoch does not plausibly predict creatinine_ratio.
25_36h_r_an_agents_n2o_measured,1,"Even in the leading-indicator window, N2O measurement frequency is not clinically informative for AKI risk. It is unlikely to capture renal hypoperfusion, nephrotoxicity, or evolving kidney dysfunction."
0_12h_r_an_agents_air_mean,1,Mean medical air as a carrier gas has no direct relationship to renal perfusion or nephrotoxic exposure. It is largely a ventilator/anesthesia setting choice and not AKI-specific.
0_12h_r_an_agents_air_max,1,High air fraction typically just complements lower FiO2 and does not indicate renal insult. It is not an established predictor of postoperative AKI.
0_12h_r_an_agents_air_min,1,Low minimum air fraction generally corresponds to higher FiO2 delivery and is not a specific renal risk marker. It provides little mechanistic information about kidney injury in the immediate post-op period.
0_12h_r_an_agents_air_measured,1,This is a monitoring/documentation frequency variable rather than a physiologic driver of AKI. Air agent recording is routine and not indicative of clinician concern for renal failure.
13_24h_r_an_agents_air_measured,1,Measurement frequency of “air” as an anesthetic agent is a documentation/ordering artifact and not a physiologic driver of AKI. As a _measured feature it mainly reflects workflow rather than renal risk.
25_36h_r_an_agents_air_measured,1,"Counts of “air” agent measurements do not reflect kidney perfusion, nephrotoxicity, or renal function. As a behavioral proxy only, it has minimal expected predictive value for creatinine rise."
0_12h_r_an_agents_isoflurane_mean,2,"Volatile anesthetic exposure can influence blood pressure and renal perfusion indirectly, but early post-op (0–12h) values are heavily confounded by intraoperative practice and transient instability. Mean exposure is less informative than hemodynamic extremes for AKI risk."
0_12h_r_an_agents_isoflurane_max,2,"Higher peak isoflurane may correlate with deeper anesthesia/vasodilation and hypotension risk, but in the immediate 0–12h window this is often transient and practice-driven. It is an indirect and non-specific AKI predictor."
0_12h_r_an_agents_isoflurane_min,1,Minimum isoflurane dose is not a meaningful marker of renal insult and is largely determined by weaning/extubation timing. It has weak physiologic linkage to subsequent creatinine rise.
0_12h_r_an_agents_isoflurane_measured,1,"Measurement frequency reflects monitoring/documentation intensity rather than a causal pathway to AKI. As a _measured feature it should be low importance unless it clearly signals renal concern, which it does not."
13_24h_r_an_agents_isoflurane_measured,1,"Counts of isoflurane measurements mainly indicate ongoing sedation/ventilation management rather than kidney injury physiology. As a behavioral proxy, it has limited specificity for predicting creatinine_ratio."
25_36h_r_an_agents_isoflurane_measured,1,"Even close to the outcome window, measurement frequency of isoflurane is not a direct marker of renal dysfunction and mostly reflects ICU sedation practices. Therefore it remains low importance."
0_12h_r_saturated_venous_o2_mean,2,"Mean SvO2 reflects global oxygen delivery/consumption balance and can relate indirectly to renal perfusion, but early post-op values are often transiently abnormal after CPB. The mean smooths short hypoperfusion episodes that are more relevant to AKI."
13_24h_r_saturated_venous_o2_mean,3,"Persistently low average SvO2 in 13–24h suggests ongoing low cardiac output or impaired oxygen delivery, which increases AKI risk via renal hypoperfusion. Mean is moderately informative but less so than minima."
0_12h_r_saturated_venous_o2_max,1,"High SvO2 maxima are often non-specific (e.g., high FiO2, reduced extraction, sampling variability) and do not indicate renal hypoperfusion. In the immediate 0–12h period it is particularly confounded."
13_24h_r_saturated_venous_o2_max,1,SvO2 maximum is generally not a trigger for AKI and may reflect transient oversupply or impaired extraction rather than renal ischemia. It provides little incremental prognostic value compared with low SvO2.
0_12h_r_saturated_venous_o2_min,3,"Low SvO2 minima capture episodes of inadequate oxygen delivery/low cardiac output that can precipitate renal ischemia, an established AKI mechanism. Score is capped at 3 due to the 0–12h epoch where derangements are common and transient."
13_24h_r_saturated_venous_o2_min,4,"A low SvO2 minimum in 13–24h strongly suggests ongoing low cardiac output or shock physiology, which directly threatens renal perfusion and predicts AKI. Min captures the clinically relevant insult better than mean/max."
0_12h_r_saturated_venous_o2_measured,2,"More frequent SvO2 checks can indicate clinician concern for hemodynamic instability/low output, which is indirectly related to AKI risk. As a _measured feature it remains a behavioral proxy and should not be scored highly."
13_24h_r_saturated_venous_o2_measured,2,"Increased SvO2 measurement frequency may reflect ongoing hemodynamic monitoring for suspected low output/shock, indirectly associated with AKI. However it is not a physiologic marker itself, so importance is limited."
25_36h_r_saturated_venous_o2_measured,2,"Measurement frequency reflects clinician concern/monitoring intensity rather than a direct physiologic driver of AKI. Late (25–36h) increased checking may correlate with evolving shock/low output, but remains an indirect proxy."
0_12h_r_maintenance_iv_volume_mean,2,"Maintenance IV volume relates indirectly to renal perfusion and fluid balance, but early post-op fluids are routine and highly protocolized. Mean volume in 0–12h is less informative than extremes or net balance for AKI risk."
13_24h_r_maintenance_iv_volume_mean,2,"Ongoing maintenance fluids may reflect hemodynamic needs, but mean volume is a blunt marker and often driven by standard orders. In this trajectory phase it is only an indirect signal for AKI risk."
25_36h_r_maintenance_iv_volume_mean,2,"Later maintenance fluid requirements can correlate with instability or poor intake, but mean volume still poorly captures the pathologic exposure (overload vs hypoperfusion). Prefer extremes/net balance; keep low to reduce collinearity."
0_12h_r_maintenance_iv_volume_max,3,"A high maximum maintenance IV rate early may indicate hypotension/vasoplegia management and risk of renal hypoperfusion, but 0–12h derangements are common and transient. Capped by early-epoch rule."
13_24h_r_maintenance_iv_volume_max,3,"A high maximum rate in 13–24h suggests ongoing hemodynamic support needs or third spacing, which can accompany low effective circulating volume and AKI risk. Still indirect and confounded by practice patterns."
25_36h_r_maintenance_iv_volume_max,3,"A high maximum maintenance IV rate close to outcome may reflect persistent shock/poor perfusion or attempts to treat oliguria, both associated with AKI. However it is not a direct renal biomarker and overlaps with other fluid balance features."
0_12h_r_maintenance_iv_volume_min,1,"Minimum maintenance IV rate in the immediate post-op period is usually protocol-driven (e.g., keep-vein-open) and not specific for renal injury. Low values do not reliably indicate hypoperfusion given concurrent boluses/pressors."
13_24h_r_maintenance_iv_volume_min,1,Minimum maintenance rate largely reflects baseline ordering rather than physiology and is weakly linked to AKI. It adds collinearity without capturing a clear insult.
25_36h_r_maintenance_iv_volume_min,1,"Minimum maintenance rate late is still mostly an ordering artifact and does not capture the clinically relevant exposure (fluid overload, hypotension, or net balance). Weak predictor of creatinine rise."
0_12h_r_maintenance_iv_volume_measured,1,Measurement count is a documentation/monitoring proxy and not a physiologic mechanism for AKI. Early post-op fluid charting is routine for nearly all patients.
13_24h_r_maintenance_iv_volume_measured,1,Frequency of recording maintenance IV volume reflects workflow rather than renal pathophysiology. Provides minimal incremental information for AKI prediction.
25_36h_r_maintenance_iv_volume_measured,1,"Even late, recording frequency is primarily behavioral and only weakly correlated with acuity. Not a direct predictor of creatinine_ratio."
0_12h_r_an_pap_systolic_measured,2,"Having PAP monitoring suggests higher-risk cardiac physiology (RV failure, pulmonary HTN) that can predispose to low cardiac output and renal hypoperfusion, but it is a monitoring-choice proxy. Early epoch limits specificity."
13_24h_r_an_pap_systolic_measured,2,"Continued PAP monitoring in 13–24h indicates ongoing hemodynamic concern and potential low-output states linked to AKI, but remains indirect (presence of measurement, not the value)."
25_36h_r_an_pap_systolic_measured,2,"Late PAP monitoring implies persistent cardiopulmonary instability, which can be associated with renal hypoperfusion and AKI. Still a behavioral/acuity proxy rather than a direct physiologic measurement."
0_12h_r_an_pap_diastolic_measured,1,"Measurement frequency mainly reflects monitoring intensity (e.g., PA catheter use) rather than a renal injury mechanism. Early post-op (0–12h) ordering is common and nonspecific for later AKI."
13_24h_r_an_pap_diastolic_measured,1,Acuity/monitoring proxy rather than physiology; continued PAP monitoring may reflect illness severity but is not a direct AKI driver. As a _measured feature it should remain low importance.
25_36h_r_an_pap_diastolic_measured,2,"Persistent need for PAP monitoring late (25–36h) can indicate ongoing shock/heart failure risk that can contribute to AKI, but this is still an indirect behavioral proxy. Not a direct biomarker of renal dysfunction."
0_12h_r_an_central_venous_pressure_measured,1,"CVP measurement frequency reflects line presence and clinician concern, not venous congestion itself. In the immediate post-op window it is routine and poorly specific for AKI."
13_24h_r_an_central_venous_pressure_measured,1,Still primarily a monitoring/acuity indicator rather than a physiologic exposure; many ICU patients have CVP charting regardless of renal trajectory. As a _measured feature it should be low.
25_36h_r_an_central_venous_pressure_measured,2,"Ongoing CVP monitoring closer to outcome may correlate with persistent hemodynamic instability/volume management complexity, which can be associated with AKI risk. However it remains an indirect proxy and not the congestion value itself."
0_12h_r_an_etco2_mean,2,Mean EtCO2 is a nonspecific marker influenced by ventilation and perfusion; early post-op values are often transiently abnormal. Extremes (especially low EtCO2) would better capture acute low-flow states than the mean.
13_24h_r_an_etco2_mean,2,"Sustained average EtCO2 may weakly reflect overall perfusion/ventilation adequacy, but it is indirect for renal hypoperfusion. Min EtCO2 is typically more informative for shock/low cardiac output than mean."
25_36h_r_an_etco2_mean,2,"Closer to hour-60 outcome, mean EtCO2 can reflect ongoing cardiopulmonary status, but it remains indirect and diluted compared with low EtCO2 episodes. To reduce collinearity, prioritize the minimum over the mean."
0_12h_r_an_etco2_max,1,High EtCO2 is usually driven by hypoventilation or increased CO2 production and is not a typical trigger for AKI. In 0–12h it is common and not specific for later creatinine rise.
13_24h_r_an_etco2_max,1,EtCO2 maxima generally reflect ventilatory management rather than renal perfusion injury. It is not an established predictor of postoperative AKI compared with hypotension/low-flow markers.
25_36h_r_an_etco2_max,1,"Even late, elevated EtCO2 is more related to ventilation settings/sedation than kidney injury mechanisms. It provides little direct signal for creatinine_ratio."
0_12h_r_an_etco2_min,3,"Low EtCO2 can indicate low cardiac output, pulmonary embolism, or severe hypotension/low perfusion, which are relevant to AKI risk. However in 0–12h transient low-flow episodes are common post-CPB, so capped at 3."
13_24h_r_an_etco2_min,4,"Persistently low EtCO2 in the trajectory phase suggests ongoing low perfusion/low cardiac output or worsening shock, a strong driver of renal hypoperfusion and AKI. Minimum captures the insult better than mean/max."
25_36h_r_an_etco2_min,4,"Low EtCO2 close to the outcome window is a strong leading indicator of inadequate perfusion/low cardiac output, which directly increases AKI risk. As an extreme, it better captures acute hemodynamic compromise than averaged EtCO2."
0_12h_r_an_etco2_measured,1,"Measurement frequency reflects monitoring intensity (e.g., ventilated status/capnography use) rather than a renal injury pathway. In the immediate post-op period it is routine and not predictive of later creatinine rise."
13_24h_r_an_etco2_measured,1,Measurement frequency reflects monitoring intensity rather than a renal mechanism. ETCO2 ordering is common in ventilated post-op patients and is not specific for AKI risk.
25_36h_r_an_etco2_measured,1,Represents clinician monitoring behavior more than physiology and is not kidney-specific. At most it weakly proxies ongoing ventilatory/hemodynamic instability.
0_12h_r_an_fio2_mean,2,"Higher oxygen requirement can reflect cardiopulmonary dysfunction that may contribute to renal hypoperfusion, but mean FiO2 is nonspecific and early post-op values are often transient. Collinearity: extremes (max) better capture acute insult than mean."
0_12h_r_an_fio2_max,3,A high peak FiO2 requirement in the immediate post-op period can indicate acute respiratory failure/shock physiology associated with AKI risk. Capped at 3 due to 0–12h epoch where derangements are common and transient.
0_12h_r_an_fio2_min,1,Low minimum FiO2 largely reflects periods of stability/weaning and is not a trigger for AKI. Provides little incremental information versus max/clinical status.
0_12h_r_an_fio2_measured,1,Frequency of FiO2 documentation is routine in mechanically ventilated patients and is not a direct predictor of AKI. It mainly reflects standard ICU charting.
13_24h_r_an_fio2_measured,1,Measurement frequency is a behavioral proxy and FiO2 is routinely recorded regardless of AKI risk. Not kidney-specific.
25_36h_r_an_fio2_measured,1,Still primarily reflects documentation/monitoring intensity rather than a physiologic driver of creatinine rise. Weak and nonspecific for AKI.
0_12h_r_an_tidal_volume_mean,1,"Mean tidal volume is largely determined by ventilator strategy (e.g., lung-protective settings) and body size, not renal perfusion. Collinearity: if ventilatory stress mattered, extremes would be more informative than mean."
13_24h_r_an_tidal_volume_mean,1,Tidal volume settings are clinician-chosen and not a direct AKI mechanism; association would be indirect via severity of illness. Mean values add little signal for renal outcomes.
25_36h_r_an_tidal_volume_mean,1,"Even close to outcome, tidal volume mean is not a recognized driver/biomarker of AKI and mostly reflects ventilation protocol. Any link to creatinine rise is indirect and weak."
0_12h_r_an_tidal_volume_max,2,"Higher peak tidal volumes may reflect ventilator dyssynchrony or non–lung-protective ventilation, which can correlate with systemic inflammation/hemodynamic effects that indirectly increase AKI risk. Capped by early 0–12h epoch and indirect mechanism."
13_24h_r_an_tidal_volume_max,2,"Persistently high peak tidal volumes can indicate ongoing respiratory failure or suboptimal ventilation that correlates with illness severity and AKI risk, but remains indirect. Max is preferred over mean/min for capturing potential injurious exposure."
25_36h_r_an_tidal_volume_max,2,"Late high peak tidal volumes may mark ongoing critical illness and inflammatory/hemodynamic stress, indirectly associated with AKI. Still not a primary renal predictor and mainly a severity-of-illness proxy."
0_12h_r_an_tidal_volume_min,1,Low minimum tidal volume typically reflects lung-protective ventilation or brief low-support periods and is not a known AKI trigger. Provides minimal prognostic value for creatinine rise.
13_24h_r_an_tidal_volume_min,1,"Minimum tidal volume is not mechanistically linked to AKI and often reflects clinician settings rather than pathology. Weak, nonspecific association at best."
25_36h_r_an_tidal_volume_min,2,"Low tidal volumes mainly reflect lung-protective ventilation strategy rather than a direct AKI mechanism; only indirect links via hypercapnia/hemodynamics. As an extreme it could mark severe respiratory failure, but it is not a primary renal predictor."
0_12h_r_an_tidal_volume_measured,1,Measurement frequency is a care-process marker (ventilated/monitored) and not a physiologic driver of AKI. Early post-op (0–12h) ventilation monitoring is routine after cardiac surgery.
13_24h_r_an_tidal_volume_measured,1,"Represents how often tidal volume was recorded/ordered, which is largely standard ICU practice and not mechanistically linked to AKI. At most it reflects ongoing ventilation needs rather than renal injury risk."
25_36h_r_an_tidal_volume_measured,2,"As a measurement-frequency feature it is still indirect, but persistent ventilator management at 25–36h may proxy higher illness severity and hemodynamic instability that can contribute to AKI. Still not a direct renal predictor."
0_12h_r_an_abp_pulse_measured,1,"ABP pulse measurement presence/frequency is a monitoring-intensity proxy, not a physiologic insult. In the immediate 0–12h post-op period, arterial line monitoring is routine and weakly discriminative for AKI."
13_24h_r_an_abp_pulse_measured,2,"Continued ABP monitoring may indicate ongoing hemodynamic concern, indirectly associated with AKI risk. However it is still a behavioral/acuity proxy rather than a direct determinant of creatinine rise."
25_36h_r_an_abp_pulse_measured,2,"Persistent ABP monitoring at 25–36h can reflect unresolved shock/vasopressor needs, indirectly increasing AKI risk. As a measured feature it remains non-physiologic and should be kept low to avoid overinterpreting care patterns."
0_12h_r_an_heart_rate_measured,1,"Heart rate measurement frequency is routine in ICU and does not itself cause AKI. In 0–12h post-op, near-universal monitoring makes it minimally informative."
13_24h_r_an_heart_rate_measured,1,This is a monitoring-frequency proxy and not a physiologic marker; HR is typically continuously monitored regardless of AKI risk. Limited incremental value for predicting creatinine_ratio.
25_36h_r_an_heart_rate_measured,1,"Even late, HR monitoring frequency mostly reflects standard telemetry rather than renal perfusion status. It provides little specific signal for AKI compared with actual HR values or MAP extremes."
0_12h_r_an_abp_mean_measured,1,Mean arterial pressure measurement frequency is a care-process variable; early post-op arterial line/MAP monitoring is standard. It is not a direct predictor of AKI without the MAP values themselves.
13_24h_r_an_abp_mean_measured,2,"Ongoing MAP monitoring may indicate hemodynamic instability, indirectly linked to renal hypoperfusion and AKI. Still, as a measured feature it should remain low importance."
25_36h_r_an_abp_mean_measured,2,"At 25–36h, continued intensive MAP monitoring can proxy persistent shock/vasopressor titration, which is associated with AKI risk. However it remains an indirect behavioral marker rather than a physiologic MAP exposure."
0_12h_anesthesia_respirations_measured,1,Respiration measurement frequency is largely routine perioperative/ICU documentation and not mechanistically tied to AKI. In the immediate post-op window it is especially non-specific.
13_24h_anesthesia_respirations_measured,1,This reflects documentation/monitoring intensity rather than a renal-relevant physiologic insult. It provides minimal specific information about kidney perfusion or nephrotoxic exposure.
25_36h_anesthesia_respirations_measured,2,"Persistent need for close respiratory monitoring at 25–36h may indicate ongoing critical illness (e.g., ventilator dependence) that correlates with AKI risk. As a measured feature it remains an indirect proxy and should be scored low."
0_12h_anesthesia_pulse_oximetry_measured,1,Measurement frequency reflects monitoring intensity rather than a renal mechanism. In the immediate 0–12h post-op period it is routine and not specific for AKI risk.
13_24h_anesthesia_pulse_oximetry_measured,1,Acuity/monitoring proxy rather than physiology; pulse oximetry is standard in ICU care. Not a specific predictor of creatinine rise.
25_36h_anesthesia_pulse_oximetry_measured,1,"Still primarily reflects monitoring behavior, not hypoxemia severity. Without actual SpO2 values, it adds little AKI signal."
0_12h_r_tube_intake_measured,1,Tube intake measurement frequency is a care-process variable and not directly linked to renal perfusion or nephrotoxicity. Early post-op feeding/NG use is common and nonspecific.
13_24h_r_tube_intake_measured,1,Represents documentation/ordering behavior more than a physiologic driver of AKI. Nutritional support decisions are weakly related to creatinine trajectory.
25_36h_r_tube_intake_measured,1,"Care-process proxy; does not capture hemodynamics, nephrotoxins, or renal function. Minimal expected incremental value for predicting creatinine_ratio."
0_12h_r_maintenance_iv_bolus_volume_mean,2,"Average bolus volume may reflect overall resuscitation needs, but mean smooths the acute hypotension/low-flow episodes most relevant to AKI. In 0–12h, fluid boluses are common and transient, limiting specificity."
0_12h_r_maintenance_iv_bolus_volume_max,3,"A large maximum bolus suggests acute instability (hypotension/low cardiac output) prompting aggressive resuscitation, which is more aligned with AKI risk than the mean. Capped at 3 due to 0–12h epoch where derangements are often transient."
0_12h_r_maintenance_iv_bolus_volume_min,1,Minimum bolus volume is not clinically meaningful for AKI pathophysiology and is largely driven by documentation granularity. Provides little signal compared with max bolus needs.
0_12h_r_maintenance_iv_bolus_volume_measured,1,"Measurement count is a behavioral proxy for care intensity rather than a physiologic insult. In the immediate post-op window, frequent documentation is routine and nonspecific for AKI."
13_24h_r_maintenance_iv_bolus_volume_measured,2,"More frequent bolus documentation may indicate ongoing instability and clinician concern, which can correlate with AKI risk. Still a process measure, so kept low."
25_36h_r_maintenance_iv_bolus_volume_measured,2,"Persistent need to track boluses late (25–36h) can reflect continued hemodynamic issues associated with AKI risk. However it remains a measurement-frequency proxy, not a direct physiologic variable."
0_12h_r_pacemaker_mean,2,"Need for pacing can indicate conduction issues/low cardiac output states that may reduce renal perfusion, but early post-op pacing is common and often transient. Mean pacing over 0–12h is an indirect marker and not definitive for AKI."
13_24h_r_pacemaker_mean,3,Ongoing pacing requirement into 13–24h suggests persistent cardiac dysfunction or bradyarrhythmia with potential renal hypoperfusion. This is an established but indirect AKI risk factor.
25_36h_r_pacemaker_mean,4,"Persistent pacing requirement close to the outcome window can indicate sustained low-output physiology and hemodynamic dependence, strongly linked to renal hypoperfusion and AKI. More temporally proximal and thus more predictive."
0_12h_r_pacemaker_max,3,Any pacing requirement (max) in the immediate post-op period can mark significant perioperative cardiac instability that can precipitate renal hypoperfusion. Limited to 3 due to 0–12h epoch and potential transient/expected pacing after surgery.
13_24h_r_pacemaker_max,2,"Need for pacing suggests conduction issues/low cardiac output that can reduce renal perfusion, but it is an indirect marker and often transient post-op. In the 13–24h epoch it has limited specificity for AKI."
25_36h_r_pacemaker_max,3,"Ongoing pacing requirement closer to the outcome can indicate persistent low output or hemodynamic instability, which increases AKI risk. Still indirect and not kidney-specific."
0_12h_r_pacemaker_min,2,"Early post-op pacing is common and may reflect transient conduction disturbances rather than sustained hypoperfusion. In 0–12h, cap relevance due to frequent transient derangements."
13_24h_r_pacemaker_min,2,Presence/absence of pacing in this window is an indirect proxy for hemodynamic compromise but lacks specificity for renal injury. Less informative than direct perfusion/renal markers.
25_36h_r_pacemaker_min,3,"Any pacing requirement in 25–36h suggests persistent cardiac dysfunction or bradyarrhythmia management that can impair renal perfusion. It is a moderate, indirect AKI risk indicator."
0_12h_r_pacemaker_measured,1,"Measurement frequency reflects monitoring intensity rather than a physiologic mechanism of AKI. In the immediate post-op period, frequent checks are routine."
13_24h_r_pacemaker_measured,1,How often pacing is documented/checked is primarily a care-process signal and not a direct driver of creatinine rise. At most it weakly reflects clinician concern.
25_36h_r_pacemaker_measured,2,"More frequent pacing-related measurements may indicate ongoing instability and higher acuity near the outcome window. Still a behavioral proxy, not a renal biomarker."
0_12h_r_sled_crrt_maintenance_blood_pump_rate_measured,2,"Being on/considered for SLED/CRRT early implies severe illness and possible early renal dysfunction, but this is measurement frequency rather than delivered therapy. In 0–12h, initiation may be influenced by transient post-bypass physiology."
13_24h_r_sled_crrt_maintenance_blood_pump_rate_measured,2,"Ongoing CRRT-related monitoring suggests significant organ dysfunction and possible evolving AKI, but the feature is still a process/monitoring proxy. It is not a direct physiologic measure of renal injury."
25_36h_r_sled_crrt_maintenance_blood_pump_rate_measured,2,"CRRT maintenance monitoring close to hour 60 strongly correlates with severe AKI/critical illness, but as a '_measured' variable it reflects care intensity rather than kidney function itself. Therefore capped at 2 per rules."
0_12h_r_an_agents_sevoflurane_measured,1,Sevoflurane exposure/monitoring is primarily an anesthesia practice variable and not a strong post-op AKI predictor compared with perfusion and nephrotoxins. Measurement frequency is also a weak proxy.
13_24h_r_an_agents_sevoflurane_measured,1,Sevoflurane is typically discontinued after surgery; any measurement reflects workflow rather than renal pathophysiology. Minimal relevance to creatinine rise.
25_36h_r_an_agents_sevoflurane_measured,1,Late sevoflurane measurement is uncommon and likely documentation-related; it does not directly indicate renal injury risk. As a '_measured' feature it remains weak.
0_12h_intravenous_intake_measured,1,"Number of IV intake recordings reflects nursing documentation frequency and ICU workflow, not true volume status or renal perfusion. In 0–12h this is routine and non-specific."
13_24h_intravenous_intake_measured,1,Measurement frequency of IV intake is a process variable and does not quantify fluid balance or congestion directly. Weak link to AKI compared with actual intake totals/net balance.
25_36h_intravenous_intake_measured,2,Measurement frequency of IV intake is mainly a proxy for monitoring intensity/acuity rather than a direct renal insult. It may weakly reflect fluid management concerns relevant to AKI risk but is not physiologic itself.
0_12h_r_drain_output_measured,1,Drain output measurement frequency is largely routine post-cardiac surgery care and reflects monitoring behavior more than kidney perfusion. In the immediate 0–12h period it is especially nonspecific for later creatinine rise.
13_24h_r_drain_output_measured,1,How often drain output is recorded is a weak behavioral proxy and not a direct driver of AKI. It may correlate with overall complexity but provides little specific signal for creatinine_ratio.
25_36h_r_drain_output_measured,2,"In the 25–36h window, increased attention to drains can reflect ongoing bleeding/instability that could secondarily affect renal perfusion, but the feature is still measurement frequency rather than volume. Thus it is only an indirect, weak predictor."
0_12h_slehs_r_arrival_time_measured,1,This appears to be an administrative/timing documentation field and not a physiologic determinant of AKI. In 0–12h it is unlikely to add meaningful predictive value for creatinine_ratio.
13_24h_slehs_r_arrival_time_measured,1,A timing/arrival documentation measure has no direct mechanistic link to renal injury. At best it reflects workflow/monitoring patterns rather than kidney perfusion or nephrotoxicity.
25_36h_slehs_r_arrival_time_measured,1,"Administrative arrival-time measurement is not a renal biomarker and does not capture hemodynamics, nephrotoxins, or renal function. It should contribute minimal signal for predicting creatinine_ratio."
0_12h_cardiac_rythym_normal_sinus_mean,2,"Average time in normal sinus rhythm is an indirect marker of hemodynamic stability, but early post-op rhythm disturbances are common and transient. Mean aggregation also dilutes brief hypotensive/low-output episodes most relevant to AKI."
13_24h_cardiac_rythym_normal_sinus_mean,3,"Persistent non-sinus rhythm in the trajectory phase can indicate ongoing low cardiac output or need for vasoactive support, which can reduce renal perfusion. However, the mean still smooths short critical events."
25_36h_cardiac_rythym_normal_sinus_mean,3,"In the leading-indicator window, sustained absence of sinus rhythm can reflect continued hemodynamic compromise affecting renal blood flow. Mean rhythm burden is still indirect compared with direct BP/CO measures."
0_12h_cardiac_rythym_normal_sinus_max,1,"A max indicator for being in sinus rhythm is not clinically informative (most patients will have at least some sinus rhythm) and does not capture the harmful extreme (arrhythmia/instability). To avoid redundancy, this aggregation is weak."
13_24h_cardiac_rythym_normal_sinus_max,1,Having any sinus rhythm during 13–24h is not a meaningful discriminator of renal risk and misses the pathologic extreme (sustained arrhythmia). This max aggregation is therefore low value.
25_36h_cardiac_rythym_normal_sinus_max,1,Any occurrence of sinus rhythm in 25–36h does not capture sustained arrhythmia or low-output states that drive AKI. Max is a poor summary and should be deprioritized for collinearity reasons.
0_12h_cardiac_rythym_normal_sinus_min,2,"A min indicator can reflect whether the patient ever left sinus rhythm, which may relate to transient hemodynamic instability, but early post-op arrhythmias are common and often reversible. Thus it is only a weak-to-plausible predictor in 0–12h."
13_24h_cardiac_rythym_normal_sinus_min,3,"If the patient is not consistently in sinus rhythm during 13–24h, this may indicate ongoing atrial fibrillation/flutter or pacing dependence with potential renal hypoperfusion. Min better captures the adverse extreme than mean/max."
25_36h_cardiac_rythym_normal_sinus_min,4,"Failure to maintain sinus rhythm throughout 25–36h suggests persistent arrhythmia or instability close to the outcome window, which can directly impair renal perfusion and precipitate AKI. Min captures the harmful extreme state better than mean/max."
0_12h_cardiac_rythym_normal_sinus_measured,1,"Measurement frequency reflects monitoring intensity rather than renal physiology, and normal sinus rhythm itself is not a driver of AKI. In the immediate post-op window this is especially nonspecific."
13_24h_cardiac_rythym_normal_sinus_measured,1,Acuity/monitoring proxy with weak mechanistic link to kidney injury. Rhythm surveillance does not directly predict creatinine rise.
25_36h_cardiac_rythym_normal_sinus_measured,1,Still primarily a behavioral/monitoring signal rather than a physiologic insult causing AKI. Any association would be indirect and likely confounded by overall illness severity.
0_12h_cardiac_rythym_sinus_variant_mean,1,Sinus variants are generally benign and do not typically impair renal perfusion. The mean over 0–12h is unlikely to capture a kidney-relevant hemodynamic insult.
13_24h_cardiac_rythym_sinus_variant_mean,1,Average burden of sinus variant rhythm is not an established AKI predictor and usually has minimal hemodynamic consequence. Any effect on creatinine would be indirect at best.
25_36h_cardiac_rythym_sinus_variant_mean,1,"Even close to the outcome window, sinus variant rhythm burden is not a recognized driver of postoperative AKI. More informative would be hypotension/low output rather than this rhythm label."
0_12h_cardiac_rythym_sinus_variant_max,1,Presence of any sinus variant in the immediate post-op period is common and typically clinically insignificant for renal perfusion. As an extreme indicator it still does not represent a known AKI trigger.
13_24h_cardiac_rythym_sinus_variant_max,1,Binary presence of sinus variant rhythm is not a strong marker of hemodynamic compromise or AKI risk. Likely redundant/noisy relative to true perfusion variables.
25_36h_cardiac_rythym_sinus_variant_max,1,"Even as a late-window extreme, sinus variant presence is not a direct predictor of creatinine rise. It does not reliably indicate low cardiac output or renal hypoperfusion."
0_12h_cardiac_rythym_sinus_variant_min,1,Binary minimum for a rhythm label is not clinically meaningful for AKI prediction and adds collinearity with other sinus-variant summaries. No direct renal mechanism.
13_24h_cardiac_rythym_sinus_variant_min,1,Not a physiologic insult measure; largely redundant with other sinus-variant indicators. Weak/absent link to postoperative renal dysfunction.
25_36h_cardiac_rythym_sinus_variant_min,1,Minimum indicator for sinus variant rhythm does not capture kidney-relevant hemodynamic instability. Expected to be low-value and collinear with max/mean.
0_12h_cardiac_rythym_sinus_variant_measured,1,Measurement count reflects clinician monitoring/documentation rather than a causal pathway to AKI. In 0–12h it is especially nonspecific and routine.
13_24h_cardiac_rythym_sinus_variant_measured,1,"Primarily a behavioral proxy for surveillance intensity, not renal injury. Any association would be indirect and confounded by overall ICU complexity."
25_36h_cardiac_rythym_sinus_variant_measured,1,"Still a monitoring-frequency feature with weak mechanistic relevance to creatinine rise. Does not directly reflect renal perfusion, nephrotoxins, or kidney biomarkers."
0_12h_cardiac_rythym_atrial_arrhythmia_mean,3,"Atrial arrhythmias (e.g., AF) can reduce cardiac output and cause hemodynamic instability, indirectly increasing AKI risk. However in the immediate 0–12h post-op period arrhythmias are common/transient, so predictive value is capped."
13_24h_cardiac_rythym_atrial_arrhythmia_mean,2,"Atrial arrhythmias can reduce cardiac output and renal perfusion, but the mean burden is less directly tied to AKI than the presence of any episode and is collinear with max/min indicators."
25_36h_cardiac_rythym_atrial_arrhythmia_mean,2,"Persistent atrial arrhythmia closer to hour 60 may reflect ongoing hemodynamic instability, but mean burden is a weaker/collinear summary than whether arrhythmia occurred at all in the window."
0_12h_cardiac_rythym_atrial_arrhythmia_max,3,"Any atrial arrhythmia in the immediate post-op period can signal low output/vasopressor need and renal hypoperfusion, but early post-bypass arrhythmias are common and often transient (cap at 3 for 0–12h)."
13_24h_cardiac_rythym_atrial_arrhythmia_max,3,"Atrial arrhythmia during the trajectory phase may indicate failure to stabilize and can impair renal perfusion, but it is still an indirect marker rather than a direct renal biomarker."
25_36h_cardiac_rythym_atrial_arrhythmia_max,4,"Atrial arrhythmia in the 25–36h window is a stronger leading indicator of ongoing hemodynamic compromise (reduced forward flow, congestion) that can precipitate or worsen AKI."
0_12h_cardiac_rythym_atrial_arrhythmia_min,1,The minimum of a binary arrhythmia indicator is typically 0 for most patients and does not capture clinically meaningful insult; it is redundant with max.
13_24h_cardiac_rythym_atrial_arrhythmia_min,1,Binary min is generally uninformative (often 0) and adds collinearity without improving detection beyond the max/presence indicator.
25_36h_cardiac_rythym_atrial_arrhythmia_min,1,Binary min provides little clinical signal about arrhythmia burden or hemodynamic impact and is redundant with max.
0_12h_cardiac_rythym_atrial_arrhythmia_measured,1,Measurement frequency reflects monitoring/clinical attention rather than physiology; in the immediate post-op period rhythm is routinely monitored for most patients.
13_24h_cardiac_rythym_atrial_arrhythmia_measured,1,How often rhythm status is recorded is primarily a workflow/acuity proxy and not a direct driver of AKI risk.
25_36h_cardiac_rythym_atrial_arrhythmia_measured,2,"Increased documentation/assessment later may reflect clinical concern for instability, but it remains an indirect behavioral proxy rather than a mechanistic predictor of AKI."
0_12h_cardiac_rythym_paced_rythym_mean,2,"Need for pacing can indicate conduction disease or low-output state, which may affect renal perfusion, but early post-op pacing is common and often temporary (cap at 3; mean is less informative than presence)."
13_24h_cardiac_rythym_paced_rythym_mean,2,"Ongoing pacing may correlate with cardiac dysfunction and hemodynamic support needs, but mean pacing burden is an indirect marker and likely collinear with a binary presence feature."
25_36h_cardiac_rythym_paced_rythym_mean,2,"Persistent pacing closer to the outcome can suggest continued cardiac dysfunction, yet mean burden is a weaker summary than whether pacing was required at all in the window."
0_12h_cardiac_rythym_paced_rythym_max,3,"Any pacing requirement immediately post-op can mark low output or conduction issues that threaten renal perfusion, but early pacing is frequently prophylactic/transient after cardiac surgery (0–12h cap at 3)."
13_24h_cardiac_rythym_paced_rythym_max,3,"Pacing requirement in 13–24h suggests delayed recovery or ongoing cardiac dysfunction, which can contribute to renal hypoperfusion, though it remains an indirect predictor."
25_36h_cardiac_rythym_paced_rythym_max,3,"Need for pacing late post-op can reflect persistent conduction disease and/or low-output state requiring support, which can reduce renal perfusion. It is an indirect marker rather than a direct renal biomarker."
0_12h_cardiac_rythym_paced_rythym_min,2,"Early post-op pacing is common and often transient after cardiac surgery, so it is less specific for sustained hypoperfusion-related AKI. Still plausibly reflects perioperative instability."
13_24h_cardiac_rythym_paced_rythym_min,2,"Ongoing pacing in the trajectory phase may indicate continued conduction issues or hemodynamic support needs, but remains an indirect proxy for renal hypoperfusion. Not a primary AKI driver on its own."
25_36h_cardiac_rythym_paced_rythym_min,3,Persistent pacing requirement closest to the outcome suggests unresolved cardiac dysfunction or bradyarrhythmia that can impair cardiac output and kidney perfusion. Indirect but clinically meaningful for AKI risk.
0_12h_cardiac_rythym_paced_rythym_measured,1,Measurement frequency reflects monitoring/documentation behavior rather than physiology. In the immediate post-op period it is routine and not specific for impending AKI.
13_24h_cardiac_rythym_paced_rythym_measured,1,How often paced rhythm is recorded is primarily a care-process signal and is not a mechanistic predictor of creatinine rise. At most it weakly reflects acuity.
25_36h_cardiac_rythym_paced_rythym_measured,2,"More frequent documentation late may reflect clinician concern about instability, which can correlate with AKI risk. Still a behavioral proxy, not a direct physiologic driver."
0_12h_cardiac_rythym_heart_block_mean,2,"Heart block early after surgery is often transient and treated, so the average burden in 0–12h is less specific for sustained renal hypoperfusion. It has an indirect link via potential low cardiac output/bradycardia."
13_24h_cardiac_rythym_heart_block_mean,3,"Persistent heart block burden during 13–24h suggests ongoing conduction-related hemodynamic compromise and need for pacing/pressors, which can contribute to AKI. Mean burden is less informative than extremes but still relevant."
25_36h_cardiac_rythym_heart_block_mean,3,"Sustained heart block burden close to hour 60 can indicate continued risk of low cardiac output and renal hypoperfusion. As a mean, it may dilute brief severe episodes, limiting specificity."
0_12h_cardiac_rythym_heart_block_max,3,"Any episode of heart block immediately post-op can cause transient bradycardia/hypotension affecting renal perfusion, but early events are common and often corrected. Therefore capped by the 0–12h conservatism."
13_24h_cardiac_rythym_heart_block_max,4,"A heart block episode in 13–24h is less expected and more suggestive of ongoing instability, potentially leading to low cardiac output and renal ischemia. The extreme (max) better captures clinically important insults than the mean."
25_36h_cardiac_rythym_heart_block_max,4,"Heart block episodes in 25–36h are a strong marker of persistent conduction/hemodynamic problems near the outcome window, increasing AKI risk via renal hypoperfusion. Max captures acute destabilizing events most relevant to kidney injury."
0_12h_cardiac_rythym_heart_block_min,1,A minimum indicator for heart block in the immediate post-op window is not clinically interpretable as an AKI trigger and is likely redundant with max/mean. Provides little incremental physiologic information.
13_24h_cardiac_rythym_heart_block_min,1,The minimum aggregation is not a meaningful representation of pathologic burden and is collinear with max/mean features. It is unlikely to add predictive value for AKI.
25_36h_cardiac_rythym_heart_block_min,1,Minimum heart block is not a clinically useful summary of conduction pathology and is redundant with max/mean. It does not directly reflect renal perfusion risk.
0_12h_cardiac_rythym_heart_block_measured,1,"Measurement frequency reflects monitoring/concern rather than a renal mechanism, and early post-op rhythm issues are common/transient. Heart block can contribute to low cardiac output, but this proxy is weak and capped by the _measured rule."
13_24h_cardiac_rythym_heart_block_measured,1,Still a behavioral proxy for acuity rather than physiology; ordering/recording frequency is not a direct AKI driver. Any association with low output is indirect and better captured by hemodynamics than by _measured.
25_36h_cardiac_rythym_heart_block_measured,2,"Closer to the outcome window, persistent conduction issues may signal ongoing instability and risk for renal hypoperfusion, but this remains a measurement-frequency proxy. Scored low per _measured rule."
0_12h_cardiac_rythym_ischemic_st_change_mean,2,"Myocardial ischemia can reduce cardiac output and renal perfusion, but a mean over 0–12h may dilute brief ischemic insults. Early post-op ST changes can be transient/artifactual, so conservative scoring applies."
13_24h_cardiac_rythym_ischemic_st_change_mean,2,"Sustained ischemia could contribute to low-output AKI risk, but the mean aggregation is less informative than extremes for acute ischemic episodes. Thus capped low to avoid redundancy with max/min."
25_36h_cardiac_rythym_ischemic_st_change_mean,2,"In the leading-indicator window, ongoing ischemia may matter, but mean ST-change still smooths clinically important peaks. Prefer max/min for capturing acute ischemic insults, so mean is kept low for collinearity control."
0_12h_cardiac_rythym_ischemic_st_change_max,3,"Peak ischemic ST changes can indicate perioperative MI/ischemia leading to low cardiac output and renal hypoperfusion, an established AKI pathway. In 0–12h, transient changes are common, so score is capped at 3."
13_24h_cardiac_rythym_ischemic_st_change_max,3,"A high maximum ST-change in 13–24h suggests ongoing ischemia beyond the immediate post-op period, increasing risk of low-output state and AKI. Max captures the insult better than mean, but not definitive for AKI."
25_36h_cardiac_rythym_ischemic_st_change_max,4,"Late peak ischemic changes close to hour 60 can strongly signal evolving MI/low cardiac output, a direct driver of renal hypoperfusion and AKI. Max is the most pathophysiologically relevant aggregation for acute ischemic insult."
0_12h_cardiac_rythym_ischemic_st_change_min,2,Minimum ST-change is less clinically interpretable for ischemic burden than the maximum (which captures peak deviation). Early post-op variability/artifact further limits its predictive value.
13_24h_cardiac_rythym_ischemic_st_change_min,2,Min is generally less informative than max for detecting clinically meaningful ischemic episodes and adds collinearity. Any link to AKI is indirect via cardiac dysfunction.
25_36h_cardiac_rythym_ischemic_st_change_min,2,"Even in the leading window, minimum ST-change is not the best representation of ischemic insult compared with maximum deviation. Kept low to avoid redundancy with the more meaningful max feature."
0_12h_cardiac_rythym_ischemic_st_change_measured,1,"Number of measurements reflects clinician attention/monitoring rather than a physiologic determinant of AKI. Early post-op ECG surveillance is routine, so it is weakly informative."
13_24h_cardiac_rythym_ischemic_st_change_measured,1,Measurement frequency is a behavioral proxy and not a direct AKI mechanism; ECG monitoring remains common in ICU care. Any association with severity is nonspecific.
25_36h_cardiac_rythym_ischemic_st_change_measured,2,"Increased late measurement frequency may reflect concern for ongoing ischemia/hemodynamic instability, which can precede AKI, but it remains an indirect proxy. Scored low per _measured rule."
0_12h_cardiac_rythym_other_mean,2,"Non-specific rhythm abnormalities can correlate with hemodynamic instability and renal hypoperfusion, but the category is heterogeneous and mean aggregation blunts episodic events. In the immediate 0–12h period, many arrhythmias are transient, so conservative scoring applies."
13_24h_cardiac_rythym_other_mean,2,"Non-sinus/other rhythms can reflect overall instability and may correlate with low cardiac output, indirectly affecting renal perfusion. As a mean over the window it is less informative than presence/episodes (max) and is capped to limit collinearity."
25_36h_cardiac_rythym_other_mean,2,"Persistent ‘other’ rhythm later may indicate ongoing hemodynamic stress that can contribute to AKI risk, but the averaged value is a blunt proxy. Max/episode presence is more pathophysiologically relevant, so mean is kept low to reduce redundancy."
0_12h_cardiac_rythym_other_max,3,"Any occurrence of an ‘other’ rhythm immediately post-op can signal acute instability and potential low cardiac output, which can precipitate renal hypoperfusion. In the 0–12h epoch many transient arrhythmias occur, so the score is conservatively capped."
13_24h_cardiac_rythym_other_max,3,"Occurrence of ‘other’ rhythm in the trajectory phase suggests ongoing instability and possible impaired forward flow, increasing AKI risk. Still indirect (not a renal biomarker) but clinically meaningful."
25_36h_cardiac_rythym_other_max,4,"New or persistent ‘other’ rhythm close to the outcome window can be a strong marker of ongoing hemodynamic compromise (e.g., low cardiac output), a direct driver of postoperative AKI. This timing makes it more predictive than earlier epochs."
0_12h_cardiac_rythym_other_min,1,A minimum indicator for a binary rhythm feature is not clinically interpretable for AKI risk and is largely redundant with max/mean. Early post-op rhythm variability is common and this aggregation adds little signal.
13_24h_cardiac_rythym_other_min,1,The minimum of a binary ‘other rhythm’ flag is not a meaningful physiologic summary and is redundant with max. It provides little incremental information for AKI prediction.
25_36h_cardiac_rythym_other_min,1,Minimum of a binary rhythm flag does not capture arrhythmic episodes or hemodynamic insult and is redundant with max. Not a useful predictor of creatinine rise.
0_12h_cardiac_rythym_other_measured,1,"Measurement frequency reflects monitoring/labeling behavior rather than a physiologic mechanism for AKI. In the immediate post-op period, frequent rhythm documentation is routine and not specific for renal risk."
13_24h_cardiac_rythym_other_measured,1,"How often ‘other rhythm’ is recorded is primarily a proxy for clinician attention and documentation patterns, not kidney injury biology. It is not specific for predicting creatinine ratio."
25_36h_cardiac_rythym_other_measured,2,"Increased documentation/assessment of rhythm later may reflect higher acuity or concern for instability, which can correlate with AKI risk. Still a behavioral proxy, so kept low."
0_12h_r_vent_mode_asv_mean,1,Ventilator mode choice (ASV) is not a direct driver of AKI and is heavily influenced by institutional practice. In the immediate post-op window it mainly reflects routine ventilatory management rather than renal risk.
13_24h_r_vent_mode_asv_mean,2,"Continued need for controlled/assisted ventilation can correlate with illness severity and hemodynamic/respiratory failure that may contribute to AKI risk. However, mode itself is an indirect proxy and not a mechanistic renal predictor."
0_12h_r_vent_mode_asv_max,1,Any use of ASV in the first 12 hours is common post-cardiac surgery and is not specific for renal hypoperfusion or nephrotoxicity. It mainly reflects standard ventilator strategy.
13_24h_r_vent_mode_asv_max,2,"Use of ASV during 13–24h may indicate delayed extubation or ongoing respiratory support needs, which can track with overall severity and AKI risk. Still indirect and practice-dependent."
0_12h_r_vent_mode_asv_min,1,Minimum of a binary ventilator-mode indicator is not clinically meaningful and is redundant with max/mean. It adds little information for AKI prediction.
13_24h_r_vent_mode_asv_min,2,ASV use is an indirect marker of respiratory status and clinician preference rather than a direct AKI driver. In the 13–24h window it may correlate with overall illness severity but is not specific for renal injury.
0_12h_r_vent_mode_asv_measured,1,Measurement frequency reflects documentation/monitoring behavior more than physiology. In the immediate 0–12h post-op period it is common and nonspecific for AKI risk.
13_24h_r_vent_mode_asv_measured,1,Counts of ASV entries primarily reflect care processes and ventilator charting frequency. It is not a mechanistic predictor of creatinine rise.
25_36h_r_vent_mode_asv_measured,2,"More frequent ASV documentation late may indicate ongoing respiratory instability and higher acuity, which can track with AKI risk. Still, it is a behavioral proxy and not kidney-specific."
0_12h_r_vent_mode_controlled_mean,2,"Controlled ventilation early post-cardiac surgery is common and often transient, making it a weak and nonspecific marker for AKI. Mean exposure also smooths short episodes of instability that would be more relevant."
13_24h_r_vent_mode_controlled_mean,2,"Persistent controlled ventilation into 13–24h can reflect delayed recovery/greater severity, indirectly associated with AKI. As a mean aggregation, it is less informative than a clear indicator of prolonged dependence."
0_12h_r_vent_mode_controlled_max,2,"Any controlled mode use in 0–12h is expected after surgery and not specific for renal hypoperfusion. As an extreme indicator it captures presence, but early timing limits prognostic value (cap at 3; scored conservatively)."
13_24h_r_vent_mode_controlled_max,3,"Controlled ventilation present in 13–24h suggests ongoing critical illness, sedation, or hemodynamic/respiratory compromise, which can contribute to AKI risk. This binary extreme is more informative than mean for capturing continued dependence."
0_12h_r_vent_mode_controlled_min,1,Minimum for a binary ventilator-mode indicator is typically uninformative (often 0) and does not capture pathology. Early post-op period further reduces specificity for AKI.
13_24h_r_vent_mode_controlled_min,1,A binary minimum largely reflects that the mode was not continuously present and is not clinically interpretable for AKI prediction. It adds collinearity without capturing a renal-relevant insult.
0_12h_r_vent_mode_controlled_measured,1,Frequency of controlled-mode charting is a documentation/acuity proxy rather than a physiologic determinant of AKI. In 0–12h it is routine and nonspecific.
13_24h_r_vent_mode_controlled_measured,2,"More frequent controlled-mode entries may indicate ongoing ventilator dependence and higher acuity, indirectly linked to AKI. Still, it is a behavioral proxy and not kidney-specific."
25_36h_r_vent_mode_controlled_measured,2,"Late frequent controlled-mode documentation can signal persistent critical illness closer to the 60h creatinine outcome, modestly increasing relevance. However it remains a monitoring/behavioral measure rather than a direct AKI mechanism."
0_12h_r_vent_mode_simv_mean,2,SIMV use early is common during post-op weaning and is not a direct driver of AKI. Mean aggregation reduces sensitivity to brief episodes of instability that would matter more for renal perfusion.
13_24h_r_vent_mode_simv_mean,2,"SIMV in 13–24h may reflect slower liberation from ventilation and overall severity, indirectly associated with AKI. As a mean measure it is less specific than a clear indicator of prolonged ventilator dependence."
0_12h_r_vent_mode_simv_max,2,Presence of SIMV at any point in 0–12h mainly reflects routine post-op ventilator management rather than renal risk. Early timing limits prognostic value for later creatinine rise.
13_24h_r_vent_mode_simv_max,2,"SIMV use suggests ongoing ventilatory support and illness severity, which can correlate with AKI risk via hemodynamic/PEEP effects. As a mode indicator (and using an extreme aggregation), it is an indirect proxy rather than a direct renal driver."
0_12h_r_vent_mode_simv_min,1,"In the immediate 0–12h post-op window, ventilator mode is often transient and protocol-driven. The minimum SIMV indicator is not a specific physiologic trigger for AKI and is weakly informative."
13_24h_r_vent_mode_simv_min,1,The minimum SIMV indicator mainly reflects whether SIMV was ever absent and is not a direct marker of renal hypoperfusion or nephrotoxicity. Limited incremental value for AKI prediction.
0_12h_r_vent_mode_simv_measured,1,Measurement frequency reflects documentation/monitoring behavior rather than physiology. In 0–12h it is especially routine post-op care and not specific for impending AKI.
13_24h_r_vent_mode_simv_measured,1,"This is a behavioral proxy (how often mode was recorded) and not a mechanistic AKI predictor. At most it reflects general acuity, so low importance."
25_36h_r_vent_mode_simv_measured,1,"Even close to the outcome window, 'measured' is still primarily documentation intensity rather than physiology. It may weakly track acuity but is not kidney-specific."
0_12h_r_vent_mode_spontaneous_mean,2,"Spontaneous modes can indicate lighter support and potentially better hemodynamics, indirectly relating to renal perfusion. However in 0–12h this is often driven by weaning protocols and transient post-op practice (max score capped)."
13_24h_r_vent_mode_spontaneous_mean,2,"Presence of spontaneous ventilation may reflect recovery trajectory and lower severity, indirectly associated with lower AKI risk. Still an indirect proxy and not a direct renal insult marker."
0_12h_r_vent_mode_spontaneous_max,2,"Any time spent in spontaneous mode early may suggest faster stabilization, which can correlate with less AKI risk. In 0–12h this remains heavily influenced by routine extubation pathways, so conservative scoring."
13_24h_r_vent_mode_spontaneous_max,2,"Intermittent spontaneous mode during 13–24h can indicate improving respiratory/hemodynamic status, indirectly lowering AKI risk. Not a direct physiologic kidney marker."
0_12h_r_vent_mode_spontaneous_min,1,"The minimum spontaneous indicator mainly captures whether spontaneous mode was ever absent, which is common immediately post-op. It is not a specific trigger or biomarker for AKI (and early window is noisy)."
13_24h_r_vent_mode_spontaneous_min,1,Minimum spontaneous mode is a weakly interpretable binary (often just reflects continuous controlled ventilation). It is an indirect severity marker at best and not kidney-specific.
0_12h_r_vent_mode_spontaneous_measured,1,Measurement frequency is a documentation/monitoring proxy rather than physiology. In the immediate post-op period it is routine and not informative for AKI risk.
13_24h_r_vent_mode_spontaneous_measured,1,How often spontaneous mode is recorded reflects care processes more than patient physiology. Weak and non-specific for predicting creatinine rise.
25_36h_r_vent_mode_spontaneous_measured,1,"Even in the 25–36h leading window, 'measured' remains a behavioral proxy and not a mechanistic AKI predictor. Minimal kidney-specific signal expected."
0_12h_arterial_line_map_mean,3,"Mean arterial pressure relates directly to renal perfusion; sustained hypotension increases AKI risk after cardiac surgery. However in 0–12h MAP is often transiently affected by anesthesia/CPB and vasopressors, so importance is capped at 3 and mean is less sensitive than a hypotensive minimum."
13_24h_arterial_line_map_mean,2,"Sustained MAP relates to renal perfusion, but the mean can mask hypotensive episodes that drive AKI; prefer MAP_min for pathology. In the 13–24h epoch, this is only an indirect trajectory marker."
25_36h_arterial_line_map_mean,2,Average MAP near the outcome window reflects overall perfusion support but can miss brief renal-insult hypotension; MAP_min is typically more predictive. Kept low to reduce collinearity with more informative extremes.
0_12h_arterial_line_map_max,1,"High MAP peaks early post-op are not a typical direct trigger for AKI compared with hypotension/low perfusion. In the immediate 0–12h period, transient hypertension is common and less prognostic."
13_24h_arterial_line_map_max,1,MAP maxima generally reflect pressor targets or transient hypertension rather than renal hypoperfusion risk. Provides limited incremental AKI signal versus MAP_min.
25_36h_arterial_line_map_max,1,Late MAP peaks are usually treatment-related and not a direct mechanism for AKI. Extremes on the high side are less relevant than hypotensive nadirs for kidney injury.
0_12h_arterial_line_map_min,3,"Hypotensive nadirs can directly reduce renal perfusion and precipitate ischemic tubular injury, but early post-op lows may be transient and procedure-related. Capped at 3 due to 0–12h epoch rule."
13_24h_arterial_line_map_min,4,Persistent or recurrent hypotension in the trajectory phase is a strong driver of renal hypoperfusion and AKI risk. MAP_min captures the clinically relevant insult better than mean/max.
25_36h_arterial_line_map_min,5,Hypotension closest to hour 60 is a leading indicator of inadequate renal perfusion and impending creatinine rise. MAP_min is a direct physiologic trigger for AKI and is highly prognostic in this late window.
0_12h_arterial_line_map_measured,1,"Measurement frequency reflects monitoring intensity rather than physiology; arterial lines are routine after cardiac surgery. In 0–12h, high measurement counts are expected and not specific for AKI."
13_24h_arterial_line_map_measured,1,Arterial MAP measurement frequency is largely standard-of-care and more a proxy for ICU workflow than renal risk. Limited specificity for impending AKI.
25_36h_arterial_line_map_measured,1,"Continued frequent MAP recording mainly indicates ongoing invasive monitoring, not a direct renal mechanism. Weak and nonspecific proxy for acuity."
0_12h_diet_type_npo_mean,1,NPO status early post-op is routine and not mechanistically linked to AKI beyond general illness severity. Provides minimal specific prognostic information for creatinine rise.
13_24h_diet_type_npo_mean,1,"Remaining NPO at 13–24h may reflect slower recovery but is an indirect, nonspecific marker for AKI risk. Not a primary driver of renal injury."
25_36h_diet_type_npo_mean,2,"Prolonged NPO by 25–36h can correlate with ongoing critical illness, delayed extubation, or hemodynamic instability, indirectly increasing AKI risk. Still nonspecific and not a direct renal biomarker."
0_12h_diet_type_npo_max,1,Any NPO in the first 12h is expected after cardiac surgery and does not specifically predict AKI. Largely reflects routine perioperative care.
13_24h_diet_type_npo_max,1,Being NPO at any point in 13–24h is common and nonspecific; it is not a direct determinant of renal perfusion or nephrotoxicity. Weak proxy for severity at best.
25_36h_diet_type_npo_max,2,"Persistent NPO status late (25–36h) can be an indirect marker of ongoing critical illness, ileus, or instability that correlates with AKI risk, but it is not a physiologic driver of renal injury."
0_12h_diet_type_npo_min,1,Early post-op NPO is routine after cardiac surgery and provides little specific information about renal perfusion or tubular injury in the immediate 0–12h window.
13_24h_diet_type_npo_min,1,Being at least intermittently NPO in 13–24h is common and nonspecific; it weakly reflects acuity and is not a direct AKI predictor.
25_36h_diet_type_npo_min,1,The minimum NPO indicator is not informative (many patients will have some non-NPO time); it is less pathologically meaningful than sustained NPO and adds collinearity.
0_12h_diet_type_npo_measured,1,"Measurement frequency reflects documentation/ordering behavior rather than renal physiology, and in 0–12h it is largely routine post-op charting."
13_24h_diet_type_npo_measured,1,How often diet/NPO is recorded is a behavioral proxy and not a mechanistic AKI predictor; at most it reflects general acuity.
25_36h_diet_type_npo_measured,2,"More frequent diet/NPO documentation late may reflect heightened clinical attention or instability, but it remains an indirect, non-physiologic proxy."
0_12h_diet_type_diet_mean,1,Average diet status in the immediate post-op period is dominated by routine NPO/slow advancement and is not a meaningful renal risk signal.
13_24h_diet_type_diet_mean,1,Mean diet status in 13–24h is nonspecific and does not directly capture hemodynamic or nephrotoxic exposures relevant to AKI.
25_36h_diet_type_diet_mean,2,"Failure to advance diet by 25–36h can correlate with ongoing critical illness and thus AKI risk, but the mean aggregation is a diluted, indirect marker."
0_12h_diet_type_diet_max,2,"Achieving any diet intake early may indicate faster stabilization, but in 0–12h this is uncommon and heavily protocol-driven, limiting AKI specificity."
13_24h_diet_type_diet_max,2,"Reaching diet at any point in 13–24h may reflect improving trajectory and lower illness severity, but it remains an indirect proxy for AKI risk."
25_36h_diet_type_diet_max,2,"Having diet by 25–36h suggests clinical stability and may inversely correlate with AKI, but it is still a nonspecific surrogate rather than a renal biomarker."
0_12h_diet_type_diet_min,1,Minimum diet indicator is typically zero early post-op and provides little discriminatory information; it is also redundant with NPO features.
13_24h_diet_type_diet_min,1,"Minimum diet status is not pathologically meaningful and is largely redundant with other diet/NPO indicators, offering minimal AKI signal."
25_36h_diet_type_diet_min,1,"The minimum diet indicator is a weak, redundant summary that does not capture a specific renal insult or established AKI mechanism."
0_12h_diet_type_diet_measured,1,Diet documentation/ordering frequency is a care-process variable with no direct physiologic link to renal injury. In the immediate post-op window it mainly reflects routine ICU workflow rather than AKI risk.
13_24h_diet_type_diet_measured,1,Measurement frequency of diet type is not a renal biomarker and is unlikely to track kidney perfusion or nephrotoxicity. At most it reflects documentation intensity.
25_36h_diet_type_diet_measured,1,"Even close to the outcome window, how often diet type is recorded is not a mechanistic predictor of creatinine rise. It is primarily a behavioral/ordering proxy."
0_12h_diet_type_other_mean,1,"Being on an 'other' diet category early post-op is nonspecific and not causally tied to AKI. In 0–12h, diet status is often constrained by intubation/NPO protocols rather than renal physiology."
13_24h_diet_type_other_mean,1,Average presence of an 'other' diet category is too nonspecific to indicate renal hypoperfusion or nephrotoxic exposure. It is more reflective of feeding progression and care plans.
25_36h_diet_type_other_mean,1,"Diet category remains an indirect, nonspecific marker and is not an established predictor of postoperative creatinine trajectory. Any association would likely be confounded by overall illness severity."
0_12h_diet_type_other_max,1,A binary max indicating any occurrence of an 'other' diet type in 0–12h is not a physiologic insult or AKI trigger. It mainly captures administrative categorization.
13_24h_diet_type_other_max,1,Any occurrence of an 'other' diet type is not a recognized driver of AKI after cardiac surgery. It provides little incremental signal beyond general acuity.
25_36h_diet_type_other_max,1,"Even as a leading indicator window, diet category occurrence is not directly linked to renal tubular injury or perfusion failure. Likely redundant with broader severity markers."
0_12h_diet_type_other_min,1,"A binary min for 'other' diet type is not clinically interpretable as an AKI risk factor. In the immediate post-op period, diet restrictions are routine and not kidney-specific."
13_24h_diet_type_other_min,1,Minimum/absence of an 'other' diet type does not reflect renal function or hemodynamic compromise. It is not an established predictor of creatinine rise.
25_36h_diet_type_other_min,1,Absence/presence patterns of an 'other' diet label are not mechanistically tied to AKI. Any correlation would be weak and confounded.
0_12h_diet_type_other_measured,1,"How often an 'other' diet type is recorded is a documentation/ordering behavior, not a physiologic measure. In 0–12h it is especially routine and nonspecific."
13_24h_diet_type_other_measured,1,Measurement frequency is not a direct marker of renal injury and is unlikely to reflect clinician suspicion of AKI specifically. More indicative of charting intensity.
25_36h_diet_type_other_measured,1,"Even near hour 36, diet-type measurement frequency is not a meaningful predictor of creatinine_ratio. It does not capture perfusion, nephrotoxins, or renal biomarkers."
0_12h_r_cardiac_regularity_regular_mean,2,"Cardiac rhythm regularity can indirectly relate to renal perfusion (e.g., atrial fibrillation/arrhythmias reducing cardiac output), but 'regular' mean is a smoothed, nonspecific indicator. In 0–12h, transient rhythm changes are common post-op, so prognostic value for AKI is limited (cap at 3 for this epoch)."
13_24h_r_cardiac_regularity_regular_mean,2,"Sustained regular rhythm may reflect hemodynamic stability, but it is an indirect proxy for renal perfusion and not a direct AKI driver. Mean regularity is also collinear with irregularity indicators and less informative than extremes."
25_36h_r_cardiac_regularity_regular_mean,2,"Closer to the outcome window, persistent regular rhythm can suggest stability, but it remains an indirect marker and not a kidney-specific predictor. Mean aggregation is less sensitive to brief arrhythmic/hemodynamic insults than an extreme/episode indicator."
0_12h_r_cardiac_regularity_regular_max,2,"In the immediate post-op period, being regularly paced/regular rhythm is common and not specific for AKI risk. A max (ever regular) is not pathologic and is largely redundant with other rhythm features."
13_24h_r_cardiac_regularity_regular_max,2,Ever having regular rhythm during 13–24h is not a strong mechanistic predictor of AKI and mainly reflects general stability. This binary max is also highly collinear with irregular rhythm indicators.
25_36h_r_cardiac_regularity_regular_max,2,"Presence of any regular rhythm in 25–36h is weakly informative and not kidney-specific; AKI risk is more tied to hypotension/low output than to regularity per se. Binary max is a coarse, collinear proxy."
0_12h_r_cardiac_regularity_regular_min,2,"A min (always regular) in 0–12h may indicate fewer arrhythmic episodes, but early post-op rhythm variability is common and often transient. It is an indirect proxy and not a direct renal insult marker."
13_24h_r_cardiac_regularity_regular_min,2,Always-regular rhythm during 13–24h suggests stability but does not directly capture renal hypoperfusion or nephrotoxicity. This is also largely redundant with irregular rhythm features.
25_36h_r_cardiac_regularity_regular_min,2,"Always-regular rhythm in 25–36h may correlate with better cardiac output, but it remains an indirect and nonspecific predictor of creatinine rise. More direct predictors would be MAP/vasopressor burden/lactate/urine output."
0_12h_r_cardiac_regularity_regular_measured,1,"Measurement frequency reflects monitoring intensity rather than physiology and is not a mechanistic AKI predictor. In 0–12h, frequent rhythm documentation is routine post-cardiac surgery care."
13_24h_r_cardiac_regularity_regular_measured,1,How often regularity is recorded is primarily a behavioral/acuity proxy and not directly linked to kidney injury. Rhythm monitoring remains standard in this phase.
25_36h_r_cardiac_regularity_regular_measured,1,"Frequency of documenting regular rhythm is a weak, non-physiologic proxy and generally reflects routine ICU monitoring. It provides little incremental information for AKI prediction."
0_12h_r_cardiac_regularity_irregular_mean,3,"Irregular rhythm (e.g., AF) can reduce cardiac output and renal perfusion and is associated with post-op complications, but in 0–12h it is often transient; cap at 3 per early-epoch rule. Mean irregularity is less informative than an episode/extreme indicator."
13_24h_r_cardiac_regularity_irregular_mean,3,"Persistent irregular rhythm in 13–24h may indicate ongoing AF/instability that can impair renal perfusion and increase AKI risk. Mean aggregation still dilutes brief but important episodes, limiting strength."
25_36h_r_cardiac_regularity_irregular_mean,3,"Ongoing irregular rhythm closer to hour 60 can reflect sustained AF/low-output physiology that contributes to renal hypoperfusion. However, mean irregularity is a nonspecific proxy compared with direct hemodynamic measures."
0_12h_r_cardiac_regularity_irregular_max,3,"Any irregular rhythm episode early post-op can signal AF or conduction issues that may compromise perfusion, but early arrhythmias are common and often self-limited; max score capped at 3 for 0–12h. Binary max captures presence of an insult better than mean here."
13_24h_r_cardiac_regularity_irregular_max,4,"Any irregular rhythm episode in 13–24h suggests persistent/clinically significant arrhythmia, which can reduce effective cardiac output and renal perfusion and is associated with worse post-op trajectories. As an extreme/episode indicator, max is more informative than mean for AKI risk."
25_36h_r_cardiac_regularity_irregular_max,3,"Sustained or recurrent arrhythmia late in the first 36h can reduce cardiac output and renal perfusion, increasing AKI risk. Max captures any episode of irregular rhythm as an acute hemodynamic insult in the most predictive window."
0_12h_r_cardiac_regularity_irregular_min,2,Early post-op rhythm irregularity is common/transient after cardiac surgery and less specific for later AKI. Using an extreme in 0–12h is still only modestly informative given the epoch cap and expected noise.
13_24h_r_cardiac_regularity_irregular_min,2,"Persistent irregular rhythm in 13–24h may reflect ongoing instability, but it is an indirect marker for renal hypoperfusion rather than a direct kidney signal. Min is less clinically meaningful than presence/episodes (max) for binary irregularity."
25_36h_r_cardiac_regularity_irregular_min,2,"In the 25–36h window, arrhythmia can matter for renal perfusion, but the minimum of a binary irregularity variable is typically uninformative (often just indicates at least one regular reading). To reduce collinearity, this aggregation is down-weighted versus max."
0_12h_r_cardiac_regularity_irregular_measured,1,"Measurement frequency reflects monitoring intensity rather than a physiologic mechanism for AKI. In the immediate post-op period, frequent rhythm documentation is routine and not specific for impending renal injury."
13_24h_r_cardiac_regularity_irregular_measured,1,How often irregularity is recorded mainly reflects clinician attention/acuity and documentation patterns. It is not a direct driver of creatinine rise and is weakly informative at best.
25_36h_r_cardiac_regularity_irregular_measured,2,"Increased measurement frequency late may indicate concern for instability/arrhythmia burden, which can correlate with AKI risk. Still, it is a behavioral proxy and should remain low importance."
0_12h_r_cardiac_regularity_other_mean,1,“Other” rhythm categories are heterogeneous and the mean over 0–12h is unlikely to capture a specific renal-perfusion insult. Early post-op rhythm variability is common and not specific for later creatinine rise.
13_24h_r_cardiac_regularity_other_mean,1,"Averaged presence of an “other” rhythm category is nonspecific and mixes disparate etiologies with variable hemodynamic impact. As a mean aggregation, it is also prone to collinearity and dilution of acute events."
25_36h_r_cardiac_regularity_other_mean,2,"Late “other” rhythms could reflect conduction issues or pacing dependence that may correlate with hemodynamic compromise, but the category is too nonspecific to be a strong AKI predictor. Mean aggregation further dilutes clinically important episodes."
0_12h_r_cardiac_regularity_other_max,2,"Any episode of a nonstandard rhythm early post-op may indicate transient instability, but this period is noisy and often self-limited. Max is the best aggregation for capturing an acute episode, yet remains modest due to epoch cap."
13_24h_r_cardiac_regularity_other_max,2,"An episode of “other” rhythm in 13–24h may signal ongoing instability, indirectly increasing AKI risk via reduced perfusion. However, the rhythm label is heterogeneous and not a direct renal biomarker."
25_36h_r_cardiac_regularity_other_max,3,"In 25–36h, any episode of an atypical rhythm may reflect clinically meaningful hemodynamic compromise closer to the outcome window. Max best captures the presence of such episodes and is more informative than mean/min."
0_12h_r_cardiac_regularity_other_min,1,"Minimum of a binary/indicator for “other” rhythm is typically uninformative and often reflects at least one normal reading rather than pathology. In 0–12h, this adds little beyond noise."
13_24h_r_cardiac_regularity_other_min,1,The min aggregation for an “other” rhythm indicator is not clinically interpretable as an AKI trigger and is likely redundant with other summaries. It provides weak signal for renal outcomes.
25_36h_r_cardiac_regularity_other_min,1,"Even in the most predictive epoch, the minimum of an “other” rhythm indicator does not capture arrhythmia burden or hemodynamic insult. It is likely collinear and low-yield for predicting creatinine_ratio."
0_12h_r_cardiac_regularity_other_measured,1,"Measurement frequency reflects monitoring/concern rather than a renal mechanism, and early post-op rhythm irregularity documentation is common and nonspecific. In the 0–12h window it is especially confounded by anesthesia/CPB effects."
13_24h_r_cardiac_regularity_other_measured,1,Acuity/monitoring proxy rather than a physiologic driver of AKI; ordering/documentation patterns vary by clinician and workflow. Limited incremental value for creatinine rise prediction.
25_36h_r_cardiac_regularity_other_measured,2,"Late increased attention to rhythm issues may correlate with hemodynamic instability (and thus renal hypoperfusion), but it remains an indirect behavioral proxy. Not a direct biomarker of kidney injury."
0_12h_r_heart_rate_source_monitor_pulse_ox_mean,2,"Sustained tachycardia can reflect low cardiac output or stress that may reduce renal perfusion, but mean HR in the immediate post-op period is often transient and treatment-related. Mean is less informative than extremes for acute insult."
13_24h_r_heart_rate_source_monitor_pulse_ox_mean,2,"Persistent abnormal HR may indicate ongoing shock/arrhythmia burden affecting renal perfusion, but the mean smooths clinically important episodes. Moderate indirect association with AKI risk."
25_36h_r_heart_rate_source_monitor_pulse_ox_mean,2,"Later sustained tachycardia/bradycardia can track with low output states, but mean HR still dilutes brief but harmful events. Capped to avoid redundancy with max/min HR which better capture insults."
0_12h_r_heart_rate_source_monitor_pulse_ox_max,3,"Extreme tachycardia can signal pain, bleeding, sepsis, or low cardiac output with renal hypoperfusion; extremes better capture acute physiologic stress than means. In 0–12h, however, it is often transient and post-op expected (max score capped at 3)."
13_24h_r_heart_rate_source_monitor_pulse_ox_max,3,"Recurrent/marked tachycardia in the trajectory phase suggests ongoing instability (e.g., arrhythmia, shock) that can precipitate AKI. Max captures episodic insults more directly than mean."
25_36h_r_heart_rate_source_monitor_pulse_ox_max,4,"Late extreme tachycardia is a strong marker of persistent physiologic stress or low cardiac output, both tightly linked to renal hypoperfusion and AKI after cardiac surgery. Max is the most pathophysiologically relevant aggregation for this signal."
0_12h_r_heart_rate_source_monitor_pulse_ox_min,3,"Bradycardia episodes can reflect conduction issues, over-sedation, or pacing problems leading to reduced cardiac output and renal perfusion. In the immediate post-op window it is common and often corrected quickly (capped at 3)."
13_24h_r_heart_rate_source_monitor_pulse_ox_min,3,Bradycardia in this phase may indicate ongoing conduction/pacing problems or medication effects with potential low output and renal hypoperfusion. Min better captures clinically meaningful events than mean.
25_36h_r_heart_rate_source_monitor_pulse_ox_min,4,"Late bradycardia episodes can be a strong indicator of low cardiac output or significant conduction disease requiring intervention, which can directly reduce renal perfusion and contribute to AKI. Min is the most relevant aggregation for this pathology."
0_12h_r_heart_rate_source_monitor_pulse_ox_measured,1,"Measurement frequency is a workflow/monitoring proxy and provides little mechanistic information about kidney injury. In ICU post-cardiac surgery, frequent HR recording is routine."
13_24h_r_heart_rate_source_monitor_pulse_ox_measured,1,"Still primarily reflects monitoring intensity rather than renal physiology, and is heavily confounded by unit protocols. Weak predictor of creatinine trajectory."
25_36h_r_heart_rate_source_monitor_pulse_ox_measured,2,"Increased measurement frequency late may reflect clinician concern for instability, which can correlate with AKI risk, but it remains indirect and non-specific. Scored low per measured-feature rule."
0_12h_r_heart_rate_source_apical_mean,2,"Mean apical HR may reflect sustained tachycardia/bradycardia affecting cardiac output, but early post-op values are often transient and influenced by sedation, pacing, and analgesia. Mean is less informative than extremes for AKI-related hemodynamic insults."
13_24h_r_heart_rate_source_apical_mean,2,"Sustained tachycardia can reflect stress/low cardiac output and reduced renal perfusion, but the mean blunts brief hypotensive/low-flow insults that more directly drive AKI."
25_36h_r_heart_rate_source_apical_mean,2,"Later sustained tachycardia may indicate ongoing shock or poor cardiac output affecting kidney perfusion, but mean HR is an indirect marker and less specific than extremes or BP/vasopressor needs."
0_12h_r_heart_rate_source_apical_max,2,"Early postoperative peak HR may reflect pain, agitation, or transient catecholamine use; it is only an indirect correlate of renal hypoperfusion in this immediate post-op window (cap at 3; max chosen over mean)."
13_24h_r_heart_rate_source_apical_max,3,"A high HR peak in the trajectory phase can signal evolving shock, arrhythmia, or high vasopressor/inotrope states that can compromise renal perfusion and increase AKI risk."
25_36h_r_heart_rate_source_apical_max,3,"Late tachycardic spikes closer to outcome can indicate persistent hemodynamic stress (e.g., low output, sepsis, arrhythmia) associated with renal hypoperfusion, though still not kidney-specific."
0_12h_r_heart_rate_source_apical_min,3,"Bradycardic episodes can reduce cardiac output and renal blood flow, but in the immediate post-op period they are often transient/anesthesia-related so prognostic value is limited (max score 3)."
13_24h_r_heart_rate_source_apical_min,3,"Low HR minima may reflect conduction issues or excessive beta-blockade with reduced cardiac output, which can contribute to renal hypoperfusion and AKI risk."
25_36h_r_heart_rate_source_apical_min,4,"Bradycardia episodes late (25–36h) can be a strong marker of hemodynamic instability/low cardiac output near the time AKI is evolving, making it a more direct predictor than mean HR."
0_12h_r_heart_rate_source_apical_measured,1,"Measurement frequency mainly reflects monitoring intensity/acuity rather than a physiologic mechanism for AKI, especially in the routine immediate post-op period."
13_24h_r_heart_rate_source_apical_measured,1,How often apical HR is documented is largely a care-process variable and only weakly related to AKI risk beyond general illness severity.
25_36h_r_heart_rate_source_apical_measured,2,"Increased measurement frequency may reflect clinician concern for instability, but it remains a behavioral proxy and not a direct driver of creatinine rise."
0_12h_r_heart_rate_source_peripheral_mean,2,Peripheral mean HR is an indirect marker of stress/low output; mean aggregation reduces sensitivity to brief low-flow events that more directly precipitate AKI (and early window capped at 3).
13_24h_r_heart_rate_source_peripheral_mean,2,Mean HR in this epoch may correlate with ongoing hemodynamic stress but is nonspecific and collinear with other HR summaries; extremes would better capture pathologic insults.
25_36h_r_heart_rate_source_peripheral_mean,2,"Later sustained tachycardia can accompany shock/low output affecting kidneys, but mean HR remains an indirect, non-specific predictor compared with minima/maxima or BP/vasopressors."
0_12h_r_heart_rate_source_peripheral_max,2,Early peripheral HR peaks are common post-op and often transient; they are only indirectly linked to renal hypoperfusion and thus weak predictors in the 0–12h window.
13_24h_r_heart_rate_source_peripheral_max,3,"A high peripheral HR maximum during 13–24h can indicate worsening physiology (shock, arrhythmia, pain/agitation with catecholamines) that is associated with increased AKI risk."
25_36h_r_heart_rate_source_peripheral_max,1,"Heart-rate source (peripheral vs other) is a documentation/monitoring modality choice, not a physiologic driver of renal perfusion or AKI. It mainly reflects device availability rather than kidney risk."
0_12h_r_heart_rate_source_peripheral_min,1,"In the immediate 0–12h post-op period, the choice of peripheral HR source is routine and not mechanistically linked to AKI. It is unlikely to add prognostic value beyond actual hemodynamics."
13_24h_r_heart_rate_source_peripheral_min,1,Monitoring source remains a weak behavioral/documentation feature and does not directly indicate renal hypoperfusion or nephrotoxin exposure. Any association would be incidental.
25_36h_r_heart_rate_source_peripheral_min,1,"Even close to the outcome window, HR source is not a physiologic biomarker and is not expected to predict creatinine rise. It is largely redundant with other acuity indicators."
0_12h_r_heart_rate_source_peripheral_measured,1,"Measurement frequency is a behavioral proxy and, for HR source specifically, mostly reflects routine monitoring rather than AKI concern. In 0–12h, high monitoring is standard after cardiac surgery."
13_24h_r_heart_rate_source_peripheral_measured,1,How often HR source is recorded is not a direct marker of renal injury and is only weakly related to acuity. It should not be prioritized for sparse AKI prediction.
25_36h_r_heart_rate_source_peripheral_measured,1,"Even in 25–36h, increased recording frequency of HR source is nonspecific and not a kidney-directed action. At most it reflects general ICU attention rather than impending AKI."
0_12h_r_oxygen_device_mechanical_mean,2,"Mechanical ventilation early post-op is common and reflects illness severity, which can correlate with AKI risk, but it is indirect. Using the mean (rather than an extreme or duration indicator) further dilutes signal."
13_24h_r_oxygen_device_mechanical_mean,2,"Ongoing mechanical ventilation in 13–24h suggests slower recovery and higher severity, indirectly increasing AKI risk via hemodynamic/oxygenation stress. Mean aggregation is still a coarse proxy and potentially collinear with max/duration."
25_36h_r_oxygen_device_mechanical_mean,3,"Persistent mechanical ventilation by 25–36h is a stronger severity marker and may track with shock, inflammation, and positive pressure effects on renal perfusion. Mean ventilation status can capture sustained dependence, though it remains indirect."
0_12h_r_oxygen_device_mechanical_max,2,Any mechanical ventilation in 0–12h is expected after cardiac surgery and is only weakly discriminatory for AKI. As an extreme/binary indicator it is less informative than later persistence.
13_24h_r_oxygen_device_mechanical_max,3,"Mechanical ventilation present at any point in 13–24h indicates delayed extubation and higher acuity, which is associated with AKI risk. This max/binary captures the clinically relevant persistence better than the mean."
25_36h_r_oxygen_device_mechanical_max,4,"Mechanical ventilation at any time in 25–36h strongly signals ongoing critical illness and is often coupled with vasopressors, fluid overload, and hypoxemia—all linked to AKI. As a near-outcome leading indicator, it is a strong predictor."
0_12h_r_oxygen_device_mechanical_min,1,"The minimum of a binary mechanical-ventilation indicator largely reflects whether the patient was ever off the ventilator, which is common variability in the immediate post-op window. It is less pathophysiologically informative than max/persistence."
13_24h_r_oxygen_device_mechanical_min,2,"Being continuously mechanically ventilated throughout 13–24h (min=1) suggests more severe course than intermittent ventilation, but it remains an indirect AKI marker. Prefer max/persistence measures to reduce collinearity."
25_36h_r_oxygen_device_mechanical_min,3,"Continuous mechanical ventilation across 25–36h indicates sustained critical illness and likely ongoing hemodynamic/respiratory compromise that can precipitate AKI. Still indirect, but more informative in this late epoch."
0_12h_r_oxygen_device_mechanical_measured,2,"Mechanical ventilation early post-op is common and only indirectly reflects illness severity that can contribute to AKI risk. As a _measured (ordering/recording frequency) variable in 0–12h, it is a weak behavioral proxy and capped low."
13_24h_r_oxygen_device_mechanical_measured,2,"Ongoing mechanical ventilation into 13–24h suggests slower recovery and higher acuity, which can correlate with renal hypoperfusion/inflammation. Still a _measured proxy rather than physiology, so kept low."
25_36h_r_oxygen_device_mechanical_measured,2,"Persistent mechanical ventilation close to the outcome window can indicate cardiopulmonary instability associated with AKI risk. However, as a _measured feature it reflects documentation/monitoring intensity more than a direct renal mechanism."
0_12h_r_oxygen_device_none_mean,2,"Being on no oxygen device in the immediate 0–12h period may indicate faster extubation and lower severity, indirectly lowering AKI risk. Mean status is also less informative than extremes and early post-op is transient, so conservative scoring."
13_24h_r_oxygen_device_none_mean,2,"No oxygen requirement during 13–24h suggests clinical stability and indirectly better renal perfusion risk profile. As a mean indicator of device status, it is a coarse severity marker rather than a direct AKI predictor."
25_36h_r_oxygen_device_none_mean,3,"No oxygen device in 25–36h is a stronger marker of recovery and lower ongoing shock/respiratory failure burden, which is associated with lower AKI risk. Still indirect (severity proxy) rather than kidney-specific."
0_12h_r_oxygen_device_none_max,2,"Any time off oxygen in 0–12h (max for a binary) may reflect early stability, but this window is heavily influenced by routine extubation practices and transient effects. Max is preferred over mean/min for capturing occurrence, but early epoch caps importance."
13_24h_r_oxygen_device_none_max,3,"Having any period with no oxygen device in 13–24h suggests improving trajectory and lower severity, indirectly associated with reduced AKI risk. As an extreme/occurrence indicator it is more informative than mean, but remains indirect."
25_36h_r_oxygen_device_none_max,3,"Any time with no oxygen device in 25–36h indicates recovery near the prediction horizon and lower likelihood of ongoing cardiopulmonary failure that drives AKI. This is still a severity proxy, not a direct renal biomarker."
0_12h_r_oxygen_device_none_min,1,"For a binary, the minimum being 0 is common and mainly indicates that at some point oxygen was used, which is expected immediately post-cardiac surgery. This aggregation is less clinically specific than max and adds collinearity, so kept minimal."
13_24h_r_oxygen_device_none_min,1,"Binary min largely reflects that oxygen was required at least once, which is nonspecific and overlaps with other oxygen-device indicators. Min is less informative than max for capturing recovery, so scored very low."
25_36h_r_oxygen_device_none_min,1,"Binary min is a weak, redundant indicator (often 0 if any oxygen used) and does not capture the clinically meaningful recovery signal as well as max/mean. It provides little direct information about AKI mechanisms."
0_12h_r_oxygen_device_none_measured,1,"Measurement frequency of 'no oxygen device' is primarily documentation behavior and routine charting, not physiology. In the immediate post-op window it is especially uninformative for AKI prediction."
13_24h_r_oxygen_device_none_measured,1,"This is a behavioral/documentation frequency feature and does not directly reflect renal perfusion or injury. At most it weakly tracks monitoring intensity, so kept at the floor."
25_36h_r_oxygen_device_none_measured,1,"Even close to the outcome window, _measured reflects charting/monitoring patterns rather than a kidney-relevant mechanism. It is therefore weak for predicting creatinine_ratio."
0_12h_r_oxygen_device_low_flow_mean,2,"Low-flow oxygen requirement in 0–12h reflects mild respiratory support and overall illness severity, which can correlate with AKI risk via hypoxemia/hemodynamic stress. As a mean device-status variable in the immediate post-op period, it is indirect and conservatively scored."
13_24h_r_oxygen_device_low_flow_mean,2,"Oxygen device intensity is an indirect marker of cardiopulmonary instability that can correlate with renal hypoperfusion, but it is not kidney-specific. Mean use is also less informative than escalation/extremes and is prone to collinearity with max indicators."
25_36h_r_oxygen_device_low_flow_mean,2,"Persistent need for low-flow oxygen may reflect ongoing cardiopulmonary dysfunction that can contribute to AKI risk, but the link is indirect. Mean use is less pathophysiologically specific than escalation to higher support."
0_12h_r_oxygen_device_low_flow_max,1,"Immediate post-op oxygen device choice is heavily influenced by routine extubation/weaning practices and transient effects of anesthesia/CPB. As a binary max indicator, it provides weak, non-specific signal for AKI in this early window."
13_24h_r_oxygen_device_low_flow_max,2,"Needing low-flow oxygen at any point in 13–24h can indicate incomplete cardiopulmonary recovery, which may track with AKI risk via hypoxia/low output. However, it remains a non-specific proxy and weaker than markers of shock or renal labs."
25_36h_r_oxygen_device_low_flow_max,2,"Any low-flow oxygen requirement in the 25–36h window may reflect ongoing pulmonary/cardiac issues that can secondarily affect renal perfusion. Still, it is an indirect severity marker and not a direct AKI predictor."
0_12h_r_oxygen_device_low_flow_min,1,A minimum (binary) indicator of low-flow oxygen in the first 12h is largely driven by standard post-op respiratory management and offers little kidney-specific information. Early transient respiratory support is common and not strongly discriminative for AKI.
13_24h_r_oxygen_device_low_flow_min,1,A minimum (binary) indicator is not a meaningful representation of physiologic insult and is highly collinear with other oxygen-device indicators. It provides minimal incremental information for AKI risk.
25_36h_r_oxygen_device_low_flow_min,1,This minimum (binary) feature is not a clear marker of severity or renal hypoperfusion and is likely redundant with other oxygen support variables. It has weak clinical specificity for predicting creatinine rise.
0_12h_r_oxygen_device_low_flow_measured,1,"Measurement frequency reflects documentation/monitoring behavior rather than a physiologic mechanism for AKI. In the immediate post-op period, frequent recording is routine and not specific to renal risk."
13_24h_r_oxygen_device_low_flow_measured,1,Counts of measurements primarily capture care intensity/workflow and are not direct predictors of renal injury. Any association with AKI would be indirect and weak.
25_36h_r_oxygen_device_low_flow_measured,2,"More frequent oxygen-device documentation late may reflect higher acuity or respiratory instability, which can correlate with AKI risk. Still, it is a behavioral proxy and should be down-weighted versus physiologic variables."
0_12h_r_oxygen_device_high_flow_mean,2,"High-flow oxygen use suggests greater respiratory/cardiac compromise that can contribute to renal hypoxia/hypoperfusion, but early post-op support is often transient. Mean use is less informative than escalation/extremes and capped in 0–12h."
13_24h_r_oxygen_device_high_flow_mean,3,"Ongoing high-flow oxygen requirement in 13–24h more strongly suggests persistent cardiopulmonary dysfunction, which is an established contributor to AKI risk via low output/hypoxemia. As a mean indicator it is still indirect and potentially collinear with max."
25_36h_r_oxygen_device_high_flow_mean,3,Sustained high-flow oxygen need close to the outcome window indicates significant ongoing illness severity that can predispose to AKI through hypoxemia and hemodynamic compromise. It remains an indirect marker rather than a renal biomarker.
0_12h_r_oxygen_device_high_flow_max,3,"Any high-flow oxygen requirement in the first 12h can mark a more severe immediate post-op course (e.g., pulmonary edema/low cardiac output), which is linked to AKI risk. However, early derangements are common and transient, so the score is conservatively capped."
13_24h_r_oxygen_device_high_flow_max,4,"High-flow oxygen at any point in 13–24h indicates significant respiratory/cardiac instability beyond the immediate post-op period, which strongly correlates with low-output states and renal hypoperfusion. As an extreme/escalation marker, it is more informative than mean use."
25_36h_r_oxygen_device_high_flow_max,3,"Need for high-flow oxygen late (25–36h) suggests ongoing respiratory failure/low cardiac output physiology and higher illness severity, which can reduce renal perfusion and increase AKI risk. It is indirect (not kidney-specific) but clinically meaningful this close to the outcome."
0_12h_r_oxygen_device_high_flow_min,1,"In the immediate 0–12h post-op period, transient oxygen support needs are common and often reflect routine post-anesthesia/CPB effects rather than evolving AKI. The minimum value is also less informative than persistent or peak support."
13_24h_r_oxygen_device_high_flow_min,2,"Ongoing need for high-flow oxygen in 13–24h can indicate slower recovery and higher severity, which may correlate with AKI risk via hypoxemia/hemodynamic stress. As a minimum/indirect marker, it is weaker than later or peak support."
25_36h_r_oxygen_device_high_flow_min,3,Persistent requirement for high-flow oxygen in 25–36h implies sustained cardiopulmonary dysfunction and higher risk of renal hypoperfusion. Still an indirect severity marker rather than a direct renal biomarker.
0_12h_r_oxygen_device_high_flow_measured,1,Measurement frequency reflects documentation/monitoring behavior in the immediate post-op window and is not a physiologic driver of AKI. Early post-op monitoring is routine and poorly specific for impending renal injury.
13_24h_r_oxygen_device_high_flow_measured,1,"How often high-flow oxygen device status is recorded mainly reflects care intensity and charting practices rather than renal pathophysiology. It is a weak, nonspecific proxy for acuity."
25_36h_r_oxygen_device_high_flow_measured,2,"More frequent documentation of high-flow oxygen late may reflect clinician concern about persistent respiratory failure and overall instability, which can co-occur with AKI. Still primarily a behavioral/acuity proxy, not a direct mechanism."
0_12h_r_heart_block_type_degree_1_measured,1,"First-degree AV block documentation frequency is largely a monitoring artifact and usually hemodynamically benign. In 0–12h, conduction changes are common post-op and not specific for AKI risk."
13_24h_r_heart_block_type_degree_1_measured,1,Frequency of noting first-degree AV block is not a direct predictor of renal injury and is often incidental. It provides minimal incremental information beyond overall illness severity.
25_36h_r_heart_block_type_degree_1_measured,1,"Even late, first-degree AV block is typically not associated with meaningful hypotension or renal hypoperfusion, and 'measured' reflects documentation rather than physiology. Thus it has weak relevance to creatinine rise."
0_12h_r_heart_block_type_degree_23_measured,2,"Higher-grade AV block can cause bradycardia/low cardiac output and renal hypoperfusion, but in 0–12h it may be transient and treated promptly (pacing/pressors). As a 'measured' feature, it is also partly documentation-driven."
13_24h_r_heart_block_type_degree_23_measured,2,"Persistent or recurrent high-grade block in 13–24h can signal ongoing hemodynamic instability that increases AKI risk, but measurement frequency remains an indirect proxy. The physiologic link is plausible but not kidney-specific."
25_36h_r_heart_block_type_degree_23_measured,2,"Late high-grade block can be clinically important for renal perfusion, yet this variable captures how often it is recorded rather than its severity/duration. Therefore it is only an indirect indicator of instability related to AKI."
0_12h_r_heart_block_type_bundle_branch_block_measured,1,"Bundle branch block is often a baseline or perioperative conduction finding and usually not directly tied to renal perfusion. In 0–12h, documentation frequency is routine and nonspecific for AKI."
13_24h_r_heart_block_type_bundle_branch_block_measured,1,BBB documentation frequency provides little mechanistic information about renal injury and is commonly incidental. It is a weak proxy for acuity at best.
25_36h_r_heart_block_type_bundle_branch_block_measured,1,"Even close to the outcome, BBB itself is not a strong driver of AKI unless associated with broader cardiogenic shock, which this 'measured' variable does not capture. Thus relevance to creatinine_ratio is minimal."
0_12h_ionized_calcium_mean,2,"Ionized calcium reflects transfusion/citrate load and overall physiologic stress but is not a direct AKI driver; early post-bypass abnormalities are often transient. Mean is less informative than extremes for acute instability, and 0–12h is a noisy period."
13_24h_ionized_calcium_mean,2,"Persistent calcium derangements may correlate with ongoing critical illness and vasopressor needs, indirectly affecting renal perfusion. Mean aggregation is less specific than min/max for clinically relevant hypocalcemic episodes."
25_36h_ionized_calcium_mean,2,Later sustained calcium abnormalities can mark ongoing severity of illness but are not established direct predictors of creatinine rise. Mean is still less pathophysiologically specific than extremes for renal hypoperfusion risk.
0_12h_ionized_calcium_max,1,"Hypercalcemia is uncommon early post-cardiac surgery and is not a typical trigger for AKI in this setting. In the immediate 0–12h window, isolated maxima are often treatment-related and not prognostic."
13_24h_ionized_calcium_max,1,"Elevated ionized calcium is not a recognized driver of postoperative AKI compared with hemodynamics, nephrotoxins, or renal labs. Max values are more likely supplementation-related than reflective of renal injury risk."
25_36h_ionized_calcium_max,1,"Even close to the outcome window, calcium maxima generally reflect replacement practices rather than renal pathophysiology. Not a strong or direct predictor of creatinine_ratio."
0_12h_ionized_calcium_min,3,"Hypocalcemia can accompany massive transfusion/citrate exposure and hemodynamic instability, which can impair renal perfusion. Still, in 0–12h it is often transient and treatment-responsive, capping importance."
13_24h_ionized_calcium_min,3,"Ongoing hypocalcemia may indicate persistent critical illness, transfusion burden, or shock physiology that can contribute to AKI risk. Minimum captures clinically relevant episodes better than mean/max."
25_36h_ionized_calcium_min,3,"Late hypocalcemic episodes can be a marker of ongoing instability and high-acuity care, indirectly increasing AKI risk via renal hypoperfusion. Min is the most relevant aggregation for potential physiologic insult among calcium summaries."
0_12h_ionized_calcium_measured,1,Measurement frequency mainly reflects monitoring intensity after surgery rather than a causal mechanism for AKI. Early frequent checks are routine in post-cardiac surgery ICU care.
13_24h_ionized_calcium_measured,1,Ordering frequency is a behavioral proxy for acuity and is not a direct physiologic predictor of creatinine rise. Calcium checks remain common in many post-op protocols.
25_36h_ionized_calcium_measured,2,"More frequent calcium measurement later may reflect clinician concern for ongoing instability or transfusion/electrolyte issues, indirectly correlating with AKI risk. Still, it is not mechanistic and should be kept low."
0_12h_magnesium_mean,2,"Magnesium abnormalities can reflect critical illness, diuretic use, and arrhythmia management, but are not direct AKI biomarkers. Mean values in the immediate post-op window are often influenced by routine replacement."
13_24h_magnesium_mean,2,"Sustained magnesium derangements may correlate with severity of illness and medication exposure (e.g., diuretics), indirectly affecting renal risk. Mean aggregation is less informative than extremes for acute physiologic insult."
25_36h_magnesium_mean,2,"Later magnesium trends can reflect ongoing diuresis, nutrition, and replacement practices rather than renal injury itself. Mean is a nonspecific marker compared with hemodynamics and kidney-specific labs."
0_12h_magnesium_max,1,"Early postoperative magnesium maxima are commonly due to prophylactic replacement (e.g., for arrhythmia prevention) and are not a typical cause of AKI. In 0–12h, isolated high values are rarely prognostic for creatinine_ratio."
13_24h_magnesium_max,2,"Hypermagnesemia is usually iatrogenic (replacement/renal clearance) and is not a primary AKI driver; it may weakly reflect reduced GFR or illness severity. Max is more informative than mean, but still indirect."
25_36h_magnesium_max,2,"Later hypermagnesemia can reflect impaired renal excretion or aggressive repletion, but it is not a direct AKI biomarker. As an extreme, it may add limited signal about declining clearance."
0_12h_magnesium_min,2,Early hypomagnesemia is common post-CPB and with diuresis and is not specific for AKI. The minimum may reflect electrolyte wasting/therapy rather than renal injury; capped due to indirectness and early epoch.
13_24h_magnesium_min,2,"Hypomagnesemia can accompany diuretic use and ongoing losses and may correlate with overall instability, but it is not an established predictor of creatinine rise. Minimum is the most relevant aggregation but remains indirect."
25_36h_magnesium_min,2,Persistent low magnesium may indicate ongoing diuresis or poor nutritional/ICU status rather than renal dysfunction. It has at best an indirect association with AKI risk.
0_12h_magnesium_measured,1,Measurement frequency mainly reflects routine post-op electrolyte monitoring and clinician behavior rather than renal pathophysiology. In the immediate post-op window it is especially non-specific.
13_24h_magnesium_measured,1,Ordering frequency is a weak proxy for acuity and is commonly protocol-driven after cardiac surgery. It does not directly indicate impending AKI.
25_36h_magnesium_measured,2,"More frequent magnesium checks later may reflect ongoing electrolyte replacement/diuresis or concern for renal clearance, but it remains a behavioral proxy. At most it weakly signals higher acuity."
0_12h_base_excess_mean,2,"Average base excess early after surgery is influenced by CPB, fluids, and ventilation and is often transient. Mean smooths extremes that better capture hypoperfusion-related metabolic acidosis linked to AKI."
13_24h_base_excess_mean,2,"Sustained metabolic acidosis can reflect ongoing hypoperfusion and is associated with AKI risk, but the mean dilutes clinically important nadirs. Use of mean is therefore only indirectly informative."
25_36h_base_excess_mean,3,"Persistently abnormal base excess closer to hour 60 can indicate ongoing metabolic acidosis from shock/poor perfusion, which is a meaningful AKI risk factor. Still, mean is less specific than the minimum for capturing worst hypoperfusion."
0_12h_base_excess_max,1,"A high (more positive) base excess generally reflects alkalosis (e.g., bicarbonate administration) and is not a typical trigger for AKI. In the immediate post-op period it is rarely prognostic for creatinine rise."
13_24h_base_excess_max,1,Positive base excess is usually treatment-related or reflects alkalosis and is not a direct marker of renal hypoperfusion. Max provides little AKI-specific information.
25_36h_base_excess_max,1,"Later alkalosis/positive base excess is not a recognized driver of AKI and often reflects therapy (diuretics, bicarbonate). It is unlikely to add predictive value for creatinine_ratio."
0_12h_base_excess_min,3,"The nadir base excess captures worst metabolic acidosis from hypoperfusion/low cardiac output, a known contributor to AKI, but early post-CPB derangements are often transient. Score capped by 0–12h epoch maximum."
13_24h_base_excess_min,4,"A low (more negative) base excess minimum in 13–24h suggests ongoing metabolic acidosis from persistent hypoperfusion/shock, which strongly predicts subsequent AKI. The minimum best captures the pathologic insult compared with mean/max."
25_36h_base_excess_min,4,"A very negative base excess late (25–36h) reflects significant metabolic acidosis from hypoperfusion/lactate burden, which is strongly associated with renal ischemia and subsequent AKI."
0_12h_base_excess_measured,1,Measurement frequency mainly reflects clinician monitoring behavior in the immediate post-op period and is not a direct physiologic driver of AKI.
13_24h_base_excess_measured,1,Ordering frequency is a weak proxy for acuity and adds little mechanistic information about renal injury risk.
25_36h_base_excess_measured,2,"More frequent checks late may indicate concern for shock/acid-base derangements that correlate with AKI risk, but it remains an indirect behavioral marker."
0_12h_direct_bilirubin_measured,1,Test frequency early post-op is largely routine/monitoring and does not directly predict creatinine rise.
13_24h_direct_bilirubin_measured,1,Measurement count is an indirect proxy for concern about hepatic dysfunction/hemolysis and is not a primary AKI predictor.
25_36h_direct_bilirubin_measured,2,"Late increased monitoring may reflect evolving cholestasis/low-flow state that can co-occur with AKI, but it is still indirect."
0_12h_wbc_mean,2,Early leukocytosis is common after surgery/CPB and is nonspecific; mean values smooth peaks and are less informative for AKI triggers.
13_24h_wbc_mean,2,"Sustained inflammation/infection can contribute to AKI risk, but mean WBC is nonspecific and less predictive than extremes."
25_36h_wbc_mean,3,"Persistent leukocytosis closer to the outcome may indicate infection/SIRS driving renal hypoperfusion and nephrotoxic exposure, giving moderate predictive value."
0_12h_wbc_max,3,"A high WBC peak can signal early SIRS/occult infection, but in the immediate post-op window it is often transient and nonspecific (capped by epoch rule)."
13_24h_wbc_max,3,"A WBC spike during the trajectory phase may reflect evolving infection/inflammation associated with AKI, though it remains indirect."
25_36h_wbc_max,4,"A marked WBC peak late (25–36h) suggests significant infection/SIRS, which is strongly linked to AKI via cytokine-mediated injury and hemodynamic instability."
0_12h_wbc_min,1,Low WBC early is uncommon and often reflects dilution/lab variability; it has weak and nonspecific linkage to AKI risk.
13_24h_wbc_min,1,"WBC nadir is generally less informative than peaks for AKI risk and may reflect non-pathologic factors (hemodilution, sampling)."
25_36h_wbc_min,2,"A late low WBC could indicate severe illness/immunosuppression or marrow suppression, but its relationship to AKI is indirect and weaker than WBC maxima."
0_12h_wbc_measured,1,"Measurement frequency mainly reflects clinician concern/inflammation workup rather than a direct AKI mechanism, and early post-op labs are routine. Per rules, _measured features are weak proxies."
13_24h_wbc_measured,1,Ordering frequency is a behavioral/acuity marker and not a physiologic driver of AKI. In this mid window it remains largely routine post-cardiac surgery monitoring.
25_36h_wbc_measured,2,"More frequent WBC checks late may reflect evolving infection/sepsis concern, which can precipitate AKI, but it is still an indirect behavioral proxy. Therefore capped low per _measured rule."
0_12h_prothrombin_time_mean,2,"Coagulopathy can correlate with hepatic dysfunction/bleeding/transfusion and overall severity, indirectly increasing AKI risk, but mean PT blunts acute extremes. In the immediate post-op period, transient PT elevation is common, so conservative scoring applies."
25_36h_prothrombin_time_mean,2,"Persistently prolonged PT may indicate ongoing coagulopathy/critical illness and correlate with complications that raise AKI risk, but the mean is less informative than extremes for acute insults. Capped to reduce collinearity with max/min PT."
0_12h_prothrombin_time_max,3,"A high PT/INR extreme can signal significant coagulopathy (bleeding risk, transfusion, shock) associated with renal hypoperfusion and AKI. However, early post-bypass anticoagulation effects are common, so max score limited in 0–12h."
25_36h_prothrombin_time_max,3,"Late extreme PT prolongation suggests clinically significant ongoing coagulopathy/organ dysfunction and higher likelihood of bleeding/transfusion or shock states that contribute to AKI. Max captures the pathologic insult better than mean, so it is prioritized."
0_12h_prothrombin_time_min,1,"A low/normal PT minimum is not a plausible trigger for AKI and mainly reflects periods without coagulopathy. As an extreme, the minimum is not the pathologic direction for renal risk here."
25_36h_prothrombin_time_min,1,The minimum PT value does not represent a renal insult and is unlikely to predict creatinine rise compared with prolonged PT extremes. It adds redundancy without capturing pathology.
0_12h_prothrombin_time_measured,1,"PT measurement frequency is largely protocolized after cardiac surgery and reflects monitoring rather than a causal AKI pathway. Per rules, _measured features should be scored 1–2."
13_24h_prothrombin_time_measured,1,Ordering frequency is a weak proxy for acuity/bleeding concern and not a direct physiologic predictor of AKI. Continued PT checks are common in post-op management.
25_36h_prothrombin_time_measured,2,"More frequent PT checks late may indicate active bleeding/anticoagulation management or hepatic dysfunction, which can accompany hemodynamic instability and AKI risk. Still a behavioral proxy, so kept low."
0_12h_nucleated_red_blood_cells_mean,2,"NRBCs can reflect hypoxemia, inflammation, or severe physiologic stress that correlates with AKI risk, but the mean dilutes acute spikes. Early post-op stress responses are common, so conservative scoring."
13_24h_nucleated_red_blood_cells_mean,2,"Ongoing NRBC presence suggests sustained critical illness/hypoxia which is associated with AKI, but mean aggregation is less specific than extremes. Mid-epoch scoring is moderated per temporal rule."
25_36h_nucleated_red_blood_cells_mean,2,"Persistently elevated NRBCs late can mark ongoing hypoperfusion/hypoxemia and severity of illness linked to AKI, but mean is still an indirect marker. Capped to avoid redundancy with max NRBC features."
0_12h_nucleated_red_blood_cells_max,3,"An early NRBC spike can indicate significant hypoxia/physiologic stress and correlates with worse outcomes including AKI, and max captures this better than mean. However, immediate post-op derangements are common, so capped at 3 in 0–12h."
13_24h_nucleated_red_blood_cells_max,2,"Elevated NRBCs can reflect severe physiologic stress, hypoxemia, or inflammation, which may correlate with multiorgan dysfunction including AKI, but it is not kidney-specific. Max is the most relevant aggregation, yet in this mid-epoch it remains an indirect marker."
25_36h_nucleated_red_blood_cells_max,3,"Persistently high NRBCs closer to the outcome can indicate ongoing hypoxia/critical illness and has been associated with worse ICU outcomes, which can track with AKI risk. Still indirect and not a renal biomarker."
0_12h_nucleated_red_blood_cells_min,1,The minimum NRBC value is not pathologic and does not capture the stress signal that would relate to AKI risk. Early post-op values are also commonly transient and nonspecific.
13_24h_nucleated_red_blood_cells_min,1,NRBC minimum provides little clinical information about severity of illness or hypoxic stress relevant to AKI. It is largely redundant/non-informative compared with maxima.
25_36h_nucleated_red_blood_cells_min,1,A low/minimum NRBC does not indicate a mechanism for AKI and is not a recognized predictor. The max would be the clinically meaningful direction if any.
0_12h_nucleated_red_blood_cells_measured,1,Measurement frequency mainly reflects ordering behavior and routine CBC differentials rather than renal physiology. In the immediate post-op window it is especially nonspecific for impending AKI.
13_24h_nucleated_red_blood_cells_measured,1,How often NRBCs are measured is a weak proxy for acuity and is not a direct driver of AKI. Typically reflects lab panel frequency rather than kidney-focused concern.
25_36h_nucleated_red_blood_cells_measured,2,"More frequent measurement late may reflect clinician concern for ongoing critical illness/hemolysis/hypoxia, which can co-occur with AKI risk. Still primarily a behavioral proxy, not a physiologic mechanism."
0_12h_glucose_mean,2,"Stress hyperglycemia is associated with worse outcomes and may correlate with AKI risk, but mean values dilute short hyperglycemic spikes. In the immediate post-op period glucose is heavily protocol-driven (insulin infusions), limiting specificity."
13_24h_glucose_mean,2,"Sustained dysglycemia can reflect severity of illness and is linked to AKI risk, but mean glucose remains an indirect marker and may be influenced by insulin protocols. Not as informative as extremes for acute insult."
25_36h_glucose_mean,3,Persistently elevated mean glucose closer to hour 60 can indicate ongoing stress/infection/catecholamine exposure and is associated with higher AKI risk. Still indirect and less specific than hemodynamics or renal labs.
0_12h_glucose_max,3,"Acute hyperglycemic peaks can signal severe stress response and are associated with postoperative complications including AKI, making max more informative than mean/min. Score capped by early epoch where transient derangements are common."
13_24h_glucose_max,3,"Higher glucose maxima during the trajectory phase can indicate ongoing stress, infection, or high catecholamine dose, all associated with AKI risk. Max captures the insult better than mean, but remains indirect."
25_36h_glucose_max,4,"Late hyperglycemic spikes can be a strong marker of persistent critical illness (sepsis, high-dose vasopressors/steroids) and correlate with AKI development. Max best captures the pathologic excursion compared with mean/min."
0_12h_glucose_min,2,"Hypoglycemia can reflect overtreatment with insulin or hepatic dysfunction and is associated with adverse outcomes, but it is not a primary AKI mechanism. Early post-op lows are often iatrogenic and transient."
13_24h_glucose_min,2,"Low glucose may indicate insulin overcorrection or severe illness and can correlate with worse outcomes, but links to AKI are indirect. Minimum is less informative than maxima for stress-related AKI risk."
25_36h_glucose_min,2,"Hypoglycemia can reflect critical illness severity and is associated with worse outcomes, but it is not a primary mechanistic driver of post-cardiac surgery AKI compared with hemodynamics and renal labs. As an extreme it may capture stress/insulin effects, but remains an indirect predictor."
0_12h_glucose_measured,1,"Measurement frequency mainly reflects ICU monitoring intensity and insulin protocol use rather than renal physiology. In the immediate 0–12h post-op period, frequent glucose checks are routine and weakly informative for AKI."
13_24h_glucose_measured,1,Glucose check frequency is a behavioral/acuity proxy and not a direct renal perfusion or nephrotoxin marker. In 13–24h it remains largely protocol-driven and weak for predicting creatinine rise.
25_36h_glucose_measured,2,"Later frequent glucose monitoring may indicate ongoing instability (vasopressors, nutrition changes, insulin infusion) and higher illness severity, which can correlate with AKI risk. Still, it is not a physiologic kidney injury marker, so importance is limited."
0_12h_platelets_mean,2,"Lower platelets can reflect CPB-related consumption/hemodilution and systemic inflammation, which are associated with AKI risk, but early post-op values are often transient. Mean is less informative than nadir for capturing clinically relevant thrombocytopenia."
13_24h_platelets_mean,2,"Persistent thrombocytopenia may track ongoing inflammation/bleeding/transfusion and overall severity, indirectly relating to AKI. However, the mean blunts the prognostic signal compared with the minimum platelet count."
25_36h_platelets_mean,2,"In the 25–36h window, sustained thrombocytopenia can indicate ongoing critical illness and microvascular dysfunction, which may accompany AKI. Still, mean is collinear with and less pathophysiologically specific than the platelet minimum."
0_12h_platelets_max,1,A high platelet maximum is rarely a trigger for AKI and is often clinically uninformative in the immediate post-CPB period. Extremes on the high side do not capture the relevant pathology for renal injury.
13_24h_platelets_max,1,Platelet maxima generally do not reflect a mechanism leading to AKI; thrombocytopenia is the more relevant signal. This aggregation is likely redundant and weakly predictive.
25_36h_platelets_max,1,Higher platelet peaks are not a recognized driver of post-operative AKI and add little beyond other severity markers. The clinically meaningful platelet signal for AKI risk is the nadir rather than the maximum.
0_12h_platelets_min,3,"Early platelet nadir can reflect CPB-related consumption, bleeding, and inflammatory activation, which correlate with subsequent organ dysfunction including AKI. In 0–12h many drops are transient, so the score is capped and conservative."
13_24h_platelets_min,3,"A low platelet nadir in 13–24h suggests persistent consumption/bleeding/sepsis-like physiology and higher illness severity, which is associated with AKI. The minimum captures the relevant insult better than mean/max."
25_36h_platelets_min,4,"A low platelet nadir close to the outcome window can indicate ongoing systemic inflammation, microvascular dysfunction, or complications (bleeding/transfusion/sepsis) that strongly track with AKI risk. As an extreme in the leading-indicator epoch, it is a stronger predictor than mean/max."
0_12h_platelets_measured,1,Platelet measurement frequency is largely routine post-cardiac surgery lab surveillance and reflects practice patterns more than kidney injury biology. In 0–12h it is especially protocolized and weak for AKI prediction.
13_24h_platelets_measured,1,Ordering frequency is a behavioral proxy for acuity and is not a direct renal injury marker. It may reflect bleeding concern but remains weak and non-specific for predicting creatinine ratio.
25_36h_platelets_measured,2,"More frequent platelet checks later may indicate ongoing bleeding, transfusion needs, or clinical deterioration, which can co-occur with AKI. Nonetheless it is an indirect, practice-driven signal and should remain low importance."
0_12h_mean_corpuscular_hemoglobin_mean,1,"Mean corpuscular hemoglobin (MCH) is not a direct marker of renal perfusion or tubular injury; perioperative shifts are usually unrelated to AKI biology. As a 0–12h mean, it is also unlikely to capture a specific renal insult."
13_24h_mean_corpuscular_hemoglobin_mean,1,"MCH has minimal physiologic linkage to postoperative AKI risk compared with hemodynamics, nephrotoxins, and renal labs. The mean value in this epoch is unlikely to add prognostic signal."
25_36h_mean_corpuscular_hemoglobin_mean,1,"Even close to the outcome window, MCH is not an established predictor of AKI and mainly reflects erythrocyte indices rather than kidney injury. Any association would be indirect and weak."
0_12h_mean_corpuscular_hemoglobin_max,1,"An elevated MCH maximum does not represent a known acute trigger for AKI after cardiac surgery. In the immediate postoperative period, this is more likely noise/measurement variability than renal-relevant pathology."
13_24h_mean_corpuscular_hemoglobin_max,1,MCH maxima are not clinically used to assess renal hypoperfusion or nephrotoxic injury. This extreme is unlikely to provide meaningful AKI prediction signal.
25_36h_mean_corpuscular_hemoglobin_max,1,A late-epoch MCH maximum still lacks a plausible direct mechanism linking it to creatinine rise. It is not a recognized biomarker or driver of postoperative AKI.
0_12h_mean_corpuscular_hemoglobin_min,1,"Low MCH reflects chronic anemia/microcytosis patterns rather than acute renal injury; it is not a perioperative AKI trigger. In 0–12h, transient dilutional effects further reduce interpretability."
13_24h_mean_corpuscular_hemoglobin_min,1,MCH minimum is not an established AKI risk factor and does not directly reflect renal perfusion or injury. Any relationship would be highly indirect.
25_36h_mean_corpuscular_hemoglobin_min,1,"Even as a leading indicator window, MCH minimum is not clinically informative for AKI prediction compared with creatinine, urine output, lactate, MAP, or vasopressor needs. Likely redundant/noise."
0_12h_mean_corpuscular_hemoglobin_measured,1,"Measurement frequency mainly reflects routine CBC ordering after surgery rather than specific concern for AKI. As a behavioral proxy, it provides weak and nonspecific signal."
13_24h_mean_corpuscular_hemoglobin_measured,1,"CBC/MCH measurement counts are largely driven by standard ICU protocols and anemia/bleeding surveillance, not renal-specific suspicion. Thus it is a weak proxy for AKI risk."
25_36h_mean_corpuscular_hemoglobin_measured,1,"Even later, MCH measurement frequency is more related to hematology monitoring than kidney injury evaluation. As a _measured feature, it should remain low importance."
0_12h_sodium_mean,2,"Dysnatremias can reflect fluid balance, neurohormonal stress, and severity of illness, which are indirectly related to AKI risk. However, in the immediate 0–12h period sodium shifts are often iatrogenic/transient, so predictive value is limited."
13_24h_sodium_mean,2,"Sustained sodium abnormalities may indicate ongoing fluid/diuretic management issues and illness severity that correlate with AKI risk. Still, sodium is not a direct renal injury biomarker, so importance remains modest."
25_36h_sodium_mean,3,"Persistent dysnatremia closer to hour 60 can reflect ongoing volume derangements, diuretic response, and neurohormonal activation that track with evolving renal dysfunction. As a mean (not an extreme), it is less specific than max/min but can still carry moderate prognostic signal."
0_12h_sodium_max,2,"Hypernatremia extremes can indicate free-water deficit or aggressive diuresis and are associated with worse outcomes, indirectly including AKI. In 0–12h, however, sodium extremes are often perioperative/iatrogenic, so the score is capped conservatively."
13_24h_sodium_max,2,"Hypernatremia can reflect free-water deficit/diuresis and overall illness severity, which may correlate with AKI risk, but it is not a direct renal injury marker. As an extreme value it is more informative than a mean, yet in this mid epoch it remains an indirect predictor."
25_36h_sodium_max,2,"Late hypernatremia may indicate ongoing dehydration, osmotic diuresis, or aggressive diuresis, which can worsen renal perfusion. Still, sodium is a nonspecific electrolyte signal rather than a direct AKI biomarker."
0_12h_sodium_min,2,"Early postoperative hyponatremia is common from hemodilution/fluids and stress physiology and is usually transient. It is an indirect marker of fluid balance rather than a primary driver of AKI, and the 0–12h window is de-emphasized."
13_24h_sodium_min,2,"Hyponatremia in this phase can reflect fluid overload, low effective arterial volume, or SIADH-like physiology, which may accompany AKI-prone states. However it remains nonspecific and not a direct predictor of creatinine rise."
25_36h_sodium_min,2,"Persistent or late hyponatremia may track with fluid overload/low effective circulating volume and higher acuity, which can be associated with AKI. Sodium itself is not mechanistically specific for tubular injury, so importance is limited."
0_12h_sodium_measured,1,Measurement frequency mainly reflects routine ICU lab monitoring immediately after cardiac surgery rather than specific AKI physiology. In the initial 0–12h period it is especially driven by protocolized care.
13_24h_sodium_measured,1,How often sodium is checked is largely a behavioral/protocol signal and only weakly reflects concern for dysnatremia or volume issues. It is not a direct indicator of impending creatinine rise.
25_36h_sodium_measured,2,"More frequent sodium checks later may indicate ongoing instability in fluids/diuresis or clinician concern, which can correlate with AKI risk. Still, it is a behavioral proxy and should remain low importance."
0_12h_teg_platelet_aggregation_measured,1,"Ordering TEG platelet aggregation is primarily related to bleeding/coagulopathy management after surgery, not kidney injury mechanisms. In the immediate postoperative window it is common and not specific for AKI prediction."
13_24h_teg_platelet_aggregation_measured,1,This reflects clinician concern for coagulation/bleeding rather than renal perfusion or nephrotoxicity. Any association with AKI would be indirect via overall severity of illness.
25_36h_teg_platelet_aggregation_measured,1,"Late TEG platelet aggregation testing suggests ongoing bleeding/coagulopathy evaluation, which is not a direct driver of creatinine rise. It is a behavioral marker with weak and nonspecific linkage to AKI."
0_12h_mean_corpuscular_hemoglobin_concentration_mean,1,"MCHC is a red cell index and does not meaningfully reflect renal perfusion, nephrotoxicity, or tubular injury. Early postoperative values are influenced by transfusion/hemodilution and are not informative for AKI."
13_24h_mean_corpuscular_hemoglobin_concentration_mean,1,MCHC has no established relationship to postoperative AKI beyond very nonspecific illness effects. It is unlikely to add predictive value for creatinine_ratio.
25_36h_mean_corpuscular_hemoglobin_concentration_mean,1,"Even close to the outcome window, MCHC remains a nonspecific hematologic index without a plausible direct pathway to AKI. Any correlation would be incidental rather than causal or predictive."
0_12h_mean_corpuscular_hemoglobin_concentration_max,1,"An extreme MCHC value is more likely due to lab artifact, transfusion effects, or hemoconcentration than a kidney-specific process. In the 0–12h epoch it provides no meaningful AKI signal."
13_24h_mean_corpuscular_hemoglobin_concentration_max,1,MCHC max is not a recognized predictor of renal injury and is often driven by measurement variability or hematologic factors. It offers minimal mechanistic or prognostic relevance for creatinine_ratio.
25_36h_mean_corpuscular_hemoglobin_concentration_max,2,"MCHC extremes can reflect hemoconcentration or lab artifact/hemolysis but are not a primary AKI driver. Compared with hemodynamics/creatinine/urine output, it is an indirect and nonspecific signal."
0_12h_mean_corpuscular_hemoglobin_concentration_min,1,"Early postoperative MCHC lows are common from hemodilution/transfusion and are not directly linked to renal tubular injury. In the 0–12h epoch, transient shifts are expected and weakly predictive."
13_24h_mean_corpuscular_hemoglobin_concentration_min,1,Low MCHC in this window is still a nonspecific anemia/hemodilution marker and not an established AKI predictor. Any association is indirect via overall illness severity.
25_36h_mean_corpuscular_hemoglobin_concentration_min,2,"Persistently low MCHC may correlate with ongoing bleeding/hemodilution and higher acuity, which can secondarily affect renal perfusion. It remains nonspecific and not a direct kidney injury marker."
0_12h_mean_corpuscular_hemoglobin_concentration_measured,1,Measurement frequency reflects ordering behavior (CBC monitoring) rather than physiology. In immediate post-op care this is routine and not specific for impending AKI.
13_24h_mean_corpuscular_hemoglobin_concentration_measured,1,"CBC/MCHC rechecks in this period usually reflect routine monitoring or anemia/bleeding evaluation, not kidney-specific concern. As a behavioral proxy it has weak AKI specificity."
25_36h_mean_corpuscular_hemoglobin_concentration_measured,1,More frequent MCHC checks may indicate ongoing instability but is not a kidney-directed test and is highly practice-pattern dependent. Therefore it provides minimal independent AKI signal.
0_12h_hematocrit_mean,2,"Average hematocrit early after cardiac surgery is influenced by hemodilution and transfusion and is often transient. Anemia can reduce oxygen delivery to kidneys, but mean values in 0–12h are weakly predictive."
13_24h_hematocrit_mean,2,"Sustained anemia/hemodilution may contribute to reduced renal oxygen delivery, but the mean smooths clinically important nadirs. Thus it is an indirect predictor in this trajectory phase."
25_36h_hematocrit_mean,3,"Persistently low hematocrit closer to the outcome can reflect ongoing bleeding/hemodilution and reduced oxygen delivery, which increases AKI risk. Mean is still less informative than the minimum but may capture sustained anemia."
0_12h_hematocrit_max,1,High hematocrit early post-op often reflects hemoconcentration or transfusion and is not a typical direct trigger for AKI in this setting. In 0–12h it is especially confounded by fluid shifts.
13_24h_hematocrit_max,1,A high maximum hematocrit is generally less relevant than low nadirs for renal hypoxia risk. Any link to AKI via hemoconcentration is indirect and inconsistent.
25_36h_hematocrit_max,2,"Later hemoconcentration could indicate dehydration/over-diuresis and reduced renal perfusion, but this is still an indirect and nonspecific mechanism. The maximum is less informative than hypotensive episodes or low hematocrit nadirs."
0_12h_hematocrit_min,3,"A low hematocrit nadir can reflect significant anemia/hemodilution and reduced oxygen delivery, which is a recognized contributor to postoperative AKI risk. Score capped by the 0–12h epoch where transient nadirs are common."
13_24h_hematocrit_min,3,"A low nadir in this window suggests ongoing anemia/bleeding or inadequate recovery, which can impair renal oxygen delivery and correlate with severity of illness. Minimum is more pathophysiologically relevant than mean/max for AKI risk."
25_36h_hematocrit_min,4,"A low hematocrit nadir close to hour 60 strongly suggests persistent anemia/bleeding/hemodilution and reduced renal oxygen delivery, which is linked to postoperative AKI. As an extreme value in the leading-indicator window, it is more predictive than mean/max."
0_12h_hematocrit_measured,1,Measurement frequency mainly reflects routine post-op CBC monitoring rather than a renal mechanism. In the immediate 0–12h period it is especially nonspecific for later creatinine rise.
13_24h_hematocrit_measured,1,CBC ordering frequency is a weak behavioral proxy for acuity and not a direct AKI driver. By 13–24h it still adds little specific signal for creatinine_ratio.
25_36h_hematocrit_measured,1,Later CBC measurement frequency may reflect ongoing instability/bleeding workup but is not physiologic evidence of AKI. As a utilization feature it should remain low importance.
0_12h_absolute_basophil_count_mean,1,Basophil count has no established relationship to renal hypoperfusion or tubular injury after cardiac surgery. The mean in the immediate post-op window is unlikely to predict creatinine_ratio.
13_24h_absolute_basophil_count_mean,1,Basophil mean is not a recognized AKI risk factor or biomarker in this context. Any association would be indirect and likely noise.
0_12h_absolute_basophil_count_max,1,Transient basophil elevations are not a known trigger or marker of post-cardiac surgery AKI. Extreme values here are more likely lab variability than kidney-relevant physiology.
13_24h_absolute_basophil_count_max,1,Basophil maxima do not capture a kidney perfusion insult or nephrotoxic exposure. Not clinically informative for predicting creatinine_ratio.
0_12h_absolute_basophil_count_min,1,"Low basophil counts are not linked to AKI pathophysiology. In 0–12h, this is particularly nonspecific and likely redundant with overall leukocyte dynamics."
13_24h_absolute_basophil_count_min,1,Basophil minima are not established predictors of renal injury or hemodynamic compromise. Expected to add minimal prognostic value.
0_12h_absolute_basophil_count_measured,1,"Frequency of differential counts is largely routine with CBCs and reflects ordering behavior, not renal physiology. In the early post-op period it is not specific for impending AKI."
13_24h_absolute_basophil_count_measured,1,"Differential measurement frequency is a weak proxy for clinician concern (often infection/bleeding), not kidney injury. Low expected relevance to creatinine_ratio."
25_36h_absolute_basophil_count_measured,1,"Even close to the outcome window, ordering frequency of basophils is nonspecific and not mechanistically tied to AKI. Should remain minimal importance."
0_12h_percent_lymphocytes_mean,2,"Lymphopenia can reflect surgical stress/inflammation and overall illness severity, which indirectly relates to AKI risk. However, the mean in 0–12h is nonspecific and early transient changes are common."
13_24h_percent_lymphocytes_mean,2,"Sustained lymphopenia may indicate ongoing stress response or infection risk, indirectly associated with AKI via severity of illness. As a mean aggregate it is still a weak, nonspecific predictor."
0_12h_percent_lymphocytes_max,1,"A high lymphocyte percentage is not a known AKI trigger and is often driven by relative neutropenia or dilutional effects. In 0–12h, extremes are unlikely to be kidney-relevant."
13_24h_percent_lymphocytes_max,1,Percent lymphocyte maxima do not represent a recognized physiologic insult leading to AKI. Any association would be indirect and likely confounded by other leukocyte shifts.
0_12h_percent_lymphocytes_min,2,"Low lymphocyte percentage can reflect stress response/inflammation or infection risk, which may indirectly relate to AKI, but it is not a direct renal perfusion or injury marker. Early (0–12h) postoperative immune shifts are common and transient."
13_24h_percent_lymphocytes_min,2,Persistent lymphopenia may indicate ongoing systemic inflammation/sepsis risk that can contribute to AKI indirectly. Still nonspecific and not a primary AKI predictor.
0_12h_percent_lymphocytes_measured,1,Measurement frequency mainly reflects routine CBC ordering in the immediate postoperative period rather than renal pathophysiology. Weak behavioral proxy for acuity.
13_24h_percent_lymphocytes_measured,1,CBC differential ordering frequency is largely standard ICU practice and not specific for impending AKI. Limited incremental prognostic value.
25_36h_percent_lymphocytes_measured,1,Even late measurement frequency is more about clinician monitoring patterns than a mechanism of kidney injury. Not specific for creatinine rise.
0_12h_random_vancomycin_level_measured,2,"Ordering a vancomycin level suggests exposure to a potentially nephrotoxic drug and concern for dosing/renal clearance, but this is a behavioral proxy. In 0–12h it may reflect perioperative antibiotics rather than evolving AKI."
13_24h_random_vancomycin_level_measured,2,"Vancomycin level monitoring implies ongoing therapy and clinician concern about renal function/drug accumulation, indirectly linked to AKI risk. Still not a physiologic biomarker itself."
25_36h_random_vancomycin_level_measured,2,"Late vancomycin level checks can indicate suspected impaired clearance and higher nephrotoxicity risk, indirectly predicting creatinine rise. As a measured/ordered indicator, it remains a proxy and is capped."
0_12h_vancomycin_trough_measured,2,"Trough monitoring indicates vancomycin exposure and attention to nephrotoxicity/clearance, but it is an ordering behavior rather than kidney injury itself. Early postoperative period is confounded by routine prophylaxis and hemodilution."
13_24h_vancomycin_trough_measured,2,"Trough measurement suggests ongoing vancomycin with potential nephrotoxic risk and concern for accumulation, indirectly related to AKI. Not a direct physiologic predictor."
25_36h_vancomycin_trough_measured,2,"Later trough monitoring may reflect reduced renal clearance and higher nephrotoxicity risk, which can precede creatinine rise. Still an ordering proxy, so limited to 1–2."
0_12h_o2_saturation_mean,2,"Sustained hypoxemia can worsen renal medullary oxygenation and contribute to AKI, but mean SpO2 in the immediate postoperative window is often transiently affected by ventilation/anesthesia. Extremes would be more informative than mean for acute insult."
13_24h_o2_saturation_mean,3,"Ongoing lower average oxygenation in the trajectory phase can reflect respiratory failure/low cardiac output physiology that threatens renal oxygen delivery. Mean is less sensitive than minima, but persistent hypoxemia can be clinically meaningful."
25_36h_o2_saturation_mean,3,"In the closest window to outcome, sustained lower SpO2 can indicate ongoing cardiopulmonary compromise and reduced renal oxygen delivery, increasing AKI risk. Mean remains less specific than hypoxemic minima but can capture persistent dysfunction."
0_12h_o2_saturation_max,1,Maximum SpO2 largely reflects supplemental oxygen/ventilator settings and is not a marker of hypoxic insult. In 0–12h it provides little information about renal risk.
13_24h_o2_saturation_max,1,High maximum SpO2 is typically driven by oxygen therapy and does not indicate renal-threatening physiology. It is not informative for AKI compared with hypoxemia measures.
25_36h_o2_saturation_max,1,"Maximum SpO2 is usually near-normal with supplemental oxygen and is not a specific driver of AKI. The minimum (hypoxemia) is the more pathologic signal, so cap to avoid collinearity."
0_12h_o2_saturation_min,3,"Early postoperative hypoxemia can reflect low cardiac output, pulmonary dysfunction, or shock physiology that can reduce renal oxygen delivery. In the immediate 0–12h period derangements are often transient, so importance is capped."
13_24h_o2_saturation_min,3,"Persistent or recurrent hypoxemia in the trajectory phase suggests ongoing cardiopulmonary instability and impaired systemic oxygen delivery, which increases AKI risk. Still indirect and non-specific compared with direct renal markers."
25_36h_o2_saturation_min,4,"Late-window hypoxemia is a stronger leading indicator of sustained illness severity (e.g., low output, sepsis, respiratory failure) that can precipitate renal ischemia and AKI. The minimum captures the acute insult better than mean/max."
0_12h_o2_saturation_measured,1,Measurement frequency mainly reflects monitoring intensity and routine ICU practice rather than a physiologic mechanism for AKI. In the immediate post-op period it is especially non-specific.
13_24h_o2_saturation_measured,1,How often SpO2 is recorded is largely protocol-driven and a weak proxy for acuity. It does not directly inform renal perfusion or tubular injury.
25_36h_o2_saturation_measured,2,"More frequent SpO2 documentation may weakly proxy clinical concern for instability in the later window, which can correlate with AKI risk. Still behavioral/monitoring-driven rather than causal."
0_12h_alanine_aminotransferase_mean,1,"ALT reflects hepatocellular injury rather than renal function; mean values in the first 12h are often influenced by perioperative factors and are non-specific for AKI. Extremes would better capture shock liver if present, so mean is de-emphasized."
0_12h_alanine_aminotransferase_max,2,"An early ALT spike can indicate hypoperfusion/ischemic hepatitis from low cardiac output, which can co-occur with renal ischemia. In 0–12h this is often transient and indirect, so capped."
0_12h_alanine_aminotransferase_min,1,Low/normal ALT has no meaningful physiologic link to AKI risk. It is not a marker of renal perfusion or injury.
0_12h_alanine_aminotransferase_measured,1,Ordering frequency of ALT is a weak behavioral proxy (concern for liver injury) and not a direct AKI mechanism. In early post-op care it is often routine or protocolized.
13_24h_alanine_aminotransferase_measured,1,ALT measurement frequency mainly reflects clinician behavior and is not specific for renal injury. It provides limited incremental signal for AKI beyond hemodynamics and renal labs.
25_36h_alanine_aminotransferase_measured,2,"Late repeated ALT checks may indicate ongoing shock/organ dysfunction evaluation, which can correlate with AKI risk. Still an indirect, non-renal behavioral marker so kept low."
0_12h_bun_mean,3,"BUN is a kidney-related marker influenced by renal perfusion, catabolism, and volume status; early elevations can suggest prerenal azotemia. In 0–12h it is less specific due to perioperative fluid shifts, so capped."
13_24h_bun_mean,3,Sustained BUN elevation in the trajectory phase can reflect ongoing reduced renal perfusion or evolving renal dysfunction. It remains less specific than creatinine/urine output but is an established risk indicator.
25_36h_bun_mean,4,"In the 25–36h leading window, higher mean BUN more strongly suggests persistent azotemia from reduced GFR or prerenal physiology preceding creatinine rise. As a renal-related lab close to the outcome, it is a strong predictor (though not as definitive as creatinine itself)."
0_12h_bun_max,3,"Elevated BUN can reflect reduced renal clearance or hypoperfusion, but in the immediate post-op window it is often confounded by hemodilution, catabolism, and transfusion. As an early signal it is relevant but capped by the 0–12h epoch limit."
13_24h_bun_max,3,Persistently high or rising BUN in the trajectory phase can indicate evolving renal dysfunction or ongoing hypoperfusion. Still indirect relative to creatinine and influenced by protein load/bleeding.
25_36h_bun_max,4,"High BUN closer to the outcome window more strongly suggests impaired renal clearance and/or sustained low effective circulating volume. It can be a strong predictor of subsequent creatinine rise, though not as specific as creatinine itself."
0_12h_bun_min,1,Low BUN is generally not a trigger or marker of AKI and is often driven by dilutional effects early after bypass and resuscitation. The minimum value adds little pathophysiologic signal for AKI risk.
13_24h_bun_min,1,A low minimum BUN in this window is not clinically informative for AKI prediction and is more reflective of fluid balance/nutrition than renal injury. Limited mechanistic link to creatinine rise.
25_36h_bun_min,1,Minimum BUN remains a weak and nonspecific indicator for AKI; extremes of low BUN do not capture renal insult. Adds redundancy without clear prognostic value.
0_12h_bun_measured,1,Measurement frequency mainly reflects routine post-cardiac surgery lab protocols and clinician behavior rather than renal physiology. In the immediate post-op period it is especially nonspecific.
13_24h_bun_measured,2,"More frequent BUN checks may reflect concern for renal dysfunction or hemodynamic instability, but it is still a behavioral proxy and not a direct mechanism. Weak-to-plausible association only."
25_36h_bun_measured,2,"Increased ordering closer to hour 60 can indicate clinician suspicion of AKI or worsening status, but remains indirect and practice-pattern dependent. Should be kept low per the _measured rule."
0_12h_amylase_measured,1,Amylase testing is not directly related to AKI risk and usually reflects evaluation for pancreatitis or other abdominal pathology. In 0–12h it is unlikely to add renal-specific prognostic information.
13_24h_amylase_measured,1,Ordering amylase is generally unrelated to kidney perfusion or nephrotoxicity and is a weak behavioral marker at best. Minimal expected contribution to creatinine_ratio prediction.
25_36h_amylase_measured,1,"Even near the outcome window, amylase measurement primarily signals non-renal diagnostic workup and has no established link to post-cardiac surgery AKI. Treat as low-importance behavioral noise."
0_12h_blood_ph_mean,2,"Acidemia can accompany shock/low cardiac output and is associated with AKI risk, but the mean pH in the immediate post-op period is often transient and buffered by ventilation and bicarbonate. Mean aggregation also smooths the clinically relevant extremes."
13_24h_blood_ph_mean,3,"Sustained lower average pH in the trajectory phase suggests ongoing hypoperfusion, sepsis, or respiratory failure, all of which increase AKI risk. Still less informative than pH minima or lactate, but clinically meaningful."
25_36h_blood_ph_mean,4,"Persistently abnormal mean pH close to hour 60 indicates ongoing systemic derangement (shock/poor perfusion) that strongly predisposes to AKI. As a sustained marker of physiologic stress, it can be a strong predictor of creatinine rise."
0_12h_blood_ph_max,1,High (alkalemic) pH is not a typical driver of AKI and often reflects ventilator settings or bicarbonate administration rather than renal injury. The maximum value is unlikely to capture the relevant insult compared with low pH extremes.
13_24h_blood_ph_max,2,Alkalemia is usually not a primary driver of AKI; it may reflect ventilation/diuresis rather than renal injury. Also less informative than acidemia extremes for renal hypoperfusion risk.
25_36h_blood_ph_max,2,Higher pH late can reflect overventilation or contraction alkalosis and is not a direct AKI mechanism. Acidemia (low pH) is typically the more pathologic extreme for kidney risk.
0_12h_blood_ph_min,3,"Early postoperative acidemia can indicate hypoperfusion/lactate burden during/after bypass, which is linked to AKI risk. However, in the immediate 0–12h period derangements are common/transient, capping importance."
13_24h_blood_ph_min,4,"Persistent or recurrent acidemia in the trajectory phase suggests ongoing shock/poor perfusion or severe respiratory failure, which strongly predisposes to AKI. The minimum pH captures the acute insult better than mean/max."
25_36h_blood_ph_min,4,Late acidemia close to the outcome window is a strong marker of ongoing hypoperfusion/critical illness and correlates with subsequent creatinine rise. The minimum value best captures the harmful extreme relevant to AKI.
0_12h_blood_ph_measured,2,"Measurement frequency mainly reflects clinician concern/acuity (e.g., instability, ventilation changes) rather than a direct renal mechanism. In the immediate postoperative period frequent ABGs are routine, limiting specificity for AKI."
13_24h_blood_ph_measured,2,"More frequent pH checks suggest ongoing instability or ventilatory/hemodynamic management, indirectly associated with AKI risk. Still a behavioral proxy and not a physiologic driver."
25_36h_blood_ph_measured,2,"Late frequent ABG/pH monitoring implies persistent critical illness, which can correlate with AKI, but it remains a non-mechanistic proxy. Therefore kept low per the _measured rule."
0_12h_cholesterol_measured,1,Cholesterol testing is not part of AKI evaluation and has no acute physiologic link to postoperative creatinine rise. Ordering in the first 12h is typically unrelated to renal trajectory.
13_24h_cholesterol_measured,1,"Cholesterol measurement is generally unrelated to AKI risk stratification in the ICU and does not reflect renal perfusion or nephrotoxicity. As a behavioral proxy, it provides minimal signal."
25_36h_cholesterol_measured,1,Late cholesterol testing is not a recognized indicator of impending AKI and is unlikely to be ordered for renal concerns. Provides negligible prognostic value for creatinine_ratio.
0_12h_absolute_lymphocyte_count_mean,1,Mean lymphocyte count early after surgery is nonspecific and heavily influenced by stress response and hemodilution. It is not an established driver or direct marker of AKI.
13_24h_absolute_lymphocyte_count_mean,2,"Sustained lymphopenia can reflect systemic inflammation/sepsis risk, which can be associated with AKI, but the mean is a weak and indirect signal. Not as informative as hemodynamics, renal labs, or nephrotoxins."
0_12h_absolute_lymphocyte_count_max,1,A high lymphocyte maximum in the immediate postoperative window is not mechanistically linked to AKI and is likely noise from lab variability. Extremes here do not represent a known renal insult.
13_24h_absolute_lymphocyte_count_max,1,Lymphocyte maxima are not clinically used to predict AKI and do not capture a renal-perfusion or nephrotoxic pathway. Provides minimal incremental value versus other inflammatory markers.
0_12h_absolute_lymphocyte_count_min,2,"Early lymphopenia may indicate stress/inflammation and higher illness severity, indirectly associated with AKI risk. In 0–12h this is common post-bypass and nonspecific, limiting importance."
13_24h_absolute_lymphocyte_count_min,2,"Lymphopenia can reflect stress/inflammation and overall illness severity, which indirectly correlates with AKI risk. It is not a direct renal perfusion or kidney injury marker, and using the minimum adds limited specificity."
0_12h_absolute_lymphocyte_count_measured,1,Measurement frequency mainly reflects ordering behavior/acuity rather than a physiologic driver of AKI. Early (0–12h) labs are commonly routine post-op and are weakly informative for later creatinine rise.
13_24h_absolute_lymphocyte_count_measured,1,This is a behavioral proxy for clinician concern rather than a mechanism of kidney injury. In the 13–24h window it may reflect general instability but is not specific for impending AKI.
25_36h_absolute_lymphocyte_count_measured,2,"More frequent CBC monitoring closer to hour 60 can indicate higher acuity or complications that co-occur with AKI risk. Still, it is indirect and non-specific, so it should remain low importance."
0_12h_gluccose_measured,1,"Glucose checks are routine in post-cardiac surgery ICU care and measurement presence is not a physiologic AKI marker. As a _measured feature in the immediate post-op period, it is weakly predictive."
13_24h_gluccose_measured,1,"Frequency/presence of glucose measurement reflects care intensity (e.g., insulin protocols) more than kidney injury biology. It has minimal specific linkage to subsequent creatinine ratio."
25_36h_gluccose_measured,2,"Increased glucose monitoring later may indicate persistent critical illness or difficult glycemic control, which can correlate with AKI risk. However it remains an indirect behavioral proxy, not a direct renal predictor."
0_12h_ck_measured,1,"Ordering CK early is often driven by concern for myocardial/skeletal muscle injury and is not specific for renal hypoperfusion or tubular injury. As a measurement-frequency feature in 0–12h, it is weakly informative."
13_24h_ck_measured,2,"CK measurement may reflect concern for rhabdomyolysis/ischemia, which can contribute to AKI, but the feature captures ordering rather than CK level. Thus it is only an indirect signal of risk."
25_36h_ck_measured,2,"Later CK monitoring can indicate ongoing muscle injury/low-flow states that may predispose to AKI, but this is still a proxy for clinician suspicion. Without the CK value, specificity for creatinine rise is limited."
0_12h_egfr_mean,2,"eGFR is derived from creatinine and can reflect early renal dysfunction, but in the immediate post-op period values are often transiently affected by hemodilution and non-steady-state creatinine. Mean further smooths acute drops, so it is capped low to avoid redundancy."
13_24h_egfr_mean,3,"Persistently reduced eGFR in the trajectory phase suggests evolving renal dysfunction and is more informative than the immediate post-op window. However, mean aggregation can dilute clinically important nadirs compared with minima."
25_36h_egfr_mean,4,"Lower eGFR close to hour 60 is a strong direct indicator of worsening renal function and is tightly linked to subsequent creatinine ratio. Although mean smooths extremes, sustained reduction in this late window is highly predictive."
0_12h_egfr_max,1,"A higher (max) eGFR is not a pathologic trigger for AKI and often reflects dilutional/measurement variability early after bypass. As an extreme in the non-pathologic direction, it provides little prognostic value."
13_24h_egfr_max,1,Maximum eGFR does not capture renal insult; it mainly reflects best observed value and variability. It is unlikely to predict later creatinine rise compared with low eGFR measures.
25_36h_egfr_max,1,"Even in the leading-indicator window, the maximum eGFR represents the least impaired moment and is not mechanistically linked to AKI progression. It is largely redundant/noisy relative to low eGFR summaries."
0_12h_egfr_min,3,"Low eGFR reflects reduced renal filtration and is closely tied to creatinine rise, but early post-op values can be transient/hemodilutional; capped by 0–12h max score rule."
13_24h_egfr_min,4,Persistently low eGFR in the trajectory phase suggests evolving AKI rather than immediate post-bypass noise and is a strong predictor of later creatinine increase.
25_36h_egfr_min,5,Low eGFR closest to hour-60 is essentially an early biomarker of impaired filtration and strongly predicts a higher creatinine_ratio.
0_12h_egfr_measured,2,More frequent eGFR/chemistry checks reflect clinician concern/acuity rather than a direct mechanism; early post-op monitoring is also routine.
13_24h_egfr_measured,2,"Increased measurement frequency may indicate concern for renal dysfunction or instability, but remains a behavioral proxy rather than physiology."
25_36h_egfr_measured,2,"Late frequent monitoring can signal suspected AKI, yet it is still indirect and should not be weighted like physiologic derangement."
0_12h_ldh_measured,1,LDH ordering frequency is a nonspecific behavioral marker (hemolysis/ischemia workup) and is not directly linked to AKI prediction in this context.
13_24h_ldh_measured,1,LDH measurement frequency remains nonspecific and more reflective of workup intensity than renal injury risk.
25_36h_ldh_measured,1,"Even late, LDH checks are not a direct renal biomarker; frequency mainly reflects clinician suspicion for other processes (hemolysis/ischemia)."
0_12h_inr_mean,2,"Coagulopathy can correlate with severity of illness/hepatic dysfunction and bleeding/transfusion risk, but mean INR in the immediate post-op window is often transient and indirect for AKI."
25_36h_inr_mean,2,Average INR is less informative than extremes for acute bleeding/shock risk; kept low to avoid collinearity with INR_max which better captures pathologic insult.
0_12h_inr_max,3,A high INR peak may indicate significant coagulopathy/bleeding risk and overall physiologic stress that can contribute to renal hypoperfusion; capped by 0–12h max score rule.
25_36h_inr_max,3,"Late INR spikes can reflect ongoing coagulopathy, bleeding/transfusion needs, or hepatic dysfunction associated with AKI risk, though still indirect compared with renal labs/hemodynamics."
0_12h_inr_min,1,Low INR is generally not a driver of AKI and is less clinically meaningful for renal outcomes than elevated INR extremes.
25_36h_inr_min,1,Low INR late is not a recognized predictor of AKI and adds little beyond other severity markers.
0_12h_inr_measured,1,INR measurement frequency is largely routine post-cardiac surgery monitoring and reflects practice patterns more than renal pathophysiology.
13_24h_inr_measured,2,Frequency of INR checks reflects bleeding/anticoagulation management and overall acuity rather than a direct renal mechanism. It may correlate indirectly with shock/transfusion burden that can contribute to AKI.
25_36h_inr_measured,2,"Later INR monitoring can indicate ongoing coagulopathy/bleeding risk and higher illness severity, which may track with AKI risk. Still a behavioral proxy, not a physiologic kidney marker."
0_12h_percent_eosinophils_mean,1,Eosinophil percentage is not a typical driver or early marker of post-cardiac surgery AKI. The mean in the immediate post-op window is unlikely to add prognostic value.
13_24h_percent_eosinophils_mean,1,"Sustained eosinophil percentage is generally unrelated to hemodynamic/ischemic AKI after cardiac surgery. Mean aggregation further dilutes any rare signal (e.g., drug reaction)."
0_12h_percent_eosinophils_max,2,"A transient eosinophil spike could weakly suggest allergic/drug-related processes, but this is uncommon and nonspecific in early post-op care. In 0–12h, changes are often noise; capped by epoch."
13_24h_percent_eosinophils_max,2,"An elevated maximum eosinophil percentage could indirectly flag drug hypersensitivity/interstitial nephritis risk, but this is rare and not a primary post-cardiac surgery AKI pathway. Max is the most relevant aggregation among eosinophil summaries."
0_12h_percent_eosinophils_min,1,Low eosinophil percentage has no meaningful mechanistic link to AKI and is often influenced by stress steroids/catecholamines. Minimum values are not clinically informative for renal risk here.
13_24h_percent_eosinophils_min,1,Minimum eosinophil percentage is not a recognized predictor of AKI and mainly reflects stress response variability. Provides little renal-specific information.
0_12h_percent_eosinophils_measured,1,"Measurement count largely reflects routine CBC ordering in the immediate post-op period rather than targeted AKI concern. As a behavioral proxy, it has weak specificity for renal outcomes."
13_24h_percent_eosinophils_measured,1,CBC differential frequency is typically protocolized and not specific to impending AKI. Measurement count is a weak acuity proxy at best.
25_36h_percent_eosinophils_measured,1,"Even in the later window, eosinophil measurement frequency is usually driven by routine labs or general instability, not kidney-specific monitoring. Behavioral proxy with low specificity for creatinine rise."
0_12h_ldl_cholesterol_measured,1,"Ordering LDL cholesterol post-op is not physiologically linked to acute creatinine rise and is often unrelated to ICU AKI management. As a measured/binary ordering feature, it is a weak proxy at most."
13_24h_ldl_cholesterol_measured,1,"LDL testing does not reflect renal perfusion, nephrotoxicity, or early kidney injury in the ICU setting. Ordering behavior here is unlikely to track AKI risk."
25_36h_ldl_cholesterol_measured,1,LDL measurement near 36h is still not a kidney-relevant test and is unlikely to be ordered due to AKI concern. Minimal expected predictive value for creatinine_ratio.
0_12h_mean_corpuscular_volume_mean,1,MCV reflects chronic anemia/nutritional status rather than acute renal perfusion or tubular injury. Mean MCV in the immediate post-op period is unlikely to predict AKI; capped by epoch.
13_24h_mean_corpuscular_volume_mean,1,MCV is not an established predictor of post-cardiac surgery AKI and changes slowly relative to the AKI time course. Mean aggregation offers little additional signal for creatinine_ratio.
25_36h_mean_corpuscular_volume_mean,1,MCV is not a direct marker of renal perfusion or tubular injury; changes mainly reflect anemia/nutrition/transfusion effects. The mean value is also nonspecific for AKI prediction.
0_12h_mean_corpuscular_volume_max,1,"Early postoperative MCV extremes are usually driven by transfusion/fluids and are not mechanistically linked to AKI. In the 0–12h epoch, transient shifts are common and poorly predictive."
13_24h_mean_corpuscular_volume_max,1,MCV maximum in this window is a nonspecific hematologic signal and not an established AKI predictor. Any association would be indirect via transfusion/bleeding rather than kidney injury.
25_36h_mean_corpuscular_volume_max,1,"Even close to the outcome, MCV maxima do not reflect renal function or perfusion status. It is unlikely to add independent predictive value for creatinine rise."
0_12h_mean_corpuscular_volume_min,1,"Low MCV reflects chronic microcytosis/iron deficiency rather than acute renal insult. In the immediate post-op period, dilutional effects further reduce specificity for AKI."
13_24h_mean_corpuscular_volume_min,1,"MCV minimum remains a weak, indirect proxy at best (anemia/bleeding/transfusion patterns) and is not a recognized driver of AKI. Limited physiologic linkage to creatinine trajectory."
25_36h_mean_corpuscular_volume_min,1,Low MCV at 25–36h is still not a renal biomarker and does not capture hemodynamic kidney stress. Any relationship would be confounded and weak.
0_12h_mean_corpuscular_volume_measured,1,"Measurement frequency reflects ordering behavior (CBC cadence) rather than kidney physiology. In 0–12h, CBCs are routine after cardiac surgery and not specific for AKI concern."
13_24h_mean_corpuscular_volume_measured,1,CBC/MCV measurement count is largely protocol-driven and a weak proxy for acuity. It does not specifically indicate impending AKI compared with renal labs or urine output monitoring.
25_36h_mean_corpuscular_volume_measured,1,"Even in the leading-indicator window, MCV measurement frequency is nonspecific and more reflective of general instability/bleeding surveillance than renal injury. Should not be weighted highly for creatinine_ratio."
0_12h_mean_platelet_volume_mean,2,"Mean platelet volume can reflect inflammation/platelet activation, which may correlate with postoperative complications, but it is not a direct AKI marker. In 0–12h, values are often perturbed by CPB and transfusion, limiting specificity."
13_24h_mean_platelet_volume_mean,2,"Sustained MPV elevation may indicate ongoing inflammatory/thrombotic milieu that could accompany AKI risk, but evidence is indirect. The mean aggregation further dilutes any acute signal."
25_36h_mean_platelet_volume_mean,2,"In the 25–36h window, MPV may weakly track systemic inflammation or microvascular dysfunction associated with AKI, but it remains nonspecific. As a mean, it is less informative than extremes for acute insults."
0_12h_mean_platelet_volume_max,2,"An MPV maximum could capture an acute inflammatory/platelet activation spike, but early post-CPB changes are common and not specific for renal injury. Given the 0–12h cap and transient physiology, importance remains low."
13_24h_mean_platelet_volume_max,2,"MPV peaks in this trajectory phase may reflect ongoing systemic stress that can co-occur with AKI, but the link is indirect and not established as a strong predictor. More kidney-specific hemodynamics/labs would dominate."
25_36h_mean_platelet_volume_max,2,"Closer to hour 60, an MPV maximum may weakly signal persistent inflammation/microthrombosis that can accompany AKI, but it is still not a direct renal biomarker. Predictive value is likely modest compared with creatinine/urine output/hemodynamics."
0_12h_mean_platelet_volume_min,1,Mean platelet volume is not a direct AKI marker; a low minimum MPV in the immediate post-op window is nonspecific and more reflective of perioperative inflammation/transfusion effects than renal injury.
13_24h_mean_platelet_volume_min,1,"MPV minima remain a weak, nonspecific signal for AKI and are not a primary driver of renal hypoperfusion or nephrotoxicity."
25_36h_mean_platelet_volume_min,1,"Even close to the outcome window, MPV minimum is not an established predictor of creatinine rise after cardiac surgery compared with hemodynamics, lactate, and renal labs."
0_12h_mean_platelet_volume_measured,1,Measurement frequency mainly reflects routine CBC ordering post-cardiac surgery rather than clinician concern for impending AKI.
13_24h_mean_platelet_volume_measured,1,CBC/MPV ordering frequency is largely protocolized in ICU care and is a weak behavioral proxy for AKI risk.
25_36h_mean_platelet_volume_measured,1,MPV measurement count is not a targeted AKI surveillance test and provides minimal incremental prognostic information for creatinine_ratio.
0_12h_lactate_mean,2,"Higher average lactate suggests global hypoperfusion/low cardiac output, which can contribute to AKI, but early post-bypass lactate elevations are common and transient (0–12h cap)."
13_24h_lactate_mean,3,"Persistently elevated mean lactate in the trajectory phase indicates ongoing hypoperfusion/shock physiology, a recognized contributor to postoperative AKI."
0_12h_lactate_max,3,"A high lactate peak reflects an acute hypoperfusion insult that can precipitate AKI, but immediate post-op peaks may be influenced by CPB and are less specific (0–12h cap)."
13_24h_lactate_max,4,"A high lactate maximum at 13–24h strongly suggests ongoing or recurrent hypoperfusion/low output state, which is directly linked to subsequent creatinine rise after cardiac surgery."
0_12h_lactate_min,1,The minimum lactate is less informative for hypoperfusion burden than the maximum/trajectory and is prone to collinearity with other lactate summaries.
13_24h_lactate_min,1,A low lactate minimum does not capture the pathologic insult driving AKI; max (or sustained elevation) is the clinically relevant aggregation.
0_12h_lactate_measured,2,"More frequent lactate checks can reflect clinician concern for shock/low output, but it is a behavioral proxy and early post-op lactate monitoring is often routine."
13_24h_lactate_measured,2,"Increased lactate measurement frequency may indicate ongoing instability prompting surveillance, but it is indirect and should be down-weighted versus physiologic values."
25_36h_lactate_measured,2,"Frequent lactate monitoring late suggests persistent concern for hypoperfusion, but as a utilization feature it remains an indirect proxy rather than a mechanism."
0_12h_alkaline_phosphatase_mean,1,Alkaline phosphatase reflects cholestasis/hepatobiliary processes and is not a typical early driver or marker of AKI; early post-op changes are nonspecific.
0_12h_alkaline_phosphatase_max,2,"Alkaline phosphatase reflects hepatobiliary/bone processes and is not a direct AKI marker; early postoperative elevations may reflect systemic stress or cholestasis rather than renal injury. In the 0–12h epoch, transient derangements are common, so prognostic value for creatinine rise is limited."
0_12h_alkaline_phosphatase_min,1,"Low alkaline phosphatase has no established mechanistic link to postoperative AKI risk. As an early (0–12h) minimum, it is unlikely to capture a renal-relevant insult."
0_12h_alkaline_phosphatase_measured,1,"Measurement frequency mainly reflects ordering behavior and routine postoperative lab panels rather than kidney physiology. In 0–12h it is especially likely to be protocol-driven, not AKI-specific suspicion."
13_24h_alkaline_phosphatase_measured,1,"Repeat ALP ordering in 13–24h is still more reflective of general hepatic/metabolic monitoring than targeted AKI evaluation. As a behavioral proxy, it provides weak, indirect signal for creatinine trajectory."
25_36h_alkaline_phosphatase_measured,1,"Even closer to outcome, ALP measurement frequency is not a typical AKI surveillance test compared with creatinine/urine output. Thus it remains a weak behavioral proxy with limited renal specificity."
0_12h_red_cell_distribution_width_mean,2,"Higher RDW is associated with inflammation, anemia, and illness severity, which can correlate with AKI risk, but it is nonspecific. Mean values in 0–12h are also influenced by perioperative transfusion/hemodilution, limiting direct interpretability."
13_24h_red_cell_distribution_width_mean,2,"RDW can reflect ongoing systemic stress and has modest associations with adverse outcomes including AKI, but remains indirect. Using the mean reduces sensitivity to acute changes and adds collinearity with other RDW summaries."
25_36h_red_cell_distribution_width_mean,2,"Later RDW may track persistent inflammation/transfusion effects and overall severity, indirectly relating to AKI risk. However, the mean is still a smoothed, nonspecific marker and is less pathophysiologically tied to creatinine rise than hemodynamics or renal labs."
0_12h_red_cell_distribution_width_max,3,An elevated RDW maximum may better capture acute transfusion/hemolysis/inflammatory stress than the mean and can correlate with postoperative complications including AKI. Capped at 3 due to the 0–12h epoch where changes are often transient and perioperative.
13_24h_red_cell_distribution_width_max,3,"A higher RDW maximum in 13–24h may indicate ongoing physiologic stress, bleeding/transfusion, or inflammation, which are associated with AKI risk. As an extreme, it is more informative than the mean but remains indirect."
25_36h_red_cell_distribution_width_max,3,"Persistently high RDW maximum closer to hour 60 can reflect sustained illness severity and transfusion/inflammatory burden, which correlates with AKI risk. It is still not a direct renal biomarker, so importance is moderate."
0_12h_red_cell_distribution_width_min,1,RDW minimum is not a recognized trigger or marker for AKI and is largely uninformative clinically. In the immediate postoperative window it is especially susceptible to dilutional effects without renal specificity.
13_24h_red_cell_distribution_width_min,1,A low RDW minimum has no established relationship to renal hypoperfusion or tubular injury. It is unlikely to add meaningful predictive signal beyond other RDW summaries.
25_36h_red_cell_distribution_width_min,1,RDW minimum remains clinically nonspecific and not mechanistically linked to AKI development. It is unlikely to contribute independent information for creatinine_ratio prediction.
0_12h_red_cell_distribution_width_measured,1,"RDW measurement frequency is typically driven by routine CBC ordering after cardiac surgery rather than AKI-specific concern. As a behavioral proxy in 0–12h, it provides minimal renal prognostic value."
13_24h_red_cell_distribution_width_measured,1,"CBC/RDW rechecks in 13–24h usually reflect standard monitoring for anemia/bleeding rather than kidney injury surveillance. Therefore it is a weak, indirect indicator for subsequent creatinine rise."
25_36h_red_cell_distribution_width_measured,1,Measurement frequency reflects clinician ordering behavior rather than renal physiology; RDW ordering is not a specific AKI signal. At most it weakly proxies overall acuity/anemia workup.
0_12h_chloride_mean,2,"Hyperchloremia can contribute to renal vasoconstriction and AKI risk, but the early post-bypass period has transient electrolyte shifts and mean values dilute acute peaks. Prefer extremes over mean to capture clinically relevant chloride load."
13_24h_chloride_mean,2,"Sustained chloride elevation may reflect ongoing saline load and metabolic acidosis risk, but mean remains less informative than max/min for AKI-related insults. Collinearity control: cap because max/min better capture pathology."
25_36h_chloride_mean,2,"Closer to outcome, persistent hyperchloremia may matter, but mean still smooths clinically important excursions and is redundant with max/min. Use extremes to represent chloride-related renal perfusion effects."
0_12h_chloride_max,3,"Peak hyperchloremia can indicate high chloride fluid exposure and risk of hyperchloremic acidosis with renal vasoconstriction, but immediate post-op shifts are common and often transient. Early epoch cap applies."
13_24h_chloride_max,3,A high chloride peak in the trajectory phase suggests ongoing chloride-rich resuscitation and acid-base disturbance that can worsen renal perfusion. Still an indirect predictor rather than a direct kidney injury biomarker.
25_36h_chloride_max,4,Late peak hyperchloremia is a stronger signal of continued chloride load/acid-base derangement near the AKI window and may correlate with aggressive resuscitation and renal vasoconstriction. Extremes best capture this insult.
0_12h_chloride_min,2,Low chloride is less directly linked to AKI than hyperchloremia and may reflect dilution or diuretic effects early after surgery. Early epoch and indirect mechanism limit importance.
13_24h_chloride_min,2,Hypochloremia can accompany diuresis or metabolic alkalosis but is not a primary driver of post-cardiac surgery AKI. Provides limited incremental value compared with chloride maxima.
25_36h_chloride_min,2,"Late low chloride may reflect diuretic therapy or dilutional states, which are not specific for intrinsic kidney injury. Weak/indirect association with creatinine rise."
0_12h_chloride_measured,1,Frequency of chloride checks mainly reflects routine post-op lab protocols rather than AKI physiology. Early post-op labs are commonly ordered regardless of renal trajectory.
13_24h_chloride_measured,1,Ordering frequency is a behavioral proxy and chloride is typically monitored routinely in ICU patients. Not a specific indicator that AKI is imminent.
25_36h_chloride_measured,2,"More frequent electrolyte monitoring late may reflect clinician concern for instability/acid-base issues, which can co-occur with AKI. Still an indirect, non-physiologic proxy so kept low."
0_12h_hdl_cholesterol_measured,1,HDL measurement is not part of AKI evaluation and has no acute physiologic link to post-op creatinine rise. Likely reflects baseline lipid assessment rather than renal risk.
13_24h_hdl_cholesterol_measured,1,HDL ordering is unrelated to renal perfusion or nephrotoxicity in the ICU setting. Measurement frequency provides no meaningful AKI signal.
25_36h_hdl_cholesterol_measured,1,Late HDL measurement remains clinically disconnected from AKI mechanisms and is unlikely to be ordered for renal concerns. Provides negligible prognostic value for creatinine_ratio.
0_12h_percent_neutrophils_mean,1,Mean neutrophil percentage in the immediate post-op window is a nonspecific inflammation marker and not a direct driver of AKI. Early post-CPB leukocyte shifts are common and often transient.
13_24h_percent_neutrophils_mean,2,Persistently elevated neutrophil percentage may reflect ongoing inflammation/infection that can contribute indirectly to AKI risk. As a mean value it is nonspecific and less informative than clear clinical sepsis/hemodynamic variables.
0_12h_percent_neutrophils_max,2,"A high peak neutrophil percentage may indicate acute inflammatory stress, but in 0–12h it is frequently surgery/CPB-related and transient. It is an indirect, nonspecific AKI correlate at best."
13_24h_percent_neutrophils_max,2,"A higher peak in this trajectory phase can suggest evolving infection/inflammation, which can increase AKI risk indirectly. Still not a direct renal biomarker and prone to collinearity with other inflammatory markers."
0_12h_percent_neutrophils_min,1,Low neutrophil percentage early post-op is not a typical mechanistic predictor of AKI and is often driven by relative lymphocytosis or lab variability. Provides little renal-specific prognostic information.
13_24h_percent_neutrophils_min,1,Minimum neutrophil percentage is not an established AKI predictor and is generally nonspecific. It is unlikely to capture a renal-relevant insult compared with hemodynamics or nephrotoxins.
0_12h_percent_neutrophils_measured,1,Measurement frequency mainly reflects routine CBC ordering post-cardiac surgery rather than renal pathophysiology. In 0–12h it is standard-of-care and weakly tied to AKI suspicion.
13_24h_percent_neutrophils_measured,1,CBC/neutrophil monitoring frequency is largely a care-pattern variable and not a direct AKI mechanism. It may reflect general acuity but is too nonspecific to be strongly predictive.
25_36h_percent_neutrophils_measured,2,"More frequent neutrophil checks closer to the outcome can reflect clinician concern for infection/sepsis, which can precipitate AKI. Still a behavioral proxy and should remain low importance."
0_12h_albumin_mean,2,"Lower albumin can reflect hemodilution, capillary leak, and illness severity, which are indirectly associated with AKI risk. In the immediate post-op period it is heavily influenced by fluids/CPB, limiting specificity."
0_12h_albumin_max,1,A higher maximum albumin early post-op is not a recognized AKI risk signal and is often driven by baseline status or hemoconcentration. It is less pathologic than low albumin and adds redundancy.
0_12h_albumin_min,3,"A low albumin nadir can indicate significant hemodilution/capillary leak and higher severity, which correlates with AKI risk. Within 0–12h it is still partly transient, so capped at moderate importance."
0_12h_albumin_measured,1,Albumin measurement frequency is mostly practice-pattern and perioperative routine rather than a direct renal predictor. Early post-op ordering is common and not specific to impending AKI.
13_24h_albumin_measured,1,"Repeated albumin checks may reflect general acuity or nutritional/volume assessment, but it is not a direct AKI mechanism. As a behavioral proxy it should remain low importance."
25_36h_albumin_measured,2,"More frequent albumin monitoring closer to hour 60 can indicate clinician concern about ongoing capillary leak/volume status or severity, indirectly linked to AKI. Still primarily a care-pattern variable, not a biomarker."
0_12h_triglycerides_measured,1,Triglyceride measurement is not routinely tied to AKI prediction post-cardiac surgery and is often ordered for nutrition/propofol monitoring. It has minimal direct relationship to renal perfusion or injury.
13_24h_triglycerides_measured,1,"Triglycerides are not a direct driver of postoperative AKI, and the measured flag mainly reflects ordering behavior rather than renal physiology. At most it indicates nonspecific acuity or nutrition/lipid monitoring."
25_36h_triglycerides_measured,1,Ordering triglycerides is not a typical AKI surveillance action and has no direct mechanistic link to creatinine rise. As a _measured feature it is primarily a behavioral proxy and should be low importance.
0_12h_hemoglobin_mean,2,"Anemia/hemodilution can reduce oxygen delivery and contribute to renal ischemia, but early post-CPB values are often transient and diluted. Mean is less informative than the nadir for ischemic risk."
13_24h_hemoglobin_mean,2,"Sustained anemia may contribute to renal hypoxia, but the mean smooths clinically important lows and is collinear with min. In this trajectory phase it is a modest indirect predictor."
25_36h_hemoglobin_mean,2,"Later anemia can matter for renal oxygen delivery, but mean remains less pathophysiologically specific than the minimum hemoglobin. Capped to reduce redundancy with hemoglobin_min."
0_12h_hemoglobin_max,1,High hemoglobin is not a typical causal pathway for AKI in this setting and may reflect hemoconcentration or transfusion without clear directionality. Early postoperative variability further limits interpretability.
13_24h_hemoglobin_max,1,Hemoglobin maxima are not established predictors of AKI compared with anemia/nadir values. Likely reflects transfusion/diuresis rather than renal injury mechanism.
25_36h_hemoglobin_max,1,"A high hemoglobin later may indicate hemoconcentration but is not a direct or consistent predictor of creatinine rise. Less clinically relevant than hypotension, oliguria, or anemia nadir."
0_12h_hemoglobin_min,3,"The hemoglobin nadir captures acute anemia/hemodilution and reduced oxygen delivery, a plausible contributor to renal ischemia after cardiac surgery. In the immediate 0–12h period, derangements are common so score is conservatively capped."
13_24h_hemoglobin_min,3,"Persistent or worsening anemia in the 13–24h window can reflect ongoing bleeding/hemodilution and impaired oxygen delivery, increasing AKI risk. The minimum is the most pathophysiologically relevant aggregation versus mean/max."
25_36h_hemoglobin_min,4,"A low hemoglobin close to the outcome window suggests sustained anemia and reduced renal oxygen delivery, which is strongly associated with postoperative AKI risk. Minimum best captures the ischemic insult and is less redundant than mean/max."
0_12h_hemoglobin_measured,2,"More frequent hemoglobin checks reflect bleeding concern/transfusion management and overall acuity, which can correlate with AKI risk indirectly. As a measurement-frequency proxy it should remain low."
13_24h_hemoglobin_measured,2,"Frequent hemoglobin monitoring suggests ongoing instability (bleeding, transfusions), which can be associated with renal hypoperfusion risk. Still a behavioral/acuity marker rather than a direct renal mechanism."
25_36h_hemoglobin_measured,2,"Continued frequent hemoglobin checks late may indicate ongoing bleeding/transfusion needs and higher illness severity, indirectly linked to AKI. As a _measured feature it is capped low despite temporal proximity."
0_12h_teg_fibrinogen_activity_measured,1,TEG fibrinogen testing reflects coagulation management/bleeding evaluation rather than renal physiology. In 0–12h it is common post-cardiac surgery and not specific for AKI risk.
13_24h_teg_fibrinogen_activity_measured,1,Ordering TEG fibrinogen activity is primarily a bleeding/coagulopathy workup signal and not a direct predictor of creatinine rise. As a measured/behavioral feature it has weak specificity for AKI.
25_36h_teg_fibrinogen_activity_measured,1,Measurement frequency reflects clinician concern about coagulation/bleeding rather than renal physiology. It has no direct mechanistic link to creatinine rise and should be treated as a weak behavioral proxy.
0_12h_activated_clotting_time_mean,2,"ACT reflects anticoagulation/heparin effect during/after bypass and bleeding risk, not kidney injury directly. In the immediate 0–12h window it is often transient and less informative for later AKI."
0_12h_activated_clotting_time_max,2,"Extreme ACT elevations may indicate excessive anticoagulation or coagulopathy and correlate with complex surgery/CPB exposure, indirectly increasing AKI risk. However it is not a direct renal perfusion marker and early post-op values are often protocol-driven."
0_12h_activated_clotting_time_min,1,Low ACT mainly signals inadequate anticoagulation or sampling/protocol variation and is not a recognized driver of postoperative AKI. It provides little specific information about renal hypoperfusion or nephrotoxicity.
0_12h_activated_clotting_time_measured,1,"Number of ACT checks is largely protocolized around CPB/heparin reversal and bleeding management. As a behavioral frequency metric it has weak, nonspecific association with AKI."
13_24h_activated_clotting_time_measured,1,Ongoing ACT measurement frequency reflects anticoagulation/bleeding management intensity rather than kidney function. As a _measured feature it should be low importance for predicting creatinine ratio.
25_36h_activated_clotting_time_measured,1,Late ACT measurement frequency may indicate continued anticoagulation or bleeding concern but is not a physiologic AKI marker. It remains a weak behavioral proxy and not a direct predictor of creatinine rise.
0_12h_aspartate_aminotransferase_mean,2,"AST elevation can reflect hepatic/ischemic injury from low-flow states that may co-occur with renal hypoperfusion, but mean values dilute acute insults. In 0–12h it is also influenced by surgical trauma and hemolysis, limiting specificity for AKI."
0_12h_aspartate_aminotransferase_max,3,"A high AST peak early after surgery can signal significant ischemic hepatitis/low cardiac output or hemolysis, which are associated with subsequent AKI risk. Still, in the immediate 0–12h period it is nonspecific and capped by the epoch rule."
0_12h_aspartate_aminotransferase_min,1,Low/normal AST is not informative for AKI risk and does not capture pathologic insult. Minimum values add redundancy without mechanistic relevance.
0_12h_aspartate_aminotransferase_measured,1,"Frequency of AST checks reflects clinician monitoring for hepatic injury/hemolysis rather than renal dysfunction. As a _measured feature it is a weak, nonspecific acuity proxy."
13_24h_aspartate_aminotransferase_measured,1,Repeated AST ordering in 13–24h suggests ongoing concern for hepatic injury but is not directly tied to kidney injury mechanisms. Measurement frequency should remain low importance.
25_36h_aspartate_aminotransferase_measured,2,"Late frequent AST monitoring may indicate persistent shock/organ dysfunction, which can co-occur with AKI risk, but it remains an indirect behavioral proxy. Therefore it should not be scored above 2."
0_12h_total_protein_mean,2,"Total protein reflects dilution from fluids, nutritional status, and capillary leak; these can correlate with illness severity and renal congestion but are indirect. Mean values in 0–12h are heavily influenced by perioperative fluid shifts."
0_12h_total_protein_max,1,Higher total protein is generally not a trigger for AKI and may reflect hemoconcentration or lab variability. It is not a recognized postoperative AKI predictor in this early window.
0_12h_total_protein_min,2,"Low total protein can indicate hemodilution from aggressive resuscitation or capillary leak, indirectly associated with worse outcomes including AKI. However it is nonspecific and early post-op values are often transient."
0_12h_total_protein_measured,1,Measurement frequency of total protein mainly reflects ordering behavior and is not a direct AKI mechanism. In the immediate 0–12h post-op window it is unlikely to add specific prognostic value for creatinine rise.
13_24h_total_protein_measured,1,Ordering frequency for total protein is a weak proxy for acuity and not kidney-specific. It has no established direct link to subsequent creatinine_ratio.
25_36h_total_protein_measured,2,"More frequent total protein checks late may reflect concern for nutrition/hemodilution or hepatic issues, but remains an indirect, non-renal marker. As a _measured feature it should be low importance."
0_12h_hemoglobin_a1c_measured,1,HbA1c measurement indicates diabetes assessment but the act of measuring (not the value) is not physiologic and is weakly informative. In 0–12h it is largely routine/background.
13_24h_hemoglobin_a1c_measured,1,HbA1c ordering frequency is not a direct driver of AKI and mostly reflects baseline comorbidity documentation. As a behavioral proxy it should be minimal importance.
25_36h_hemoglobin_a1c_measured,1,Late HbA1c measurement is still an ordering behavior feature and not a renal perfusion/toxin marker. It provides little incremental signal for creatinine_ratio.
0_12h_co2_mean,2,"Mean serum CO2 (bicarbonate) reflects acid–base status, but early post-op values are often transiently affected by ventilation, fluids, and bypass. Mean is also less sensitive than extremes for detecting clinically relevant acidosis."
13_24h_co2_mean,2,"Sustained bicarbonate abnormalities can correlate with shock/renal dysfunction, but the mean smooths important insults and is less specific than minima. In 13–24h it is a modest indirect marker."
25_36h_co2_mean,2,"Late persistent low bicarbonate can accompany evolving AKI or ongoing hypoperfusion, but mean remains collinear with more informative extremes. Prefer CO2_min for capturing clinically relevant metabolic acidosis."
0_12h_co2_max,1,High bicarbonate/CO2 is generally less indicative of AKI risk than low values and may reflect diuresis/alkalosis or ventilation effects. In 0–12h it is unlikely to be a meaningful predictor.
13_24h_co2_max,1,CO2_max captures alkalosis rather than the acidemia associated with hypoperfusion and AKI. It is not a strong mechanistic predictor of creatinine rise.
25_36h_co2_max,1,"Even close to outcome, elevated CO2 is not a typical trigger/marker for AKI compared with low bicarbonate. It is likely redundant and low-yield."
0_12h_co2_min,3,"Low bicarbonate (CO2_min) can indicate metabolic acidosis from hypoperfusion/lactate and is more pathophysiologically linked to AKI than mean/max. However, in 0–12h post-bypass derangements are common/transient so the score is capped."
13_24h_co2_min,4,"A low CO2_min in 13–24h suggests persistent metabolic acidosis from ongoing shock, sepsis, or renal dysfunction, which strongly predicts later creatinine rise. This extreme better captures pathology than the mean."
25_36h_co2_min,4,"Low CO2_min in 25–36h is a leading indicator of ongoing hypoperfusion and/or impaired renal acid handling, both strongly associated with subsequent AKI and higher creatinine_ratio. As an extreme, it is more informative than mean/max."
0_12h_co2_measured,2,"More frequent CO2 checks may reflect clinician concern for acid–base instability or shock, but it is a behavioral proxy rather than a mechanism. In the immediate post-op period frequent labs are common, limiting specificity."
13_24h_co2_measured,1,Measurement frequency reflects clinician monitoring rather than a direct physiologic driver of AKI. CO2 checks may increase with respiratory instability but are not specific for predicting creatinine rise.
25_36h_co2_measured,2,"More frequent CO2 monitoring late may proxy higher acuity (e.g., ventilatory failure/shock), which can co-occur with renal hypoperfusion. Still a behavioral marker and not kidney-specific."
0_12h_bnp_measured,2,"Ordering BNP early post-op suggests concern for heart failure/volume overload, which can contribute to renal congestion, but this is indirect. As a measured/ordered indicator in the immediate post-op window, it is nonspecific and capped."
13_24h_bnp_measured,2,"BNP ordering in the trajectory phase may indicate evolving cardiac dysfunction/venous congestion that can worsen renal function. However, it remains a clinician-behavior proxy rather than a physiologic measurement."
25_36h_bnp_measured,2,"Late BNP ordering can reflect suspected persistent heart failure/volume overload, which is relevant to cardiorenal AKI risk. Still, as a measured feature it is indirect and not a biomarker of kidney injury."
0_12h_pco2_mean,1,"Average PCO2 in the immediate post-op period is heavily influenced by ventilation strategy and transient anesthesia effects. It has weak, nonspecific linkage to AKI compared with hemodynamics and renal labs."
13_24h_pco2_mean,2,Sustained hypercapnia can reflect ongoing respiratory failure and acidosis that may accompany shock or low perfusion states. Mean values smooth extremes and are less informative than max/min for acute insults.
25_36h_pco2_mean,2,Persistently abnormal PCO2 closer to outcome may indicate ongoing critical illness that correlates with AKI risk. Mean aggregation is still indirect and less predictive than extremes.
0_12h_pco2_max,2,"Episodes of marked hypercapnia can signal hypoventilation and respiratory acidosis, which may worsen renal perfusion indirectly. In the immediate post-op window these derangements are often transient, limiting predictive value."
13_24h_pco2_max,3,"High PCO2 spikes during 13–24h may indicate evolving respiratory failure and acidemia, often coexisting with hemodynamic instability that increases AKI risk. Max captures acute insults better than mean."
25_36h_pco2_max,3,"Late hypercapnic extremes suggest persistent ventilatory failure and acid-base stress near the time AKI declares, correlating with severity of illness and potential renal hypoperfusion. Still indirect rather than kidney-specific."
0_12h_pco2_min,1,Low PCO2 early is commonly due to ventilator settings/hyperventilation and is not a typical direct trigger for AKI. Immediate post-op variability makes it a weak predictor.
13_24h_pco2_min,2,"Hypocapnia may reflect aggressive ventilation or pain/anxiety and is not a primary AKI mechanism, though it can accompany instability. Min captures extremes but remains nonspecific."
25_36h_pco2_min,2,"Late hypocapnic extremes may indicate ongoing ventilatory dysregulation or compensation for metabolic acidosis, indirectly associated with critical illness. It is not a direct renal injury marker."
0_12h_pco2_measured,1,"Frequency of PCO2 checks reflects monitoring intensity (e.g., ventilated patients) rather than a causal pathway to AKI. In the first 12 hours this is routine post-cardiac surgery care."
13_24h_pco2_measured,1,More frequent PCO2 measurement indicates ongoing ventilatory management/acuity but is not kidney-specific. As a behavioral proxy it provides limited incremental value for predicting creatinine ratio.
25_36h_pco2_measured,2,"Measurement frequency reflects clinician concern/acuity (e.g., ventilatory instability, shock workup) rather than a direct renal mechanism. Could correlate with severity of illness that predisposes to AKI, but is indirect."
0_12h_indirect_bilirubin_measured,1,Ordering indirect bilirubin early post-op is mostly a nonspecific marker of hemolysis/hepatic dysfunction workup and is not directly linked to AKI. As a _measured feature it mainly reflects clinician behavior; early window also has many transient derangements.
13_24h_indirect_bilirubin_measured,2,"More frequent bilirubin testing may indicate ongoing hemolysis or hepatic congestion from low cardiac output, which can co-occur with renal hypoperfusion. Still a behavioral proxy rather than a kidney-specific predictor."
25_36h_indirect_bilirubin_measured,2,"Late repeated bilirubin checks can signal persistent hemolysis/hepatic dysfunction and overall severity (e.g., low-flow state) that increases AKI risk. However it remains an ordering-frequency proxy, not a direct renal biomarker."
0_12h_calcium_mean,2,"Mean calcium in the immediate post-bypass period is often influenced by transfusion/citrate and replacement protocols and is not a primary AKI driver. Extremes would be more informative than the mean, and early epoch limits importance."
13_24h_calcium_mean,2,"Sustained average calcium abnormalities may reflect ongoing critical illness, but mean values dilute clinically relevant hypo/hypercalcemic episodes. Indirect association with AKI via severity of illness rather than direct causation."
25_36h_calcium_mean,2,"Late mean calcium may correlate with nutrition/albumin shifts and replacement practices; it is not a strong mechanistic predictor of AKI. Extremes (min/max) better capture clinically meaningful derangements, so mean is capped for collinearity."
0_12h_calcium_max,2,"Early hypercalcemia is uncommon and usually iatrogenic; it is not a typical trigger for post-cardiac surgery AKI. In the 0–12h window, transient lab shifts are common and less prognostic."
13_24h_calcium_max,2,Calcium maxima may reflect aggressive replacement or lab variability and have limited direct linkage to AKI. Any association is likely through overall illness severity rather than renal-specific pathology.
25_36h_calcium_max,2,"Late hypercalcemia can occur with over-replacement but is not a standard predictor of AKI after cardiac surgery. Compared with hypocalcemia or hemodynamic markers, it is a weak/indirect signal."
0_12h_calcium_min,3,"Hypocalcemia is common post-CPB (hemodilution/citrate) and can worsen myocardial contractility and hypotension, indirectly reducing renal perfusion. Still early and often transient, so capped at moderate importance."
13_24h_calcium_min,3,Persistently low calcium in the trajectory phase may indicate ongoing transfusion/citrate load or critical illness and can contribute to hemodynamic instability affecting renal perfusion. More informative than mean/max but still indirect for AKI.
25_36h_calcium_min,3,"Late hypocalcemia may signal ongoing critical illness and can impair cardiac output/vascular tone, indirectly increasing AKI risk via renal hypoperfusion. It is not a direct renal biomarker, but the minimum captures the clinically relevant extreme."
0_12h_calcium_measured,1,Frequency of calcium checks early post-op largely reflects routine ICU/CPB electrolyte monitoring and replacement protocols. As a _measured feature it is a weak behavioral proxy and not kidney-specific.
13_24h_calcium_measured,1,Ongoing calcium measurement frequency is typically protocolized in post-cardiac surgery care and does not specifically indicate impending AKI. It is primarily clinician behavior rather than physiology.
25_36h_calcium_measured,2,"More frequent late calcium checks may reflect instability or ongoing electrolyte replacement needs, which can correlate with higher acuity and AKI risk. Still an ordering-frequency proxy, so kept low."
0_12h_partial_thromboplastin_time_mean,2,"PTT reflects anticoagulation/coagulopathy and bleeding risk, which can indirectly affect renal perfusion via shock/transfusion. In the immediate 0–12h post-CPB period it is often transiently abnormal and the mean is less informative than extremes."
25_36h_partial_thromboplastin_time_mean,2,"Persistently abnormal PTT may indicate ongoing coagulopathy/heparin effect and higher illness severity, indirectly relating to AKI risk. The mean is still a nonspecific marker compared with hemodynamics/renal labs."
0_12h_partial_thromboplastin_time_max,3,"Markedly elevated PTT early can signal excessive anticoagulation or coagulopathy with bleeding/transfusion needs, which can precipitate hypotension and renal hypoperfusion. Capped by the 0–12h epoch where abnormalities are common postoperatively."
25_36h_partial_thromboplastin_time_max,3,"A high PTT closer to the outcome may reflect ongoing bleeding risk, heparin exposure, or hepatic dysfunction and correlates with severity of illness that can contribute to AKI. Still indirect rather than a renal-specific biomarker."
0_12h_partial_thromboplastin_time_min,1,Low/normal PTT is not a typical driver of postoperative AKI and is often clinically uninformative for renal prediction. Extremes on the low end mainly relate to thrombosis risk rather than renal perfusion.
25_36h_partial_thromboplastin_time_min,1,"A low PTT is not a recognized direct predictor of AKI after cardiac surgery. It provides little renal-specific signal compared with hypotension, lactate, urine output, or creatinine trends."
0_12h_partial_thromboplastin_time_measured,1,Measurement frequency mainly reflects routine post-cardiac surgery anticoagulation monitoring rather than kidney physiology. In 0–12h it is standard-of-care and weakly tied to AKI risk.
13_24h_partial_thromboplastin_time_measured,1,"More frequent PTT checks may indicate concern for bleeding/heparin titration, but it is primarily a care-process marker. It is not a direct mechanistic predictor of AKI."
25_36h_partial_thromboplastin_time_measured,2,"Repeated PTT monitoring late may reflect ongoing instability (bleeding, anticoagulation, ECMO/IABP) and thus higher AKI risk via severity of illness. Still a behavioral proxy, not a physiologic renal marker."
0_12h_absolute_monocyte_count_mean,1,Monocyte count is a nonspecific inflammatory marker and not an established early predictor of cardiac-surgery AKI. The mean in the immediate postoperative window is unlikely to add renal-specific signal.
13_24h_absolute_monocyte_count_mean,1,Average monocyte count reflects generalized inflammation/stress but has weak and indirect linkage to AKI compared with hemodynamics and renal labs. Mean aggregation further dilutes any acute signal.
0_12h_absolute_monocyte_count_max,2,"A high monocyte count may indicate heightened inflammatory response (e.g., SIRS/infection) that can contribute to AKI risk. In 0–12h post-CPB leukocyte shifts are common, so predictive value is limited."
13_24h_absolute_monocyte_count_max,2,"An elevated monocyte maximum may suggest evolving inflammation/infection, which can increase AKI risk via cytokine-mediated injury and hemodynamic effects. Still indirect and nonspecific."
0_12h_absolute_monocyte_count_min,1,Low monocyte counts are not a typical driver or marker of postoperative AKI. Early postoperative leukocyte nadirs are common and not renal-specific.
13_24h_absolute_monocyte_count_min,1,A low monocyte minimum is generally nonspecific and not an established predictor of AKI after cardiac surgery. It provides little mechanistic information about renal perfusion or injury.
0_12h_absolute_monocyte_count_measured,1,Frequency of monocyte measurement is largely determined by routine CBC ordering rather than targeted AKI concern. It is a weak behavioral proxy with minimal renal-specific relevance.
13_24h_absolute_monocyte_count_measured,1,Measurement frequency mainly reflects ordering behavior/acuity rather than a physiologic driver of AKI. Monocyte count ordering is not a specific AKI signal in this context.
25_36h_absolute_monocyte_count_measured,1,Test frequency is a weak proxy for clinician concern and is not mechanistically linked to creatinine rise. Not specific for renal hypoperfusion or nephrotoxicity.
0_12h_phosphorus_mean,2,"Phosphorus can rise with reduced GFR/catabolism, but early post-op means are diluted by fluids/transient shifts. In the 0–12h epoch, abnormalities are common and nonspecific for later AKI."
13_24h_phosphorus_mean,2,"Sustained phosphorus elevation may reflect evolving renal dysfunction, but the mean can miss clinically important spikes. Mid-epoch signal is moderate and less proximal to the 60h creatinine outcome."
25_36h_phosphorus_mean,2,"Later phosphorus trends can correlate with impaired renal clearance, but mean is less sensitive than maxima for detecting early AKI physiology. Capped to reduce collinearity with phosphorus_max as the more pathologic aggregation."
0_12h_phosphorus_max,3,"An early phosphorus spike can indicate reduced renal clearance or high cell breakdown, both associated with AKI risk. However, in the immediate post-bypass period this can be transient, so importance is conservatively limited."
13_24h_phosphorus_max,4,A phosphorus maximum in this trajectory phase can capture evolving impaired GFR and is more sensitive than the mean for early AKI. Still not a definitive biomarker but a strong supportive signal.
25_36h_phosphorus_max,4,A late phosphorus spike close to the outcome window is a strong indicator of reduced renal clearance and impending creatinine rise. Max captures acute deterioration better than mean/min and is clinically meaningful for AKI risk.
0_12h_phosphorus_min,1,"Low phosphorus is more often due to dilution, insulin shifts, or refeeding and is not a typical trigger/marker of AKI. Early post-op minima are common and nonspecific."
13_24h_phosphorus_min,1,Phosphorus minima do not capture the renal-failure physiology as well as maxima. Low values are not established predictors of postoperative AKI.
25_36h_phosphorus_min,1,Even late low phosphorus is not a direct marker of reduced GFR and is less relevant than elevated phosphorus for AKI prediction. Provides limited incremental information versus other renal/hemodynamic features.
0_12h_phosphorus_measured,1,Measurement count reflects monitoring intensity rather than kidney function itself. Early post-op labs are routine and not specific for impending AKI.
13_24h_phosphorus_measured,1,Ordering frequency is a weak behavioral proxy and not a physiologic predictor of creatinine rise. Phosphorus checks may be routine in ICU electrolyte protocols.
25_36h_phosphorus_measured,2,"More frequent phosphorus checks late may reflect clinician concern for renal dysfunction/electrolyte derangements, but it remains an indirect proxy. Scored low per measured-feature rule."
0_12h_absolute_neutrophil_count_mean,2,"Neutrophilia reflects inflammation/stress response and may correlate with postoperative complications that secondarily affect kidneys. In the immediate 0–12h period it is expected and nonspecific, so conservatively scored."
13_24h_absolute_neutrophil_count_mean,2,"Persistent leukocytosis can indicate infection/SIRS, which can contribute to AKI via hemodynamic and inflammatory pathways. Mean ANC is still indirect and not a primary AKI driver."
0_12h_absolute_neutrophil_count_max,2,"Post-op neutrophilia reflects inflammation/stress and may correlate with illness severity, but is not a direct AKI driver. In the immediate 0–12h window it is often transient after surgery/CPB, so prognostic value is limited."
13_24h_absolute_neutrophil_count_max,3,"Persistently high neutrophils in 13–24h can indicate ongoing systemic inflammation or infection, which increases AKI risk via cytokine-mediated injury and hemodynamic instability. Still indirect and nonspecific."
0_12h_absolute_neutrophil_count_min,1,Low neutrophil counts are not a typical mechanistic predictor of post-cardiac surgery AKI. Early post-op minima are often lab/volume related and not kidney-specific.
13_24h_absolute_neutrophil_count_min,1,Neutropenia/minimum ANC is not an established predictor of AKI in this setting and is more relevant to infection/hematologic issues. Any association with AKI would be indirect and weak.
0_12h_absolute_neutrophil_count_measured,1,Measurement frequency mainly reflects routine post-op CBC monitoring rather than renal pathophysiology. In 0–12h it is standard-of-care and not specific for impending AKI.
13_24h_absolute_neutrophil_count_measured,1,CBC ordering frequency is largely a care-pattern/acuity proxy and not a direct AKI mechanism. At 13–24h it may reflect concern for infection but remains nonspecific.
25_36h_absolute_neutrophil_count_measured,2,"More frequent ANC checks at 25–36h can reflect escalating concern for infection/sepsis, which is a strong AKI risk context. Still a behavioral proxy rather than a physiologic biomarker."
0_12h_troponin_measured,1,"Troponin measurement frequency reflects surveillance for perioperative MI/ischemia, not kidney injury directly. In 0–12h it is commonly protocolized after cardiac surgery."
13_24h_troponin_measured,1,"Ordering frequency is a clinician-behavior proxy for suspected myocardial injury and hemodynamic risk, but remains indirect for AKI. Not a physiologic measure of renal perfusion."
25_36h_troponin_measured,2,Continued troponin testing at 25–36h may indicate ongoing myocardial ischemia/low-output concerns that can precipitate AKI. Still indirect and should be low-weight as a measured feature.
0_12h_po2_mean,2,"Sustained hypoxemia can worsen renal medullary oxygenation and contribute to AKI, but early post-op oxygenation is heavily influenced by ventilation/FiO2 and transient atelectasis. Mean values also smooth short insults."
13_24h_po2_mean,2,"Ongoing lower average PaO2 may reflect pulmonary dysfunction and overall severity, which can increase AKI risk indirectly. Mean PaO2 is less informative than extremes for acute hypoxemic insults."
25_36h_po2_mean,3,"In the 25–36h window, persistently low average PaO2 suggests sustained hypoxemia/respiratory failure, which is associated with higher AKI risk via systemic hypoxia and hemodynamic stress. Still indirect and influenced by ventilator management."
0_12h_po2_max,1,"High PaO2 maxima usually reflect high FiO2 administration rather than pathology driving AKI. As an extreme, hyperoxemia is not a primary established trigger for post-op AKI compared with hypotension or low cardiac output."
13_24h_po2_max,1,PaO2 maxima are largely determined by ventilator/FiO2 settings and do not capture hypoxemic injury risk. Provides little incremental AKI signal and is collinear with other oxygenation measures.
25_36h_po2_max,1,A high PaO2 maximum near 25–36h is more reflective of oxygen therapy intensity than renal risk physiology. It is less relevant than low PaO2 extremes or sustained hypoxemia for AKI prediction.
0_12h_po2_min,2,"Low PaO2 can contribute to systemic hypoxia and renal ischemia, but early post-op hypoxemia is often transient and confounded by ventilation/atelectasis. In the 0–12h epoch, treat as an indirect AKI risk signal."
13_24h_po2_min,2,"Persistent hypoxemia may reflect ongoing cardiopulmonary dysfunction that can worsen renal oxygen delivery, but it is still an indirect marker rather than a kidney-specific driver. Minimum PaO2 is the most relevant aggregation versus mean for acute insults."
25_36h_po2_min,3,"Late-window hypoxemia closer to hour 60 can indicate sustained respiratory/cardiac failure and reduced renal oxygen delivery, increasing AKI risk. The minimum captures episodic severe hypoxia better than the mean for renal ischemic stress."
0_12h_po2_measured,1,Measurement frequency mainly reflects clinician monitoring intensity (acuity/ventilator titration) rather than a physiologic mechanism for AKI. Early post-op ABG frequency is routine in many cardiac ICU patients.
13_24h_po2_measured,1,ABG ordering frequency is a behavioral proxy for instability and is not a direct renal injury predictor. In this epoch it remains largely driven by ventilator management practices.
25_36h_po2_measured,2,"More frequent PaO2 checks late may indicate ongoing respiratory failure or shock concern, which can correlate with AKI risk, but it remains an indirect clinician-behavior marker. Therefore capped low per the _measured rule."
0_12h_potassium_mean,2,"Potassium abnormalities can accompany AKI or tissue injury, but the mean blunts clinically important peaks and early post-op shifts are common from transfusion/CPB/acid-base changes. Collinearity-wise, extremes are more informative than mean."
13_24h_potassium_mean,2,"Average potassium over 13–24h is an indirect signal of renal handling and overall illness, but it is less sensitive than maximum for early hyperkalemia from evolving AKI. Kept low to avoid redundancy with max/min."
25_36h_potassium_mean,2,"Sustained potassium elevation can reflect impaired renal excretion, but mean still dilutes clinically meaningful hyperkalemic episodes and is collinear with max. Use extremes as the primary pathology-capturing aggregation."
0_12h_potassium_max,3,"Hyperkalemia peaks can be an early marker of impaired renal excretion or severe tissue injury/hemolysis after cardiac surgery, both associated with AKI risk. In 0–12h, however, it is often transient and treatment-responsive, so capped at 3."
13_24h_potassium_max,3,A high potassium maximum in the trajectory phase suggests evolving renal dysfunction or ongoing shock/hemolysis and is more informative than mean. Still not kidney-specific enough for a 4 in this epoch.
25_36h_potassium_max,4,Late-window hyperkalemia is a strong indicator of reduced renal clearance and/or severe ongoing illness and is temporally close to the creatinine outcome. Maximum captures the clinically relevant insult better than mean/min.
0_12h_potassium_min,2,"Hypokalemia is usually related to diuretics/insulin shifts and is not a direct AKI biomarker; it may reflect aggressive management rather than renal injury. Early post-op electrolyte swings are common, limiting specificity."
13_24h_potassium_min,2,"Low potassium can indicate diuretic exposure or intracellular shifts and may correlate with treatment intensity, but it is not a primary driver of AKI. Minimum is less directly linked to renal failure than maximum."
25_36h_potassium_min,2,"Late hypokalemia may reflect ongoing diuresis or alkalosis rather than intrinsic renal injury, and has weak direct linkage to rising creatinine. Kept low to prioritize hyperkalemia extremes as the more pathologic signal."
0_12h_potassium_measured,1,"Potassium check frequency is largely protocolized after cardiac surgery and reflects monitoring intensity rather than a causal pathway to AKI. Per the _measured rule, it should remain low importance."
13_24h_potassium_measured,2,Measurement frequency reflects clinician concern for electrolyte/renal issues rather than kidney injury itself. In the 13–24h window it may proxy evolving instability/AKI risk but is indirect.
25_36h_potassium_measured,2,"More frequent potassium checks closer to hour 60 can indicate concern for renal dysfunction or arrhythmia risk, but it is still a behavioral proxy rather than a physiologic driver. Keep low to avoid over-weighting ordering patterns."
0_12h_total_bilirubin_mean,2,"Hyperbilirubinemia can reflect hepatic congestion/low cardiac output and systemic illness that correlate with AKI risk, but mean values early post-op are nonspecific. In 0–12h, transient changes are common so relevance is limited."
0_12h_total_bilirubin_max,3,An early peak bilirubin may better capture acute hypoperfusion/hemolysis from CPB and early shock physiology that can contribute to AKI. Still capped by the 0–12h epoch where derangements may be transient.
0_12h_total_bilirubin_min,1,The minimum bilirubin in the immediate post-op period is not a marker of renal hypoperfusion or injury. It adds little beyond other summaries and is unlikely to predict creatinine rise.
0_12h_total_bilirubin_measured,1,"Ordering frequency for bilirubin mainly reflects routine post-op labs or concern for hepatic dysfunction, not a direct AKI mechanism. As a behavioral proxy in 0–12h it has weak specificity for later creatinine rise."
13_24h_total_bilirubin_measured,1,"Repeat bilirubin testing may indicate ongoing concern for hepatic dysfunction/hemolysis, but it is not a direct renal biomarker. As a measured feature it should remain low importance."
25_36h_total_bilirubin_measured,2,"More frequent bilirubin checks late may reflect persistent shock/congestion or hemolysis, which can co-occur with AKI risk, but it remains an indirect behavioral signal. Score kept low per measured-feature rule."
0_12h_rbc_count_mean,2,"Lower RBC count/anemia can worsen renal oxygen delivery and correlate with bleeding/transfusion, but the mean in 0–12h is diluted by perioperative fluid shifts. Early post-op anemia is common and not specific for AKI."
13_24h_rbc_count_mean,2,"Sustained anemia in 13–24h may reflect ongoing bleeding/hemodilution and reduced oxygen delivery, indirectly increasing AKI risk. Mean aggregation is less sensitive than extremes for acute insults."
25_36h_rbc_count_mean,3,"Persistently low RBC count closer to hour 60 can indicate ongoing anemia/critical illness and impaired oxygen delivery, which is more relevant to renal ischemia risk. Mean is acceptable here but still less specific than a nadir."
0_12h_rbc_count_max,1,A high RBC count early is usually hemoconcentration and is not a typical driver of post-cardiac surgery AKI compared with hypotension/low output. Max adds limited pathophysiologic signal in 0–12h.
13_24h_rbc_count_max,1,Higher RBC count is generally not a recognized predictor of AKI in this context and may reflect diuresis/hemoconcentration. It is less informative than low RBC (anemia) for renal oxygen delivery.
25_36h_rbc_count_max,1,RBC maxima late are not a direct marker of renal injury and are less clinically relevant than anemia or hemodynamic variables. Likely redundant/noisy for predicting creatinine ratio.
0_12h_rbc_count_min,3,"The nadir RBC count captures acute anemia from bleeding/hemodilution/transfusion needs, which can impair renal oxygen delivery and associate with AKI risk. Capped at 3 due to the 0–12h epoch where changes may be transient."
13_24h_rbc_count_min,4,"A low RBC nadir in 13–24h suggests persistent or worsening anemia/bleeding and reduced oxygen delivery during the trajectory phase, which is more predictive of subsequent AKI than averages. Strong indirect-to-direct link via renal ischemia risk, within the epoch cap of 4."
25_36h_rbc_count_min,3,"Low RBC count (anemia/bleeding/hemodilution) can reduce renal oxygen delivery and is associated with transfusion and hemodynamic instability, both linked to AKI. The minimum in the closest window best captures clinically relevant nadir anemia."
0_12h_rbc_count_measured,1,"Measurement frequency mainly reflects routine post-op monitoring and clinician behavior rather than a direct AKI mechanism. In the immediate 0–12h period, labs are commonly ordered regardless of renal trajectory."
13_24h_rbc_count_measured,1,Ordering frequency is a weak proxy for acuity and is not a physiologic driver of AKI. CBC checks remain common in this phase after cardiac surgery.
25_36h_rbc_count_measured,2,"More frequent RBC checks late may reflect ongoing bleeding/transfusion needs or instability, which can correlate with AKI risk, but it remains an indirect behavioral marker. Therefore it should be kept low relative to actual RBC values."
0_12h_d_dimer_measured,1,"D-dimer ordering is a nonspecific marker of suspected thrombosis/consumption and is not a direct predictor of creatinine rise. In the immediate post-bypass period, coagulation testing is often routine."
13_24h_d_dimer_measured,1,"Test ordering reflects clinician concern (e.g., thrombosis/PE/DIC) but is not a direct renal biomarker. Its relationship to AKI is indirect and confounded by overall illness severity."
25_36h_d_dimer_measured,2,"Late D-dimer ordering may indicate evolving thrombotic/consumptive processes or complications that can contribute to renal hypoperfusion or microthrombi, but it is still an indirect behavioral proxy. Keep low per the _measured rule."
0_12h_teg_activated_clotting_time_measured,1,TEG ACT measurement frequency primarily reflects perioperative coagulation management and transfusion guidance rather than kidney injury physiology. In 0–12h it is commonly obtained around surgery/bleeding concerns.
13_24h_teg_activated_clotting_time_measured,1,"Ordering frequency is a weak, indirect marker of bleeding/coagulopathy management and not a direct predictor of creatinine ratio. It mainly captures clinician behavior."
25_36h_teg_activated_clotting_time_measured,2,"Late TEG ACT checks may signal ongoing bleeding/transfusion or coagulopathy, which can accompany shock and AKI risk, but measurement frequency remains indirect. Thus it should not be weighted highly."
0_12h_percent_immature_granulocyte_mean,2,"Immature granulocytes can reflect systemic inflammation/infection, which can contribute to AKI via sepsis-associated mechanisms, but early post-op inflammation is common and nonspecific. Mean values also smooth transient spikes, limiting signal."
13_24h_percent_immature_granulocyte_mean,2,"Persistent elevation may suggest evolving infection/inflammation that increases AKI risk, but the mean is less sensitive than extremes and remains nonspecific. Therefore only modest importance."
0_12h_percent_immature_granulocyte_max,3,"A high peak immature granulocyte percentage may better capture an early inflammatory/septic signal than the mean, which can be associated with AKI risk. However, in 0–12h post-cardiac surgery this can be transient and noninfectious, capping importance."
13_24h_percent_immature_granulocyte_max,3,"A peak in this trajectory phase may indicate worsening inflammation/infection, which is a recognized contributor to AKI. Max is preferred over mean/min for capturing clinically meaningful spikes while staying below the epoch cap."
0_12h_percent_immature_granulocyte_min,1,The minimum immature granulocyte percentage is not pathologic and does not capture AKI-relevant inflammatory insults. It is also redundant given max/mean features.
13_24h_percent_immature_granulocyte_min,1,Low/min values are not informative for AKI risk and add collinearity without capturing the relevant inflammatory signal. Max is the more clinically meaningful aggregation.
0_12h_percent_immature_granulocyte_measured,1,Measurement frequency of immature granulocytes mainly reflects clinician concern for infection/inflammation rather than renal physiology. In the immediate 0–12h post-op window it is nonspecific for predicting later creatinine rise.
13_24h_percent_immature_granulocyte_measured,1,Ordering frequency is a weak behavioral proxy for acuity and not a direct AKI mechanism. At 13–24h it remains nonspecific for subsequent creatinine ratio.
25_36h_percent_immature_granulocyte_measured,2,"More frequent checks may indicate evolving sepsis/SIRS, which can contribute to AKI risk, but this is indirect and confounded by overall illness severity. As a _measured feature it should remain low importance."
0_12h_teg_fibrinolysis_measured,1,Whether TEG fibrinolysis was measured reflects bleeding/coagulopathy evaluation rather than kidney perfusion or nephrotoxicity. In 0–12h it is not a specific predictor of later creatinine increase.
13_24h_teg_fibrinolysis_measured,1,TEG testing frequency is a care-process marker for hemostasis management and does not directly indicate renal injury. Any association with AKI would be indirect via shock/bleeding and is weak.
25_36h_teg_fibrinolysis_measured,2,"Late TEG measurement may signal ongoing bleeding/transfusion needs that can worsen renal perfusion, but it remains an indirect proxy. As a measured/binary ordering indicator it should be low importance."
0_12h_creatinine_ratio_mean,2,"Early postoperative creatinine changes can be transient (hemodilution, peri-CPB effects) and the mean smooths extremes that better capture renal insult. In 0–12h, cap importance due to limited specificity and collinearity with max/min."
13_24h_creatinine_ratio_mean,2,The mean creatinine ratio reflects overall trend but is less sensitive than the maximum for detecting early AKI trajectory. Capped to reduce redundancy with creatinine_ratio_max/min in this epoch.
25_36h_creatinine_ratio_mean,2,"Closer to the outcome, creatinine trajectory matters, but the mean still dilutes clinically meaningful peaks that define AKI progression. Kept low to avoid collinearity with the more pathologic max value."
0_12h_creatinine_ratio_max,3,"An early peak in creatinine ratio can indicate immediate renal insult or poor perfusion, but 0–12h values may be noisy and transient post-CPB. Still, the maximum best captures acute injury signal in this window."
13_24h_creatinine_ratio_max,4,A rising/peaking creatinine ratio by 13–24h suggests evolving AKI rather than transient perioperative effects. The maximum captures the clinically relevant worsening trajectory toward the 60h endpoint.
25_36h_creatinine_ratio_max,5,A high creatinine ratio peak at 25–36h is a direct early biomarker of renal dysfunction and strongly predicts the 60h creatinine ratio. This is the closest and most pathophysiologically aligned indicator of impending AKI.
0_12h_creatinine_ratio_min,1,A low minimum creatinine ratio early after surgery often reflects hemodilution or fluid shifts rather than protection from AKI. It is not a meaningful trigger/marker of renal injury and is less informative than the maximum.
13_24h_creatinine_ratio_min,1,The minimum value is generally not the pathologic signal for AKI prediction; it may reflect dilution or recovery periods. It adds little beyond max/mean and is not a known driver of later creatinine rise.
25_36h_creatinine_ratio_min,1,"Even near the outcome, the minimum creatinine ratio is not the clinically relevant extreme for AKI (peaks matter). It is likely redundant/noisy compared with the maximum trajectory."
0_12h_creatinine_ratio_measured,2,"More frequent creatinine checks may indicate clinician concern for renal dysfunction or hemodynamic instability, but it is a behavioral proxy rather than physiology. In 0–12h, ordering intensity is common post-cardiac surgery and only weakly predictive."
13_24h_creatinine_ratio_measured,2,Measurement frequency reflects clinician concern and monitoring intensity rather than renal physiology. It may weakly proxy evolving renal dysfunction but is indirect and behavior-driven.
25_36h_creatinine_ratio_measured,2,"More frequent creatinine checks closer to hour 60 can indicate suspected AKI, but it is still a utilization signal rather than a biomarker. Kept low per the _measured rule."
0_12h_x25_percent_albumin_dose_total_12h,2,"Hyperoncotic albumin use early post-op often reflects hypotension/vasoplegia or volume management, which can relate to renal hypoperfusion, but the immediate post-bypass period is noisy and transient. As a treatment choice, it is an indirect proxy rather than a direct AKI marker (capped by 0–12h max=3)."
13_24h_x25_percent_albumin_dose_total_12h,3,"Ongoing need for 25% albumin in the trajectory phase can indicate persistent hemodynamic instability, third spacing, or aggressive diuresis attempts, all associated with AKI risk. Still indirect and confounded by practice patterns (13–24h max=4)."
25_36h_x25_percent_albumin_dose_total_12h,3,"Late requirement for 25% albumin suggests continued intravascular depletion/vasoplegia or attempts to mobilize fluid with diuretics, which can precede worsening renal function. It is a moderate, indirect predictor rather than a definitive biomarker."
0_12h_albumin_5_percent_dose_total_12h,2,"5% albumin is used for volume expansion and may reflect hypotension/low effective circulating volume that can contribute to AKI, but early post-op resuscitation is common and nonspecific. Thus it is only a weak-to-moderate proxy in 0–12h."
13_24h_albumin_5_percent_dose_total_12h,3,Continued colloid resuscitation in 13–24h can indicate persistent shock/third spacing and ongoing renal hypoperfusion risk. Association is plausible but confounded by clinician preference and overall illness severity.
25_36h_albumin_5_percent_dose_total_12h,3,"Needing additional 5% albumin late (25–36h) suggests ongoing hemodynamic/volume issues closer to the outcome window, which can contribute to AKI. Still indirect and not kidney-specific."
0_12h_acetaminophen_codeine_dose_total_12h,1,Analgesic dosing is not a direct driver of AKI; acetaminophen is generally kidney-safe and codeine mainly affects sedation/respiratory status. Early post-op use is routine and provides little renal prognostic signal.
13_24h_acetaminophen_codeine_dose_total_12h,1,"Ongoing acetaminophen/codeine use primarily reflects pain control needs and practice patterns, not renal perfusion or nephrotoxicity. Any AKI link would be very indirect (e.g., hypotension from oversedation), so importance is low."
25_36h_acetaminophen_codeine_dose_total_12h,1,Late analgesic dosing remains nonspecific for AKI risk and is not nephrotoxic in typical ICU dosing. It is unlikely to add meaningful predictive value for creatinine rise.
0_12h_acetaminophen_dose_total_12h,1,Acetaminophen is not a typical cause of postoperative AKI and is commonly administered routinely after surgery. Dose variation is unlikely to track renal injury in the immediate post-op window.
13_24h_acetaminophen_dose_total_12h,1,Acetaminophen dosing reflects analgesia/fever management rather than kidney injury mechanisms. It has minimal expected association with subsequent creatinine ratio.
25_36h_acetaminophen_dose_total_12h,1,"Acetaminophen remains a weak, nonspecific feature for AKI prediction even close to hour 60. It is not a direct biomarker nor a common nephrotoxin at therapeutic doses."
0_12h_allopurinol_dose_total_12h,2,"Allopurinol use indicates gout/hyperuricemia and may correlate with chronic kidney disease burden, but it is not a typical acute postoperative AKI driver. Early dosing is also influenced by home-med continuation practices (0–12h max=3)."
13_24h_allopurinol_dose_total_12h,2,Continuation of allopurinol mainly reflects baseline comorbidity and medication reconciliation rather than evolving renal hypoperfusion or nephrotoxicity. Any association with creatinine rise is indirect via underlying CKD risk.
25_36h_allopurinol_dose_total_12h,1,Allopurinol use is not a typical driver of postoperative AKI in the ICU and is more reflective of chronic gout management. Dose in this window has minimal direct linkage to creatinine rise at 60h.
0_12h_aminocaproic_acid_dose_total_12h,2,"Antifibrinolytic exposure can be associated with thrombotic/renal complications in some contexts, but it is not a primary AKI predictor compared with hemodynamics and perfusion. In the immediate 0–12h post-op period, its signal is further diluted by routine intra/postoperative use."
13_24h_aminocaproic_acid_dose_total_12h,2,"Continued aminocaproic acid may reflect ongoing bleeding risk or re-exploration concern, indirectly relating to AKI via shock/transfusion. Still, it is not a direct renal biomarker and is generally a weak predictor relative to perfusion variables."
25_36h_aminocaproic_acid_dose_total_12h,2,"Use this late may indicate persistent bleeding/coagulopathy and higher illness severity, which can correlate with AKI risk. However, the medication itself is not a strong mechanistic driver of creatinine rise, so relevance remains indirect."
0_12h_amiodarone_dose_total_12h,2,"Amiodarone often marks postoperative atrial arrhythmias and can contribute to hypotension/bradycardia, indirectly affecting renal perfusion. In 0–12h, arrhythmias and treatment are common and transient, limiting predictive specificity (capped by early epoch)."
13_24h_amiodarone_dose_total_12h,3,"Ongoing need for amiodarone in 13–24h suggests persistent arrhythmia/hemodynamic instability, which can reduce renal perfusion and increase AKI risk. It is an established indirect risk marker rather than a direct renal injury measure."
25_36h_amiodarone_dose_total_12h,3,"Amiodarone requirement close to the outcome window can indicate sustained atrial/ventricular arrhythmia burden and instability, plausibly contributing to renal hypoperfusion. Still, it is a proxy for severity rather than a direct kidney injury biomarker."
0_12h_amlodipine_dose_total_12h,1,"Amlodipine is a chronic antihypertensive and is rarely a key determinant of acute postoperative AKI risk. Early post-op administration is uncommon and, if present, is not a specific marker of renal injury."
13_24h_amlodipine_dose_total_12h,1,Resumption of amlodipine generally reflects stabilization and routine medication reconciliation rather than AKI pathophysiology. It has minimal direct relationship to creatinine rise at 60h.
25_36h_amlodipine_dose_total_12h,1,"Late postoperative amlodipine use is typically maintenance therapy and not a meaningful predictor of AKI compared with perfusion, vasopressors, or renal labs. Any association would be weak and confounded by overall recovery trajectory."
0_12h_ampicillin_dose_total_12h,1,Ampicillin is not a classic nephrotoxin and perioperative antibiotic use is common standard-of-care. In the immediate post-op window it provides little specific prognostic information for AKI.
13_24h_ampicillin_dose_total_12h,2,"Antibiotic continuation may indicate suspected infection/sepsis, which can precipitate AKI via inflammation and shock. However, ampicillin itself is not strongly nephrotoxic, so the link is indirect."
25_36h_ampicillin_dose_total_12h,2,Use in 25–36h can be a marker of evolving infection or complications that increase AKI risk. The medication is still an indirect severity proxy rather than a direct renal insult.
0_12h_angiotensin_ii_dose_total_12h,3,"Angiotensin II use indicates vasodilatory shock requiring high-level vasopressor support, a strong context for renal hypoperfusion and AKI risk. In 0–12h, however, transient post-bypass vasoplegia is common, so scoring is conservatively capped."
13_24h_angiotensin_ii_dose_total_12h,4,"Need for angiotensin II in 13–24h suggests persistent refractory vasoplegia/shock, strongly associated with subsequent AKI through sustained hypoperfusion and high catecholamine exposure. This is a strong direct predictor as a marker of severe hemodynamic failure."
25_36h_angiotensin_ii_dose_total_12h,5,"Angiotensin II requirement in 25–36h implies ongoing severe shock close to the 60h creatinine measurement, a high-risk state for ischemic tubular injury and creatinine rise. This is one of the strongest hemodynamic severity markers for impending AKI in this timeframe."
0_12h_apixaban_dose_total_12h,1,Apixaban exposure is not a direct driver of postoperative AKI; dosing mainly reflects anticoagulation strategy/bleeding risk. In the immediate 0–12h window it has minimal mechanistic link to creatinine rise.
13_24h_apixaban_dose_total_12h,1,Continued apixaban use is generally unrelated to renal hypoperfusion or tubular injury in this context. It is more a marker of clinical pathway than AKI physiology.
25_36h_apixaban_dose_total_12h,2,"Apixaban dosing can be influenced by renal function (dose adjustment/holding), so it may weakly proxy evolving kidney concerns. It is still not a causal AKI predictor compared with hemodynamics or renal labs."
0_12h_aspirin_dose_total_12h,1,Post-cardiac surgery aspirin is routine and not typically nephrotoxic at antiplatelet doses. In 0–12h it provides little specific prognostic information for AKI.
13_24h_aspirin_dose_total_12h,1,Aspirin continuation largely reflects standard post-op care rather than renal injury risk. Any association with creatinine change would be indirect and weak.
25_36h_aspirin_dose_total_12h,1,Antiplatelet-dose aspirin is not a strong contributor to AKI after cardiac surgery. Its presence/absence is unlikely to add meaningful signal beyond core perfusion and renal markers.
0_12h_atorvastatin_dose_total_12h,1,"Statins are not acute nephrotoxins and are often continued routinely post-op. In the immediate post-bypass period, dosing is unlikely to track renal perfusion or injury."
13_24h_atorvastatin_dose_total_12h,1,Atorvastatin use mainly reflects chronic cardiovascular management rather than evolving AKI physiology. Any renal effect is indirect and small relative to hemodynamic insults.
25_36h_atorvastatin_dose_total_12h,1,Continuation/holding of statin is not a typical response to AKI trajectory and has minimal mechanistic linkage to creatinine rise. Predictive value for creatinine_ratio is expected to be low.
0_12h_bisacodyl_dose_total_12h,1,Bisacodyl is bowel regimen/constipation management and does not reflect renal perfusion or nephrotoxic exposure. It is unlikely to predict postoperative creatinine changes.
13_24h_bisacodyl_dose_total_12h,1,Use is driven by routine ICU care and feeding status rather than kidney injury. Any association with AKI would be incidental.
25_36h_bisacodyl_dose_total_12h,1,Bowel regimen administration provides no meaningful physiologic signal for AKI risk. It should not contribute materially to predicting creatinine_ratio.
0_12h_bivalirudin_dose_total_12h,2,"Bivalirudin use may indicate HIT concern or complex anticoagulation needs, which can correlate with higher acuity and bleeding/transfusion risk. In 0–12h, it is still an indirect proxy rather than a direct AKI driver."
13_24h_bivalirudin_dose_total_12h,3,"Ongoing bivalirudin suggests persistent high-acuity anticoagulation management (e.g., HIT, ECMO/assist devices), which is associated with AKI risk via shock, hemolysis, and inflammation. It remains an indirect but established risk-context marker."
25_36h_bivalirudin_dose_total_12h,3,"In the 25–36h leading window, bivalirudin use can still mark severe illness/device support where AKI is common. It is not a biomarker itself but can carry meaningful contextual signal for subsequent creatinine rise."
0_12h_bumetanide_dose_total_12h,3,"Loop diuretic requirement early post-op can reflect volume overload, low cardiac output, or attempts to manage oliguria, all linked to AKI risk. In 0–12h it is capped because diuresis is often protocolized and transient immediately after surgery."
13_24h_bumetanide_dose_total_12h,3,"Loop diuretic requirement in the trajectory phase can reflect evolving volume overload/low cardiac output and diuretic resistance, both associated with AKI risk. It is also partly treatment-driven, so not a direct biomarker."
25_36h_bumetanide_dose_total_12h,4,"Ongoing/high bumetanide need close to the outcome window suggests persistent congestion or poor renal perfusion and may indicate diuretic resistance, which strongly correlates with impending creatinine rise. Still indirect because it reflects clinician response and volume status rather than kidney injury itself."
0_12h_calcium_acetate_dose_total_12h,1,Calcium acetate is a phosphate binder typically reflecting chronic kidney disease/ESRD management rather than acute post-op renal perfusion changes. In the immediate 0–12h post-op period it is unlikely to add specific prognostic signal for AKI beyond baseline renal status.
13_24h_calcium_acetate_dose_total_12h,2,"Use may proxy underlying advanced CKD or hyperphosphatemia management, which increases AKI susceptibility, but it is not a direct driver of post-op creatinine rise. Medication continuation patterns can be idiosyncratic."
25_36h_calcium_acetate_dose_total_12h,2,"Continued phosphate binder use may indicate significant baseline CKD and metabolic derangements, modestly increasing risk for higher creatinine_ratio. It remains an indirect proxy rather than a physiologic insult causing AKI."
0_12h_calcium_carbonate_dose_total_12h,1,Calcium carbonate is commonly used for supplementation/antacid or phosphate binding and is not a specific predictor of AKI. In the immediate post-op window it is largely routine and weakly linked to renal outcomes.
13_24h_calcium_carbonate_dose_total_12h,1,Ongoing calcium carbonate administration is generally maintenance therapy and does not directly reflect renal hypoperfusion or tubular injury. Any association with creatinine_ratio would be confounded by baseline comorbidity.
25_36h_calcium_carbonate_dose_total_12h,1,"In the 25–36h window, calcium carbonate dosing still primarily reflects supplementation or chronic management rather than evolving AKI physiology. It provides minimal incremental predictive value for creatinine_ratio."
0_12h_calcium_chloride_dose_total_12h,2,"Calcium chloride is often given for hemodynamic instability, massive transfusion, or post-CPB electrolyte shifts; these contexts can relate to AKI risk. However, in 0–12h many doses are transient and protocolized, limiting specificity (cap at 3; scored conservatively)."
13_24h_calcium_chloride_dose_total_12h,3,"Need for calcium chloride beyond the immediate post-op period can signal ongoing shock, high vasopressor use, or significant transfusion/citrate load, all associated with renal hypoperfusion and AKI. It remains an indirect marker of severity rather than kidney injury itself."
25_36h_calcium_chloride_dose_total_12h,3,"Persistent calcium chloride requirement in the leading-indicator window suggests continued critical illness (e.g., instability, transfusion burden) that can drive AKI via hypoperfusion and inflammation. It is still not kidney-specific, so not scored as a direct biomarker."
0_12h_calcium_gluconate_dose_total_12h,2,"Calcium gluconate is commonly used for hypocalcemia after CPB or transfusion and may correlate with illness severity and hemodynamic stress. In 0–12h it is frequently routine and transient, so predictive value for AKI is limited."
13_24h_calcium_gluconate_dose_total_12h,2,"Ongoing calcium replacement in 13–24h may reflect persistent metabolic derangements or severity of illness, which can be associated with AKI risk. The link is indirect and confounded by treatment practices."
25_36h_calcium_gluconate_dose_total_12h,2,"Continued calcium gluconate use near 36h can indicate ongoing critical illness or electrolyte abnormalities but is not a recognized direct predictor of creatinine rise. Thus it provides only modest, indirect signal for creatinine_ratio."
0_12h_carvedilol_dose_total_12h,1,Early post-op beta-blocker administration is often held or restarted based on rhythm/hemodynamics and is not a direct AKI driver. In 0–12h it mainly reflects perioperative management rather than renal perfusion status.
13_24h_carvedilol_dose_total_12h,2,"Restarting carvedilol may reflect cardiovascular stability (potentially protective) or heart failure history (risk factor), but effects on AKI are indirect. Overall it is a weak-to-plausible predictor compared with hemodynamic and renal labs."
25_36h_carvedilol_dose_total_12h,2,"Beta-blockade can contribute to lower cardiac output or hypotension in susceptible patients, indirectly affecting renal perfusion. However, carvedilol dose is not a direct AKI driver and often reflects chronic therapy/standard cardiac management."
0_12h_cefepime_dose_total_12h,2,"Cefepime is renally cleared and dosing may reflect infection severity and renal function awareness, but it is not a classic nephrotoxin. In the immediate 0–12h post-op window, antibiotic use is common and less specific for impending AKI."
13_24h_cefepime_dose_total_12h,2,"Ongoing broad-spectrum antibiotics may indicate sepsis/critical illness, which can predispose to AKI, but cefepime itself is not strongly nephrotoxic. This remains an indirect marker rather than a direct predictor."
25_36h_cefepime_dose_total_12h,2,"Later cefepime use can track persistent infection/instability that increases AKI risk, but the medication is still an indirect proxy. Dose may also be adjusted for renal function, complicating causal interpretation."
0_12h_ceftriaxone_dose_total_12h,1,Ceftriaxone is not typically nephrotoxic and is frequently used perioperatively as routine antimicrobial coverage. In 0–12h it is unlikely to add specific prognostic information for AKI.
13_24h_ceftriaxone_dose_total_12h,1,Continued ceftriaxone mainly reflects infection treatment patterns rather than renal injury physiology. It has weak direct linkage to postoperative AKI risk.
25_36h_ceftriaxone_dose_total_12h,1,Ceftriaxone use in this later window is still not a strong mechanistic contributor to AKI and is often routine. Any association would be indirect via illness severity rather than drug toxicity.
0_12h_clonidine_dose_total_12h,2,"Clonidine can lower sympathetic tone and blood pressure, potentially reducing renal perfusion, but early post-op hemodynamics are highly transient. Thus it is only an indirect and nonspecific AKI signal in 0–12h."
13_24h_clonidine_dose_total_12h,2,"Clonidine may contribute to hypotension/bradycardia and can be used for sedation/analgesia adjunct, indirectly affecting renal perfusion. Still, it is not an established primary predictor of AKI."
25_36h_clonidine_dose_total_12h,3,"In the 25–36h window, ongoing clonidine may more meaningfully reflect persistent need for sympatholysis/sedation and risk of hypotension that can impair kidney perfusion. It remains indirect but closer in time to the creatinine outcome."
0_12h_clopidogrel_dose_total_12h,1,Clopidogrel is not nephrotoxic and does not directly affect renal perfusion in the acute post-op period. Early administration is more related to cardiac/vascular indications than AKI risk.
13_24h_clopidogrel_dose_total_12h,1,Clopidogrel use is largely unrelated to kidney injury mechanisms and is driven by antiplatelet strategy. Any AKI association would be confounding by comorbidity rather than causal.
25_36h_clopidogrel_dose_total_12h,1,Later clopidogrel dosing remains clinically orthogonal to AKI pathophysiology. It provides minimal incremental information for predicting creatinine rise.
0_12h_colchicine_dose_total_12h,1,Colchicine is not a typical cause of postoperative AKI and is usually given for pericarditis prophylaxis/treatment rather than renal indications. In 0–12h it is unlikely to be informative for creatinine trajectory.
13_24h_colchicine_dose_total_12h,1,Colchicine has weak direct linkage to AKI; toxicity is more relevant with chronic exposure or severe renal impairment. In this window it is more a treatment choice than a renal risk marker.
25_36h_colchicine_dose_total_12h,2,"In the later window, colchicine use may weakly reflect inflammatory complications (e.g., pericarditis) and overall illness burden, which can correlate with AKI risk. The drug itself is not a strong nephrotoxin, so relevance remains indirect."
0_12h_d10_lr_dose_total_12h,2,D10 in LR mainly reflects postoperative maintenance fluids/glucose support rather than a direct AKI mechanism. In the immediate 0–12h window it is often routine and confounded by standard resuscitation practices.
13_24h_d10_lr_dose_total_12h,2,"Ongoing need for dextrose-containing crystalloid may indicate continued ICU support or nutrition issues, but it is not a primary driver of AKI. Any association is indirect via illness severity/volume status."
25_36h_d10_lr_dose_total_12h,2,"Later use may reflect persistent need for IV glucose/fluids, but D10 LR itself is not nephrotoxic and is a weak proxy for hemodynamic/volume management. Predictive value for creatinine rise is therefore limited and indirect."
0_12h_d10w_dose_total_12h,2,D10W use early post-op is typically for hypoglycemia prevention/treatment or carrier fluid and does not directly predict renal injury. In 0–12h it is heavily influenced by routine perioperative protocols.
13_24h_d10w_dose_total_12h,2,"D10W volume may correlate with overall fluid administration and acuity, but it is not a known causal AKI trigger. Any signal is indirect through fluid balance and severity of illness."
25_36h_d10w_dose_total_12h,2,Persistent D10W later may indicate ongoing metabolic/nutrition management rather than renal hypoperfusion or nephrotoxicity. It is at best an indirect marker of complexity of care.
0_12h_d5_0_45ns_dose_total_12h,2,"Hypotonic maintenance fluid choice/amount is not a direct AKI predictor; associations are mainly via overall fluid strategy and hemodilution. In the immediate post-op period, dosing is protocol-driven and transient."
13_24h_d5_0_45ns_dose_total_12h,2,Continued hypotonic maintenance fluids may reflect ongoing IV dependence but does not directly capture renal perfusion or tubular injury. Any relationship to creatinine rise is indirect and confounded by fluid balance.
25_36h_d5_0_45ns_dose_total_12h,2,Later administration may relate to maintenance needs rather than AKI pathophysiology. It could weakly proxy fluid management/volume status but is not an established AKI predictor.
0_12h_d5_lr_dose_total_12h,2,D5 LR is generally a maintenance/resuscitation fluid and not nephrotoxic; early use is common after cardiac surgery. In 0–12h it is too protocolized to strongly discriminate AKI risk.
13_24h_d5_lr_dose_total_12h,2,"Ongoing D5 LR may indicate continued fluid needs but does not directly measure hypotension, congestion, or renal injury. Predictive value is indirect through overall resuscitation strategy."
25_36h_d5_lr_dose_total_12h,2,"In the 25–36h window, higher crystalloid volumes can relate to fluid overload/venous congestion and illness severity, which can worsen renal function, but the fluid type itself is not a strong driver. Thus it remains a modest, indirect predictor."
0_12h_d5_ns_dose_total_12h,2,"D5 NS reflects maintenance/resuscitation; while chloride load can theoretically affect renal perfusion, early post-op administration is routine and confounded. In 0–12h it is not a strong discriminator for later creatinine rise."
13_24h_d5_ns_dose_total_12h,2,"Continued normal-saline–based fluids may contribute to hyperchloremia and renal vasoconstriction, but evidence is modest and indirect. Association is more through overall fluid volume and severity of illness."
25_36h_d5_ns_dose_total_12h,3,"Closer to the outcome window, ongoing NS-based fluid exposure can be a stronger proxy for continued resuscitation needs and potential hyperchloremia-related renal stress. Still, it is not a direct biomarker, so importance is moderate."
0_12h_d50w_dose_total_12h,2,D50W boluses typically indicate hypoglycemia treatment or insulin-related management and do not directly cause AKI. In the immediate post-op period it is more reflective of glycemic management than renal injury risk.
13_24h_d50w_dose_total_12h,2,D50W use usually reflects treatment of hypoglycemia or insulin therapy rather than a direct AKI mechanism; it is at most an indirect marker of illness severity. In the 13–24h epoch it has limited specificity for later creatinine rise.
25_36h_d50w_dose_total_12h,2,"Late D50W administration can indicate ongoing metabolic instability (e.g., hypoglycemia) and higher acuity, but it is not a direct driver of renal injury. It may weakly correlate with complications that secondarily affect renal perfusion."
0_12h_d5w_dose_total_12h,1,D5W is commonly used for maintenance fluids or free-water replacement and is not a specific AKI predictor. In the immediate 0–12h post-op period it is routine and poorly discriminative for later creatinine changes.
13_24h_d5w_dose_total_12h,1,D5W volume mainly reflects fluid management preferences (hypernatremia correction/maintenance) rather than renal ischemia or nephrotoxicity. It provides minimal specific signal for AKI risk.
25_36h_d5w_dose_total_12h,2,"In the 25–36h window, higher D5W may reflect evolving electrolyte/free-water issues and overall instability, which can accompany AKI, but it remains nonspecific. It is an indirect proxy rather than a causal renal insult."
0_12h_dialysate_infusion_dose_total_12h,3,"Dialysate infusion implies renal replacement therapy or preparation for it, which is strongly linked to kidney dysfunction, but early post-op use can be driven by transient peri-bypass derangements. Per epoch rule, importance is capped at 3 in 0–12h."
13_24h_dialysate_infusion_dose_total_12h,4,"Ongoing dialysate use at 13–24h suggests persistent/severe renal dysfunction or fluid/electrolyte failure requiring RRT, which strongly predicts later creatinine elevation. It is a near-direct indicator of clinically significant AKI trajectory."
25_36h_dialysate_infusion_dose_total_12h,5,Dialysate infusion in the 25–36h leading window is essentially a direct marker of severe AKI requiring RRT and is highly predictive of elevated creatinine at hour 60. This reflects established renal failure rather than nonspecific acuity.
0_12h_dilaudid_pca_dose_total_12h,1,"Opioid PCA dosing primarily reflects analgesia needs and practice patterns, not renal perfusion or nephrotoxicity. In 0–12h it is routine post-sternotomy care and not informative for AKI."
13_24h_dilaudid_pca_dose_total_12h,1,Continued PCA use is common and not mechanistically linked to AKI; any association would be confounding by severity or ventilation status. It offers little specific predictive value for creatinine rise.
25_36h_dilaudid_pca_dose_total_12h,1,"Later PCA dosing remains a weak, nonspecific marker and is more related to pain control and sedation strategy than kidney injury. It is unlikely to add independent signal in a sparse linear model."
0_12h_hydromorphone_dose_total_12h,1,Hydromorphone dosing reflects analgesia/sedation and is not a direct AKI risk factor; it is not nephrotoxic in typical ICU use. Immediate post-op dosing is expected and poorly discriminative.
13_24h_hydromorphone_dose_total_12h,1,"Ongoing opioid requirement may correlate with prolonged ventilation or complications, but the link to AKI is indirect and confounded. It is not a primary driver of renal injury."
25_36h_hydromorphone_dose_total_12h,2,"Higher opioid needs late may weakly indicate ongoing critical illness (e.g., agitation/ventilation) that can accompany hemodynamic instability, indirectly affecting kidneys. Still, it is nonspecific and not a direct renal biomarker."
0_12h_dobutamine_dose_total_12h,3,"Dobutamine use indicates low cardiac output/cardiogenic shock physiology that can reduce renal perfusion and precipitate AKI, but early post-op inotrope use is common and sometimes transient. Per epoch rule, capped at 3 in 0–12h."
13_24h_dobutamine_dose_total_12h,4,"Persistent dobutamine requirement at 13–24h suggests ongoing low-output state and renal hypoperfusion, a strong driver of post-cardiac surgery AKI. It is a clinically meaningful hemodynamic predictor of later creatinine rise."
25_36h_dobutamine_dose_total_12h,4,"Ongoing dobutamine requirement in the 25–36h window suggests persistent low cardiac output/cardiogenic shock physiology, a strong driver of renal hypoperfusion and AKI after cardiac surgery."
0_12h_docusate_dose_total_12h,1,Stool softener use is routine ICU care and has no meaningful physiologic link to renal perfusion or tubular injury; early post-op timing further limits relevance.
13_24h_docusate_dose_total_12h,1,Docusate dosing reflects bowel regimen practices rather than kidney injury risk and is not a recognized predictor of postoperative AKI.
25_36h_docusate_dose_total_12h,1,Continued bowel regimen use does not indicate renal dysfunction or hemodynamic compromise and is unlikely to predict creatinine rise.
0_12h_dopamine_dose_total_12h,3,"Dopamine use early post-op often reflects hemodynamic instability/vasopressor need, which is associated with AKI risk, but the 0–12h period is confounded by transient post-bypass effects (cap at 3)."
13_24h_dopamine_dose_total_12h,4,"Persistent dopamine requirement in 13–24h suggests ongoing shock/low perfusion state, a strong predictor of subsequent creatinine rise after cardiac surgery."
25_36h_dopamine_dose_total_12h,5,"Vasopressor/inotrope dependence close to the outcome window is a near-direct marker of sustained hemodynamic compromise, strongly linked to renal hypoperfusion and AKI progression."
0_12h_enoxaparin_dose_total_12h,2,"Enoxaparin is not nephrotoxic; dosing mainly reflects VTE prophylaxis/anticoagulation strategy, with only an indirect link via bleeding/hypotension risk (and early window confounding)."
13_24h_enoxaparin_dose_total_12h,2,"Enoxaparin use is generally protocol-driven and only indirectly related to AKI (e.g., bleeding/transfusion or clinician concern about renal clearance), so predictive value is limited."
25_36h_enoxaparin_dose_total_12h,2,"Later enoxaparin administration may reflect stability and renal dosing considerations, but it is not a direct driver of AKI and is at best an indirect proxy."
0_12h_ephedrine_sulfate_dose_total_12h,2,"Ephedrine use indicates transient perioperative hypotension treatment; hypotension can contribute to AKI, but in 0–12h it is often brief and anesthesia-related (cap at 3; scored 2)."
13_24h_ephedrine_sulfate_dose_total_12h,2,"Intermittent ephedrine suggests episodic hypotension, which can affect renal perfusion, but it is a less specific marker than continuous vasopressors/inotropes."
25_36h_ephedrine_sulfate_dose_total_12h,3,"Need for ephedrine in the 25–36h window may indicate ongoing hypotensive episodes that can precipitate renal ischemia, though it remains less definitive than sustained pressor support."
0_12h_esmolol_dose_total_12h,2,"Esmolol use reflects tachyarrhythmia or rate control; it can worsen hypotension/low output in some cases but is not a primary AKI predictor, especially in the immediate post-op window."
13_24h_esmolol_dose_total_12h,2,"Rate control needs may correlate with illness severity, but esmolol itself is not nephrotoxic and has only an indirect relationship to renal outcomes via hemodynamics."
25_36h_esmolol_dose_total_12h,2,"Later esmolol use may signal ongoing arrhythmia management and potential hemodynamic effects, but it remains an indirect and nonspecific predictor of creatinine rise."
0_12h_etomidate_dose_total_12h,2,"Etomidate can cause transient adrenal suppression and may contribute indirectly to hypotension/vasopressor need, but it is not a primary AKI driver. In the immediate 0–12h post-op window, its signal is nonspecific and often routine."
13_24h_etomidate_dose_total_12h,2,Ongoing etomidate exposure is uncommon; if present it may reflect sedation needs/instability rather than a direct nephrotoxic effect. Indirect link via hemodynamics only.
25_36h_etomidate_dose_total_12h,2,"Late etomidate use would mainly be a marker of ongoing critical illness or procedures, not a direct renal injury mechanism. Any association with creatinine rise is likely confounded by severity of illness."
0_12h_ezetimibe_dose_total_12h,1,Ezetimibe has no meaningful acute effect on renal perfusion or tubular injury and is not nephrotoxic. Early post-op administration is largely incidental.
13_24h_ezetimibe_dose_total_12h,1,Continuation of lipid therapy does not predict AKI physiology and is not expected to influence creatinine trajectory over 60 hours. Likely reflects home-med reconciliation.
25_36h_ezetimibe_dose_total_12h,1,Ezetimibe dosing is not mechanistically linked to postoperative AKI and provides minimal prognostic information. Any signal would be non-causal and weak.
0_12h_famotidine_dose_total_12h,1,"Famotidine is standard stress-ulcer prophylaxis and does not directly affect renal perfusion or cause AKI. Dose may be adjusted for renal function, but in 0–12h this is not a reliable predictor."
13_24h_famotidine_dose_total_12h,2,"Famotidine dosing/holding can reflect clinician awareness of reduced renal clearance, making it a weak behavioral proxy for evolving kidney dysfunction. It is not a causal driver of AKI."
25_36h_famotidine_dose_total_12h,2,"By 25–36h, dose reduction or discontinuation may more strongly reflect suspected renal impairment (renal dosing), but remains indirect and non-specific. Not a direct biomarker of AKI."
0_12h_fentanyl_pca_dose_total_12h,1,"Opioid PCA use primarily reflects analgesia strategy and extubation status, not renal injury mechanisms. Fentanyl is not nephrotoxic and hemodynamic effects are usually modest."
13_24h_fentanyl_pca_dose_total_12h,2,"Higher PCA requirements may correlate with delayed recovery/respiratory issues and overall illness severity, which can indirectly relate to AKI risk. Still an indirect, non-specific marker."
25_36h_fentanyl_pca_dose_total_12h,2,"Persistent PCA needs late may indicate ongoing complications or prolonged ICU course, indirectly associated with AKI risk. Not a direct renal perfusion or nephrotoxic signal."
0_12h_fentanyl_dose_total_12h,2,"High opioid dosing can contribute to hypotension or mask clinical deterioration, indirectly affecting renal perfusion, but fentanyl itself is not nephrotoxic. In 0–12h, dosing is heavily protocolized and nonspecific (cap at 3 applies; chosen 2)."
13_24h_fentanyl_dose_total_12h,2,"Ongoing fentanyl requirements may track with severity of illness, mechanical ventilation, or agitation, which can correlate with AKI risk indirectly. It is not an established direct predictor of creatinine rise."
25_36h_fentanyl_dose_total_12h,2,"Late high fentanyl dosing may reflect persistent critical illness and potential hemodynamic/ventilatory instability, indirectly linked to AKI. Still non-specific and not mechanistically renal."
0_12h_flutacisone_nasal_spray_dose_total_12h,1,Intranasal fluticasone has negligible systemic effects at typical doses and no meaningful relationship to renal perfusion or AKI. Use is incidental and not prognostic.
13_24h_flutacisone_nasal_spray_dose_total_12h,1,Intranasal fluticasone has minimal systemic absorption and no meaningful effect on renal perfusion or nephrotoxicity in this context.
25_36h_flutacisone_nasal_spray_dose_total_12h,1,Not a driver of AKI risk; reflects routine symptom management rather than hemodynamics or renal injury.
0_12h_folic_acid_dose_total_12h,1,Folic acid supplementation is not linked to acute postoperative renal hypoperfusion or tubular injury; likely routine medication reconciliation.
13_24h_folic_acid_dose_total_12h,1,No established relationship with AKI development after cardiac surgery; more indicative of baseline supplementation practices.
25_36h_folic_acid_dose_total_12h,1,Does not plausibly influence creatinine rise over this timeframe and is not a marker of renal dysfunction severity.
0_12h_furosemide_dose_total_12h,3,"Loop diuretic use early post-op often reflects oliguria/volume management and can worsen prerenal azotemia if overdiuresed, but this epoch is confounded by transient post-bypass physiology (cap at 3)."
13_24h_furosemide_dose_total_12h,4,Ongoing diuretic requirement in the trajectory phase can indicate persistent congestion or low urine output and is strongly associated with evolving AKI risk (though not a direct biomarker).
25_36h_furosemide_dose_total_12h,4,"Nearer to the outcome, higher furosemide dosing often signals refractory oliguria/volume overload and correlates strongly with subsequent creatinine rise, though it may be both cause and response."
0_12h_gabapentin_dose_total_12h,1,Gabapentin is not nephrotoxic; dosing is typically analgesia-related and early post-op use is not informative for AKI beyond general illness severity.
13_24h_gabapentin_dose_total_12h,1,Primarily reflects pain regimen; any association with AKI would be indirect and weak.
25_36h_gabapentin_dose_total_12h,2,"Could weakly reflect clinician dose-reduction in renal dysfunction (behavioral/response effect), but it is not a primary predictor of AKI."
0_12h_guaifenesin_dose_total_12h,1,Expectorant use has no physiologic link to renal perfusion or tubular injury; likely routine respiratory care.
13_24h_guaifenesin_dose_total_12h,1,Not mechanistically related to AKI and unlikely to add prognostic value for creatinine trajectory.
25_36h_guaifenesin_dose_total_12h,1,Represents symptomatic pulmonary secretion management rather than renal injury or hemodynamic compromise.
0_12h_half_normal_saline_dose_total_12h,3,"Early IV fluid administration relates to intravascular volume and renal perfusion, but in the immediate post-op window it is heavily protocol-driven and transient (cap at 3)."
13_24h_half_normal_saline_dose_total_12h,3,"Continued hypotonic fluid use may reflect ongoing resuscitation/maintenance needs and can influence effective circulating volume, but it is an indirect and nonspecific AKI predictor (max 4 in this epoch)."
25_36h_half_normal_saline_dose_total_12h,2,"IV fluid type/amount can influence renal perfusion and chloride load, but half-normal saline is not a classic direct AKI driver. Dose may mainly reflect clinician response to volume status rather than intrinsic kidney injury."
0_12h_heparin_dose_total_12h,1,Heparin dosing is not a direct determinant of postoperative AKI and is usually protocol-driven (VTE prophylaxis/line patency). In the immediate 0–12h post-op window it is especially nonspecific for renal risk.
13_24h_heparin_dose_total_12h,1,Heparin dose is generally unrelated to renal tubular injury and more reflective of prophylaxis or anticoagulation strategy. Any association with AKI would be indirect and weak.
25_36h_heparin_dose_total_12h,1,Ongoing heparin use/dose is not a physiologic marker of kidney hypoperfusion or nephrotoxicity. It is unlikely to add specific predictive value for creatinine rise at 60h.
0_12h_hydralazine_dose_total_12h,2,"Hydralazine use can indicate postoperative hypertension management; blood pressure extremes can affect renal perfusion, but the medication dose is an indirect proxy. In 0–12h, hemodynamics are often transiently labile, limiting specificity."
13_24h_hydralazine_dose_total_12h,2,"Antihypertensive requirement may reflect persistent hypertension or afterload management, which can relate indirectly to renal perfusion. Dose remains a weak surrogate compared with direct MAP/pressors."
25_36h_hydralazine_dose_total_12h,2,"Later hydralazine use may reflect ongoing BP management and could correlate with hemodynamic instability or aggressive afterload reduction, indirectly affecting kidney perfusion. Still not a direct AKI biomarker and likely redundant with BP features."
0_12h_hydrocodone_acetaminophen_dose_total_12h,1,Opioid/acetaminophen analgesia is routine post-cardiac surgery and not a direct AKI driver at typical doses. Early dosing mainly reflects pain control practices rather than renal physiology.
13_24h_hydrocodone_acetaminophen_dose_total_12h,1,Analgesic dosing is largely protocolized and weakly related to renal perfusion or nephrotoxicity in this context. Any AKI association would be confounded by illness severity and care patterns.
25_36h_hydrocodone_acetaminophen_dose_total_12h,1,Continued hydrocodone/acetaminophen use is not a meaningful predictor of creatinine rise and is not a typical nephrotoxic exposure at standard dosing. It is more reflective of pain management needs.
0_12h_hydrocortisone_dose_total_12h,2,"Hydrocortisone may be given for vasoplegia/adrenal support, indirectly signaling shock physiology that can predispose to AKI. In the immediate 0–12h period, use is common and nonspecific, so predictive value is limited."
13_24h_hydrocortisone_dose_total_12h,3,"Ongoing steroid requirement in 13–24h can indicate persistent vasoplegia or refractory shock, which is an established AKI risk factor via renal hypoperfusion. Still indirect because the drug is a marker of severity rather than a nephrotoxin."
25_36h_hydrocortisone_dose_total_12h,3,"Hydrocortisone use at 25–36h suggests continued hemodynamic instability/vasoplegia close to the outcome window, which strongly relates to AKI risk through sustained hypoperfusion. It remains an indirect severity marker rather than a direct renal biomarker."
0_12h_hypertonic_saline_dose_total_12h,2,"Hypertonic saline use may reflect severe hyponatremia, cerebral edema concerns, or resuscitation strategy; it can contribute to hypernatremia/hyperchloremia and osmotic stress but is not a primary AKI driver. Early post-op use is uncommon but still indirect."
13_24h_hypertonic_saline_dose_total_12h,2,"Use may indicate significant electrolyte derangement or high-acuity management, which can correlate with AKI risk indirectly. The medication itself is not a definitive renal injury marker."
25_36h_hypertonic_saline_dose_total_12h,2,"Later hypertonic saline suggests ongoing severe electrolyte/volume management issues near the outcome window, indirectly associated with AKI risk. However, it is not a direct biomarker of kidney injury and may be redundant with sodium/chloride labs."
0_12h_ibuprofen_dose_total_12h,3,"NSAIDs can reduce renal prostaglandin-mediated afferent arteriolar dilation and precipitate AKI in older post-cardiac surgery patients, but early post-op exposure may be limited and confounded by transient perioperative physiology (0–12h cap)."
13_24h_ibuprofen_dose_total_12h,3,"Ongoing NSAID use in the trajectory phase can worsen renal perfusion and contribute to rising creatinine, especially in elderly patients with marginal hemodynamics."
25_36h_ibuprofen_dose_total_12h,4,"NSAID exposure close to the outcome window is a strong, modifiable contributor to AKI risk via reduced renal blood flow and impaired autoregulation, particularly with concomitant hypovolemia/vasopressors."
0_12h_inhaled_acetylcysteine_dose_total_12h,1,Inhaled acetylcysteine is used for airway secretion management and has no meaningful direct link to renal perfusion or tubular injury; early use mainly reflects pulmonary care.
13_24h_inhaled_acetylcysteine_dose_total_12h,1,Continued inhaled acetylcysteine is not nephrotoxic and is unlikely to predict creatinine rise beyond general illness severity.
25_36h_inhaled_acetylcysteine_dose_total_12h,1,Inhaled acetylcysteine remains primarily a respiratory therapy marker and does not directly influence AKI pathophysiology.
0_12h_inhaled_arformoterol_dose_total_12h,1,Inhaled LABA therapy reflects obstructive lung disease/bronchospasm management and has no direct renal injury mechanism; early post-op use is weakly related at most.
13_24h_inhaled_arformoterol_dose_total_12h,1,Arformoterol dosing is unlikely to affect kidney function; any association would be indirect via overall respiratory status.
25_36h_inhaled_arformoterol_dose_total_12h,1,Inhaled bronchodilator requirement is not a recognized driver of postoperative AKI and provides minimal specific prognostic value for creatinine ratio.
0_12h_inhaled_budesonide_dose_total_12h,1,Inhaled corticosteroids have minimal systemic absorption and are not a typical contributor to AKI; early use mainly indicates pulmonary comorbidity.
13_24h_inhaled_budesonide_dose_total_12h,1,Budesonide inhalation is not nephrotoxic and is unlikely to predict creatinine rise except as a nonspecific marker of chronic lung disease.
25_36h_inhaled_budesonide_dose_total_12h,1,Inhaled budesonide does not directly affect renal perfusion or tubular injury and has weak relevance for AKI prediction.
0_12h_inhaled_levalbuterol_dose_total_12h,1,"Inhaled SABA use is primarily for bronchospasm and does not directly cause AKI; early post-op dosing is a weak, nonspecific severity marker."
13_24h_inhaled_levalbuterol_dose_total_12h,1,Levalbuterol dosing has no established relationship with postoperative creatinine rise beyond indirect association with respiratory illness.
25_36h_inhaled_levalbuterol_dose_total_12h,1,Ongoing inhaled bronchodilator requirement is not a direct predictor of renal dysfunction and is unlikely to add specific signal for creatinine ratio.
0_12h_inhaled_sodium_chloride_dose_total_12h,1,Inhaled saline is used for airway humidification/secretions and has no physiologic mechanism linking it to AKI; early use is routine respiratory care.
13_24h_inhaled_sodium_chloride_dose_total_12h,1,Nebulized saline is generally supportive airway care and has no direct renal perfusion or nephrotoxic effect. Dose mainly reflects respiratory secretion management rather than AKI biology.
25_36h_inhaled_sodium_chloride_dose_total_12h,1,Inhaled saline use is not mechanistically linked to kidney injury and is unlikely to predict creatinine rise. It more likely proxies pulmonary toilet/airway irritation than renal risk.
0_12h_inhlaed_levalbuterol_dose_total_12h,1,Inhaled beta-agonist dosing reflects bronchospasm/ventilator management and is not a known driver of postoperative AKI. Early (0–12h) use is common and nonspecific.
13_24h_inhlaed_levalbuterol_dose_total_12h,1,Levalbuterol dose is primarily a marker of respiratory status and does not directly affect renal perfusion or tubular injury. Any association with AKI would be indirect via overall illness severity.
25_36h_inhlaed_levalbuterol_dose_total_12h,2,"Persistent need for bronchodilators later may weakly proxy ongoing pulmonary dysfunction and higher overall acuity, which can correlate with AKI risk. However it is not a direct renal predictor."
0_12h_insulin_glargine_dose_total_12h,2,"Insulin requirements reflect diabetes/stress hyperglycemia, which are associated with worse postoperative outcomes including AKI, but basal insulin dosing is not a direct renal insult. In the immediate 0–12h window it is often protocol-driven and nonspecific."
13_24h_insulin_glargine_dose_total_12h,2,"Basal insulin use suggests underlying diabetes and metabolic stress, both linked to AKI risk, but the dose itself is not a strong mechanistic predictor of creatinine rise. Often reflects glycemic management strategy rather than renal physiology."
25_36h_insulin_glargine_dose_total_12h,2,"Ongoing basal insulin needs may indicate persistent hyperglycemia/diabetes burden, indirectly associated with AKI susceptibility. Still not a direct biomarker of renal hypoperfusion or nephrotoxicity."
0_12h_insulin_levemir_dose_total_12h,2,Detemir dosing similarly reflects diabetes/stress hyperglycemia rather than kidney injury mechanisms. Early postoperative dosing is commonly standardized and weakly informative for AKI.
13_24h_insulin_levemir_dose_total_12h,2,"Basal insulin requirement is an indirect marker of metabolic disease severity, which increases AKI risk, but dose is not a direct predictor. Association is likely confounded by comorbidity and illness severity."
25_36h_insulin_levemir_dose_total_12h,2,"Later basal insulin needs may weakly track persistent stress response and diabetes, indirectly linked to AKI. It does not capture renal perfusion, nephrotoxins, or intrinsic kidney injury directly."
0_12h_insulin_lispro_dose_total_12h,2,"Short-acting insulin dose reflects stress hyperglycemia and insulin resistance, which correlate with postoperative complications including AKI, but is not a direct renal marker. In 0–12h it is heavily protocolized and transient."
13_24h_insulin_lispro_dose_total_12h,2,"Higher prandial/correction insulin needs can indicate ongoing stress hyperglycemia, indirectly associated with AKI risk. Still a nonspecific severity/metabolic proxy rather than a kidney-specific predictor."
25_36h_insulin_lispro_dose_total_12h,3,"Persistent high correction insulin requirements closer to outcome may better reflect sustained stress response/inflammation and uncontrolled hyperglycemia, which are associated with AKI after cardiac surgery. It remains indirect but more temporally proximate and potentially informative."
0_12h_insulin_regular_infusion_dose_total_12h,2,"Need for insulin infusion indicates significant stress hyperglycemia and higher acuity, which can correlate with AKI, but it is not a direct cause/biomarker of renal injury. In the immediate postoperative period it is common and nonspecific."
13_24h_insulin_regular_infusion_dose_total_12h,3,"Ongoing insulin infusion beyond the initial period suggests persistent severe hyperglycemia/critical illness, which is associated with higher AKI risk after cardiac surgery. This is still an indirect predictor but more reflective of trajectory than basal dosing."
25_36h_insulin_regular_infusion_dose_total_12h,3,"Higher insulin infusion needs often reflect stress hyperglycemia/critical illness severity, which correlates with AKI risk after cardiac surgery. It is an indirect marker rather than a direct renal insult."
0_12h_iopamidol_contrast_dose_total_12h,3,"Iodinated contrast can contribute to contrast-associated AKI, but in the immediate 0–12h post-op window exposures may be peri-procedural and effects may not yet be distinguishable from transient post-bypass changes. Capped at 3 due to early epoch."
13_24h_iopamidol_contrast_dose_total_12h,4,"Contrast exposure in the 13–24h trajectory phase is a strong, well-established nephrotoxic risk factor and temporally closer to subsequent creatinine rise. Dose/exposure here can meaningfully increase AKI risk."
25_36h_iopamidol_contrast_dose_total_12h,4,"Recent contrast exposure (25–36h) is a strong direct risk factor for subsequent creatinine rise by hour 60, especially in older post-cardiac surgery patients. It is a plausible proximal nephrotoxic trigger."
0_12h_ipratropium_bromide_dose_total_12h,1,Inhaled ipratropium is not nephrotoxic and mainly reflects airway management/COPD rather than renal perfusion or tubular injury. Early post-op use provides little specific AKI signal.
13_24h_ipratropium_bromide_dose_total_12h,1,Ongoing ipratropium use is not mechanistically linked to AKI and is more indicative of pulmonary comorbidity/bronchospasm treatment. It has minimal prognostic value for creatinine rise.
25_36h_ipratropium_bromide_dose_total_12h,1,Ipratropium remains a non-nephrotoxic inhaled therapy; continued need does not directly affect renal function. Any association would be weak and confounded by illness severity.
0_12h_ipratropium_albuterol_dose_total_12h,2,"Bronchodilator use may proxy respiratory failure severity and catecholamine exposure (albuterol can cause tachycardia/lactate), which can indirectly relate to hemodynamic stress. In the 0–12h window this is nonspecific and capped low."
13_24h_ipratropium_albuterol_dose_total_12h,2,"Continued bronchodilator requirement suggests ongoing pulmonary instability, which can correlate with overall critical illness and AKI risk indirectly. The medication itself is not a primary AKI driver."
25_36h_ipratropium_albuterol_dose_total_12h,2,"Persistent need for bronchodilators near 36h may indicate ongoing respiratory compromise and higher illness severity, indirectly increasing AKI risk. Still not a direct renal biomarker or nephrotoxin."
0_12h_iron_dose_total_12h,1,Iron administration is not a typical cause of AKI in this setting and usually reflects anemia management rather than renal injury. In the immediate post-op period it is unlikely to add specific predictive value.
13_24h_iron_dose_total_12h,1,Iron dosing mainly reflects anemia/bleeding management and does not directly affect renal perfusion or tubular injury. Any association with AKI would be weak and confounded.
25_36h_iron_dose_total_12h,1,Iron therapy remains largely unrelated to AKI pathophysiology post-cardiac surgery and is not nephrotoxic at typical doses. It is unlikely to predict creatinine_ratio beyond general illness context.
0_12h_isosorbide_mononitrate_dose_total_12h,2,"Nitrates can lower blood pressure and potentially reduce renal perfusion, but early post-op use is often protocolized and transient. In 0–12h this is a nonspecific and conservative signal."
13_24h_isosorbide_mononitrate_dose_total_12h,2,"Ongoing nitrate use may indicate ischemic heart disease and can contribute to hypotension, indirectly affecting renal perfusion. However it is not a strong standalone predictor of AKI."
25_36h_isosorbide_mononitrate_dose_total_12h,3,"Nitrate use closer to the outcome may reflect persistent cardiac ischemia/afterload management and can contribute to hypotension, which is an established AKI risk factor. Still indirect and highly confounded by hemodynamics and vasopressor use."
0_12h_k_phos_dose_total_12h,2,"KPhos use is usually a response to hypophosphatemia (refeeding, insulin, CRRT) and overall illness severity rather than a direct AKI driver. In the immediate 0–12h post-op window it is often protocolized electrolyte repletion."
13_24h_k_phos_dose_total_12h,2,"Ongoing phosphate replacement may reflect evolving renal dysfunction, shifts from insulin/nutrition, or higher acuity, but it is not a direct predictor of creatinine rise. More a marker of care intensity than kidney injury mechanism."
25_36h_k_phos_dose_total_12h,3,"Later need for phosphate replacement can signal persistent metabolic derangements or renal replacement therapy/diuretic use patterns that correlate with AKI trajectory. Still indirect, but closer to the outcome window so more informative."
0_12h_ketamine_dose_total_12h,1,Ketamine is not typically nephrotoxic and is mainly an analgesia/sedation choice. Early post-op dosing reflects pain/sedation strategy rather than renal perfusion injury.
13_24h_ketamine_dose_total_12h,1,Continued ketamine use is generally unrelated to kidney function and more tied to analgesia needs or opioid-sparing approaches. Weak mechanistic link to AKI.
25_36h_ketamine_dose_total_12h,1,Ketamine dose in this later window remains a sedation/analgesia marker with minimal direct relationship to creatinine rise. Any association would be confounding by severity rather than causal.
0_12h_lactated_ringers_dose_total_12h,2,"Early crystalloid volume can influence renal perfusion and congestion, but in 0–12h it is heavily driven by routine post-bypass resuscitation and transient hemodynamics. Thus only an indirect AKI signal in this epoch."
13_24h_lactated_ringers_dose_total_12h,3,"Ongoing fluid requirement in 13–24h may indicate persistent vasoplegia/low effective circulating volume or bleeding, which can contribute to renal hypoperfusion. Also may worsen venous congestion, both relevant to AKI risk."
25_36h_lactated_ringers_dose_total_12h,4,"Continued or high crystalloid needs at 25–36h often reflect ongoing shock physiology or attempts to treat low urine output, both strongly associated with subsequent creatinine rise. Fluid loading can also exacerbate renal venous congestion and dilute/reflect worsening organ dysfunction."
0_12h_lactulose_dose_total_12h,1,Lactulose use is typically for constipation or hepatic encephalopathy and has no direct renal injury mechanism. In the immediate post-op period it is unlikely to meaningfully predict AKI.
13_24h_lactulose_dose_total_12h,1,Lactulose administration mainly reflects bowel regimen or encephalopathy management rather than renal perfusion or nephrotoxicity. Weak and likely confounded association with AKI.
25_36h_lactulose_dose_total_12h,1,Later lactulose use remains a non-specific care marker; dehydration from diarrhea could theoretically affect kidneys but is uncommon as a primary driver in this setting. Overall minimal predictive value for creatinine ratio.
0_12h_levothyroxine_dose_total_12h,1,Levothyroxine is chronic replacement therapy and not an AKI driver; dosing is usually continuation of home meds. Early post-op administration provides little information about renal trajectory.
13_24h_levothyroxine_dose_total_12h,1,Continuation of thyroid hormone replacement is routine and not linked to acute renal perfusion changes. Any association with AKI would be incidental.
25_36h_levothyroxine_dose_total_12h,1,Levothyroxine dosing in this window remains standard maintenance without direct nephrotoxic or hemodynamic effects relevant to AKI prediction. Minimal expected contribution to creatinine ratio.
0_12h_lidocaine_patch_dose_total_12h,1,"Topical lidocaine patch is a localized analgesic with negligible systemic hemodynamic or nephrotoxic impact. In 0–12h it reflects pain management preference, not kidney injury risk."
13_24h_lidocaine_patch_dose_total_12h,1,Topical lidocaine patch use is largely unrelated to renal perfusion or nephrotoxicity. More reflective of pain management than AKI risk.
25_36h_lidocaine_patch_dose_total_12h,1,Lidocaine patch dosing has no meaningful physiologic link to postoperative AKI. It is unlikely to predict creatinine rise beyond general illness context.
0_12h_lidocaine_dose_total_12h,1,Systemic lidocaine is not a typical driver of AKI and is usually used for analgesia/antiarrhythmic purposes. In the immediate post-op window it is more a care-pattern marker than renal risk.
13_24h_lidocaine_dose_total_12h,1,Systemic lidocaine exposure is not an established predictor of AKI after cardiac surgery. Any association would be indirect (severity/arrhythmia management) rather than causal.
25_36h_lidocaine_dose_total_12h,1,Lidocaine dosing is not nephrotoxic and does not directly reflect renal hypoperfusion or injury. Limited value for predicting creatinine_ratio at 60h.
0_12h_lisinopril_dose_total_12h,2,"ACE inhibitors can reduce glomerular filtration pressure (efferent arteriolar dilation) and worsen creatinine in hypoperfusion states, but are often held perioperatively. In 0–12h, dosing is uncommon and effects may be confounded by transient post-bypass physiology (cap at 3; scored conservatively)."
13_24h_lisinopril_dose_total_12h,3,"If ACE inhibitor is given early post-op, it may contribute to creatinine rise in patients with low effective circulating volume or renal artery disease. Also serves as a marker that clinicians judged hemodynamics stable enough to resume, creating mixed-direction signal."
25_36h_lisinopril_dose_total_12h,3,ACE inhibitor exposure closer to the outcome can precipitate or unmask reduced GFR during ongoing diuresis/vasoplegia or low cardiac output. Still an indirect predictor compared with direct renal/hemodynamic markers.
0_12h_losartan_dose_total_12h,2,"ARBs can lower intraglomerular pressure and worsen creatinine during perioperative hypoperfusion, but are typically withheld immediately after surgery. In the initial 0–12h window, any dosing is rare and heavily confounded (conservative scoring)."
13_24h_losartan_dose_total_12h,3,"ARBs may contribute to postoperative creatinine rise when renal perfusion is marginal, especially in older patients. Use may also reflect attempts to manage hypertension/afterload, indirectly tied to hemodynamic status."
25_36h_losartan_dose_total_12h,3,"ARBs given in the 25–36h window can exacerbate decreases in GFR in the setting of ongoing diuresis, vasodilation, or low cardiac output. Predictive value is moderate but not as direct as urine output/creatinine trends."
0_12h_magnesium_sulfate_dose_total_12h,1,Magnesium sulfate replacement is common after cardiac surgery and is not a typical cause of AKI. Dose mainly reflects electrolyte repletion/arrhythmia prophylaxis rather than renal injury (and early window is highly confounded).
13_24h_magnesium_sulfate_dose_total_12h,1,Magnesium sulfate dosing is generally supportive care and not directly linked to AKI pathophysiology. Any association would be weak and mediated by overall ICU complexity.
25_36h_magnesium_sulfate_dose_total_12h,2,"Ongoing magnesium replacement later may weakly reflect renal handling changes or continued high-risk ICU course, but it is not a direct AKI driver. Predictive value remains limited compared with hemodynamics and renal labs."
0_12h_magnesium_dose_total_12h,1,Routine magnesium supplementation in the immediate post-op period is common and not specific for AKI risk. Dose is more related to protocolized replacement than renal perfusion/injury.
13_24h_magnesium_dose_total_12h,1,Magnesium dosing is a nonspecific supportive intervention and not an established predictor of postoperative AKI. It provides minimal incremental information for creatinine_ratio prediction.
25_36h_magnesium_dose_total_12h,2,Magnesium repletion is common post-cardiac surgery and usually reflects electrolyte management rather than renal injury; higher dosing may indirectly reflect renal dysfunction or arrhythmia/diuretic use but is not a primary AKI driver.
0_12h_melatonin_dose_total_12h,1,Melatonin use is largely for sleep/delirium prevention and has no established direct relationship to AKI risk; in the immediate 0–12h window it is unlikely to add prognostic renal information.
13_24h_melatonin_dose_total_12h,1,Primarily a comfort/sedation-adjunct medication without a known mechanistic link to postoperative AKI; dosing more reflects sleep management than renal perfusion or nephrotoxicity.
25_36h_melatonin_dose_total_12h,1,"Still mainly indicates sleep aid use and does not directly signal renal hypoperfusion, nephrotoxin exposure, or intrinsic kidney injury close to the 60h creatinine outcome."
0_12h_meropenem_dose_total_12h,2,"Broad-spectrum antibiotic use can be a proxy for severe infection/instability, which increases AKI risk, but meropenem itself is not a classic nephrotoxin; early postoperative empiric use is common and nonspecific."
13_24h_meropenem_dose_total_12h,3,"Ongoing meropenem suggests suspected/confirmed infection or sepsis physiology, a recognized contributor to AKI via inflammation and hemodynamic compromise; still indirect rather than a direct renal biomarker."
25_36h_meropenem_dose_total_12h,3,"Continued broad-spectrum coverage closer to the outcome can indicate persistent infection/sepsis or complications, which are established AKI risk factors; the drug is mainly a severity-of-illness proxy rather than directly nephrotoxic."
0_12h_methocarbamol_dose_total_12h,1,Muscle relaxant use is primarily for pain/spasm control and does not meaningfully affect renal perfusion or directly predict AKI in the immediate postoperative period.
13_24h_methocarbamol_dose_total_12h,1,Represents analgesia/comfort management with minimal direct renal implications; any association with AKI would be weak and confounded by overall care intensity.
25_36h_methocarbamol_dose_total_12h,1,Ongoing use remains a nonspecific comfort medication and is not a recognized driver or marker of postoperative AKI near the 60h creatinine measurement.
0_12h_methylene_blue_dose_total_12h,3,"Methylene blue use often indicates vasoplegic shock after cardiopulmonary bypass, a hemodynamic state that can threaten renal perfusion; however, in 0–12h this can be transient and is capped by epoch rules."
13_24h_methylene_blue_dose_total_12h,4,"Need for methylene blue beyond the immediate period suggests persistent vasoplegia/refractory shock requiring rescue therapy, strongly linked to renal hypoperfusion and subsequent AKI."
25_36h_methylene_blue_dose_total_12h,4,"Late methylene blue implies ongoing severe vasoplegia/hemodynamic collapse close to the outcome window, a strong direct predictor of AKI via sustained renal hypoperfusion and high vasopressor burden."
0_12h_metoclopramide_dose_total_12h,1,Antiemetic/prokinetic use is routine postoperative care and has no meaningful physiologic link to AKI risk in the early postoperative window.
13_24h_metoclopramide_dose_total_12h,1,"Continued antiemetic use is nonspecific and does not reflect renal perfusion, nephrotoxin exposure, or intrinsic kidney injury."
25_36h_metoclopramide_dose_total_12h,1,Primarily indicates nausea/gastroparesis management and is not an established predictor or mechanism for postoperative AKI near hour 60.
0_12h_metoprolol_dose_total_12h,2,"Beta-blockade can contribute to bradycardia/hypotension and reduced renal perfusion, but early post-op dosing is often routine rate control. In the immediate 0–12h period, transient hemodynamic swings are common, limiting specificity for AKI."
13_24h_metoprolol_dose_total_12h,2,Ongoing metoprolol may reflect persistent tachyarrhythmia management or hypertension control rather than renal injury. Indirect AKI relevance mainly through potential hypotension/bradycardia effects on renal perfusion.
25_36h_metoprolol_dose_total_12h,2,"Later metoprolol use can still influence renal perfusion if it causes low cardiac output or hypotension, but it is not a direct AKI driver. More often it reflects routine cardiac management rather than evolving kidney injury."
0_12h_metronidazole_dose_total_12h,1,Metronidazole is not typically nephrotoxic and is not a direct predictor of postoperative AKI. Early administration mainly reflects infection prophylaxis/coverage patterns rather than renal physiology.
13_24h_metronidazole_dose_total_12h,1,Continued metronidazole use is generally unrelated to renal hypoperfusion or tubular injury. It is more a marker of suspected infection/abdominal source than a kidney-specific risk factor.
25_36h_metronidazole_dose_total_12h,1,"Metronidazole exposure has minimal direct association with AKI compared with other antibiotics (e.g., aminoglycosides, vancomycin with piperacillin-tazobactam). At this time window it remains a weak, nonspecific severity marker."
0_12h_midazolam_dose_total_12h,2,"Sedation dose can indirectly relate to hemodynamic instability (vasodilation, lower MAP) and illness severity, which can affect renal perfusion. In the immediate post-op period, however, midazolam use is common and not specific for AKI risk."
13_24h_midazolam_dose_total_12h,2,"Ongoing sedation may indicate prolonged ventilation/critical illness, which correlates with higher AKI risk, but the link is indirect. Midazolam itself is not a primary nephrotoxin."
25_36h_midazolam_dose_total_12h,3,"Persistent need for midazolam at 25–36h suggests ongoing mechanical ventilation and higher acuity, which is associated with AKI via shock/inflammation and renal hypoperfusion. Still an indirect marker rather than a direct renal biomarker."
0_12h_midodrine_dose_total_12h,2,"Midodrine use implies hypotension/vasoplegia requiring pharmacologic support, which can threaten renal perfusion. In 0–12h, vasopressor transitions are common post-CPB, so specificity for later AKI is limited."
13_24h_midodrine_dose_total_12h,3,"Need for midodrine in the trajectory phase suggests persistent vasodilatory hypotension and difficulty weaning pressors, increasing AKI risk through sustained low renal perfusion pressure. It is a moderate severity/hemodynamic marker."
25_36h_midodrine_dose_total_12h,4,Midodrine requirement at 25–36h indicates ongoing hemodynamic fragility and likely low effective arterial blood volume/renal perfusion pressure close to the outcome window. Persistent hypotension/vasoplegia is a strong driver of postoperative AKI.
0_12h_milrinone_dose_total_12h,3,"Milrinone use reflects low cardiac output/right ventricular dysfunction after surgery, which can reduce renal perfusion and precipitate AKI. In the immediate 0–12h period, inotrope use is common and may be transient, limiting maximum importance."
13_24h_milrinone_dose_total_12h,4,"Continued milrinone suggests persistent low cardiac output syndrome, a strong established cause of postoperative AKI via renal hypoperfusion and venous congestion. This window better reflects trajectory rather than transient post-bypass effects."
25_36h_milrinone_dose_total_12h,5,"Ongoing milrinone at 25–36h is a strong indicator of sustained cardiac dysfunction/low output close to Hour 60, a major direct pathway to AKI (hypoperfusion and congestion). It is one of the most informative medication proxies for hemodynamic cause of rising creatinine."
0_12h_minocycline_dose_total_12h,1,Minocycline is not a typical nephrotoxin and has weak direct linkage to postoperative AKI. Early use mainly reflects antimicrobial selection rather than renal pathophysiology.
13_24h_minocycline_dose_total_12h,2,"Minocycline is not a typical nephrotoxin, but antibiotic exposure can correlate with infection/sepsis severity and hemodynamic instability that increase AKI risk. In the 13–24h window it is an indirect marker rather than a direct driver."
25_36h_minocycline_dose_total_12h,2,"Ongoing antibiotic need closer to the outcome may reflect persistent infection/inflammation, which can contribute to AKI risk. Minocycline itself is not a strong direct cause of postoperative AKI."
0_12h_morphine_dose_total_12h,2,"Opioid dose is not directly nephrotoxic, but higher requirements can track with illness severity and may contribute to hypotension/respiratory depression affecting renal perfusion. Early (0–12h) dosing is heavily influenced by routine postoperative analgesia, limiting specificity."
13_24h_morphine_dose_total_12h,2,Continued opioid requirement may indicate ongoing pain/instability and can be associated with hypotension or reduced effective circulating volume. Still an indirect and nonspecific predictor of AKI.
25_36h_morphine_dose_total_12h,2,"Persistent opioid needs late may reflect complicated recovery and can contribute to hemodynamic depression, indirectly affecting renal perfusion. Not a direct biomarker or established primary driver of AKI."
0_12h_nicardipine_dose_total_12h,2,"Nicardipine use reflects postoperative hypertension management; excessive BP lowering could reduce renal perfusion, but this period is often transient and protocol-driven. As 0–12h data, it is conservative and not highly specific for AKI."
13_24h_nicardipine_dose_total_12h,3,Ongoing need for IV antihypertensive suggests persistent hemodynamic lability; overly aggressive afterload reduction can compromise renal perfusion in vulnerable patients. In the trajectory phase it can be a moderate indicator of risk via perfusion effects.
25_36h_nicardipine_dose_total_12h,3,"Late nicardipine requirement indicates continued BP management issues; hypotension episodes from titration can precipitate renal hypoperfusion. Closer to hour 60, it is a more relevant hemodynamic-context predictor though still indirect."
0_12h_nitroglycerin_dose_total_12h,2,"Nitroglycerin is used for ischemia/afterload reduction and can cause hypotension, indirectly risking renal hypoperfusion. In the immediate postoperative window it is commonly used and transient, limiting predictive specificity (max 3 applies)."
13_24h_nitroglycerin_dose_total_12h,3,"Continued nitroglycerin suggests ongoing ischemia or hemodynamic management needs; hypotension from vasodilation can reduce renal perfusion. In 13–24h it is a moderate, indirect AKI risk marker."
25_36h_nitroglycerin_dose_total_12h,3,Ongoing vasodilator requirement late may reflect persistent cardiac dysfunction/ischemia and risk of low effective renal perfusion pressure. It is clinically relevant but not a direct renal injury biomarker.
0_12h_normal_saline_dose_total_12h,2,"Fluid administration relates to volume status and perfusion, but early postoperative fluids are routine and may not distinguish AKI risk well. Large chloride load could contribute to renal vasoconstriction, but effect is modest and nonspecific in 0–12h."
13_24h_normal_saline_dose_total_12h,3,"Ongoing crystalloid needs can indicate hypotension, bleeding, or third-spacing; both hypoperfusion and fluid overload are associated with AKI after cardiac surgery. In 13–24h it becomes a more meaningful marker of trajectory and resuscitation burden."
25_36h_normal_saline_dose_total_12h,4,"High saline requirement late suggests persistent hemodynamic instability or ongoing losses and is closely tied to renal perfusion and fluid balance, both strong AKI determinants. Proximity to hour 60 increases its predictive value for subsequent creatinine rise."
0_12h_nystatin_dose_total_12h,1,Nystatin is minimally absorbed and not nephrotoxic; its use is typically prophylactic or for local fungal issues. It has little mechanistic or prognostic link to postoperative AKI.
13_24h_nystatin_dose_total_12h,1,"Continued nystatin remains a low-information, non-nephrotoxic medication and is unlikely to reflect renal perfusion or injury. It provides minimal predictive value for creatinine_ratio."
25_36h_nystatin_dose_total_12h,1,Nystatin is minimally systemically absorbed and is not nephrotoxic; its use mainly reflects routine antifungal prophylaxis/treatment rather than renal risk.
0_12h_ondansetron_dose_total_12h,1,Ondansetron is not a meaningful driver of AKI risk; early postoperative dosing largely reflects nausea prophylaxis in the immediate post-op period.
13_24h_ondansetron_dose_total_12h,1,Ongoing antiemetic use has little physiologic linkage to renal hypoperfusion or nephrotoxicity and is unlikely to predict creatinine rise.
25_36h_ondansetron_dose_total_12h,1,"Late ondansetron dosing remains a weak, nonspecific marker (nausea/ileus) and has no direct association with AKI."
0_12h_oxycodone_dose_total_12h,1,Opioid analgesia dose is not a direct AKI predictor; in the immediate post-op window it mostly reflects pain control practices rather than renal physiology.
13_24h_oxycodone_dose_total_12h,2,"Higher opioid needs can indirectly correlate with illness severity and hypotension/respiratory depression, but the link to AKI is weak and nonspecific."
25_36h_oxycodone_dose_total_12h,2,"Persistent opioid requirement may proxy ongoing complications or hemodynamic instability, but it is not a direct renal insult and is a weak predictor."
0_12h_pantoprazole_dose_total_12h,1,Pantoprazole use is routine stress-ulcer prophylaxis post-cardiac surgery and provides little specific information about AKI risk in the early window.
13_24h_pantoprazole_dose_total_12h,1,"Continued PPI dosing is standard ICU care; while PPIs are rarely linked to interstitial nephritis, this is uncommon and not an acute 60h predictor."
25_36h_pantoprazole_dose_total_12h,1,PPI exposure in this timeframe is unlikely to drive short-term creatinine rise; it mainly reflects prophylaxis rather than renal pathophysiology.
0_12h_phenylephrine_dose_total_12h,3,"Need for vasopressor support indicates perioperative hypotension/vasoplegia, which can reduce renal perfusion; however early post-CPB vasopressor use is common and transient (cap at 3)."
13_24h_phenylephrine_dose_total_12h,4,"Ongoing vasopressor requirement in the trajectory phase suggests persistent shock/low effective renal perfusion, a strong driver of subsequent AKI."
25_36h_phenylephrine_dose_total_12h,5,"Vasopressor dependence close to the outcome strongly signals ongoing hemodynamic failure and renal hypoperfusion, a direct precipitant of ischemic AKI."
0_12h_phos_na_k_dose_total_12h,2,"Phosphate supplementation may reflect electrolyte derangements from shifts/diuresis; early post-op abnormalities are common and not specific for AKI (cap at 3, scored lower)."
13_24h_phos_na_k_dose_total_12h,2,"Need for phosphate replacement can correlate with nutrition/diuretic use and severity of illness, but it is an indirect and nonspecific AKI marker."
25_36h_phos_na_k_dose_total_12h,2,"Late phosphate replacement may reflect ongoing renal handling issues or ICU course complexity, but supplementation itself is not a direct predictor of creatinine rise."
0_12h_piperacilin_tazobactam_dose_total_12h,2,"Piperacillin-tazobactam can be associated with AKI (often in the setting of critical illness and/or concomitant nephrotoxins), but early post-op use is more a marker of infection concern than a direct renal biomarker. In the immediate 0–12h post-bypass period, dose is unlikely to be a primary driver of creatinine rise by itself."
13_24h_piperacilin_tazobactam_dose_total_12h,2,"Ongoing broad-spectrum antibiotics may reflect evolving sepsis/complications that increase AKI risk, but the drug itself is not a strong standalone predictor without other nephrotoxins. This epoch is still relatively early for medication exposure to dominate creatinine ratio at 60h."
25_36h_piperacilin_tazobactam_dose_total_12h,3,"Continued piperacillin-tazobactam closer to the outcome can indicate persistent infection/sepsis physiology and sustained exposure to a potentially nephrotoxic regimen, both increasing AKI risk. Still indirect compared with hemodynamics and kidney labs."
0_12h_plasmalyte_dose_total_12h,2,"Crystalloid volume reflects resuscitation needs and can influence renal perfusion, but in the first 0–12h after cardiac surgery large volumes are common and not specific for impending AKI. Dose is an indirect marker of shock/bleeding rather than a direct renal insult."
13_24h_plasmalyte_dose_total_12h,3,"Ongoing crystalloid requirement in 13–24h may signal persistent vasoplegia, bleeding, or low effective circulating volume, which can contribute to renal hypoperfusion. Still nonspecific and confounded by routine post-op management."
25_36h_plasmalyte_dose_total_12h,3,"Higher crystalloid needs in 25–36h can indicate continued hemodynamic instability or third-spacing with low renal perfusion pressure, increasing AKI risk. It remains an indirect proxy and may also reflect clinician practice variation."
0_12h_polyethylene_glycol_dose_total_12h,1,Polyethylene glycol is a bowel regimen and has no meaningful physiologic link to renal perfusion or intrinsic kidney injury in this context. Early administration mainly reflects routine ICU care.
13_24h_polyethylene_glycol_dose_total_12h,1,Bowel regimen use is not a recognized predictor of postoperative AKI and is largely unrelated to kidney injury mechanisms. It primarily reflects standard supportive care.
25_36h_polyethylene_glycol_dose_total_12h,1,Continued polyethylene glycol dosing does not plausibly predict creatinine rise and is not a marker of renal dysfunction. Any association would be incidental or confounded.
0_12h_potassium_chloride_dose_total_12h,2,"Potassium repletion can reflect electrolyte shifts from bypass/diuresis and may weakly correlate with renal handling, but in 0–12h it is common and nonspecific. Dose is more a treatment response than a direct AKI marker."
13_24h_potassium_chloride_dose_total_12h,3,"Ongoing potassium supplementation may indicate diuretic use, high urine losses, or evolving renal tubular dysfunction affecting potassium balance, which can relate to AKI risk. Still indirect and heavily treatment-driven."
25_36h_potassium_chloride_dose_total_12h,3,"In the 25–36h window, abnormal potassium needs can reflect worsening renal function (reduced excretion leading to less repletion) or aggressive diuresis/renal stress, both relevant to AKI trajectory. It remains an indirect proxy rather than a definitive biomarker."
0_12h_dexmedetomidine_dose_total_12h,2,"Dexmedetomidine can cause bradycardia/hypotension that may reduce renal perfusion, but early post-op sedation choice is not a strong AKI predictor. In 0–12h, dosing largely reflects ventilation/sedation strategy."
13_24h_dexmedetomidine_dose_total_12h,2,"Continued dexmedetomidine may contribute to lower MAP in susceptible patients, indirectly affecting kidney perfusion, but it is not a primary AKI driver. Dose is confounded by agitation/delirium and extubation timing."
25_36h_dexmedetomidine_dose_total_12h,2,"Later dexmedetomidine exposure could still influence hemodynamics, but its relationship to creatinine ratio is indirect and weaker than direct perfusion metrics or renal labs. More reflective of ongoing ICU sedation needs than kidney injury."
0_12h_prednisone_dose_total_12h,1,Short-term prednisone use is not a typical direct cause of AKI and is often given for inflammatory indications without clear renal prognostic value. In the immediate 0–12h period it is unlikely to meaningfully predict creatinine ratio at 60h.
13_24h_prednisone_dose_total_12h,2,"Systemic steroids can worsen glycemic control and infection risk, which may indirectly contribute to AKI, but they are not a primary perioperative driver of creatinine rise. In this mid window, dosing more often reflects treatment decisions than renal physiology."
25_36h_prednisone_dose_total_12h,2,"Later steroid exposure may correlate with ongoing inflammation/respiratory issues and hyperglycemia, indirectly increasing AKI risk. Still, prednisone is not typically nephrotoxic nor a direct predictor of postoperative creatinine rise."
0_12h_propofol_dose_total_12h,2,"Propofol dose is mainly a marker of sedation depth/ventilation needs; hypotension from sedation could reduce renal perfusion but is indirect. In the immediate post-op period, transient hemodynamic effects are common, so prognostic value is limited."
13_24h_propofol_dose_total_12h,2,"Ongoing propofol may indicate prolonged mechanical ventilation/critical illness and can contribute to lower MAP via vasodilation, indirectly affecting kidney perfusion. It is not a direct AKI biomarker and is confounded by illness severity."
25_36h_propofol_dose_total_12h,3,"Persistent sedation requirement closer to the outcome can be a proxy for ongoing shock/respiratory failure and sustained vasodilatory hypotension, which more directly threatens renal perfusion. Still, it remains an indirect severity marker rather than a kidney-specific driver."
0_12h_protamine_dose_total_12h,2,"Protamine exposure can cause acute hypotension/pulmonary vasoconstriction and rare anaphylactoid reactions that could transiently impair renal perfusion. However, it is routine after CPB and in 0–12h is often standard-of-care rather than discriminative for AKI."
13_24h_protamine_dose_total_12h,2,"Protamine use beyond the immediate post-CPB period may reflect re-exploration/bleeding management and associated hemodynamic instability, indirectly increasing AKI risk. It is still not a direct renal injury marker."
25_36h_protamine_dose_total_12h,3,"Late protamine suggests ongoing bleeding/re-operation or anticoagulation reversal needs, which can correlate with shock, transfusions, and renal hypoperfusion closer to hour 60. The association is indirect but potentially stronger in this leading-indicator window."
0_12h_quetiapine_dose_total_12h,1,"Quetiapine is used for agitation/delirium and has no meaningful direct link to renal tubular injury. Any hemodynamic effect is typically mild and nonspecific, especially in the immediate post-op period."
13_24h_quetiapine_dose_total_12h,1,Quetiapine use mainly reflects delirium management and care practices rather than kidney perfusion or nephrotoxicity. It is not an established predictor of postoperative creatinine rise.
25_36h_quetiapine_dose_total_12h,1,Later quetiapine dosing remains a behavioral/ICU management signal (delirium/agitation) with minimal physiologic linkage to AKI. It is unlikely to add kidney-specific predictive value.
0_12h_rocuronium_dose_total_12h,2,"Neuromuscular blockade is a proxy for mechanical ventilation severity and can be associated with deeper sedation and hemodynamic instability, indirectly affecting renal perfusion. In 0–12h it is often routine post-op management, limiting specificity."
13_24h_rocuronium_dose_total_12h,2,"Continued paralysis suggests ongoing severe respiratory failure or ventilator dyssynchrony, correlating with critical illness and potential shock, indirectly raising AKI risk. It is not nephrotoxic and remains a proxy variable."
25_36h_rocuronium_dose_total_12h,3,Persistent neuromuscular blockade closer to hour 60 indicates sustained critical illness/ventilation needs and often accompanies vasopressor use or low perfusion states that can precipitate AKI. The relationship is indirect but more informative in this later window.
0_12h_rosuvastatin_dose_total_12h,1,Statin administration is generally not a driver of acute postoperative AKI and is often continuation of home therapy. Rare rhabdomyolysis-related AKI is unlikely to be captured by routine early dosing patterns.
13_24h_rosuvastatin_dose_total_12h,1,Ongoing statin use reflects chronic cardiovascular risk management rather than acute renal perfusion or injury. It has weak and inconsistent associations with postoperative AKI and is not a direct predictor of creatinine rise.
25_36h_rosuvastatin_dose_total_12h,2,Statins are not typical direct drivers of postoperative AKI; dosing mainly reflects chronic cardiovascular therapy. Rare rhabdomyolysis-related kidney injury is possible but uncommon in this setting.
0_12h_senna_docusate_dose_total_12h,1,Bowel regimen use has no meaningful physiologic link to AKI and mostly reflects routine ICU care. Early postoperative administration is not informative for renal trajectory.
13_24h_senna_docusate_dose_total_12h,1,Continued bowel regimen dosing is standard supportive care and does not predict creatinine rise. It is more related to constipation prevention than renal perfusion or injury.
25_36h_senna_docusate_dose_total_12h,1,Bowel regimen at this time window remains a nonspecific care marker without a mechanistic link to AKI. Any association would be confounding by overall ICU course rather than renal pathophysiology.
0_12h_senna_dose_total_12h,1,"Senna dosing is routine and not a renal injury marker. It does not reflect hemodynamics, nephrotoxins, or kidney function."
13_24h_senna_dose_total_12h,1,Senna use in this epoch is not clinically informative for AKI risk. It is unlikely to correlate with creatinine_ratio except through nonspecific illness severity confounding.
25_36h_senna_dose_total_12h,1,Senna remains a low-signal feature for AKI prediction and is not a known contributor to postoperative renal dysfunction. It primarily indicates bowel management practices.
0_12h_sevelamer_carbonate_dose_total_12h,2,"Sevelamer use suggests hyperphosphatemia and/or underlying CKD, which are associated with higher AKI risk, but it is an indirect proxy. In the immediate 0–12h period, it is especially nonspecific and may reflect home med continuation."
13_24h_sevelamer_carbonate_dose_total_12h,3,"Ongoing sevelamer use more strongly implies persistent hyperphosphatemia/CKD or evolving renal dysfunction, which increases AKI risk. Still indirect, as it reflects treatment choice rather than a direct biomarker."
25_36h_sevelamer_carbonate_dose_total_12h,3,"In the closest pre-outcome window, sevelamer use can indicate worsening phosphate handling or known CKD, both linked to higher creatinine rise risk. It remains a proxy for renal impairment rather than a direct physiologic measurement."
0_12h_simethicone_dose_total_12h,1,Simethicone is a benign GI symptom medication with no established relationship to renal perfusion or AKI. Early postoperative use is routine and non-predictive.
13_24h_simethicone_dose_total_12h,1,Simethicone dosing reflects GI comfort measures and does not inform kidney injury risk. Any association would be incidental.
25_36h_simethicone_dose_total_12h,1,Simethicone remains unrelated to AKI mechanisms and provides minimal prognostic value for creatinine_ratio. It is not a nephrotoxin nor a hemodynamic marker.
0_12h_sodium_bicarbonate_dose_total_12h,3,"Bicarbonate use can indicate significant metabolic acidosis, hyperkalemia management, or resuscitation needs, which correlate with shock/poor perfusion and AKI risk. In 0–12h, acidosis may be transient post-CPB, so interpret conservatively."
13_24h_sodium_bicarbonate_dose_total_12h,4,"Need for bicarbonate in this trajectory phase suggests persistent metabolic acidosis or ongoing hemodynamic/respiratory failure, both strongly associated with subsequent AKI. It is a treatment proxy but closely tied to pathophysiology affecting renal perfusion."
25_36h_sodium_bicarbonate_dose_total_12h,4,"Bicarbonate requirement close to the outcome window implies ongoing acidosis/critical illness (e.g., low cardiac output, sepsis, renal acid retention), which strongly predicts creatinine rise. While not a direct biomarker, it often accompanies evolving renal dysfunction and poor perfusion."
0_12h_tpn_dose_total_12h,1,"TPN use early post-op is more a marker of nutrition/ICU practice than a direct AKI mechanism, and is uncommon/variable in the immediate post-bypass period. Any association with AKI is indirect (illness severity) and weak in this early epoch."
13_24h_tpn_dose_total_12h,1,TPN reflects feeding strategy and overall acuity rather than renal perfusion or nephrotoxicity. Its link to creatinine rise is indirect and typically confounded by severity of illness.
25_36h_tpn_dose_total_12h,2,"Later TPN may indicate prolonged critical illness or inability to feed enterally, which can correlate with complications including AKI. Still, it is not a direct renal insult and is mainly a severity-of-illness proxy."
0_12h_tamsulosin_dose_total_12h,1,Tamsulosin is used for urinary retention/BPH and does not meaningfully affect renal perfusion or tubular injury. Early post-op dosing is unlikely to predict creatinine trajectory.
13_24h_tamsulosin_dose_total_12h,1,Tamsulosin use is largely unrelated to AKI pathophysiology and more related to bladder outlet/voiding management. Any association with creatinine_ratio would be incidental.
25_36h_tamsulosin_dose_total_12h,1,Continued tamsulosin remains a urologic management signal rather than a kidney injury driver. It has no established predictive value for post-cardiac surgery AKI.
0_12h_tramadol_dose_total_12h,1,"Tramadol is not a typical nephrotoxin and dosing mainly reflects analgesia needs. In the immediate post-op window, it provides little specific information about renal injury risk."
13_24h_tramadol_dose_total_12h,1,"Analgesic dosing is a weak, nonspecific proxy for pain/sedation strategy and does not directly indicate renal hypoperfusion or nephrotoxicity. Tramadol itself is not a strong AKI trigger."
25_36h_tramadol_dose_total_12h,1,Later tramadol use remains primarily a pain-control marker and is not an established predictor of AKI after cardiac surgery. Any relationship to creatinine_ratio would likely be confounded.
0_12h_tranexamic_acid_dose_total_12h,2,"TXA use reflects bleeding risk/complexity of surgery and transfusion propensity, which can correlate with AKI risk. However, TXA is not a primary renal injury mechanism and early epoch effects are nonspecific."
13_24h_tranexamic_acid_dose_total_12h,1,TXA is typically perioperative; later administration is uncommon and more reflective of ongoing bleeding management than renal physiology. Its direct link to AKI is weak.
25_36h_tranexamic_acid_dose_total_12h,1,Late TXA dosing would mainly indicate ongoing hemorrhage/operative issues rather than a direct kidney insult. Predictive value for creatinine_ratio is likely low and indirect.
0_12h_vancomycin_dose_total_12h,3,"Vancomycin is a recognized nephrotoxin (risk increases with exposure and critical illness), so early initiation can contribute to subsequent creatinine rise. In 0–12h, exposure is limited and confounded by infection/severity, so importance is capped."
13_24h_vancomycin_dose_total_12h,3,"Ongoing vancomycin exposure increases nephrotoxicity risk, especially in older post-cardiac surgery patients with hemodynamic stress. Still, dose alone is an imperfect proxy without levels and concurrent nephrotoxins."
25_36h_vancomycin_dose_total_12h,4,"Vancomycin exposure closer to the outcome window is a stronger contributor to drug-associated AKI and can precede creatinine rise by 24–72 hours. In this leading-indicator epoch, dose is more informative for impending creatinine elevation."
0_12h_vasopressin_dose_total_12h,3,"Need for vasopressin indicates vasoplegia/shock and risk of renal hypoperfusion after cardiac surgery, which is an established AKI risk factor. In the immediate post-op period, vasopressor use is common/transient, so importance is conservatively limited."
13_24h_vasopressin_dose_total_12h,3,"Ongoing vasopressin requirement suggests vasoplegia/shock and risk of renal hypoperfusion, which is associated with AKI after cardiac surgery. In the 13–24h window it reflects trajectory but is not kidney-specific."
25_36h_vasopressin_dose_total_12h,4,Persistent vasopressin need close to the outcome indicates continued shock/vasoplegia and high risk of renal ischemia and AKI. This late window is a strong marker of ongoing hemodynamic instability.
0_12h_warfarin_dose_total_12h,1,Early postoperative warfarin dosing is not a direct driver of AKI and is often delayed/variable based on surgical bleeding risk. Any association with creatinine change is likely confounded rather than causal.
13_24h_warfarin_dose_total_12h,1,"Warfarin use mainly reflects anticoagulation strategy/indication (e.g., valve/AF) rather than renal perfusion or nephrotoxicity. It has weak direct linkage to short-term postoperative creatinine rise."
25_36h_warfarin_dose_total_12h,1,Warfarin dosing at 25–36h is still not a physiologic marker of kidney injury and is driven by bleeding/thrombotic considerations. Any relationship to AKI is indirect and likely confounded.
0_12h_heparin_line_flush_dose_total_12h,1,Heparin line flush dosing reflects line maintenance and nursing practice rather than systemic anticoagulation or renal physiology. It has no meaningful mechanistic link to AKI.
13_24h_heparin_line_flush_dose_total_12h,1,"Line flush heparin is routine care and not a marker of hemodynamics, nephrotoxicity, or renal injury. Variation is unlikely to predict creatinine trajectory."
25_36h_heparin_line_flush_dose_total_12h,1,Heparin flush dose remains a maintenance variable without physiologic relevance to renal perfusion or tubular injury. It should not add predictive value for AKI.
0_12h_urine_output_total_12h,3,"Low urine output is an early functional marker of renal hypoperfusion/AKI, but in the immediate 0–12h period it is often confounded by anesthesia, CPB effects, and diuretics. Therefore it is informative but capped by the early-epoch rule."
13_24h_urine_output_total_12h,4,Oliguria in the 13–24h trajectory phase is a strong predictor of evolving AKI and correlates with worsening renal perfusion or intrinsic injury. It is closer to the outcome and less dominated by immediate post-bypass transient effects.
25_36h_urine_output_total_12h,5,Urine output in the 25–36h window is a near-term functional biomarker of kidney dysfunction and strongly predicts subsequent creatinine rise by hour 60. Persistent oliguria here often reflects established AKI or ongoing renal hypoperfusion.
0_12h_norepinephrine_equivalent_dose_total_12h,3,"High vasopressor requirement indicates shock/low effective renal perfusion, a known AKI risk after cardiac surgery. In the first 12h it is common and transient post-CPB, so prognostic specificity is limited."
13_24h_norepinephrine_equivalent_dose_total_12h,4,Continued norepinephrine requirement in 13–24h suggests persistent hemodynamic instability and higher likelihood of renal ischemia and AKI. It is a strong systemic severity marker though not kidney-specific.
25_36h_norepinephrine_equivalent_dose_total_12h,4,Ongoing vasopressor dependence close to hour 60 strongly signals unresolved shock/low renal perfusion and elevated AKI risk. It is a direct hemodynamic driver of renal injury but not a definitive renal biomarker.
