value,importance,reason
age,2,"Within an ≥80 cohort, incremental age adds limited additional discrimination, though frailty and reduced renal reserve can increase AKI susceptibility."
gender,2,"Sex is an inconsistent predictor of post-cardiac surgery AKI; any effect is indirect via body size, comorbidity patterns, and baseline renal reserve."
race_caucasian,1,Race category is not a direct physiologic driver of AKI and is an imprecise proxy for social/health factors; limited value for predicting creatinine rise mechanistically.
race_black,2,"May correlate with higher baseline CKD burden and comorbidities that increase AKI risk, but it is not a direct perioperative renal insult marker."
race_asian,1,No strong direct physiologic link to postoperative AKI beyond confounding by comorbidities and care patterns.
race_native_am,2,"Can be associated with higher prevalence of diabetes/CKD in some populations, but remains an indirect, non-mechanistic predictor."
race_native_pacific,2,Potential indirect association with metabolic comorbidity burden; not a direct marker of renal hypoperfusion or nephrotoxicity.
race_other,1,Heterogeneous category with minimal mechanistic interpretability for AKI prediction.
ethnicity,1,Ethnicity is not a direct physiologic determinant of AKI and mainly reflects confounding social/health factors.
height_cm,1,Height has no direct relationship to renal perfusion or tubular injury; any association is largely through body size indexing already captured elsewhere.
weight_kg,2,"Higher weight/obesity can increase perioperative risk (hemodynamic stress, inflammation) and complicate dosing/volume management, but is an indirect predictor of AKI."
family_history_premature_cardiac_death,1,Family history does not directly affect perioperative renal perfusion or nephrotoxic exposure and is unlikely to predict acute creatinine rise.
diabetes,4,"Diabetes is a well-established risk factor for postoperative AKI due to microvascular disease, baseline nephropathy risk, and heightened susceptibility to ischemia-reperfusion injury."
diab_ctrl,2,"Diabetes control status may reflect chronic disease severity and baseline renal vulnerability, but is less directly predictive than diabetes itself without granular glycemic data."
pre_op_dyslipidemia,1,Dyslipidemia is not a direct driver of acute postoperative AKI; any effect is indirect via atherosclerotic burden.
hypertension,3,"Hypertension is a common contributor to chronic kidney disease and reduced renal autoregulatory reserve, increasing susceptibility to perioperative hypotension-related AKI."
endocarditis_history,2,"Prior endocarditis can be associated with chronic illness and potential embolic/immune renal injury, but it is not a primary perioperative driver of AKI after cardiac surgery compared with hemodynamics and nephrotoxins."
chronic_lung_disease,2,"COPD is indirectly linked to AKI via hypoxemia, hypercapnia, and higher risk of postoperative complications, but it is not a direct renal insult."
pre_op_home_oxygen,3,"Home oxygen use is a marker of severe chronic cardiopulmonary disease and frailty, which increases risk of postoperative hypoxia/hemodynamic instability that can precipitate AKI."
bronchodilator_therapy,1,Bronchodilator use mainly reflects airway disease management and has minimal direct relationship to renal perfusion or tubular injury.
pre_op_sleep_apnea,2,"Sleep apnea is associated with cardiovascular comorbidity and intermittent hypoxemia, which may increase perioperative risk, but it is not a strong direct predictor of postoperative creatinine rise."
pneumonia,3,"Pneumonia increases systemic inflammation, hypoxemia, and risk of sepsis/vasopressor exposure, all of which can contribute to AKI risk postoperatively."
iv_drug_abuse,2,"IV drug use is a proxy for comorbidity burden (infection risk, hepatitis, endocarditis) and potential baseline renal vulnerability, but it is not a direct perioperative AKI mechanism."
depression,1,Depression has no direct physiologic link to postoperative renal hypoperfusion or nephrotoxicity and is unlikely to add predictive value beyond other clinical variables.
alcohol,2,"Alcohol use can correlate with liver disease, malnutrition, and hemodynamic instability, which may indirectly increase AKI risk, but the relationship is nonspecific."
liver_dis,4,"Liver disease is strongly associated with renal hypoperfusion physiology (e.g., hepatorenal-like states), coagulopathy/bleeding risk, and susceptibility to AKI during major surgery."
imm_supp,3,"Immunosuppression increases infection/sepsis risk and may include nephrotoxic agents (e.g., calcineurin inhibitors), making it a meaningful risk factor for postoperative AKI."
mediast_rad,2,"Prior mediastinal radiation signals complex cardiac disease and higher surgical complexity, which can indirectly raise AKI risk, but it is not a direct renal biomarker."
cancer,2,"Cancer is a marker of chronic illness and potential exposure to nephrotoxic therapies, but its effect on postoperative AKI is generally indirect and heterogeneous."
peripheral_artery_disease,3,"PAD reflects systemic atherosclerosis and impaired vascular reserve, increasing risk of renal hypoperfusion/embolization and postoperative AKI after cardiac surgery."
pre_op_thoracic_aorta_disease,3,"Thoracic aortic disease often implies more complex surgery and higher risk of embolic events and prolonged bypass/circulatory arrest, which are established contributors to AKI."
syncope,1,Syncope is nonspecific and usually reflects transient hemodynamic or arrhythmic events; it does not directly predict postoperative renal injury beyond other captured variables.
unresponsive_state_history,2,"History of unresponsiveness is an indirect marker of frailty/neurologic comorbidity and may correlate with overall illness severity, but it is not a direct driver of postoperative renal hypoperfusion or nephrotoxicity."
cerebrovascular_disease,3,"Cerebrovascular disease reflects systemic atherosclerosis and impaired vascular reserve, which is associated with higher perioperative AKI risk via susceptibility to hypotension and microvascular disease."
pre_op_hemoglobin,3,Preoperative anemia reduces oxygen delivery and increases transfusion likelihood; both anemia and transfusion/inflammation are established contributors to post-cardiac surgery AKI risk.
total_albumin_before_surgery,3,"Hypoalbuminemia is a marker of malnutrition/inflammation and lower oncotic pressure, associated with worse postoperative outcomes and higher AKI risk, though not kidney-specific."
total_bilirubin_before_surgery,3,"Elevated bilirubin suggests hepatic dysfunction/congestion and systemic illness, which correlates with perioperative hemodynamic instability and increased AKI risk."
a1c_lvl,3,"Higher HbA1c indicates diabetes and chronic microvascular disease, an established risk factor for postoperative AKI and reduced renal reserve."
pre_op_heparin_induced_thrombocytopenia_antibodies,2,"HIT antibodies mainly affect anticoagulation strategy and thrombotic risk; any AKI association is indirect (e.g., thrombosis/complex perioperative course) rather than a primary predictor."
meld_scr,4,"Higher MELD (including creatinine and liver dysfunction) captures baseline renal/hepatic impairment and systemic severity, strongly predicting postoperative renal deterioration."
bnp,4,"Elevated BNP reflects heart failure and venous congestion/low forward flow, which are strong hemodynamic drivers of cardiorenal syndrome and post-cardiac surgery AKI."
five_m_walk_test,2,"Poor 5-meter walk performance indicates frailty and limited physiologic reserve, which may correlate with complications including AKI but is not mechanistically kidney-specific."
previous_cardiovascular_intervention,2,"Prior cardiovascular interventions indicate advanced coronary/vascular disease and procedural complexity, but the link to AKI is indirect and heterogeneous."
previous_coronary_bypass_graft,3,"Redo/previous CABG is associated with more complex surgery and higher risk of hemodynamic instability and transfusion, which increases AKI risk."
previous_surgery_cardiac_value,3,"History of prior cardiac surgery suggests higher operative complexity and adhesions with longer bypass/ischemia times, indirectly increasing AKI risk."
previous_percutaneous_coronary_intervention,2,Prior PCI reflects coronary disease burden; AKI risk impact is mostly indirect (comorbidity/procedural complexity) rather than a direct renal insult.
previous_percutaneous_coronary_intervention_this_episode_of_care,3,"PCI during the same episode often implies recent contrast exposure and acute coronary syndrome physiology, both of which increase susceptibility to postoperative AKI."
previous_percutaneous_coronary_intervention_stent,2,Presence of a stent mainly indicates coronary disease history and antiplatelet considerations; its relationship to AKI is indirect and not a primary predictor.
time_since_previous_cardiac_intervention,2,"Short interval since a prior intervention can proxy higher baseline cardiovascular disease burden and perioperative complexity, which indirectly increases AKI risk. It is not a direct physiologic driver of postoperative creatinine rise."
past_cardiac_interventions,2,"History of prior cardiac interventions suggests advanced atherosclerotic disease and potentially more complex redo surgery, indirectly raising AKI risk. The link is mediated through operative complexity/hemodynamics rather than being a direct renal biomarker."
pre_op_ace_inhibitor_within_48_hours,3,"ACE inhibitors can blunt efferent arteriolar tone and reduce renal autoregulation during perioperative hypotension/vasoplegia, increasing AKI susceptibility. Commonly held pre-op for this reason, but not determinative alone."
pre_op_adp_inhibitor_within_5_days,2,"Recent P2Y12 inhibitor use mainly increases bleeding/transfusion risk, which can secondarily contribute to AKI via hypotension and inflammation. The medication itself is not directly nephrotoxic."
pre_op_amiodarone,1,Amiodarone is not a typical direct contributor to perioperative AKI; any association is usually confounding by arrhythmia/illness severity. It provides limited specific prognostic information for creatinine rise.
pre_op_anticoagulants,2,"Pre-op anticoagulation can increase bleeding and transfusion needs, indirectly worsening renal perfusion and inflammatory load. It is not a primary mechanistic driver of AKI in most cardiac surgery patients."
pre_op_aspirin,1,Aspirin at antiplatelet doses is not a strong predictor of postoperative AKI and is often continued as standard care. Any renal effect is minimal compared with hemodynamics and nephrotoxins.
pre_op_beta_blockers,2,Beta-blockers can influence perioperative hemodynamics (bradycardia/low cardiac output) but are also standard therapy and often protective for cardiac outcomes. Their relationship to AKI is indirect and inconsistent.
pre_op_beta_blocker_therapy_for_2_weeks,1,Chronic beta-blocker therapy largely reflects baseline cardiac management rather than an acute renal risk exposure. It adds little specific signal for postoperative creatinine ratio beyond general comorbidity.
pre_op_calcium_channel_blocker_therapy_for_2_weeks,1,Chronic calcium channel blocker use is not a well-established predictor of cardiac-surgery-associated AKI. Any effect is indirect via blood pressure control and comorbidity.
pre_op_glycoprotein_inhibitor,2,"GP IIb/IIIa inhibitor exposure suggests recent ACS/PCI and increases bleeding/transfusion risk, which can secondarily raise AKI risk. It is not directly nephrotoxic."
pre_op_inotropic_agents,4,Need for pre-op inotropes indicates low cardiac output/cardiogenic shock physiology with impaired renal perfusion and high AKI risk. This is a strong marker of hemodynamic vulnerability entering surgery.
pre_op_lipid_lowering_med,1,Statins/lipid-lowering therapy are common and not a direct AKI trigger; associations are weak and confounded. Provides minimal incremental prediction for postoperative creatinine rise.
pre_op_long_acting_nitrate_therapy_for_2_weeks,1,Chronic nitrate therapy mainly reflects angina management and does not directly predict postoperative AKI. Any link is indirect through coronary disease burden.
pre_op_iv_nitrates,2,"IV nitrates suggest active ischemia/heart failure and can contribute to perioperative hypotension, indirectly affecting renal perfusion. Still a nonspecific marker compared with direct hemodynamic/lab predictors."
pre_op_other_antianginal_therapy_for_2_weeks,1,Other chronic antianginal therapy is a proxy for coronary disease but is not itself a strong AKI predictor. The relationship to creatinine rise is indirect and typically weak.
pre_op_steroid_usage,2,"Chronic steroids can reflect frailty/immunosuppression and may worsen infection risk and glycemic control, indirectly increasing AKI risk. Not a direct perioperative renal perfusion or nephrotoxin signal."
pre_op_thrombin_inhibitor_within_24_hours,2,"Recent anticoagulant exposure mainly affects bleeding/transfusion risk, which can secondarily contribute to hypotension and AKI. The drug itself is not a typical direct driver of postoperative AKI."
pre_op_warfarin_within_5_days,2,"Warfarin use is a marker of comorbidity (e.g., AF, valve disease) and may increase bleeding/transfusion needs, indirectly affecting renal perfusion. It is not a direct physiologic predictor of creatinine rise after surgery."
pre_op_factor_xa_inhibitor_within_5_days,2,"DOAC exposure is primarily relevant to perioperative bleeding and transfusion, which can indirectly increase AKI risk via hemodynamic instability. Not a direct renal injury biomarker."
pre_op_thrombin_inhibitor_within_5_days,2,"Similar to other anticoagulants, it is mainly a proxy for bleeding risk and comorbidity burden rather than a direct AKI mechanism. Any AKI association is typically mediated through shock/transfusion/complications."
pre_op_lipid_lowering_med_is_statin,2,Statin use is a marker of atherosclerotic disease burden and may be weakly protective/neutral for AKI in some settings. It is not a strong direct predictor of postoperative creatinine ratio.
cardiac_catheterization_performed,3,"Pre-op catheterization can imply recent iodinated contrast exposure and higher coronary disease burden, both associated with postoperative AKI risk. The timing/contrast dose are not captured here, limiting strength."
cor_anat_dis_known,2,"Known coronary anatomy disease reflects baseline cardiovascular comorbidity and potential low cardiac reserve, indirectly affecting renal perfusion. It is less predictive than direct hemodynamics, contrast exposure, or renal labs."
number_of_diseased_coronary_vessels,3,"Greater coronary disease burden correlates with worse cardiac function/atherosclerosis and higher operative complexity, increasing AKI risk via low output states and perioperative instability. Still indirect compared with postoperative hemodynamics and renal markers."
aortic_valve_disease,3,"Severe aortic stenosis/regurgitation can predispose to perioperative low cardiac output and renal hypoperfusion, increasing AKI risk. Association is moderate and mediated through hemodynamics and surgical complexity."
mitral_valve_disease,3,"Mitral disease can be associated with pulmonary hypertension, low forward flow, and more complex surgery, which can contribute to renal hypoperfusion and AKI. Predictive value is indirect and variable by severity."
tricuspid_valve_disease,3,"Tricuspid disease often reflects right-sided failure and venous congestion, which can impair renal function (congestive nephropathy) and increase AKI risk after surgery. Still less direct than postoperative CVP/pressors/urine output measures."
pulmonic_valve_disease,2,Pulmonic valve disease is less commonly a dominant driver of postoperative renal hypoperfusion in adult cardiac surgery cohorts. Any AKI association is typically indirect via right heart dysfunction severity.
n_past_cardiac_surgeries,3,"Redo sternotomy/cardiac surgery increases operative complexity, bypass time, bleeding/transfusion, and risk of low output states, all linked to AKI. It is a meaningful baseline risk factor but not a direct biomarker."
status,2,"A generic status variable is likely an administrative/clinical category and may weakly proxy acuity or case type. Without clear physiologic meaning, it is not a strong AKI predictor."
current_case_canceled,1,Case cancellation is an operational outcome and does not directly reflect renal physiology or postoperative perfusion. Any association with AKI would be incidental or confounded.
operative_approach_converted,3,"Conversion (e.g., minimally invasive to open) often reflects intraoperative complexity/instability, longer operative time, and higher bleeding/transfusion risk, all of which increase AKI risk indirectly."
robotic,2,"Robotic/minimally invasive approaches may reduce surgical trauma and transfusion needs, but the link to postoperative creatinine rise is indirect and procedure-selection confounded."
op_cab,3,"CABG is associated with cardiopulmonary bypass exposure (if on-pump), hemodynamic swings, and atheroembolism risk, which are established contributors to postoperative AKI."
op_valve,3,"Valve surgery often entails longer bypass/cross-clamp times and greater hemodynamic perturbations, which are established perioperative AKI risk factors."
other_cardiac_procedure_completed,3,"Additional cardiac procedures generally indicate greater operative complexity and longer ischemic/bypass exposure, increasing AKI risk through hemodynamic and inflammatory mechanisms."
a_fib_proc,2,"Concomitant AF procedures (e.g., Maze) add operative time and complexity but have only an indirect and inconsistent relationship with postoperative renal dysfunction."
aort_proc,4,"Aortic procedures are strongly associated with embolic risk, prolonged circulatory support/hypothermia, and major hemodynamic stress, making them strong predictors of postoperative AKI."
other_non_cardiac_procedure_done,2,"Non-cardiac concomitant procedures may increase operative time and inflammatory burden, but the renal impact is indirect and heterogeneous."
appropriate_antibiotic_selection,1,Appropriate prophylactic antibiotic choice is standard-of-care and not a direct physiologic driver of AKI in the immediate postoperative window.
appropriate_antibiotic_administration_timing,1,Timing of prophylactic antibiotics mainly affects surgical site infection risk; it has minimal direct linkage to early postoperative creatinine rise.
antibiotic_discontinuation_ordered,1,Discontinuation orders reflect stewardship/workflow rather than renal physiology and are unlikely to predict creatinine_ratio meaningfully.
additional_intraoperative_prophylactic_antibiotic_dose,2,"An extra dose may proxy longer operations or higher blood loss, which can relate to AKI risk, but the antibiotic dosing itself is not a primary renal insult in most cases."
operative_lowest_core_temperature,3,"Deeper hypothermia often correlates with longer/complex bypass and circulatory arrest strategies, which are established contributors to postoperative AKI risk."
operative_lowest_hemoglobin,4,Intraoperative anemia reflects hemodilution/bleeding and reduces renal oxygen delivery; low nadir hemoglobin is a strong predictor of postoperative AKI and creatinine rise.
high_intra_glu,2,"Intraoperative hyperglycemia is associated with stress response and worse outcomes, but its relationship to AKI is indirect compared with hemodynamics, anemia, and bypass factors."
cardiopulmonary_coronary_perfused_used,3,"Use of cardiopulmonary bypass/perfusion support is an established AKI risk factor via inflammation, hemolysis, and nonpulsatile flow, though it is not a direct biomarker of renal injury."
arterial_cannulation_site_aortic,2,"Aortic cannulation is common and usually reflects standard CPB setup rather than renal-specific risk. AKI risk is more driven by CPB duration, hypotension, embolic load, and inflammation than cannulation site alone."
arterial_cannulation_site_femoral,3,"Femoral cannulation can be a marker of more complex/urgent cases and may increase atheroembolism risk, which can contribute to renal injury. Still, it is an indirect proxy compared with CPB time and hemodynamics."
arterial_cannulation_site_axillary,2,"Axillary cannulation is often chosen for aortic pathology/redo operations and may indicate complexity, but it is not a direct renal perfusion marker. Any AKI association is largely mediated through case severity and bypass management."
arterial_cannulation_site_innominate,2,Innominate cannulation mainly reflects operative strategy for arch/aortic work and cerebral protection rather than kidney-specific physiology. Renal risk is indirect via overall surgical complexity and embolic/inflammatory burden.
arterial_cannulation_site_other,2,"Nonstandard arterial cannulation sites may indicate unusual anatomy or high-complexity surgery, which can correlate with AKI risk. However, the site itself is not a direct driver of postoperative creatinine rise."
venous_cannulation_site_femoral,2,"Femoral venous cannulation can reflect minimally invasive/redo/urgent approaches and overall case complexity, indirectly relating to AKI risk. It does not directly measure renal perfusion or injury."
venous_cannulation_site_jugular,2,Jugular venous cannulation is typically a technical/approach choice and not a direct renal risk factor. Any association with AKI would be indirect through procedure type and illness severity.
venous_cannulation_site_right_atrial,1,Right atrial venous cannulation is standard for many CPB cases and provides little discriminatory information for AKI risk. It is not mechanistically linked to postoperative creatinine changes.
venous_cannulation_site_left_atrial,2,"Left atrial cannulation is less common and may indicate specific procedures or complexity, which can correlate with AKI risk. The relationship is indirect rather than a direct renal insult marker."
venous_cannulation_site_pulmonary,2,"Pulmonary venous/arterial cannulation suggests specialized procedures and potentially higher operative complexity. AKI linkage is indirect via longer bypass, hemodynamic instability, and inflammatory response."
venous_cannulation_site_bicaval,2,Bicaval cannulation is used for certain intracardiac procedures and may correlate with longer/complex operations. It is not a direct predictor of renal injury compared with bypass time and postoperative perfusion.
venous_cannulation_site_other,2,"Other venous cannulation sites may reflect atypical anatomy or complex surgery, indirectly increasing AKI risk. The cannulation site itself is not a renal biomarker."
cardiopulmonary_bypass_time,5,"Longer CPB time is a strong, well-established predictor of postoperative AKI via hemolysis, inflammation, microembolization, and nonpulsatile renal hypoperfusion. It is one of the most consistent operative drivers of creatinine rise after cardiac surgery."
circulatory_arrest,4,"Use of circulatory arrest indicates major aortic/arch surgery with high risk of global hypoperfusion and ischemia-reperfusion injury, which can precipitate AKI. It is a strong severity marker even without duration."
deep_hypothermic_circulatory_arrest_time,5,Longer DHCA time directly increases risk of renal ischemia and subsequent tubular injury from prolonged low-flow/no-flow states. Duration provides a strong dose-response signal for postoperative creatinine elevation.
cerebral_perfusion_utilized,3,Cerebral perfusion use is a marker of arch surgery complexity and altered perfusion strategies that may correlate with systemic perfusion challenges. Its relationship to AKI is indirect and less predictive than CPB/DHCA duration.
cerebral_perfusion_time,2,"Primarily reflects neurologic protection strategy and case complexity rather than renal perfusion directly. Longer times may correlate with prolonged bypass/operative stress, indirectly increasing AKI risk."
intraop_circulatory_arrest_time,4,"Longer circulatory arrest implies profound systemic hypoperfusion/ischemia and high operative complexity, both strongly associated with postoperative AKI. It is a direct proxy for global ischemic insult."
aortic_occlusion,2,Binary indicator of aortic manipulation/occlusion; by itself it is not a specific renal insult. It mainly serves as a proxy for procedure type/complexity that may indirectly relate to AKI.
aortic_cross_clamp_time,4,"Prolonged cross-clamp time correlates with longer cardiopulmonary bypass, ischemia-reperfusion injury, inflammation, and hemodynamic instability, all strong drivers of AKI after cardiac surgery. It is a well-established operative risk factor."
cerebral_oximetry_used,1,Use of cerebral oximetry reflects monitoring preference and case type rather than a physiologic mechanism causing AKI. It has minimal direct prognostic value for creatinine rise.
diffuse_aortic_calcification,3,"Diffuse aortic atherosclerosis indicates systemic vascular disease and higher risk of embolic events and perioperative hemodynamic complications, which can contribute to renal hypoperfusion/atheroembolism. It is an established comorbidity-level risk marker."
assessment_of_ascending_aorta_arch,1,Documentation/assessment behavior is not a physiologic driver of AKI. It mainly reflects operative workflow and does not directly predict creatinine trajectory.
aorta_plaque_assessment,2,"Presence/assessment of plaque suggests atherosclerotic burden and potential embolic risk, which can contribute to renal injury, but the assessment variable itself is indirect. Predictive value is likely modest unless it encodes severe plaque."
aortic_condition_altered_plan,3,"An altered surgical plan due to aortic condition implies severe aortic disease and increased procedural complexity, which are associated with longer bypass times and instability. This is an indirect but meaningful risk marker for AKI."
intraop_blood_products_refused,1,Refusal is a preference/behavioral variable and not a physiologic determinant of AKI. Any association would be highly confounded and indirect.
intraop_blood_products_received,3,"Receiving blood products is a proxy for bleeding, hemodilution, inflammation, and transfusion-related complications, all associated with AKI risk. It is an established but nonspecific perioperative severity marker."
intraop_red_blood_cells_transfused,4,"RBC transfusion volume correlates with bleeding/anemia and is independently associated with postoperative AKI via inflammation, hemolysis/iron load, and severity of illness. It is a strong perioperative predictor though not a direct renal biomarker."
intraop_fresh_frozen_plasma_transfused,3,"FFP transfusion indicates coagulopathy/bleeding and higher operative complexity, which are linked to AKI risk. The relationship is indirect and confounded by severity."
intraop_platelets_transfused,3,"Platelet transfusion suggests significant bleeding or platelet dysfunction (often with prolonged bypass), both associated with systemic inflammation and AKI risk. It is an indirect severity marker."
intraop_cryoprecipitate_transfused,2,"Cryoprecipitate use reflects hypofibrinogenemia/bleeding and case complexity, which can correlate with AKI, but it is less consistently predictive than RBCs. The link is indirect."
intra_clot_fact,2,"Clotting factor administration indicates coagulopathy/bleeding severity and complex surgery, which may increase AKI risk indirectly. It is not a direct renal perfusion or injury marker."
intraop_received_amino_captroic_acid,2,"Antifibrinolytic use is mainly a marker of bleeding risk/complexity and transfusion exposure, which can indirectly increase AKI risk. It is not a direct renal perfusion or nephrotoxic driver by itself."
intraop_received_tranexamic_acid,2,"Similar to aminocaproic acid, TXA reflects bleeding-risk management and surgical complexity rather than a direct kidney injury mechanism. Any AKI association is typically indirect via hemodynamics/transfusion/inflammation."
intraop_transesophageal_echocardiogram_performed,1,TEE performance is largely standard-of-care in many cardiac surgeries and is not a physiologic insult or renal biomarker. It mainly reflects monitoring practice rather than AKI pathophysiology.
post_repair_aortic_insufficiency,3,"Residual aortic regurgitation can reduce effective forward flow and contribute to hypotension/low cardiac output, worsening renal perfusion. It is a meaningful hemodynamic risk factor but not a direct AKI biomarker."
post_repair_mitral_insufficiency,3,"Residual MR can lead to low effective cardiac output and pulmonary congestion with higher venous pressures, both unfavorable for renal perfusion. It is an established indirect risk factor for postoperative AKI."
post_repair_tricuspid_insufficiency,4,"Residual TR is closely linked to elevated right-sided pressures and renal venous congestion, a strong contributor to cardiorenal AKI after cardiac surgery. This can directly impair GFR even with preserved arterial pressure."
op_val_surg_input,3,"Valve surgery generally implies longer bypass/cross-clamp times and higher hemodynamic complexity than isolated CABG, increasing AKI risk. It is a broad procedural risk marker rather than a direct physiologic measurement."
a_fib_proc_surg_input,2,"Concomitant AF procedures (e.g., Maze) increase operative time and complexity, which can indirectly raise AKI risk. The procedure itself is not a direct renal insult or biomarker."
general_anesthesia_used,1,General anesthesia is nearly universal for cardiac surgery and provides little discrimination for AKI risk in this cohort. It does not directly quantify renal perfusion injury severity.
intraop_prothrombin_complex_concentrate_used,3,"PCC use is a strong marker of major bleeding/coagulopathy and potential massive transfusion, which are associated with hypotension, inflammation, and AKI. The link is indirect but clinically meaningful."
post_repair_aortic_mean_gradient,2,"Higher post-repair gradients suggest residual stenosis or prosthesis mismatch, which can contribute to afterload and lower forward flow, indirectly affecting renal perfusion. It is less directly tied to AKI than measures of shock/venous congestion."
post_repair_aortic_paravalvular_leak,3,"Paravalvular leak can cause ongoing regurgitation and reduced effective cardiac output, increasing risk of renal hypoperfusion. It is a relevant hemodynamic complication but not a direct kidney injury marker."
post_repair_mitral_mean_gradient,2,"Elevated mitral gradients may indicate residual obstruction and higher left atrial pressures, indirectly affecting cardiac output and congestion. The association with AKI is plausible but typically weaker than overt low-output or right-sided failure."
post_repair_mitral_paravalvular_leak,3,"Mitral PVL can worsen regurgitation and reduce effective forward flow, contributing to hypotension/low output and renal hypoperfusion. It is a meaningful postoperative complication with indirect AKI relevance."
post_repair_mitral_tricuspid_leak,4,"Combined residual mitral/tricuspid leakage implies significant biventricular volume overload and venous congestion, strongly predisposing to cardiorenal AKI. This pattern often correlates with persistent hemodynamic instability and renal dysfunction."
ejection_fraction_post_procedure,4,"Lower post-procedure EF is a strong indicator of low cardiac output syndrome, a major driver of postoperative renal hypoperfusion and AKI. It is a direct hemodynamic predictor though not a kidney biomarker itself."
pp_planed_pci,2,"Planned PCI suggests more complex coronary disease and potential contrast exposure, which can indirectly increase AKI risk. It is not a direct physiologic marker of renal injury in the early postoperative ICU course."
iabp,4,"IABP use is a strong marker of perioperative cardiogenic shock/low cardiac output and need for mechanical circulatory support, both tightly linked to renal hypoperfusion and AKI. It also correlates with higher illness severity and vasopressor exposure."
cath_bas_assist,3,"Baseline cath lab assist device use indicates preoperative hemodynamic instability or severe coronary disease, which increases perioperative renal hypoperfusion risk. It is an established severity marker but less direct than postoperative shock variables."
ecmo,5,"ECMO is a proxy for profound cardiopulmonary failure with high rates of AKI from low flow states, hemolysis/inflammation, and frequent vasopressor use. It is among the strongest predictors of subsequent creatinine rise in postcardiac surgery ICU patients."
bld_prod,4,"Blood product transfusion reflects bleeding/hemodilution and is associated with inflammation, hemolysis, and hypotension, all of which increase AKI risk after cardiac surgery. Higher transfusion burden correlates with worse renal outcomes."
extubated_in_or,2,"Extubation in the OR generally indicates a smoother intraoperative course and less cardiopulmonary instability, indirectly lowering AKI risk. It is a weak-to-moderate severity proxy rather than a direct renal predictor."
re_intub,3,"Re-intubation signals postoperative respiratory failure and clinical deterioration, often accompanied by hemodynamic instability and higher vasopressor/sedative exposure that can worsen renal perfusion. It is an established severity marker but not kidney-specific."
icu_visit,2,ICU visit/need for ICU-level care is largely a utilization/severity proxy and may be routine after cardiac surgery. It has only an indirect association with AKI unless it captures unexpected instability.
postop_hemoglobin,3,"Low postoperative hemoglobin can reduce oxygen delivery and is associated with transfusion/bleeding, both linked to AKI risk after cardiac surgery. It is a moderate predictor but not as direct as hemodynamic collapse or renal labs."
postop_hct,3,"Postoperative hematocrit reflects anemia/hemodilution and correlates with oxygen delivery and transfusion needs, which are associated with AKI. Similar to hemoglobin, it is a moderate, indirect predictor."
postop_intub,3,"Remaining intubated postoperatively suggests higher acuity, longer anesthesia effects, or cardiopulmonary instability, which can contribute to renal hypoperfusion. It is an established severity marker but not kidney-specific."
prev_mi,3,"Prior MI indicates reduced cardiac reserve and higher likelihood of perioperative low cardiac output, increasing AKI risk via renal hypoperfusion. It is a well-known comorbidity-level risk factor."
mi_when,2,Timing of prior MI may refine cardiac risk but is an indirect predictor of postoperative renal injury compared with real-time hemodynamics and renal labs. Its effect is mediated through cardiac function and perioperative instability.
card_symp_time_of_adm,2,Symptom timing at admission is a proxy for acuity/ischemia burden but has no direct renal mechanism. Any association with AKI is indirect through illness severity and operative complexity.
card_symp_time_of_surg,2,"Symptom timing at surgery reflects urgency and potential instability, which can indirectly increase AKI risk. It is not a direct physiologic marker of renal perfusion or injury."
anginal_class,2,"Anginal class reflects coronary disease severity and functional limitation, which may correlate with perioperative risk but is not directly linked to renal injury mechanisms. Its predictive value for creatinine rise is likely modest and mediated by cardiac function."
class_nyh,3,"Higher NYHA class reflects worse baseline cardiac reserve and venous congestion, both associated with perioperative renal hypoperfusion and AKI risk after cardiac surgery."
car_shock,5,"Cardiogenic shock implies profound low cardiac output and renal hypoperfusion, a direct driver of ischemic ATN and subsequent creatinine rise."
resusc,4,"Need for resuscitation suggests severe perioperative instability (hypotension, bleeding, low flow) that strongly increases AKI risk via renal ischemia and inflammatory injury."
arrhythmia,3,"Clinically significant arrhythmias can reduce effective cardiac output and cause hypotension, indirectly worsening renal perfusion and AKI risk."
recent_cardiac_arrhythmia_vtach_vfib,4,"Recent VT/VF indicates severe electrical instability often accompanied by hemodynamic collapse and low-flow states, which strongly predispose to AKI."
recent_arrhyth_sss,2,"Sick sinus syndrome is usually a chronic conduction issue; unless causing prolonged bradycardia/hypotension, it has only an indirect link to postoperative AKI."
recent_arrhyth_a_flutter,3,"Atrial flutter can impair cardiac output and contribute to hypotension or need for rate/rhythm control, moderately increasing AKI risk through perfusion effects."
recent_arrhyth_second,2,Second-degree AV block may be transient or treated with pacing; it is an indirect AKI risk factor mainly when associated with bradycardia and hypotension.
recent_arrhyth_third,3,"Complete heart block can cause marked bradycardia and low cardiac output until paced, making it a moderate predictor of renal hypoperfusion-related AKI."
arrhyth_p_paced,2,Being paced is more a marker of conduction disease/management; it only weakly predicts AKI unless it reflects ongoing hemodynamic instability.
heart_fail,4,"Heart failure is a strong established risk factor for postoperative AKI due to low forward flow, venous congestion, and higher likelihood of perioperative hypotension/inotrope use."
recent_arrhyth_atr_fib,3,"Recent atrial fibrillation is associated with hemodynamic variability and higher perioperative complication burden, moderately linked to AKI via perfusion and congestion effects."
pain_score_pre,1,Preoperative pain score has no direct physiologic relationship to renal perfusion or tubular injury and is unlikely to add meaningful AKI prediction beyond other variables.
intraop_cell_saver_volume,2,"Higher cell-saver volume can proxy surgical bleeding/complexity and transfusion exposure, which are indirectly associated with AKI, but it is not a direct renal injury marker."
total_heparin_before_bypass,1,Heparin dosing is largely protocolized to achieve anticoagulation for bypass and is not a direct predictor of postoperative creatinine rise.
total_protamine_before_or_exit,2,"Protamine dose may reflect heparin exposure and can be associated with hemodynamic reactions in rare cases, but overall has only an indirect/weak link to AKI risk."
intra_visco_test,1,"Intraoperative viscoelastic testing (e.g., TEG/ROTEM) reflects coagulation management rather than renal perfusion or nephrotoxicity. Any AKI association is indirect via bleeding/transfusion and is better captured by hemodynamics/transfusion variables."
vol_agent_used,2,Use of volatile anesthetic is not a primary driver of postoperative AKI; effects on renal outcomes are inconsistent and largely mediated by hemodynamics. This variable is also collinear with specific agent indicators below.
volatile_agent_isoflurane,2,Isoflurane choice is not an established independent predictor of AKI after cardiac surgery; renal effects are mainly indirect through blood pressure/cardiac output. Any signal is likely confounded by case/anesthetic practice patterns.
volatile_agent_sevoflurane,2,"Sevoflurane has theoretical nephrotoxicity concerns (compound A) but clinically significant AKI signal in modern practice is weak, especially compared with perfusion/vasopressor exposure. Likely reflects anesthetic preference rather than renal injury mechanism."
volatile_agent_desflurane,2,Desflurane selection has no strong direct link to AKI; renal risk is primarily via hemodynamic instability rather than agent-specific toxicity. Any association is likely indirect/confounded.
vol_agent_oth,1,Other volatile agent category is nonspecific and primarily captures documentation/practice variation. It has no clear mechanistic or validated relationship to postoperative creatinine rise.
volatile_agent_used_pre_bypass,2,"Pre-bypass volatile use may correlate with anesthetic depth and peri-induction hypotension, but it is not a direct AKI predictor. Hemodynamic variables would capture the relevant renal perfusion insult more directly."
volatile_agent_used_during_bypass,2,"During-bypass volatile use is not a primary determinant of renal injury compared with bypass duration, perfusion pressure/flow, and hemolysis/inflammation. Any effect is indirect and likely small."
volatile_agent_used_post_bypass,2,"Post-bypass volatile use may track immediate post-CPB instability, but it is not itself a strong causal driver of AKI. Renal risk is better represented by hypotension/vasopressor needs and lactate."
volatile_agent_used_for_maintenance,2,"Maintenance volatile use reflects anesthetic strategy and may correlate with overall case complexity, but has weak direct evidence for predicting AKI. Hemodynamic and perfusion markers are more proximal predictors."
intra_op_infusion_dexmedetomidine,2,"Dexmedetomidine can reduce sympathetic tone and may affect blood pressure/renal perfusion, but evidence for AKI prevention or causation is mixed. Any association is indirect via hemodynamics and sedation strategy."
intraop_propofol_infusion,2,"Propofol infusion mainly influences systemic vascular resistance and blood pressure; AKI risk would be mediated through hypotension rather than direct nephrotoxicity. It is a weak, practice-dependent predictor compared with perfusion/vasopressor exposure."
intraop_midazolam_infusion,1,Midazolam infusion is not nephrotoxic and has no established independent relationship with postoperative AKI. It primarily reflects sedation practice rather than renal injury mechanisms.
total_insulin_before_or_exit,3,"Higher insulin requirements can proxy perioperative hyperglycemia/diabetes severity and stress response, which are established AKI risk factors after cardiac surgery. It is indirect but clinically meaningful as a marker of metabolic derangement."
pre_anesth_bp_sys,3,"Preoperative systolic BP reflects baseline hemodynamic reserve and chronic hypertension, which influence renal autoregulation and AKI susceptibility. It is an established risk context but not a direct biomarker of impending AKI."
pre_anesth_bp_dia,3,"Preoperative diastolic BP relates to vascular tone and chronic hypertension, affecting renal perfusion reserve and vulnerability to intraoperative hypotension. It is a moderate baseline risk factor rather than a direct AKI marker."
pre_anesth_hr,2,"Pre-induction tachycardia can reflect pain/anxiety or limited cardiac reserve, which may correlate with perioperative instability. It is an indirect and nonspecific marker for renal hypoperfusion risk."
pulmonary_artery_catheter_used,2,Use of a PA catheter is mainly a proxy for higher perceived hemodynamic risk/complexity rather than a direct AKI mechanism. It may correlate with shock/vasopressor needs but is not itself causal.
core_temp_max,2,"Higher intraoperative temperature can reflect inflammatory stress or inadequate cooling/rewarming management, but links to AKI are indirect. Extremes of hypothermia/rewarming rate are more relevant than max temperature alone."
nitric_ox_intraop,2,Inhaled nitric oxide is typically used for pulmonary hypertension/RV dysfunction and serves as a severity marker. Any AKI association is indirect via low cardiac output/RV failure and hemodynamic compromise.
total_crystalloid_by_anesthesia_team,3,"Large crystalloid volumes can indicate bleeding/vasoplegia and contribute to venous congestion/hemodilution, both associated with postoperative AKI. Still, volume given is confounded by case complexity and resuscitation strategy."
total_synthetic_colloid_by_anesthesia_team,4,"Synthetic colloids (e.g., HES) have well-described associations with AKI in critically ill populations and may worsen renal outcomes. Even when used selectively, higher exposure plausibly increases AKI risk."
total_5_percent_albumin_by_anesthesia_team,2,Albumin use is generally a resuscitation choice and a proxy for intravascular depletion/vasoplegia rather than a direct nephrotoxin. Its relationship to AKI is inconsistent and largely confounded by illness severity.
gluc_trough_intraop,2,"Intraoperative hypoglycemia/low glucose can reflect tight control or poor reserve and may associate with adverse outcomes, but it is not a primary AKI driver. Hyperglycemia metrics are typically more informative for stress response."
vasodil_intraop,3,"Intraoperative vasodilator use can contribute to hypotension and reduced renal perfusion pressure, a known AKI pathway. However, it is also used therapeutically (e.g., afterload reduction), so it is an imperfect proxy."
intra_proc_eeg,1,"Intra-procedural EEG monitoring reflects neurologic monitoring practice and case complexity, not renal physiology. Any AKI association would be indirect and weak."
intra_op_pre_tee,2,Pre-incision TEE is mainly a marker of higher-risk cardiac surgery and closer hemodynamic assessment. It does not directly affect renal injury but may correlate with complex valve/ventricular pathology.
left_ventricular_ejection_fraction_estimate_pre_incision,4,"Reduced LVEF is a strong predictor of low cardiac output and renal hypoperfusion after cardiac surgery. It is a well-established risk factor for postoperative AKI, especially in older patients."
rv_function_estimate_pre_incision,4,"RV dysfunction predisposes to venous congestion, low forward flow, and elevated renal venous pressure, all strongly linked to AKI. It is particularly relevant in cardiac surgery with pulmonary hypertension or RV failure."
mitral_valve_regurgitation_pre_incision,2,"Significant MR can indicate chronic volume overload and heart failure physiology, which may increase AKI risk indirectly. The relationship is less direct than global ventricular function or shock markers."
mitral_stenosis_pre_incision,2,"MS can be associated with pulmonary hypertension and RV strain, indirectly increasing AKI risk via hemodynamic compromise. On its own it is not a strong direct predictor compared with measured ventricular function."
aortic_valve_regurgitation_pre_incision,2,"AR can reflect chronic LV volume overload and perioperative hemodynamic lability, which may indirectly affect renal perfusion. It is a weaker predictor than LVEF/RV function or direct perfusion/pressure measures."
aortic_stenosis_regurgitation_pre_incision,2,"Significant valvular disease can contribute to perioperative low cardiac output and renal hypoperfusion, but it is an indirect and heterogeneous predictor of postoperative AKI."
pre_ava_assessed,1,Whether aortic valve area was assessed reflects documentation/testing rather than a physiologic insult; it is not a direct driver of AKI risk.
pre_tr,3,"Tricuspid regurgitation can indicate right-sided dysfunction and venous congestion, which is an established contributor to postoperative AKI via elevated renal venous pressure."
pre_pfo,1,Presence of a PFO has little direct relationship to renal perfusion or nephrotoxic exposure and is not a typical AKI predictor.
asc_ao_assessed,1,Assessment of the ascending aorta is primarily procedural/documentation and does not itself reflect renal injury risk.
maximal_ascending_aortic_diameter,2,"Larger aortic diameter may correlate with more complex surgery and embolic/atherosclerotic burden, indirectly increasing AKI risk, but it is not a primary mechanistic predictor."
maximal_ascending_aortic_atherosclerotic_thickness,2,"Greater atherosclerotic burden can increase embolic risk and operative complexity, which may indirectly relate to AKI, but the link is not specific or strong for creatinine rise."
ascending_aortic_atheroma_mobility,2,"Mobile atheroma suggests higher embolic potential and surgical complexity; renal atheroembolism is possible but uncommon, making this an indirect predictor."
visualize_aortic_arch,1,Whether the arch was visualized is a procedural detail and not a physiologic marker of renal hypoperfusion or nephrotoxicity.
mx_arc_ath,2,"Aortic arch atheroma burden may reflect systemic atherosclerosis and embolic risk, which can indirectly contribute to postoperative organ dysfunction including AKI."
aortic_arch_atheroma_mobility,2,Mobile arch atheroma increases embolic potential and operative complexity; renal embolization is possible but not a common dominant cause of postoperative creatinine rise.
cpb_used,4,"Use of cardiopulmonary bypass is strongly associated with AKI through inflammation, hemolysis, nonpulsatile flow, and perioperative hypotension, especially in older patients."
retr_autol_prim,2,"Autologous priming/retrograde autologous priming affects hemodilution and transfusion needs, which can influence AKI risk indirectly but is not a direct predictor."
total_crystalloid_by_perfusion_team,3,"Higher intraoperative crystalloid can reflect hemodilution, capillary leak, and fluid overload, which are associated with worse renal outcomes and higher postoperative creatinine."
total_synthetic_colloid_by_perfusion_team,4,"Synthetic colloids (e.g., HES) have recognized nephrotoxic/AKI associations in critically ill patients; higher exposure plausibly increases postoperative creatinine."
total_5_percent_albumin_by_perfusion_team,2,Albumin use mainly reflects volume management and illness severity; evidence for direct AKI causation is limited compared with hemodynamics and nephrotoxins.
hemofil_perf,5,"Need for hemofiltration/perfusion support implies severe fluid overload, metabolic derangement, or early renal dysfunction and is tightly linked to subsequent creatinine rise. It is also a marker of high illness severity and renal hypoperfusion risk."
inotrop_wean_cpb,3,"Difficulty weaning inotropes after CPB suggests low cardiac output and impaired renal perfusion, increasing AKI risk. It is an established hemodynamic risk factor but indirect and heterogeneous."
vasop_wean_cpb,4,"Vasopressor requirement/difficulty weaning after CPB indicates vasoplegia/shock and renal hypoperfusion, a strong driver of postoperative AKI. Persistent vasopressor dependence is a strong predictor of later creatinine rise."
intra_op_post_tee,2,Having a post-op intraoperative TEE is more a marker of intraoperative concern/complexity than a direct renal mechanism. It may correlate with instability but is not specific for AKI.
systolic_anterior_motion_mitral_valve_presence,3,"SAM can cause dynamic LVOT obstruction and hypotension, reducing renal perfusion and raising AKI risk. It is clinically meaningful but not a direct renal biomarker."
ret_cpb_ech,2,"Returning to CPB based on echo implies intraoperative instability/complications, indirectly increasing AKI risk via prolonged CPB and shock. However it is a procedural marker rather than a direct physiologic renal measure."
left_ventricular_ejection_fraction_estimate_post_incision,3,Reduced LVEF reflects impaired forward flow and predisposes to low cardiac output syndrome and renal hypoperfusion. It is a well-known AKI risk factor but not definitive alone.
post_rv_fx,4,"Postoperative RV dysfunction can markedly reduce LV preload and cardiac output and cause venous congestion, both strongly associated with AKI after cardiac surgery. It is a strong hemodynamic predictor of renal injury."
intra_card_arr,3,Intraoperative cardiac arrhythmias can cause hypotension and low output episodes that increase AKI risk. The association is established but depends on arrhythmia type/duration.
post_core_temp,2,"Postoperative hypothermia/temperature derangements can reflect shock or prolonged bypass and may correlate with AKI risk, but temperature itself is not a primary renal injury driver. It is an indirect severity marker."
post_inr,2,"Elevated INR reflects hepatic dysfunction, dilutional coagulopathy, or bleeding/transfusion burden, which can correlate with severity and AKI risk. It is indirect and not specific for renal injury."
post_wbc,2,"Leukocytosis may indicate inflammation/infection or stress response, which can contribute to AKI risk, but it is nonspecific post-cardiac surgery. Predictive value is generally indirect."
post_plt,3,"Thrombocytopenia after CPB can indicate systemic inflammation, consumption, or ongoing bleeding/transfusion and correlates with postoperative organ dysfunction including AKI. It is an established but indirect risk marker."
post_hct,3,"Low hematocrit/anemia reduces oxygen delivery to renal tissue and often reflects bleeding/hemodilution and transfusion exposure, all linked to AKI after cardiac surgery. It is a common, clinically relevant risk factor."
post_fibrin,2,"Low fibrinogen suggests bleeding/consumption and higher transfusion burden, indirectly associated with AKI via hemodynamic instability and inflammation. It is not a direct renal predictor."
post_lact,4,Elevated lactate is a strong marker of global hypoperfusion/low cardiac output and predicts subsequent organ dysfunction including AKI. It closely reflects the shock physiology that drives creatinine rise.
prop_post,2,Postoperative propofol exposure is not directly nephrotoxic; any association with AKI is mainly indirect via hypotension/vasodilation and illness severity.
pain_score_pod3,1,Pain score on POD3 is temporally distant and not a physiologic driver of renal hypoperfusion or tubular injury; it is more reflective of comfort/analgesia practices.
current_smoker,2,"Active smoking is associated with vascular disease and perioperative pulmonary complications, which can indirectly worsen oxygen delivery and renal perfusion, but it is not a strong direct predictor of early postoperative AKI."
former_smoker,1,Former smoking has a weaker and less specific link to acute postoperative renal injury than active smoking and is largely mediated through comorbidities captured elsewhere.
pre_op_arrhyth_a_fib_paroxysmal,2,"Paroxysmal AF can contribute to perioperative hemodynamic instability and embolic risk, which may indirectly affect renal perfusion, but it is not a primary AKI driver by itself."
pre_op_arrhyth_a_fib_persistent,3,"Persistent AF more often reflects chronic cardiac dysfunction and can predispose to low cardiac output and perioperative hypotension, established contributors to postoperative AKI risk."
cardioplegia_delivery_antegrade,1,Antegrade cardioplegia delivery strategy has no direct renal physiologic link; any association with AKI is likely confounded by procedure type/complexity.
cardioplegia_delivery_retrograde,1,Retrograde cardioplegia is a surgical technique choice and not a direct determinant of renal perfusion or nephrotoxic exposure; effects on AKI are indirect at most.
cplegia_type_blood,1,Blood cardioplegia type is not a direct renal injury marker; any AKI association would be via operative complexity rather than kidney-specific mechanisms.
cplegia_type_crystalloid,1,Crystalloid cardioplegia type is not a kidney-specific predictor; potential links to AKI are indirect and confounded by surgical context.
heart_fail_tmg_acute,4,"Acute heart failure around surgery strongly predicts low cardiac output, venous congestion, and renal hypoperfusion, all major mechanisms for postoperative AKI."
heart_fail_tmg_chronic,3,Chronic heart failure is an established AKI risk factor via baseline reduced renal perfusion reserve and susceptibility to perioperative hypotension/congestion.
heart_fail_type_systolic,3,"Systolic dysfunction is associated with low forward flow and higher risk of postoperative low cardiac output syndrome, increasing AKI risk through hypoperfusion."
heart_fail_type_diastolic,2,"Diastolic dysfunction can contribute to congestion and hemodynamic lability, but its link to postoperative AKI is generally less direct than systolic failure."
0_12h_pulse_oximetry_mean,2,"Early mean oxygen saturation is an indirect marker of oxygen delivery; in the immediate 0–12h period values are often transiently affected by ventilation/anesthesia, so prognostic specificity for AKI is limited (capped for early epoch)."
13_24h_pulse_oximetry_mean,2,"Sustained lower mean SpO2 in 13–24h may reflect ongoing respiratory failure and impaired oxygen delivery that can worsen renal ischemia, but it remains an indirect and nonspecific predictor compared with hemodynamics/renal labs."
25_36h_pulse_oximetry_mean,2,"Sustained oxygenation may relate indirectly to renal oxygen delivery, but mean SpO2 often masks brief hypoxemic insults and is less specific for AKI than extremes."
0_12h_pulse_oximetry_max,1,High SpO2 is not a pathologic driver of AKI and is largely uninformative in the immediate post-op period.
13_24h_pulse_oximetry_max,1,Maximum SpO2 does not capture hypoxemia or shock physiology relevant to AKI risk.
25_36h_pulse_oximetry_max,1,Maximum SpO2 is generally non-informative for renal injury prediction compared with hypoxemic minima.
0_12h_pulse_oximetry_min,3,"Hypoxemia can contribute to renal ischemia, but early post-op desaturations are common/transient; capped by the 0–12h epoch rule."
13_24h_pulse_oximetry_min,3,"Lower SpO2 in this trajectory phase may reflect ongoing respiratory/cardiac dysfunction affecting renal perfusion, but remains indirect for AKI."
25_36h_pulse_oximetry_min,4,"Late hypoxemia is a strong marker of persistent cardiopulmonary failure and impaired oxygen delivery, which increases risk of ischemic AKI."
0_12h_pulse_oximetry_measured,1,Measurement frequency mainly reflects monitoring intensity/acuity rather than a physiologic mechanism for AKI.
13_24h_pulse_oximetry_measured,1,More frequent SpO2 documentation is a weak behavioral proxy for illness severity and is not a direct AKI predictor.
25_36h_pulse_oximetry_measured,1,Frequency of SpO2 measurement reflects care patterns and adds little mechanistic information about renal injury.
0_12h_r_pulmonary_artery_pressure_mean_mean,2,"Elevated PA pressures can indicate RV dysfunction/venous congestion affecting renal perfusion, but early post-op values are often transient and mean-of-mean is less sensitive than extremes."
13_24h_r_pulmonary_artery_pressure_mean_mean,3,"Persistently higher PA pressures suggest ongoing RV strain and congestion, which can reduce renal perfusion pressure and contribute to AKI risk."
25_36h_r_pulmonary_artery_pressure_mean_mean,3,"Later sustained PA pressure elevation supports ongoing RV dysfunction/volume overload with potential renal venous congestion, but mean values may miss episodic severe decompensation."
0_12h_r_pulmonary_artery_pressure_mean_max,3,Acute peaks in PA pressure may reflect RV failure or pulmonary hypertensive crises that can impair forward flow and renal perfusion; capped by the 0–12h epoch rule.
13_24h_r_pulmonary_artery_pressure_mean_max,4,"Higher PA pressure maxima in this phase can indicate clinically significant RV dysfunction and venous congestion, both strongly linked to postoperative AKI."
25_36h_r_pulmonary_artery_pressure_mean_max,4,"Late PA pressure spikes are strong indicators of ongoing RV failure/pulmonary hypertension with renal venous congestion and reduced effective renal perfusion, increasing AKI risk."
0_12h_r_pulmonary_artery_pressure_mean_min,2,"Low pulmonary artery pressure can reflect low preload/low output states that may reduce renal perfusion, but early post-op values are often transient and treatment-related. As a minimum of a mean-derived signal, it is an indirect hemodynamic proxy rather than a direct AKI marker."
13_24h_r_pulmonary_artery_pressure_mean_min,2,"Persistently low PA pressures may indicate ongoing low filling pressures/low output that can contribute to renal hypoperfusion. Still indirect and less specific than systemic perfusion measures, so kept modest to avoid redundancy."
25_36h_r_pulmonary_artery_pressure_mean_min,3,"In the 25–36h window, low PA pressures can be a leading indicator of inadequate preload/forward flow and evolving shock physiology that predisposes to AKI. Remains indirect (pulmonary-side pressure), but closer to outcome and more informative."
0_12h_r_pulmonary_artery_pressure_mean_measured,1,"Measurement frequency mainly reflects monitoring intensity (e.g., presence of PA catheter) rather than renal pathophysiology. Early post-op monitoring is routine in higher-acuity cases but is not a direct AKI predictor."
13_24h_r_pulmonary_artery_pressure_mean_measured,1,"Number of PA pressure recordings is a care-process/acuity proxy and not a physiologic driver of AKI. Continued measurement may reflect severity, but the signal is weak and non-specific."
25_36h_r_pulmonary_artery_pressure_mean_measured,2,"Ongoing frequent PA pressure monitoring late may indicate persistent hemodynamic instability, which correlates with AKI risk. Still a behavioral proxy, so capped low."
0_12h_r_device_continuous_cardiac_index_measured,1,"Frequency of continuous cardiac index documentation reflects device presence and clinician attention, not renal injury mechanism. In the immediate post-op period this is common and not specific for AKI."
13_24h_r_device_continuous_cardiac_index_measured,1,Measurement count is a monitoring-intensity proxy and does not directly capture renal perfusion adequacy. Any association with AKI would be indirect via illness severity.
25_36h_r_device_continuous_cardiac_index_measured,2,"Persistent intensive cardiac output monitoring closer to hour 60 may indicate ongoing shock/low output physiology that increases AKI risk. Nonetheless it is still a process-of-care variable, so kept low."
0_12h_r_central_venous_pressure_mean,2,"Mean CVP reflects venous congestion and right-sided filling pressures, which can impair renal perfusion pressure, but early post-op CVP is heavily influenced by ventilation, fluids, and transient shifts. Mean is less sensitive than extremes for congestion-related AKI."
13_24h_r_central_venous_pressure_mean,3,"Sustained elevated CVP in the trajectory phase suggests ongoing venous congestion/right heart dysfunction, a recognized contributor to cardiorenal AKI. Mean CVP can capture persistent congestion better once immediate post-op effects wane."
25_36h_r_central_venous_pressure_mean,3,"In the 25–36h window, persistently high mean CVP indicates ongoing renal venous congestion and reduced renal perfusion gradient, increasing AKI risk. However, extremes (max) often better capture harmful congestion, so mean is not scored higher to limit collinearity."
0_12h_r_central_venous_pressure_max,3,"High CVP peaks can reflect acute venous congestion/tamponade physiology or RV failure, which can directly worsen renal perfusion pressure. Capped at 3 due to the immediate post-op epoch where transient elevations are common."
13_24h_r_central_venous_pressure_max,4,"A high CVP maximum during 13–24h suggests episodic or persistent venous congestion/RV dysfunction, a strong driver of cardiorenal AKI after cardiac surgery. Max captures the pathologic congestion better than mean, so it is prioritized."
25_36h_r_central_venous_pressure_max,4,"Late high CVP peaks are a strong leading indicator of ongoing venous congestion or right-sided failure, which is closely linked to worsening creatinine after cardiac surgery. Max is the most pathophysiologically relevant aggregation for congestion-related AKI."
0_12h_r_central_venous_pressure_min,1,"Low CVP minima are often due to measurement/ventilator effects or transient hypovolemia and are less directly tied to AKI than congestion metrics. In the immediate post-op period, minima are particularly noisy and non-specific."
13_24h_r_central_venous_pressure_min,2,"Low CVP can reflect relative hypovolemia and reduced renal perfusion, but the minimum CVP is less informative for AKI than sustained venous congestion (high CVP). Capped to limit redundancy with more pathologic CVP summaries."
25_36h_r_central_venous_pressure_min,2,"In the leading-indicator window, a very low CVP may suggest underfilling and risk for prerenal azotemia, but AKI after cardiac surgery is more strongly linked to elevated venous pressures/congestion than low minima. Kept low to avoid collinearity with more relevant CVP aggregates."
0_12h_r_central_venous_pressure_measured,1,Measurement frequency mainly reflects monitoring intensity immediately post-op and is not a physiologic driver of AKI. Early post-bypass period also has routine frequent CVP checks.
13_24h_r_central_venous_pressure_measured,1,Number of CVP recordings is a care-process/acuity proxy rather than a direct renal perfusion marker. It may correlate with illness severity but is not specific for AKI risk.
25_36h_r_central_venous_pressure_measured,2,"More frequent CVP measurement late may indicate ongoing hemodynamic instability or volume management concerns, which can accompany evolving AKI. Still primarily a behavioral proxy, so kept low."
0_12h_r_fio2_mean,2,"Higher average FiO2 suggests respiratory failure/overall severity and potential hypoxemia-related renal stress, but in the immediate post-op window it is often transient and protocol-driven. Mean is less specific than extremes for acute insults."
13_24h_r_fio2_mean,2,"Persistently elevated FiO2 can indicate ongoing pulmonary dysfunction and systemic illness severity associated with AKI risk, but it is indirect and nonspecific. Mean FiO2 is also influenced by ventilator weaning practices."
25_36h_r_fio2_mean,3,"Sustained higher FiO2 close to hour 60 suggests persistent respiratory failure/inflammation and higher overall critical illness burden, which is associated with AKI. Still an indirect predictor rather than a renal-specific marker."
0_12h_r_fio2_max,3,"A high FiO2 maximum reflects episodes of significant oxygenation impairment or instability, which can accompany shock/inflammation contributing to AKI. In the immediate post-op period this can be transient, so capped at 3."
13_24h_r_fio2_max,3,"FiO2 spikes during 13–24h may reflect clinically meaningful deterioration (e.g., pulmonary edema/ARDS) and higher AKI risk via systemic hypoxia/inflammation. It remains an indirect marker."
25_36h_r_fio2_max,3,"Late FiO2 maxima indicate episodes of worsening oxygenation near the outcome window and correlate with severity of illness and AKI risk. Not a direct renal biomarker, so not scored higher."
0_12h_r_fio2_min,1,Minimum FiO2 largely reflects how quickly clinicians wean oxygen and is not a pathologic insult; low minima are generally reassuring. Limited physiologic linkage to AKI.
13_24h_r_fio2_min,1,Lower minimum FiO2 indicates periods of stability/weaning and does not represent an AKI trigger. It is more practice-pattern dependent than kidney-related physiology.
25_36h_r_fio2_min,1,Minimum FiO2 close to hour 60 mainly captures successful weaning rather than renal risk. It is not a plausible causal driver of AKI.
0_12h_r_fio2_measured,1,Frequency of FiO2 documentation is routine in ventilated post-cardiac surgery patients and reflects charting/monitoring rather than physiology. Not specific for AKI.
13_24h_r_fio2_measured,1,FiO2 measurement frequency is a care-process variable and not a direct predictor of renal injury. Any association would be nonspecific confounding by acuity.
25_36h_r_fio2_measured,2,"Measurement frequency reflects respiratory instability/acuity and clinician concern rather than a direct renal mechanism. It may correlate with shock/ARDS severity that secondarily increases AKI risk, but is indirect."
0_12h_r_vent_resp_rate_set_mean,2,"Ventilator rate settings can reflect respiratory failure and acid-base management, which may correlate with illness severity and renal hypoperfusion. In the immediate 0–12h post-op period this is often transient and not a primary AKI driver."
13_24h_r_vent_resp_rate_set_mean,2,"Sustained higher set RR may indicate ongoing respiratory failure or metabolic acidosis compensation, indirectly associated with AKI risk. Mean values are less informative than extremes for acute insults and are not kidney-specific."
0_12h_r_vent_resp_rate_set_max,3,"A high maximum set RR can signal severe acidosis/respiratory failure and higher overall physiologic stress, which is associated with AKI via hypoperfusion/inflammation. Early post-op derangements are common, so predictive value is limited (cap at 3)."
13_24h_r_vent_resp_rate_set_max,3,"Persistently high maximum RR in 13–24h suggests ongoing instability (e.g., acidosis, sepsis/ARDS), which increases AKI risk through systemic illness severity and hemodynamic compromise. Still indirect and not a renal biomarker."
0_12h_r_vent_resp_rate_set_min,1,"Low minimum set RR is usually driven by ventilator strategy/sedation rather than renal perfusion. It has weak and nonspecific linkage to AKI, especially in the immediate post-op window."
13_24h_r_vent_resp_rate_set_min,1,Minimum set RR largely reflects ventilator management choices and sedation rather than kidney injury physiology. It is not an established predictor of postoperative AKI.
0_12h_r_vent_resp_rate_set_measured,1,"Measurement frequency is a documentation/monitoring intensity proxy and not a physiologic mechanism for AKI. In early post-op care, frequent ventilator setting entries are routine."
13_24h_r_vent_resp_rate_set_measured,1,"More frequent recording of RR settings reflects care intensity and ventilator adjustments, not direct renal risk. It may weakly correlate with acuity but is nonspecific."
25_36h_r_vent_resp_rate_set_measured,2,"In the 25–36h window, frequent ventilator adjustments can indicate ongoing instability and higher severity of illness, indirectly increasing AKI risk. Still a behavioral proxy, so kept low."
0_12h_r_vent_tidal_volume_set_mean,2,Tidal volume strategy relates to lung-protective ventilation and severity of respiratory failure; AKI associations are indirect via inflammation/hemodynamics. Mean values in 0–12h are often protocol-driven and transient.
13_24h_r_vent_tidal_volume_set_mean,2,"Sustained tidal volume settings may reflect ongoing ventilation needs and severity, indirectly linked to AKI. Mean is less informative than extremes and is not kidney-specific."
25_36h_r_vent_tidal_volume_set_mean,2,"Later mean tidal volume may capture persistent respiratory failure/ARDS management, which can correlate with systemic inflammation and AKI risk. However it remains an indirect marker and often protocolized."
0_12h_r_vent_tidal_volume_set_max,2,"Higher maximum tidal volumes can contribute to ventilator-induced lung injury and systemic inflammation, indirectly associated with AKI. In the immediate post-op period, brief higher settings may be procedural and less predictive (cap low)."
13_24h_r_vent_tidal_volume_set_max,3,"A higher maximum tidal volume in 13–24h may indicate difficulty with oxygenation/ventilation or non–lung-protective ventilation, which can worsen inflammation and hemodynamics and increase AKI risk. Extremes are more informative than means here."
25_36h_r_vent_tidal_volume_set_max,3,"In the 25–36h leading-indicator window, a high maximum tidal volume may reflect persistent severe respiratory failure or less protective ventilation, associated with systemic inflammation and multi-organ dysfunction including AKI. Still indirect and not a renal biomarker, so not scored higher."
0_12h_r_vent_tidal_volume_set_min,1,"Minimum set tidal volume mainly reflects ventilator strategy (e.g., lung-protective ventilation) rather than renal perfusion; any AKI link is indirect via severity of illness. In the immediate 0–12h post-op period it is especially nonspecific."
13_24h_r_vent_tidal_volume_set_min,1,Low set tidal volume is typically protocol-driven and not a direct driver of AKI; it is at most a weak proxy for respiratory failure severity. Not a strong renal predictor in this epoch.
25_36h_r_vent_tidal_volume_set_min,2,"Persistently low set tidal volume may indicate ongoing lung injury/ARDS and higher illness severity, which can correlate with AKI risk. Still indirect and largely management-dependent."
0_12h_r_vent_tidal_volume_set_measured,1,Measurement frequency reflects documentation/monitoring intensity rather than physiology and is not a mechanistic AKI predictor. In early post-op care this is routine.
13_24h_r_vent_tidal_volume_set_measured,1,How often tidal volume is recorded is a behavioral/acuity proxy and usually standard in ventilated patients. Weak and nonspecific for AKI.
25_36h_r_vent_tidal_volume_set_measured,1,Recording frequency does not directly reflect renal perfusion or nephrotoxicity and is mostly routine ICU practice. At most a weak proxy for ongoing ventilation needs.
0_12h_r_vent_peep_mean,2,"Higher mean PEEP can reduce venous return/cardiac output and renal perfusion, but early post-op PEEP levels are often transient and protocolized. Mean values also smooth short hypotensive/low-output episodes."
13_24h_r_vent_peep_mean,2,Sustained higher PEEP may indicate persistent respiratory failure and can contribute to reduced renal perfusion via hemodynamic effects. Still indirect and less informative than extremes.
25_36h_r_vent_peep_mean,3,Persistently elevated mean PEEP closer to hour 60 suggests ongoing lung pathology and sustained intrathoracic pressure effects that can impair renal perfusion. Moderate predictor but not a direct renal biomarker.
0_12h_r_vent_peep_max,3,Peak PEEP captures acute episodes of severe hypoxemia/ARDS management that can acutely compromise hemodynamics and renal perfusion. Capped by the 0–12h epoch limit and early post-op transience.
13_24h_r_vent_peep_max,3,"High maximum PEEP in this trajectory phase suggests significant respiratory failure and potential hemodynamic compromise, both associated with AKI risk. More informative than mean/min but still indirect."
25_36h_r_vent_peep_max,4,"High peak PEEP in the 25–36h window indicates severe ongoing respiratory failure and aggressive ventilatory support, which can meaningfully reduce renal perfusion and correlate with multi-organ dysfunction. This is a strong indirect predictor near the outcome time."
0_12h_r_vent_peep_min,1,Minimum PEEP is often a baseline setting and does not capture the injurious/hemodynamically significant periods relevant to AKI. Early post-op values are particularly protocol-driven.
13_24h_r_vent_peep_min,1,Low minimum PEEP is not a known trigger for AKI and mainly reflects ventilator baseline settings. Provides little incremental information versus max PEEP.
25_36h_r_vent_peep_min,1,Minimum PEEP remains a weak descriptor of respiratory severity and does not capture the hemodynamically stressful extremes most linked to AKI. Likely redundant with max/mean PEEP.
0_12h_r_vent_peep_measured,1,PEEP measurement frequency is largely routine ventilator charting and reflects monitoring behavior rather than renal physiology. Not a meaningful AKI predictor in this early epoch.
13_24h_r_vent_peep_measured,1,Measurement frequency mainly reflects clinician attention/vent management rather than a physiologic AKI driver. At most it weakly proxies severity of respiratory failure/hemodynamic complexity.
25_36h_r_vent_peep_measured,2,"More frequent PEEP documentation/orders may indicate ongoing respiratory failure and higher overall acuity closer to the outcome window. Still a behavioral proxy, not a direct renal perfusion marker."
0_12h_r_vent_plateau_pressure_mean,2,"Higher sustained plateau pressures can reflect poor lung compliance and higher intrathoracic pressures that may reduce venous return/renal perfusion, but early post-op values are often transient. Mean is less informative than extremes for acute insult."
13_24h_r_vent_plateau_pressure_mean,2,"Persistently elevated plateau pressure may signal ongoing lung injury and hemodynamic compromise, indirectly increasing AKI risk. Mean is collinear with max/min and less sensitive to acute harmful peaks."
0_12h_r_vent_plateau_pressure_max,3,"Peak plateau pressure captures episodes of high intrathoracic pressure that can acutely reduce cardiac output and renal perfusion. In the immediate 0–12h post-op period, derangements are common, so capped at moderate importance."
13_24h_r_vent_plateau_pressure_max,4,"High plateau pressure peaks in the trajectory phase suggest persistent/worsening lung mechanics and higher intrathoracic pressures, which can impair renal perfusion and correlate with multi-organ dysfunction. Max better captures injurious episodes than mean."
0_12h_r_vent_plateau_pressure_min,1,Low minimum plateau pressure is generally not a pathologic trigger for AKI and often reflects periods of lower support or better compliance. Provides little incremental renal-risk information versus max.
13_24h_r_vent_plateau_pressure_min,1,Minimum plateau pressure is not a recognized AKI driver and is unlikely to capture harmful physiology. It is also highly collinear with other plateau summaries without adding risk signal.
0_12h_r_vent_plateau_pressure_measured,1,Frequency of plateau pressure measurement reflects ventilator management practices and monitoring intensity rather than renal physiology. Early post-op monitoring is routine and not specific for AKI risk.
13_24h_r_vent_plateau_pressure_measured,1,"More frequent plateau checks may indicate respiratory instability, but remains a weak, non-mechanistic proxy. Not specific for kidney injury prediction."
25_36h_r_vent_plateau_pressure_measured,2,"Closer to hour 60, frequent plateau measurements can indicate ongoing ventilatory difficulty/ARDS and higher illness severity, which correlates with AKI risk. Still a behavioral proxy, so kept low."
0_12h_r_vent_minute_ventilation_mean,2,"Sustained high minute ventilation can reflect metabolic acidosis, pain/agitation, or respiratory failure, indirectly associated with shock and AKI risk. Mean in the immediate post-op window is often influenced by transient factors."
13_24h_r_vent_minute_ventilation_mean,2,"Persistently elevated minute ventilation may suggest ongoing acidosis/sepsis or high dead space ventilation, indirectly linked to AKI via systemic illness. Mean is less informative than extremes for acute deterioration."
0_12h_r_vent_minute_ventilation_max,3,"Peaks in minute ventilation may capture episodes of severe acidosis/hypercapnia compensation or ventilatory distress, which can accompany hemodynamic stress and AKI risk. Early post-op variability is common, so moderate importance only."
13_24h_r_vent_minute_ventilation_max,3,"High minute ventilation peaks during 13–24h can indicate evolving systemic illness (e.g., sepsis, lactic acidosis) or worsening respiratory failure, both associated with AKI. Max better captures clinically meaningful episodes than mean."
0_12h_r_vent_minute_ventilation_min,1,Low minimum minute ventilation is not a typical AKI trigger and may reflect sedation or ventilator weaning rather than renal hypoperfusion. Adds little beyond other ventilatory severity markers.
13_24h_r_vent_minute_ventilation_min,2,"Low minute ventilation can reflect hypoventilation/sedation or permissive ventilation rather than a direct renal insult; only indirectly relates to AKI via severity of illness and hypercapnia/hemodynamics. As a minimum, it captures an extreme but is not a primary AKI driver."
0_12h_r_vent_minute_ventilation_measured,1,Measurement frequency mainly reflects monitoring intensity/acuity and is not a physiologic mechanism for AKI. Early (0–12h) post-op ventilation monitoring is routine after cardiac surgery.
13_24h_r_vent_minute_ventilation_measured,1,Counts of measurements are a behavioral proxy for illness severity and are not directly causal for AKI. Ventilator monitoring remains standard of care in this epoch.
25_36h_r_vent_minute_ventilation_measured,2,"More frequent minute ventilation documentation late (25–36h) may indicate ongoing respiratory instability and higher acuity, which can correlate with AKI risk. Still indirect and primarily a care-intensity marker."
0_12h_respiratory_therapy_o2_device_mean,1,Average O2 device level in the immediate post-op window is heavily influenced by routine extubation/weaning practices and is not specific for renal hypoperfusion. Mean aggregation also dilutes clinically relevant extremes.
13_24h_respiratory_therapy_o2_device_mean,2,"Persistently higher average oxygen support may reflect cardiopulmonary dysfunction and overall severity, indirectly increasing AKI risk. Mean device level is still a coarse proxy compared with extremes."
25_36h_respiratory_therapy_o2_device_mean,2,"Ongoing need for higher average oxygen support close to hour 60 suggests unresolved cardiopulmonary compromise and higher illness severity, which correlates with AKI. However, mean device level is not a direct renal biomarker."
0_12h_respiratory_therapy_o2_device_max,2,"A high maximum oxygen device requirement can indicate acute respiratory/cardiac dysfunction and potential low cardiac output states that may reduce renal perfusion. In 0–12h this is often transient and routine post-op, so capped conservatively."
13_24h_respiratory_therapy_o2_device_max,3,"A high peak oxygen support requirement in 13–24h suggests persistent/worsening cardiopulmonary failure (e.g., pulmonary edema, low output), which is an established AKI risk context. Max captures the clinically relevant extreme better than mean/min."
25_36h_respiratory_therapy_o2_device_max,3,"High maximum oxygen device requirement late (25–36h) is a strong marker of ongoing cardiopulmonary instability and severity of illness, which commonly co-tracks with renal hypoperfusion and AKI. It is still indirect rather than a kidney-specific marker."
0_12h_respiratory_therapy_o2_device_min,1,Minimum oxygen device level largely reflects periods of stability or weaning and does not capture the pathologic insult relevant to AKI. In the immediate post-op period it is especially non-informative.
13_24h_respiratory_therapy_o2_device_min,1,Minimum oxygen support indicates best observed respiratory status and is not a trigger for AKI; extremes on the high side are more relevant. This aggregation is likely redundant with max/mean for severity.
25_36h_respiratory_therapy_o2_device_min,1,Minimum oxygen device requirement late is a marker of recovery rather than risk and is not mechanistically linked to AKI. It adds little beyond max/mean and may be collinear with overall respiratory course.
0_12h_respiratory_therapy_o2_device_measured,1,Measurement frequency reflects documentation/monitoring patterns and routine respiratory therapy workflows rather than renal physiology. In 0–12h it is standard post-cardiac surgery care.
13_24h_respiratory_therapy_o2_device_measured,1,Counts of O2 device recordings are primarily a care-intensity proxy and not a direct predictor of creatinine rise. Any association with AKI would be indirect via acuity.
25_36h_respiratory_therapy_o2_device_measured,2,"More frequent O2 device documentation late may indicate ongoing respiratory instability and higher acuity, which can correlate with AKI risk. Still indirect and should be kept low to avoid over-weighting monitoring behavior."
0_12h_r_chest_tube_output_mean,2,"Higher chest tube output can reflect bleeding/transfusion needs and hemodynamic instability that may contribute to renal hypoperfusion, but early post-op averages are often transient and nonspecific. Mean is also less informative than peak output for acute insult."
13_24h_r_chest_tube_output_mean,2,"Ongoing average drainage may indicate continued bleeding/inflammation and potential low effective circulating volume, indirectly increasing AKI risk. Mean is less specific than maximum output for capturing clinically meaningful hemorrhage."
25_36h_r_chest_tube_output_mean,2,"Persistently elevated average chest tube output late may signal ongoing bleeding and volume depletion risk, which can worsen renal perfusion. However, mean remains a blunt measure compared with peak output or direct hemodynamic markers."
0_12h_r_chest_tube_output_max,3,"A high peak chest tube output in the immediate post-op period can indicate significant bleeding with hypotension/transfusion exposure, both associated with AKI risk. Capped at 3 due to the 0–12h epoch where derangements are common and often corrected quickly."
13_24h_r_chest_tube_output_max,3,"A high maximum output in this window suggests ongoing bleeding/tamponade physiology risk and potential renal hypoperfusion. Peak output better captures acute hemorrhagic insult than mean/min, but remains indirect for AKI."
25_36h_r_chest_tube_output_max,4,"A late high peak chest tube output is more concerning for persistent bleeding or surgical complication leading to sustained hemodynamic compromise and transfusion burden, both strongly linked to AKI. Max best captures the acute insult and is closest to the 60h creatinine outcome."
0_12h_r_chest_tube_output_min,1,Minimum chest tube output is generally not a meaningful marker for AKI risk and may reflect routine periods of low drainage. It does not capture hemorrhagic insult (better reflected by max).
13_24h_r_chest_tube_output_min,1,Minimum drainage in this epoch is not physiologically linked to renal injury and is largely uninformative. Extremes relevant to AKI here would be high output rather than low output.
25_36h_r_chest_tube_output_min,1,Low minimum chest tube output is not a recognized driver or marker of AKI and may simply reflect normal variability. It adds little beyond max/clinical context.
0_12h_r_chest_tube_output_measured,1,"Measurement frequency mainly reflects documentation/monitoring practices rather than a renal mechanism. In the immediate post-op period, frequent recording is routine and not specific for impending AKI."
13_24h_r_chest_tube_output_measured,1,How often output is recorded is a behavioral/acuity proxy and is not a direct physiologic predictor of AKI. It is commonly protocol-driven in ICU care.
25_36h_r_chest_tube_output_measured,1,"Late measurement frequency may reflect nursing workflow or concern for bleeding, but remains an indirect proxy and not a kidney-specific signal. Score kept low per rule for _measured features."
0_12h_r_pap_systolic_mean,2,"Elevated pulmonary artery systolic pressure can reflect RV dysfunction/volume overload and reduced forward flow, indirectly affecting renal perfusion. Mean values early post-op are often influenced by transient ventilatory/CPB effects and are less informative than extremes."
13_24h_r_pap_systolic_mean,3,"Sustained higher PAP systolic may indicate persistent pulmonary hypertension/RV strain with venous congestion, which is associated with AKI via congestive nephropathy. Mean is moderately informative in this trajectory phase but less specific than max for acute decompensation."
25_36h_r_pap_systolic_mean,3,"Persistently elevated PAP systolic close to the outcome suggests ongoing RV dysfunction and venous congestion, which can impair renal perfusion and filtration. Mean captures sustained congestion but is still indirect compared with direct renal labs/urine output."
0_12h_r_pap_systolic_max,3,"A high peak PAP systolic early may signal acute RV failure, pulmonary hypertensive crisis, or high intrathoracic pressures, all of which can reduce renal perfusion. Capped at 3 due to the 0–12h epoch where transient peaks are common postoperatively."
13_24h_r_pap_systolic_max,3,"Elevated PA systolic pressure suggests RV strain/pulmonary hypertension and venous congestion, which can impair renal perfusion. Use max to capture episodic RV afterload spikes; trajectory window capped at 4."
25_36h_r_pap_systolic_max,4,"Late (25–36h) high PA systolic pressure can reflect persistent RV dysfunction and systemic venous congestion, a strong contributor to cardiorenal AKI. The maximum captures acute afterload/pressure surges better than averages."
0_12h_r_pap_systolic_min,2,"Low PA systolic pressure early post-op may reflect low flow/low preload states, but this period is often transient and treatment-related. Minimum is less specific for renal hypoperfusion than systemic MAP/CO measures; initial window capped at 3."
13_24h_r_pap_systolic_min,2,"A low PA systolic minimum may indicate low cardiac output or hypovolemia, indirectly increasing AKI risk, but it is nonspecific. Extremes are informative, yet PA pressures are secondary markers compared with systemic perfusion indices."
25_36h_r_pap_systolic_min,3,"Persistently low PA systolic minima closer to hour 60 can signal ongoing low-flow physiology (e.g., RV failure with low output), which can reduce renal perfusion. Still indirect and less definitive than direct renal or systemic perfusion markers."
0_12h_r_pap_systolic_measured,1,Measurement frequency mainly reflects monitoring intensity/acuity rather than a physiologic mechanism for AKI. Early post-op PA monitoring is routine in many cardiac surgery patients.
13_24h_r_pap_systolic_measured,1,"How often PA systolic is recorded is a behavioral proxy for illness severity and monitoring practices, not a direct AKI driver. Typically provides little incremental prognostic value beyond the pressures themselves."
25_36h_r_pap_systolic_measured,2,"Continued frequent PA monitoring late may indicate ongoing hemodynamic instability or RV failure concern, which correlates with AKI risk. Still a proxy variable, so kept low by rule."
0_12h_r_pap_diastolic_mean,2,"Mean PA diastolic pressure relates to pulmonary vascular tone and left-sided filling pressures, indirectly linking to congestion and renal venous hypertension. Mean smooths transient insults and early post-op values are often labile; initial window capped at 3."
13_24h_r_pap_diastolic_mean,2,"Sustained higher PA diastolic mean may reflect elevated left-sided filling pressures/congestion, which can worsen renal function, but it is indirect. Mean is less sensitive than extremes for capturing episodic decompensation."
25_36h_r_pap_diastolic_mean,3,"Later sustained elevation in PA diastolic mean suggests persistent congestion and impaired forward flow, contributing to cardiorenal AKI. However, mean is still less specific than max/min for acute hemodynamic insults."
0_12h_r_pap_diastolic_max,3,"High PA diastolic maxima can indicate acute pulmonary hypertension or elevated left-sided filling pressures, supporting venous congestion that can impair renal function. Max best captures acute decompensation, but early window capped at 3."
13_24h_r_pap_diastolic_max,3,A high PA diastolic maximum in the trajectory phase suggests episodic congestion/afterload increases that can precipitate renal hypoperfusion and venous hypertension. Max is preferred over mean for capturing clinically relevant spikes.
25_36h_r_pap_diastolic_max,4,"Late high PA diastolic maxima strongly suggest ongoing congestion (elevated filling pressures) and/or pulmonary vascular stress, both linked to cardiorenal AKI. The maximum captures the pathologic peaks most likely to drive renal injury."
0_12h_r_pap_diastolic_min,1,"Low PA diastolic minima early post-op are often due to transient vasodilation, ventilation effects, or measurement variability and are not specific for AKI risk. Minimum PA diastolic is a weak proxy for renal perfusion; initial window capped at 3."
13_24h_r_pap_diastolic_min,1,A low PA diastolic minimum is nonspecific and may reflect temporary changes in preload/ventilation rather than sustained low output. It has limited direct linkage to subsequent creatinine rise compared with congestion or systemic hypotension markers.
25_36h_r_pap_diastolic_min,3,"Low diastolic PAP can reflect low right-sided filling pressures/low cardiac output or aggressive diuresis, which can reduce renal perfusion and contribute to AKI. In the 25–36h window it may indicate persistent hemodynamic vulnerability, but it is an indirect marker."
0_12h_r_pap_diastolic_measured,1,Measurement frequency mainly reflects monitoring intensity rather than renal physiology. Early post-op (0–12h) ordering is routine after cardiac surgery and is not specific for AKI risk.
13_24h_r_pap_diastolic_measured,1,How often PAP is recorded is a proxy for acuity/monitoring and not a direct driver of AKI. In 13–24h it may reflect ongoing instability but remains nonspecific.
25_36h_r_pap_diastolic_measured,2,"More frequent PAP documentation late (25–36h) can indicate clinician concern for persistent shock/right heart failure, which is associated with AKI. Still, it is behavioral/monitoring-derived rather than a physiologic insult itself."
0_12h_pulse_mean,2,"Average heart rate in the immediate post-op period is often influenced by pain, pacing, inotropes, and transient stress responses. Mean HR is less informative than extremes for renal hypoperfusion risk and is capped for collinearity."
13_24h_pulse_mean,2,"Sustained tachycardia can correlate with low cardiac output or sepsis and thus AKI risk, but the mean smooths important episodes. Extremes (max/min) better capture clinically relevant insults, so this is kept low to reduce redundancy."
25_36h_pulse_mean,2,"Persistent elevated mean HR near the outcome window may reflect ongoing hemodynamic stress, but it remains nonspecific and less informative than max/min. Scored low to avoid collinearity with pulse extremes."
0_12h_pulse_max,3,"Marked tachycardia can signal bleeding, low cardiac output, or vasoplegia requiring catecholamines, all of which can reduce renal perfusion. In 0–12h many spikes are transient post-op, so the score is conservatively capped."
13_24h_pulse_max,3,"High HR episodes in 13–24h may indicate evolving shock, arrhythmia, or infection and correlate with AKI risk via impaired renal perfusion. Still indirect and less specific than direct renal/hemodynamic measures."
25_36h_pulse_max,4,"Late tachycardia (25–36h) is a stronger leading indicator of ongoing low output, sepsis, or arrhythmia burden, which are strongly associated with subsequent AKI. The extreme value captures acute physiologic stress better than the mean."
0_12h_pulse_min,2,"Bradycardia can reduce cardiac output and renal perfusion, but early post-op bradycardia is often pacing/medication-related and transient. Thus it has only a plausible indirect link in 0–12h."
13_24h_pulse_min,3,"Clinically significant bradycardia in 13–24h may reflect conduction issues, excessive beta-blockade, or worsening cardiac function, potentially lowering renal perfusion. It is an indirect but established hemodynamic risk factor."
25_36h_pulse_min,4,"Late bradycardia (25–36h) can indicate persistent low cardiac output states or significant conduction disease, which can directly compromise renal perfusion and precipitate AKI. As an extreme, it better captures harmful episodes than the mean."
0_12h_pulse_measured,1,Heart rate measurement frequency is routine ICU monitoring and does not represent a physiologic mechanism for AKI. In 0–12h it mainly reflects standard post-op care intensity.
13_24h_pulse_measured,1,Frequency of pulse recordings is largely protocol-driven and not specific for renal injury risk. It is a weak behavioral proxy for acuity at best.
25_36h_pulse_measured,1,"Even late post-op, pulse measurement frequency is typically continuous/automatic and not a meaningful predictor of AKI. It adds monitoring-related collinearity without physiologic specificity."
0_12h_r_an_agents_o2_mean,2,"Inspired O2 exposure is not a primary driver of AKI; it mainly reflects ventilatory support needs. Mean values also smooth short hypoxemic insults, and in 0–12h this is often transient."
0_12h_r_an_agents_o2_max,3,"Very high FiO2 can be a marker of severe cardiopulmonary dysfunction/shock physiology that threatens renal perfusion. In the immediate 0–12h window it is common post-op, so capped at 3."
0_12h_r_an_agents_o2_min,2,"Low minimum FiO2 generally indicates less respiratory failure and is not a direct AKI mechanism. Any association is indirect via overall illness severity, and early post-op values are often protocol-driven."
0_12h_r_an_agents_o2_measured,1,Measurement frequency reflects monitoring intensity rather than renal physiology. FiO2 documentation is routine in ventilated post-cardiac surgery patients and is not specific for impending AKI.
13_24h_r_an_agents_o2_measured,1,Still primarily a documentation/acuity proxy rather than a causal AKI factor. O2 recording remains routine and non-specific for renal injury.
25_36h_r_an_agents_o2_measured,2,"More frequent FiO2 tracking late may reflect ongoing instability or escalating support, indirectly associated with AKI risk. However it remains a behavioral proxy, so kept low."
0_12h_r_an_agents_n2o_mean,1,"Nitrous oxide use has no established direct link to postoperative AKI compared with hemodynamics, nephrotoxins, or renal labs. Mean exposure in 0–12h is unlikely to add prognostic value."
0_12h_r_an_agents_n2o_max,1,Peak N2O concentration is not a recognized AKI trigger and is largely anesthetic practice-dependent. Any association would be confounding rather than physiologic.
0_12h_r_an_agents_n2o_min,1,Minimum N2O reflects whether it was used at all and does not capture renal perfusion or injury. No meaningful mechanistic link to creatinine rise.
0_12h_r_an_agents_n2o_measured,1,Frequency of N2O documentation is not a physiologic marker and is not specific to AKI risk. It mainly reflects anesthesia charting patterns.
13_24h_r_an_agents_n2o_measured,1,N2O is typically not a key ICU variable post-op; measurement frequency is not informative for renal outcomes. No established relationship to AKI trajectory.
25_36h_r_an_agents_n2o_measured,1,Late measurement frequency remains a documentation artifact rather than a renal risk factor. Unlikely to improve prediction of creatinine_ratio.
0_12h_r_an_agents_air_mean,1,Inspired air fraction is essentially complementary to FiO2 and not a direct AKI driver. Mean values in the immediate post-op period are protocolized and weakly informative.
0_12h_r_an_agents_air_max,1,"Higher air fraction generally indicates lower FiO2 requirement and better pulmonary status, not a direct renal insult. Any association with AKI would be indirect and weak."
0_12h_r_an_agents_air_min,2,"A very low minimum air fraction implies high FiO2 requirement, which can mark severe cardiopulmonary compromise affecting renal perfusion. In 0–12h this is common post-op, so kept modest."
0_12h_r_an_agents_air_measured,1,Measurement frequency is routine ventilator/anesthesia documentation and not specific for AKI. It reflects monitoring rather than kidney physiology.
13_24h_r_an_agents_air_measured,1,"Measurement frequency of air/oxygen as an anesthetic carrier reflects documentation/monitoring rather than a renal injury mechanism. As a _measured proxy it has weak, nonspecific linkage to AKI risk."
25_36h_r_an_agents_air_measured,1,"Ordering/recording frequency of carrier gas is not physiologically tied to renal perfusion or nephrotoxicity. As a behavioral proxy (_measured), it is unlikely to add specific AKI signal."
0_12h_r_an_agents_isoflurane_mean,2,"Volatile anesthetic exposure can influence blood pressure and renal perfusion indirectly, but mean dose in the immediate post-op window is not a strong established AKI predictor. Also likely collinear with extremes/other hemodynamic variables, so capped."
0_12h_r_an_agents_isoflurane_max,2,"Higher peak isoflurane may correlate with deeper anesthesia/vasodilation and hypotension, indirectly affecting renal perfusion, but it is not a direct AKI driver. In 0–12h, transient anesthetic effects are common, so conservative scoring."
0_12h_r_an_agents_isoflurane_min,1,Minimum isoflurane dose is not a meaningful marker of renal hypoperfusion or nephrotoxicity and is hard to interpret clinically. Likely redundant with other anesthetic exposure summaries.
0_12h_r_an_agents_isoflurane_measured,1,Frequency of isoflurane documentation/measurement reflects monitoring intensity rather than kidney injury physiology. As a _measured feature it should be low importance for AKI prediction.
13_24h_r_an_agents_isoflurane_measured,1,"Measurement frequency is a nonspecific proxy for care processes and does not directly indicate renal insult. Isoflurane is typically less relevant beyond the immediate operative period, further limiting value."
25_36h_r_an_agents_isoflurane_measured,1,"By 25–36h, isoflurane measurement frequency is more likely documentation noise or reflects unusual sedation practices rather than a renal mechanism. As a _measured proxy, it remains weak for AKI prediction."
0_12h_r_saturated_venous_o2_mean,2,"Mean SvO2 reflects global oxygen delivery/consumption balance and can relate indirectly to renal perfusion, but early post-CPB values are often transient and treatment-responsive. Mean is also less sensitive than extremes for detecting hypoperfusion, so capped."
13_24h_r_saturated_venous_o2_mean,3,"Persistently low average SvO2 in the trajectory phase suggests ongoing low cardiac output or high oxygen extraction, which can reduce renal oxygen delivery and increase AKI risk. Mean can capture sustained inadequacy in this epoch, though still less specific than minima."
0_12h_r_saturated_venous_o2_max,1,"High SvO2 maxima are often nonspecific (e.g., high FiO2, reduced extraction, sampling/measurement artifacts) and do not reliably indicate renal hypoperfusion. In 0–12h, extremes can be transient and less prognostic."
13_24h_r_saturated_venous_o2_max,1,SvO2 maximum is generally not a recognized trigger for AKI and may reflect oversupply or impaired extraction rather than renal risk. It is less informative than low SvO2 for hypoperfusion-related kidney injury.
0_12h_r_saturated_venous_o2_min,3,"Low SvO2 minima can indicate episodes of low cardiac output/shock with reduced renal oxygen delivery, a plausible AKI trigger. However, in the immediate 0–12h post-op period these dips may be brief and correctable, so capped at 3."
13_24h_r_saturated_venous_o2_min,4,"Low SvO2 minima during 13–24h suggest ongoing or recurrent systemic hypoperfusion/low cardiac output, which is strongly linked to subsequent AKI after cardiac surgery. The minimum captures acute insults better than mean/max in this epoch."
0_12h_r_saturated_venous_o2_measured,2,"More frequent SvO2 checks can reflect clinician concern for hemodynamic instability/low output, indirectly associated with AKI risk. As a _measured behavioral proxy it should remain low, but may carry some acuity signal."
13_24h_r_saturated_venous_o2_measured,2,"Increased SvO2 measurement frequency in 13–24h likely reflects ongoing concern for perfusion/low cardiac output, which correlates with AKI risk. Still, it is not a physiological variable itself, so limited importance."
25_36h_r_saturated_venous_o2_measured,2,"Measurement frequency reflects clinician concern/acuity rather than a direct renal mechanism. Late (25–36h) monitoring may correlate with low cardiac output/shock risk, but as a _measured proxy it should remain low."
0_12h_r_maintenance_iv_volume_mean,2,"Maintenance IV volume is an indirect marker of fluid strategy and hemodynamic support, but early post-op fluids are often protocolized and transient. Mean volume is also less informative than extremes for renal congestion/overload."
13_24h_r_maintenance_iv_volume_mean,2,"Ongoing maintenance fluids may reflect evolving instability, but mean volume is a blunt exposure and often confounded by nutrition/med delivery. Extremes (max) better capture potentially harmful fluid loading, so mean is capped low for collinearity."
25_36h_r_maintenance_iv_volume_mean,2,"Closer to the outcome window, fluid administration can relate to renal perfusion and congestion, but mean maintenance volume still poorly distinguishes resuscitation from routine care. Prefer max as the more pathologic signal; mean is capped to reduce redundancy."
0_12h_r_maintenance_iv_volume_max,3,"A high maximum maintenance IV volume in the immediate post-op period can indicate aggressive fluid administration and risk of venous congestion/hemodilution, which can worsen AKI risk. However, 0–12h derangements are common and transient, so capped at 3."
13_24h_r_maintenance_iv_volume_max,3,"A higher peak maintenance IV volume during 13–24h may reflect ongoing instability or attempts to support perfusion, both associated with AKI risk. Still indirect and confounded, but max captures the potentially harmful exposure better than mean/min."
25_36h_r_maintenance_iv_volume_max,4,"A high peak maintenance IV volume late (25–36h) suggests persistent need for fluids and/or positive balance, increasing renal venous congestion and associating with subsequent creatinine rise. As an extreme close to outcome, it is a stronger predictor than mean/min."
0_12h_r_maintenance_iv_volume_min,1,The minimum maintenance IV volume is rarely a meaningful physiologic insult and often reflects routine pauses/line changes rather than renal perfusion. Early post-op period further limits interpretability.
13_24h_r_maintenance_iv_volume_min,1,Low minimum maintenance IV volume is typically operational (holding fluids) and not a reliable marker of renal hypoperfusion or congestion. It adds little beyond max/mean and is weakly linked to AKI.
25_36h_r_maintenance_iv_volume_min,1,"Minimum maintenance IV volume late is still more reflective of workflow than kidney-relevant physiology. It is not a recognized driver or biomarker of AKI compared with hemodynamics, urine output, or creatinine trends."
0_12h_r_maintenance_iv_volume_measured,1,Measurement frequency is a documentation/ordering artifact and does not represent a physiologic mechanism for AKI. In 0–12h it is especially routine and protocol-driven.
13_24h_r_maintenance_iv_volume_measured,1,How often maintenance IV volume is recorded primarily reflects charting intensity rather than renal risk. It is not a direct predictor of creatinine rise.
25_36h_r_maintenance_iv_volume_measured,1,"Even late, measurement frequency is a behavioral proxy and not a kidney biomarker. Any association with AKI would be indirect via acuity and should remain minimal."
0_12h_r_an_pap_systolic_measured,2,"Having PAP systolic measured suggests invasive monitoring for RV dysfunction/PH and potential low cardiac output, which can contribute to AKI. As a measured/yes-no proxy in the immediate post-op window, it should remain low and capped at 3 (assigned 2)."
13_24h_r_an_pap_systolic_measured,2,"Continued PAP monitoring implies ongoing hemodynamic concern (RV failure, pulmonary hypertension) that can reduce renal perfusion and increase venous congestion. Still a monitoring proxy rather than a physiologic value, so limited importance."
25_36h_r_an_pap_systolic_measured,2,"Late PAP monitoring indicates persistent cardiopulmonary instability, which is relevant to AKI risk via low forward flow and congestion. However, as a binary 'measured' feature it reflects clinician concern more than a direct renal insult, so kept low."
0_12h_r_an_pap_diastolic_measured,1,"Measurement frequency mainly reflects monitoring intensity (e.g., PA catheter use) rather than a renal mechanism. Early (0–12h) post-op monitoring is common and not specific for AKI risk."
13_24h_r_an_pap_diastolic_measured,1,Ordering/recording frequency is a behavioral proxy for acuity and is not a direct driver of AKI. In 13–24h it may reflect ongoing instability but remains nonspecific.
25_36h_r_an_pap_diastolic_measured,2,"More frequent PAP diastolic documentation late may indicate persistent shock/PH/RV failure management, which can correlate with renal hypoperfusion. Still, it is monitoring behavior rather than physiology."
0_12h_r_an_central_venous_pressure_measured,1,"CVP measurement frequency reflects line presence and clinician attention, not renal perfusion directly. In the immediate post-op window it is routine and poorly specific for AKI."
13_24h_r_an_central_venous_pressure_measured,1,Frequency of CVP recording is largely a care-process variable and not a physiologic insult marker. It may track severity but is too nonspecific to be a strong AKI predictor.
25_36h_r_an_central_venous_pressure_measured,2,"Late increased CVP monitoring can signal ongoing volume/pressors/RV failure concerns, which are associated with renal congestion and AKI risk. However it remains an indirect, behavior-driven proxy."
0_12h_r_an_etco2_mean,2,"Mean EtCO2 is an indirect marker of ventilation/perfusion and cardiac output, but early post-op values are heavily influenced by ventilator settings and transient physiology. As an average, it may dilute brief low-flow episodes relevant to AKI."
13_24h_r_an_etco2_mean,2,"Sustained lower EtCO2 can reflect reduced pulmonary blood flow/low cardiac output, indirectly affecting renal perfusion. As a mean, it is less sensitive than minima to acute hypoperfusion."
25_36h_r_an_etco2_mean,3,"Persistently low mean EtCO2 closer to outcome can indicate ongoing low cardiac output or high dead space, both associated with systemic hypoperfusion and AKI risk. Still indirect and influenced by ventilator management."
0_12h_r_an_etco2_max,1,"High EtCO2 extremes are more related to hypoventilation or ventilator adjustments than renal injury mechanisms. In 0–12h, transient elevations are common and not specific for AKI."
13_24h_r_an_etco2_max,1,EtCO2 maxima generally reflect ventilation settings or CO2 production rather than renal perfusion failure. It is not a recognized trigger/marker for AKI compared with low EtCO2 episodes.
25_36h_r_an_etco2_max,1,"Even late, high EtCO2 is usually not a direct indicator of renal hypoperfusion or nephrotoxic exposure. It is less pathophysiologically linked to AKI than EtCO2 minima."
0_12h_r_an_etco2_min,3,"Low EtCO2 minima can reflect acute low cardiac output, pulmonary embolic/dead-space physiology, or severe hypotension—states that can reduce renal perfusion. In 0–12h, however, transient lows are common post-op so scoring is capped conservatively."
13_24h_r_an_etco2_min,4,A low EtCO2 nadir in 13–24h suggests ongoing or recurrent low-flow physiology rather than immediate post-bypass transient effects. This is a stronger leading signal for systemic hypoperfusion and subsequent AKI.
25_36h_r_an_etco2_min,4,"Late low EtCO2 minima are concerning for persistent low cardiac output/shock or marked V/Q mismatch, which can directly compromise renal perfusion and precipitate AKI. Min captures the acute insult better than mean/max, reducing collinearity."
0_12h_r_an_etco2_measured,1,"Measurement frequency reflects monitoring intensity/ventilation management rather than a physiologic AKI pathway. In the immediate post-op period EtCO2 is routinely monitored, making it nonspecific."
13_24h_r_an_etco2_measured,1,Measurement frequency mainly reflects monitoring intensity rather than a renal mechanism. ETCO2 monitoring is common post-op and is not a specific AKI predictor.
25_36h_r_an_etco2_measured,1,"Counts of ETCO2 measurements are a behavioral/acuity proxy and not directly linked to kidney injury. At most it reflects ongoing ventilation/instability, but nonspecific for AKI."
0_12h_r_an_fio2_mean,2,"Higher sustained FiO2 can reflect respiratory failure/inflammation that correlates with illness severity and AKI risk, but it is indirect. In the immediate 0–12h post-bypass period, FiO2 is often transiently high, limiting specificity."
0_12h_r_an_fio2_max,3,"A high peak FiO2 suggests acute hypoxemia or cardiopulmonary instability, which can accompany low cardiac output and renal hypoperfusion. Among FiO2 aggregates, the extreme better captures acute insult than the mean."
0_12h_r_an_fio2_min,1,Minimum FiO2 largely reflects weaning/clinical practice rather than a pathologic trigger for AKI. It is not a meaningful marker of renal hypoperfusion or nephrotoxicity.
0_12h_r_an_fio2_measured,1,Frequency of FiO2 documentation/orders is a monitoring artifact and not a physiologic driver of AKI. Early post-op it is routine and poorly discriminative.
13_24h_r_an_fio2_measured,1,FiO2 measurement frequency reflects clinician behavior and ventilator management rather than kidney injury biology. Not specific for predicting creatinine rise.
25_36h_r_an_fio2_measured,2,"More frequent FiO2 checks late may indicate ongoing respiratory instability and higher overall acuity, which can correlate with AKI risk. Still a behavioral proxy, so capped low."
0_12h_r_an_tidal_volume_mean,1,Mean tidal volume is primarily a ventilation strategy variable and only indirectly related to AKI via ventilator-induced lung injury/hemodynamics. In 0–12h it is heavily protocol-driven and nonspecific.
13_24h_r_an_tidal_volume_mean,2,"Persistently higher tidal volumes may reflect less lung-protective ventilation and greater systemic inflammation, indirectly increasing AKI risk. However, mean values are collinear with extremes and are not a primary AKI driver."
25_36h_r_an_tidal_volume_mean,2,"Later sustained tidal volume may correlate with ongoing mechanical ventilation and severity of illness, indirectly associated with AKI. Mean aggregation is less informative than extremes for capturing injurious ventilation patterns."
0_12h_r_an_tidal_volume_max,2,"High peak tidal volumes can contribute to barotrauma/inflammation and reduced venous return, indirectly affecting renal perfusion. Early post-op peaks are often transient and protocol-related, limiting predictive strength."
13_24h_r_an_tidal_volume_max,3,A higher maximum tidal volume in the trajectory phase may better capture episodes of non–lung-protective ventilation and hemodynamic compromise than the mean. This can indirectly increase AKI risk via inflammation and reduced renal perfusion.
25_36h_r_an_tidal_volume_max,3,"Late high peak tidal volumes may indicate ongoing ventilatory difficulty and potentially injurious settings, which can worsen systemic inflammation and hemodynamics relevant to AKI. Among tidal-volume aggregates, the maximum best captures episodic risk."
0_12h_r_an_tidal_volume_min,1,Minimum tidal volume typically reflects weaning/sedation changes rather than a harmful exposure for kidneys. It has no direct physiologic link to AKI.
13_24h_r_an_tidal_volume_min,1,Low minimum tidal volume is usually a management choice (lung-protective ventilation) and not a marker of renal injury. It is unlikely to add specific predictive value for creatinine rise.
25_36h_r_an_tidal_volume_min,2,"Low tidal volumes may reflect lung-protective ventilation in sicker patients and can correlate with severity/ARDS, indirectly affecting renal perfusion via hypoxemia/inflammation. It is not a direct AKI driver, and other ventilatory/hemodynamic variables are typically more proximal."
0_12h_r_an_tidal_volume_measured,1,Measurement frequency is mainly a proxy for monitoring intensity rather than a physiologic mechanism for AKI. In the immediate post-op window it is routine and not specific for impending renal injury.
13_24h_r_an_tidal_volume_measured,1,This reflects clinician monitoring behavior and ventilator management rather than kidney perfusion or injury. It is not specific for AKI risk.
25_36h_r_an_tidal_volume_measured,2,"More frequent tidal volume documentation may indicate ongoing ventilatory instability/critical illness closer to the outcome window, which can correlate with AKI risk. Still, it is an indirect behavioral proxy and not a renal biomarker."
0_12h_r_an_abp_pulse_measured,1,ABP pulse measurement frequency is a monitoring proxy and is common immediately after cardiac surgery. It does not directly represent hypotension burden or renal hypoperfusion.
13_24h_r_an_abp_pulse_measured,1,Frequency of ABP pulse recording reflects acuity/monitoring rather than a causal physiologic exposure for AKI. Not specific for renal injury.
25_36h_r_an_abp_pulse_measured,2,"Closer to hour 60, increased ABP monitoring may signal hemodynamic instability that can predispose to AKI. However it remains an indirect proxy and should be low-weighted."
0_12h_r_an_heart_rate_measured,1,"Heart rate measurement frequency is routine post-op monitoring and not a physiologic exposure. It does not quantify tachycardia, shock, or perfusion deficits relevant to AKI."
13_24h_r_an_heart_rate_measured,1,This is a behavioral/monitoring variable and not a direct marker of renal hypoperfusion or injury. Limited specificity for AKI.
25_36h_r_an_heart_rate_measured,2,"More frequent HR monitoring may indicate ongoing instability (arrhythmia, shock) nearer the outcome window, which can correlate with AKI. Still indirect and less informative than actual HR extremes/mean."
0_12h_r_an_abp_mean_measured,2,"More frequent MAP monitoring can reflect concern for hypotension/vasopressor needs, which relate to renal perfusion, but this is still a proxy rather than the hypotension burden itself. Early post-op monitoring is common, limiting specificity (max score constrained in 0–12h)."
13_24h_r_an_abp_mean_measured,2,"Increased MAP measurement frequency may indicate hemodynamic lability during the trajectory phase, indirectly linked to AKI risk. It remains a monitoring proxy and should be scored low."
25_36h_r_an_abp_mean_measured,2,"Closer to hour 60, frequent MAP checks may signal persistent hypotension/vasopressor titration, which is relevant to AKI risk. However, without actual MAP values (min/mean), it is still indirect."
0_12h_anesthesia_respirations_measured,1,Respiratory rate measurement frequency in the immediate post-op/anesthesia context is routine and not kidney-specific. It does not directly capture hypoxemia/hypercapnia severity relevant to AKI.
13_24h_anesthesia_respirations_measured,1,This is primarily a documentation/monitoring intensity variable rather than a physiologic driver of AKI. Limited specificity for renal outcomes.
25_36h_anesthesia_respirations_measured,2,"More frequent respiratory monitoring later may reflect respiratory failure or instability, which can contribute indirectly to AKI via hypoxemia, inflammation, and hemodynamic effects. Still a behavioral proxy and not a direct renal predictor."
0_12h_anesthesia_pulse_oximetry_measured,1,Measurement frequency reflects routine monitoring rather than a renal mechanism; in the immediate post-op window it mainly indicates standard ICU care rather than AKI risk.
13_24h_anesthesia_pulse_oximetry_measured,1,Ordering/recording frequency is a behavioral proxy and is typically routine; it does not directly capture hypoxemia severity or renal hypoperfusion.
25_36h_anesthesia_pulse_oximetry_measured,2,"More frequent pulse-ox documentation may reflect clinical instability (e.g., respiratory failure) that can contribute to AKI risk, but it remains an indirect, non-physiologic proxy."
0_12h_r_tube_intake_measured,1,Tube intake measurement frequency is largely routine and not a direct driver of renal injury; early post-op nutrition/NG output tracking has weak linkage to creatinine rise.
13_24h_r_tube_intake_measured,1,Primarily reflects care processes and feeding/NG management rather than kidney perfusion or nephrotoxicity; limited prognostic value for AKI.
25_36h_r_tube_intake_measured,2,"May weakly proxy ongoing GI dysfunction/critical illness severity (which correlates with AKI), but it is not a direct physiologic marker of renal injury."
0_12h_r_maintenance_iv_bolus_volume_mean,2,Average bolus volume in the first 12h is a nonspecific resuscitation marker; early post-bypass fluid shifts are common and mean values are less informative than extremes for renal hypoperfusion.
0_12h_r_maintenance_iv_bolus_volume_max,3,"Large bolus requirements can indicate hypotension/low cardiac output or vasoplegia requiring aggressive resuscitation, which increases AKI risk; capped at 3 due to 0–12h epoch limit."
0_12h_r_maintenance_iv_bolus_volume_min,1,Minimum bolus volume is not clinically meaningful for AKI risk and adds collinearity without capturing a pathologic extreme.
0_12h_r_maintenance_iv_bolus_volume_measured,1,Number of bolus administrations is a care-intensity proxy and not a direct physiologic measure; early post-op bolusing is common and nonspecific.
13_24h_r_maintenance_iv_bolus_volume_measured,2,"More frequent boluses may reflect ongoing hemodynamic instability associated with AKI, but it remains an indirect behavioral proxy rather than a direct renal insult."
25_36h_r_maintenance_iv_bolus_volume_measured,2,"Continued frequent bolusing late suggests persistent shock/low effective circulating volume, which correlates with AKI risk, but measurement count is still indirect."
0_12h_r_pacemaker_mean,2,"Need for pacing can reflect conduction issues/low cardiac output states that may reduce renal perfusion, but in the immediate post-op period it is often transient and nonspecific."
13_24h_r_pacemaker_mean,3,"Ongoing pacing requirement into 13–24h suggests persistent cardiac dysfunction or bradyarrhythmia with potential renal hypoperfusion, making it a more established AKI risk marker."
25_36h_r_pacemaker_mean,4,"Persistent pacing requirement close to the outcome window can indicate sustained low cardiac output/hemodynamic compromise, a strong direct contributor to postoperative AKI."
0_12h_r_pacemaker_max,2,A maximum indicator of pacing use in the first 12h captures transient post-op pacing needs but is less informative than sustained requirement; capped due to early epoch and collinearity with mean pacing.
13_24h_r_pacemaker_max,2,"Need for pacing can reflect conduction disease or low-output state that may reduce renal perfusion, but it is an indirect marker. In the 13–24h epoch it is less specific for impending AKI than direct hemodynamic/renal markers."
25_36h_r_pacemaker_max,3,"Ongoing pacing requirement closer to hour 60 can indicate persistent low cardiac output or instability, which increases AKI risk via renal hypoperfusion. Still indirect and not kidney-specific."
0_12h_r_pacemaker_min,2,"Early postoperative pacing is common and often transient after cardiac surgery, making it a weakly specific AKI predictor. It may correlate with immediate peri-bypass myocardial stunning but is not a direct renal insult marker."
13_24h_r_pacemaker_min,2,Presence/absence of pacing in this window is an indirect proxy for hemodynamic stability. It has limited specificity for renal injury compared with blood pressure/vasopressor or renal labs.
25_36h_r_pacemaker_min,3,Any continued pacing requirement in the 25–36h window suggests persistent cardiac dysfunction or instability that can impair renal perfusion. It remains an indirect predictor rather than a biomarker of AKI.
0_12h_r_pacemaker_measured,1,"Measurement frequency reflects monitoring intensity rather than a physiologic mechanism of AKI. In the immediate 0–12h period, frequent documentation is routine after cardiac surgery."
13_24h_r_pacemaker_measured,1,How often pacing is recorded is primarily a care/acuity behavior signal and not a direct driver of creatinine rise. It is not specific for renal hypoperfusion or nephrotoxicity.
25_36h_r_pacemaker_measured,2,"More frequent pacing-related measurements may indicate ongoing instability and clinician concern, which can correlate with AKI risk. Still a behavioral proxy and should be kept low importance."
0_12h_r_sled_crrt_maintenance_blood_pump_rate_measured,2,"Ordering/recording CRRT pump parameters implies severe illness and possible early renal dysfunction, but in 0–12h it may reflect prophylactic or transient postoperative management. As a measured-frequency feature it is not a physiologic AKI marker."
13_24h_r_sled_crrt_maintenance_blood_pump_rate_measured,2,"Documentation of SLED/CRRT parameters suggests significant renal support needs or high acuity, indirectly associated with later creatinine rise. However, it remains a measurement-frequency proxy rather than a direct renal biomarker."
25_36h_r_sled_crrt_maintenance_blood_pump_rate_measured,2,"By 25–36h, ongoing CRRT-related measurements can indicate persistent renal failure risk and severity of illness. Still, because it is a 'measured' feature (not the actual therapy intensity or labs), importance should remain low."
0_12h_r_an_agents_sevoflurane_measured,1,Sevoflurane exposure/recording is common perioperatively and is not a strong independent predictor of postoperative AKI compared with hemodynamics and nephrotoxins. As a measured-frequency variable it mainly reflects anesthesia documentation.
13_24h_r_an_agents_sevoflurane_measured,1,Sevoflurane measurement after surgery is uncommon and likely reflects documentation artifacts rather than ongoing exposure relevant to renal injury. It has minimal mechanistic link to AKI in this context.
25_36h_r_an_agents_sevoflurane_measured,1,Sevoflurane measurement frequency in this late window is unlikely to represent a causal renal insult and is more likely documentation noise. It provides little prognostic value for creatinine ratio.
0_12h_intravenous_intake_measured,1,"Measurement frequency of IV intake reflects charting intensity rather than true volume status or fluid overload. In the immediate postoperative period, frequent intake documentation is routine and not specific for AKI risk."
13_24h_intravenous_intake_measured,1,How often IV intake is recorded is a behavioral proxy and does not capture the physiologic exposure (actual fluid balance/overload) that relates to AKI. Thus it has weak predictive value for creatinine ratio.
25_36h_intravenous_intake_measured,2,"Measurement frequency reflects clinician attention to fluid management/instability rather than a direct renal mechanism. In the 25–36h window it may weakly proxy evolving shock/oliguria prompting closer I&O tracking, but remains indirect."
0_12h_r_drain_output_measured,1,This is a measurement-count proxy (not the drain volume) and mainly reflects routine post-op monitoring. In the immediate 0–12h period it is common and not specific for AKI risk.
13_24h_r_drain_output_measured,1,"Drain monitoring frequency is largely standard post-cardiac surgery care and is not a physiologic driver of AKI. At most it reflects general acuity, but remains nonspecific."
25_36h_r_drain_output_measured,2,"More frequent drain checks late may indicate ongoing bleeding/tamponade concern and hemodynamic instability, which can threaten renal perfusion. Still, as a measured-count feature it is an indirect behavioral proxy."
0_12h_slehs_r_arrival_time_measured,1,A measured flag for arrival time is administrative/operational and not mechanistically linked to kidney injury. In 0–12h it adds little beyond workflow variation.
13_24h_slehs_r_arrival_time_measured,1,This represents documentation/measurement behavior rather than physiology. It has no established relationship to renal perfusion or nephrotoxicity.
25_36h_slehs_r_arrival_time_measured,1,Administrative timing measurement is not a biologic predictor of AKI. Any association would be spurious or confounded by care processes.
0_12h_cardiac_rythym_normal_sinus_mean,2,"Average time in sinus rhythm early post-op is only indirectly related to renal perfusion; transient arrhythmias are common immediately after surgery. Given collinearity with rhythm extremes/episodes, the mean is less informative for AKI triggers."
13_24h_cardiac_rythym_normal_sinus_mean,2,"Persistent non-sinus rhythm can reduce cardiac output and renal perfusion, but the mean smooths clinically important episodes. As a trajectory-phase average it is a modest, indirect predictor."
25_36h_cardiac_rythym_normal_sinus_mean,3,"By 25–36h, sustained inability to maintain sinus rhythm may reflect ongoing low-output state or atrial fibrillation burden affecting renal perfusion. Still, the mean is less specific than capturing discrete arrhythmic episodes, so it is not scored higher."
0_12h_cardiac_rythym_normal_sinus_max,1,A max/ever-sinus indicator in 0–12h is not informative because most patients will have at least some sinus rhythm post-op. It does not capture the harmful exposure (time in non-sinus/instability).
13_24h_cardiac_rythym_normal_sinus_max,1,Ever being in sinus rhythm during the window is a weak discriminator and does not reflect arrhythmia burden or hemodynamic impact. It is therefore not clinically predictive for AKI.
25_36h_cardiac_rythym_normal_sinus_max,1,A max/ever-sinus flag remains uninformative because it ignores duration and severity of arrhythmia-related hypoperfusion. It is unlikely to add predictive value for creatinine rise.
0_12h_cardiac_rythym_normal_sinus_min,2,"A min/never-sinus indicator may capture continuous arrhythmia immediately post-op, which can impair cardiac output and renal perfusion. However, in 0–12h this can be transient and the epoch cap plus nonspecificity limits importance."
13_24h_cardiac_rythym_normal_sinus_min,3,Being continuously non-sinus across 13–24h suggests sustained arrhythmia burden with potential low-output physiology and renal hypoperfusion. This is a more meaningful exposure than mean/max indicators.
25_36h_cardiac_rythym_normal_sinus_min,4,"Continuous absence of sinus rhythm in the 25–36h leading-indicator window implies persistent arrhythmia and likely hemodynamic compromise, a strong contributor to renal hypoperfusion and AKI risk. This captures a clinically relevant extreme state better than mean/max."
0_12h_cardiac_rythym_normal_sinus_measured,1,Measurement frequency reflects monitoring intensity rather than renal physiology. Early post-op rhythm checks are routine and not specific for AKI risk.
13_24h_cardiac_rythym_normal_sinus_measured,1,Acuity/monitoring proxy with weak mechanistic link to kidney injury. Rhythm documentation frequency is not a direct driver of creatinine rise.
25_36h_cardiac_rythym_normal_sinus_measured,1,"Still primarily a behavioral/monitoring signal rather than a physiologic insult. Not a specific predictor of AKI compared with hemodynamics, urine output, or renal labs."
0_12h_cardiac_rythym_sinus_variant_mean,1,Sinus variants are usually benign and the mean over 0–12h is unlikely to capture a renal-relevant insult. Early post-op rhythm variability is common and transient.
13_24h_cardiac_rythym_sinus_variant_mean,1,Average burden of sinus variant rhythm has minimal direct relationship to renal hypoperfusion or nephrotoxicity. More informative would be sustained hypotension/vasopressor need rather than this rhythm label.
25_36h_cardiac_rythym_sinus_variant_mean,1,"Even close to the outcome window, sinus variant mean is not a recognized AKI predictor. Any association would be indirect and likely confounded by overall illness severity."
0_12h_cardiac_rythym_sinus_variant_max,1,Presence of any sinus variant in the immediate post-op period is common and typically benign. Not a known trigger for AKI; also an extreme indicator here adds little clinical signal.
13_24h_cardiac_rythym_sinus_variant_max,1,Binary presence of sinus variant does not reflect hemodynamic compromise. Weak and nonspecific relationship to subsequent creatinine rise.
25_36h_cardiac_rythym_sinus_variant_max,1,"Even as a leading indicator window, sinus variant presence is not a direct marker of renal hypoperfusion or injury. Likely redundant/noisy compared with true hemodynamic variables."
0_12h_cardiac_rythym_sinus_variant_min,1,A minimum/absence-type binary for sinus variant is not physiologically meaningful for AKI prediction. Early post-op rhythm labeling is not kidney-specific.
13_24h_cardiac_rythym_sinus_variant_min,1,This aggregation does not capture a renal-relevant extreme insult. Any link to AKI would be indirect and weak.
25_36h_cardiac_rythym_sinus_variant_min,1,"Not a recognized predictor of AKI and provides little incremental information. Renal outcomes are more tied to perfusion, congestion, and nephrotoxins than sinus variant absence/presence."
0_12h_cardiac_rythym_sinus_variant_measured,1,Measurement count is a monitoring/behavioral proxy and not a mechanism for AKI. In 0–12h it is especially routine and nonspecific.
13_24h_cardiac_rythym_sinus_variant_measured,1,Frequency of documenting sinus variant rhythm reflects surveillance rather than renal injury risk. Weak specificity for impending AKI.
25_36h_cardiac_rythym_sinus_variant_measured,1,Still a behavioral proxy; increased checks may reflect general instability but is not kidney-specific. Should be down-weighted to avoid spurious associations.
0_12h_cardiac_rythym_atrial_arrhythmia_mean,2,"Atrial arrhythmias can reduce cardiac output and renal perfusion and may correlate with vasopressor use, but in 0–12h they are often transient post-op phenomena. Mean burden is less informative than hemodynamic extremes and is capped by the early-epoch rule."
13_24h_cardiac_rythym_atrial_arrhythmia_mean,2,"Atrial arrhythmias can worsen cardiac output and renal perfusion, but the mean burden is less informative than whether it occurred at all in this window."
25_36h_cardiac_rythym_atrial_arrhythmia_mean,2,"Persistent atrial arrhythmia closer to hour 60 may reflect ongoing hemodynamic instability, but mean burden is still less pathophysiologically specific than presence/absence extremes."
0_12h_cardiac_rythym_atrial_arrhythmia_max,3,"Any atrial arrhythmia immediately post-op can reduce forward flow and increase vasopressor needs, indirectly increasing AKI risk, but early post-bypass arrhythmias are often transient (cap at 3)."
13_24h_cardiac_rythym_atrial_arrhythmia_max,3,"New or ongoing atrial arrhythmia in the trajectory phase suggests persistent instability and potential renal hypoperfusion, a moderate AKI risk signal."
25_36h_cardiac_rythym_atrial_arrhythmia_max,4,Atrial arrhythmia in the 25–36h window can directly contribute to sustained low cardiac output and renal hypoperfusion close to the creatinine outcome.
0_12h_cardiac_rythym_atrial_arrhythmia_min,1,"The minimum (i.e., absence) of atrial arrhythmia is not a physiologic insult and adds little beyond other aggregations; also highly collinear with max."
13_24h_cardiac_rythym_atrial_arrhythmia_min,1,Minimum/absence of atrial arrhythmia is not informative for AKI risk and is redundant with max/mean indicators.
25_36h_cardiac_rythym_atrial_arrhythmia_min,1,Absence of atrial arrhythmia does not capture a renal insult and is collinear with the max feature that better represents pathology.
0_12h_cardiac_rythym_atrial_arrhythmia_measured,1,Measurement frequency reflects monitoring/annotation behavior rather than a renal mechanism; early post-op rhythm monitoring is routine.
13_24h_cardiac_rythym_atrial_arrhythmia_measured,1,How often atrial arrhythmia is recorded is mainly a proxy for documentation/acuity and is not a direct driver of AKI.
25_36h_cardiac_rythym_atrial_arrhythmia_measured,2,"More frequent recording may reflect clinician concern for instability, which can correlate with AKI risk, but it remains an indirect behavioral proxy."
0_12h_cardiac_rythym_paced_rythym_mean,2,"Paced rhythm early post-op often reflects transient conduction issues and routine epicardial pacing; mean pacing burden is an indirect marker of cardiac dysfunction (cap at 3, scored lower due to mean)."
13_24h_cardiac_rythym_paced_rythym_mean,2,"Ongoing pacing may indicate persistent conduction disease/low output physiology, but mean burden is less specific than presence/need for pacing and is an indirect AKI signal."
25_36h_cardiac_rythym_paced_rythym_mean,3,"Sustained pacing requirement closer to hour 60 can indicate ongoing cardiac dysfunction and potential renal hypoperfusion, making it a moderate predictor despite being a mean aggregation."
0_12h_cardiac_rythym_paced_rythym_max,3,"Any need for pacing in the immediate post-op period can mark significant conduction/cardiac dysfunction with potential renal perfusion impact, but early pacing is common and transient (cap at 3)."
13_24h_cardiac_rythym_paced_rythym_max,3,Any pacing requirement in 13–24h suggests persistent cardiac dysfunction or instability that can contribute to AKI via reduced renal perfusion.
25_36h_cardiac_rythym_paced_rythym_max,2,"Need for pacing late post-op can reflect conduction disease or low-output states that may reduce renal perfusion, but it is an indirect marker and not specific for AKI."
0_12h_cardiac_rythym_paced_rythym_min,1,Early post-op pacing is common and often transient after cardiac surgery; in the immediate 0–12h window it is weakly specific for subsequent AKI.
13_24h_cardiac_rythym_paced_rythym_min,2,"Persistent need for pacing into 13–24h may indicate ongoing conduction issues or hemodynamic instability, which can indirectly increase AKI risk."
25_36h_cardiac_rythym_paced_rythym_min,2,"Ongoing pacing requirement close to the outcome window can correlate with continued cardiac dysfunction and renal hypoperfusion, but remains nonspecific for kidney injury."
0_12h_cardiac_rythym_paced_rythym_measured,1,Measurement frequency reflects monitoring/documentation intensity rather than physiology; in 0–12h it mainly captures routine post-op care.
13_24h_cardiac_rythym_paced_rythym_measured,1,How often paced rhythm is recorded is a behavioral proxy for acuity and is not a direct AKI mechanism; limited prognostic specificity.
25_36h_cardiac_rythym_paced_rythym_measured,2,"More frequent documentation late may reflect clinician concern for instability, which can co-occur with AKI risk, but it is still an indirect behavioral signal."
0_12h_cardiac_rythym_heart_block_mean,1,Averaging heart block over 0–12h smooths transient perioperative conduction disturbances and is weakly informative for AKI compared with presence/episodes.
13_24h_cardiac_rythym_heart_block_mean,2,"Sustained heart block burden into 13–24h can indicate ongoing conduction disease and potential low cardiac output, indirectly affecting renal perfusion, but mean is less informative than extremes."
25_36h_cardiac_rythym_heart_block_mean,2,"Persistent heart block burden near 25–36h may correlate with hemodynamic compromise and renal hypoperfusion, but mean aggregation is less pathophysiologically specific than max occurrence."
0_12h_cardiac_rythym_heart_block_max,2,"Any episode of heart block early post-op can signal transient conduction injury and possible instability, but in 0–12h it is common and only indirectly linked to AKI."
13_24h_cardiac_rythym_heart_block_max,3,"Heart block occurring in 13–24h suggests persistent conduction pathology and potential low-output/hemodynamic instability, a recognized contributor to AKI risk."
25_36h_cardiac_rythym_heart_block_max,3,Heart block episodes in 25–36h are a closer leading indicator of ongoing instability that can reduce renal perfusion; still indirect and not a renal biomarker.
0_12h_cardiac_rythym_heart_block_min,1,"The minimum (often zero) provides little clinical signal beyond absence of heart block and is not informative for AKI, especially in the immediate post-op window."
13_24h_cardiac_rythym_heart_block_min,1,Minimum values largely reflect absence of heart block and add little beyond the max indicator; weak relevance for AKI.
25_36h_cardiac_rythym_heart_block_min,1,Minimum heart block in the window is typically uninformative and redundant with max/mean features; minimal linkage to AKI risk.
0_12h_cardiac_rythym_heart_block_measured,1,Measurement frequency mainly reflects monitoring/clinical attention rather than a renal mechanism. Early post-op conduction issues are common and transient; this count is not a direct AKI predictor.
13_24h_cardiac_rythym_heart_block_measured,1,A behavioral proxy for acuity/monitoring rather than physiology; does not directly capture renal perfusion or injury. At most weakly associated via overall instability.
25_36h_cardiac_rythym_heart_block_measured,2,"More frequent documentation/assessment of heart block late may indicate persistent hemodynamic instability that can reduce renal perfusion. Still a measurement-count proxy, not a direct AKI marker."
0_12h_cardiac_rythym_ischemic_st_change_mean,2,"Sustained ischemic changes can correlate with low cardiac output and renal hypoperfusion, but mean over 0–12h may reflect transient peri-bypass effects. Mean aggregation is less informative than extremes for acute insults."
13_24h_cardiac_rythym_ischemic_st_change_mean,2,"Persistent myocardial ischemia can contribute to low output and AKI risk, but the mean smooths episodic ischemia and is collinear with max/min indicators. Thus only an indirect predictor."
25_36h_cardiac_rythym_ischemic_st_change_mean,2,"Late sustained ischemia could signal ongoing cardiac dysfunction affecting renal perfusion, but mean aggregation is less pathophysiologically specific than max/min for ischemic episodes. Capped to reduce redundancy with extremes."
0_12h_cardiac_rythym_ischemic_st_change_max,3,"Peak ischemic ST changes indicate acute myocardial ischemia that can precipitate low cardiac output and renal hypoperfusion. In the immediate 0–12h window, transient perioperative changes are common, so capped at 3."
13_24h_cardiac_rythym_ischemic_st_change_max,3,"Maximal ischemic episodes during 13–24h suggest ongoing myocardial ischemia and potential hemodynamic compromise, increasing AKI risk. Stronger than mean because it captures acute insults."
25_36h_cardiac_rythym_ischemic_st_change_max,4,Late peak ischemic ST changes are a strong signal of ongoing myocardial ischemia/low output close to the creatinine outcome window. This can directly drive renal hypoperfusion and AKI.
0_12h_cardiac_rythym_ischemic_st_change_min,2,"Minimum value is less clinically interpretable for ischemic ST-change flags than the presence/peak of ischemia, and early post-op artifacts are common. Kept low to avoid redundancy with max."
13_24h_cardiac_rythym_ischemic_st_change_min,2,Min aggregation is not the best representation of ischemic burden compared with max (acute episodes). Provides limited incremental AKI signal beyond other ischemia indicators.
25_36h_cardiac_rythym_ischemic_st_change_min,2,Late min value remains less informative than max for capturing clinically meaningful ischemic insults. Likely collinear with other ischemia summaries and weakly linked to AKI.
0_12h_cardiac_rythym_ischemic_st_change_measured,1,"Count of measurements reflects monitoring intensity rather than ischemia severity or renal physiology. In the immediate post-op period, frequent checks are routine and not AKI-specific."
13_24h_cardiac_rythym_ischemic_st_change_measured,1,Measurement frequency is a weak proxy for concern/acuity and does not directly encode renal injury risk. Limited specificity for predicting creatinine rise.
25_36h_cardiac_rythym_ischemic_st_change_measured,2,"More frequent assessment late may indicate suspected ongoing ischemia/hemodynamic instability, which can relate to AKI risk. Still indirect and should remain low as a behavioral proxy."
0_12h_cardiac_rythym_other_mean,1,A nonspecific 'other rhythm' mean is hard to interpret mechanistically and likely mixes benign transient arrhythmias. In 0–12h post-op it is common and not a specific AKI predictor.
13_24h_cardiac_rythym_other_mean,2,"Non-sinus/other rhythms can reflect hemodynamic instability that may reduce renal perfusion, but the mean is a blunt summary and less informative than presence/episodes. Capped to limit collinearity with max/min rhythm indicators."
25_36h_cardiac_rythym_other_mean,2,"Persistent ‘other’ rhythm later may correlate with ongoing instability and vasopressor need, indirectly increasing AKI risk. Mean aggregation is less pathophysiologically specific than episode presence (max), so kept low to avoid redundancy."
0_12h_cardiac_rythym_other_max,2,"Any episode of an ‘other’ rhythm immediately post-op can accompany transient hypotension/low output, which can contribute to AKI risk. In the 0–12h epoch many arrhythmias are short-lived post-bypass, so conservatively scored."
13_24h_cardiac_rythym_other_max,3,Occurrence of an ‘other’ rhythm in the trajectory phase suggests ongoing electrical/hemodynamic instability and potential renal hypoperfusion. More prognostic than early transient post-op rhythms.
25_36h_cardiac_rythym_other_max,3,"An episode of ‘other’ rhythm close to the outcome window can signal persistent low cardiac output or instability that predisposes to AKI. Still indirect (not a renal biomarker), so not scored higher."
0_12h_cardiac_rythym_other_min,1,The minimum of a binary rhythm indicator is typically uninformative (often 0) and does not capture clinically meaningful exposure. Provides little incremental signal beyond max/mean.
13_24h_cardiac_rythym_other_min,1,Binary minimum is not a meaningful descriptor of arrhythmia burden and is largely redundant with other aggregations. Minimal physiologic interpretability for AKI prediction.
25_36h_cardiac_rythym_other_min,1,Binary minimum does not represent arrhythmia occurrence or severity and adds noise/collinearity. Not a useful AKI predictor.
0_12h_cardiac_rythym_other_measured,1,"Measurement frequency reflects monitoring/documentation behavior rather than a physiologic mechanism for AKI. Early post-op monitoring is routine, so it is weakly informative."
13_24h_cardiac_rythym_other_measured,1,How often rhythm is recorded is primarily a proxy for clinician attention/acuity and is not a direct driver of renal injury. Limited specificity for impending AKI.
25_36h_cardiac_rythym_other_measured,2,"Increased rhythm documentation later may indicate clinical concern for instability, which can correlate with AKI risk. Still a behavioral proxy, so capped at 2."
0_12h_r_vent_mode_asv_mean,1,Ventilator mode choice (ASV) is not a direct determinant of renal injury and is heavily practice-dependent. Mean mode exposure early post-op is routine and weakly linked to AKI.
13_24h_r_vent_mode_asv_mean,1,ASV use reflects ventilatory strategy rather than renal perfusion; any association with AKI is indirect via illness severity. Mean aggregation adds little mechanistic insight.
0_12h_r_vent_mode_asv_max,1,Any ASV use in the immediate post-op period is common and not specifically tied to AKI pathophysiology. More relevant ventilator predictors would be pressures/oxygenation rather than mode.
13_24h_r_vent_mode_asv_max,1,Presence of ASV in this window is largely clinician preference and not a known AKI trigger. At most it weakly proxies respiratory status/acuity.
0_12h_r_vent_mode_asv_min,1,Minimum of a binary mode indicator is typically uninformative and redundant with max/mean. Does not capture a physiologic insult relevant to AKI.
13_24h_r_vent_mode_asv_min,2,Being on ASV reflects ventilatory strategy and overall respiratory stability rather than a direct renal insult. In the 13–24h window it is at most an indirect marker of illness severity/hemodynamics.
0_12h_r_vent_mode_asv_measured,1,Measurement frequency is mainly a documentation/monitoring artifact and not a physiologic driver of AKI. Early (0–12h) ordering/recording is routine post-op care and weakly informative.
13_24h_r_vent_mode_asv_measured,1,"Counts of recorded ASV mode reflect clinician behavior and charting frequency more than kidney perfusion. At most it proxies acuity, so it should remain low importance."
25_36h_r_vent_mode_asv_measured,2,"More frequent documentation of ASV late may reflect ongoing ventilatory management/instability, indirectly correlating with severity and AKI risk. Still, it is not a physiologic renal marker, so keep low."
0_12h_r_vent_mode_controlled_mean,2,"Controlled ventilation can correlate with deeper sedation, higher intrathoracic pressures, and severity of illness, which may affect renal perfusion indirectly. In 0–12h this is common post-op and transient, so conservative scoring."
13_24h_r_vent_mode_controlled_mean,3,"Persistent need for controlled ventilation in the trajectory phase suggests ongoing respiratory failure/sedation and potentially higher PEEP/pressures, which can reduce venous return and renal perfusion. This is an established indirect severity marker for AKI risk."
0_12h_r_vent_mode_controlled_max,2,Any exposure to controlled mode early is expected after cardiac surgery and not specific for AKI. As an extreme indicator it mainly reflects immediate post-op management rather than renal injury.
13_24h_r_vent_mode_controlled_max,3,"Any use of controlled mode during 13–24h suggests failure to wean and higher illness severity, which is associated with AKI via hemodynamic/oxygenation stress. This is more informative than the mean but still indirect."
0_12h_r_vent_mode_controlled_min,1,The minimum (often 0/false) provides little pathophysiologic information and is largely redundant with max/mean indicators. Early window values are especially non-specific.
13_24h_r_vent_mode_controlled_min,1,Minimum controlled-mode indicator is typically uninformative (often reflects time not on the mode) and adds collinearity with max/mean. It does not capture a renal insult.
0_12h_r_vent_mode_controlled_measured,1,Measurement frequency reflects charting/monitoring intensity rather than kidney physiology. In the immediate post-op period it is routine and weakly predictive.
13_24h_r_vent_mode_controlled_measured,2,"More frequent recording of controlled mode may proxy ongoing ventilatory instability and clinician concern, indirectly linked to AKI risk. Still behavioral and not a direct renal predictor."
25_36h_r_vent_mode_controlled_measured,2,"Late frequent documentation of controlled ventilation can indicate persistent critical illness and difficulty weaning, which correlates with AKI risk through hemodynamic stress. As a measured feature it remains low importance."
0_12h_r_vent_mode_simv_mean,2,"SIMV use reflects ventilatory support level and weaning status, indirectly related to overall severity and hemodynamics. In 0–12h it is common and transient, limiting specificity for AKI."
13_24h_r_vent_mode_simv_mean,3,"Ongoing SIMV in 13–24h suggests continued ventilatory dependence and incomplete recovery, which is associated with higher AKI risk via systemic illness and hemodynamic effects. This is an indirect but established severity marker."
0_12h_r_vent_mode_simv_max,2,Any SIMV exposure early post-op is expected and mainly reflects routine ventilator management rather than renal injury. As an extreme indicator it is only weakly informative for AKI.
13_24h_r_vent_mode_simv_max,2,"Need for SIMV suggests ongoing respiratory failure/sedation and potentially higher PEEP/pressors, which can indirectly worsen renal perfusion. As a ventilator-mode proxy (and using an extreme aggregation), it is not a direct AKI driver and is capped to limit collinearity with other vent-mode indicators."
0_12h_r_vent_mode_simv_min,1,"In the immediate 0–12h post-op period, SIMV use is common and often transient due to anesthesia/CPB effects. Vent mode itself is an indirect marker and early-epoch scoring is conservatively low."
13_24h_r_vent_mode_simv_min,1,"Minimum SIMV exposure in 13–24h mainly reflects time spent off SIMV rather than a renal-relevant insult. It is an indirect, low-specificity marker for AKI risk."
0_12h_r_vent_mode_simv_measured,1,Measurement frequency reflects documentation/monitoring behavior rather than physiology. In 0–12h this is routine ICU care and provides minimal specific signal for AKI.
13_24h_r_vent_mode_simv_measured,1,"This is a behavioral proxy (how often vent mode is recorded) and not a mechanistic AKI predictor. At most it reflects general acuity, so it remains low."
25_36h_r_vent_mode_simv_measured,2,"More frequent vent-mode documentation late (25–36h) can reflect instability and clinician concern, which correlates with higher AKI risk. Still, it is non-physiologic and therefore limited to a low score."
0_12h_r_vent_mode_spontaneous_mean,1,Spontaneous mode early after surgery is heavily influenced by extubation timing and sedation practices rather than renal physiology. Mean aggregation further dilutes any brief instability signal.
13_24h_r_vent_mode_spontaneous_mean,2,"Being on spontaneous ventilation in 13–24h may indicate recovery and lower overall illness severity, indirectly relating to lower AKI risk. As a mean/indirect proxy, it is not a strong renal predictor."
0_12h_r_vent_mode_spontaneous_max,2,"Any spontaneous breathing in 0–12h may reflect earlier awakening/extubation and less severe shock, indirectly associated with lower AKI risk. Early epoch limits the maximum importance and this remains indirect."
13_24h_r_vent_mode_spontaneous_max,2,"Presence of spontaneous mode during 13–24h suggests improving trajectory and less need for deep sedation/pressors, indirectly lowering AKI risk. It is still a non-specific proxy rather than a direct renal insult marker."
0_12h_r_vent_mode_spontaneous_min,1,"Minimum spontaneous mode in 0–12h largely captures that many patients are fully controlled early post-op, which is expected. It has weak specificity for renal outcomes."
13_24h_r_vent_mode_spontaneous_min,1,Minimum spontaneous mode in 13–24h is difficult to interpret clinically and is dominated by ventilator management choices. It provides little direct information about renal perfusion or injury.
0_12h_r_vent_mode_spontaneous_measured,1,Frequency of recording spontaneous mode is a documentation/acuity proxy and not a physiologic AKI driver. In the immediate post-op window it is routine and minimally informative.
13_24h_r_vent_mode_spontaneous_measured,1,"This reflects monitoring behavior rather than kidney-relevant physiology. Any association with AKI would be indirect via overall acuity, so it remains low."
25_36h_r_vent_mode_spontaneous_measured,2,"Late increased documentation of spontaneous mode may reflect active weaning or instability prompting closer monitoring, indirectly correlating with AKI risk. As a measured feature, it is capped low."
0_12h_arterial_line_map_mean,3,"Mean MAP relates to renal perfusion pressure; sustained hypotension is a recognized AKI risk factor after cardiac surgery. However, in 0–12h MAP is often transiently labile post-CPB and the mean can mask hypotensive episodes, so importance is conservatively limited."
13_24h_arterial_line_map_mean,2,"MAP relates to renal perfusion, but the mean over 13–24h can mask hypotensive episodes that drive AKI; prefer MAP_min for pathology. Trajectory phase also caps importance."
25_36h_arterial_line_map_mean,2,Sustained average MAP is less sensitive than hypotensive nadirs for ischemic tubular injury; MAP_min is the more pathophysiologic aggregation. Kept low to reduce collinearity with min/max MAP features.
0_12h_arterial_line_map_max,1,High MAP peaks are not a typical direct trigger for postoperative AKI compared with hypotension/low perfusion. Early 0–12h period is also confounded by transient post-bypass hemodynamics.
13_24h_arterial_line_map_max,1,MAP maxima generally reflect treatment/vasopressor response rather than renal hypoperfusion risk. Not a strong mechanistic predictor of AKI compared with MAP_min.
25_36h_arterial_line_map_max,1,Elevated MAP peaks are not a primary driver of AKI; renal injury risk is more tied to low MAP and shock. Retained as low-importance to avoid redundancy with more informative MAP summaries.
0_12h_arterial_line_map_min,3,"Hypotension nadir is a key determinant of renal hypoperfusion and postoperative AKI, but in 0–12h it is often transient and treatment-related. Therefore capped at 3 for the initial period."
13_24h_arterial_line_map_min,4,"Low MAP in the 13–24h trajectory phase suggests ongoing shock/vasoplegia and sustained renal hypoperfusion, a strong predictor of subsequent creatinine rise. Min captures the injurious exposure better than mean/max."
25_36h_arterial_line_map_min,5,Hypotensive nadir close to the outcome window is a direct marker of inadequate renal perfusion and impending ischemic AKI. MAP_min is the most pathophysiologically relevant aggregation for AKI risk.
0_12h_arterial_line_map_measured,1,Measurement frequency reflects monitoring intensity rather than physiology; arterial lines are routine after cardiac surgery. In 0–12h it mainly indicates standard postoperative care.
13_24h_arterial_line_map_measured,1,Arterial MAP measurement count is largely protocol-driven in ICU patients and is a weak proxy for acuity. It does not directly encode renal perfusion status.
25_36h_arterial_line_map_measured,1,Continued frequent MAP recording is common and not specific for AKI risk; it is more a documentation/monitoring artifact. Scored low per the _measured rule.
0_12h_diet_type_npo_mean,1,NPO status early after cardiac surgery is routine and not mechanistically linked to AKI. It mainly reflects perioperative workflow rather than renal risk.
13_24h_diet_type_npo_mean,1,"Ongoing NPO may reflect illness severity, but it is nonspecific and weakly related to renal injury compared with hemodynamics and nephrotoxins. Mean aggregation adds little clinical signal."
25_36h_diet_type_npo_mean,2,"Persistent NPO by 25–36h can be a proxy for delayed recovery/ongoing critical illness, which correlates indirectly with AKI risk. Still nonspecific and not a direct renal mechanism."
0_12h_diet_type_npo_max,1,Any NPO in the first 12h is expected postoperatively and provides minimal prognostic information for AKI. Binary max adds little beyond routine care.
13_24h_diet_type_npo_max,1,Being NPO at any point in 13–24h is common and nonspecific; it may reflect care plans rather than renal physiology. Weak indirect association at best.
25_36h_diet_type_npo_max,2,"Being NPO late post-op can be a proxy for ongoing critical illness, intubation, or procedures, which correlate with AKI risk. It is not a direct physiologic driver of creatinine rise."
0_12h_diet_type_npo_min,1,"NPO status in the immediate 0–12h post-cardiac surgery period is routine and expected, offering little discrimination for AKI risk. Weak indirect link only."
13_24h_diet_type_npo_min,1,Minimum NPO status in this window is not a meaningful physiologic marker for renal injury and is heavily influenced by routine post-op care patterns. At best it reflects care logistics rather than kidney perfusion.
25_36h_diet_type_npo_min,2,"Persistently NPO closer to hour 60 may reflect ongoing instability or need for interventions, indirectly associated with AKI. Still a nonspecific proxy rather than a renal mechanism."
0_12h_diet_type_npo_measured,1,Measurement frequency reflects documentation/ordering behavior and is not a physiologic determinant of AKI. In 0–12h it is especially routine and non-informative.
13_24h_diet_type_npo_measured,1,How often NPO status is recorded is a behavioral/EMR artifact and not a kidney injury marker. Provides minimal incremental signal for creatinine trajectory.
25_36h_diet_type_npo_measured,1,"Frequency of NPO documentation is not mechanistically linked to AKI and mainly reflects monitoring intensity. Even if higher in sicker patients, it is too indirect to weight strongly."
0_12h_diet_type_diet_mean,1,Diet status in the first 12 hours is largely protocol-driven and does not capture renal perfusion or nephrotoxic exposure. Mean aggregation further dilutes any weak signal.
13_24h_diet_type_diet_mean,1,Average diet status is a nonspecific marker of recovery and is not an established predictor of AKI. Mean aggregation is unlikely to capture meaningful pathology.
25_36h_diet_type_diet_mean,2,"Failure to advance diet by 25–36h can indicate ongoing critical illness, which correlates with AKI risk. As a mean measure it remains indirect and less informative than physiologic extremes."
0_12h_diet_type_diet_max,1,Having any diet in 0–12h is uncommon and mostly reflects early extubation/recovery rather than renal physiology. Immediate post-op period limits prognostic value.
13_24h_diet_type_diet_max,2,"Advancement to diet by 13–24h suggests clinical stabilization, indirectly associated with lower AKI risk. Still not a direct renal predictor."
25_36h_diet_type_diet_max,2,"Diet tolerance/advancement closer to hour 60 is a proxy for overall recovery and hemodynamic stability, indirectly linked to AKI risk. Not a kidney-specific biomarker."
0_12h_diet_type_diet_min,1,Minimum diet status in 0–12h is dominated by routine NPO practice after surgery and provides little AKI-specific information. Weak indirect association at most.
13_24h_diet_type_diet_min,1,Minimum diet status is a coarse care-process variable and not a physiologic driver of creatinine rise. It is less informative than whether diet was ever achieved (max).
25_36h_diet_type_diet_min,2,"Remaining without diet throughout 25–36h may reflect persistent critical illness or ongoing ventilation, indirectly increasing AKI risk. As a minimum/absence measure it is still nonspecific and collinear with NPO indicators."
0_12h_diet_type_diet_measured,1,Measurement frequency of diet orders mainly reflects routine postoperative care and documentation rather than renal physiology. In the immediate 0–12h period it is especially nonspecific for later AKI.
13_24h_diet_type_diet_measured,1,Diet order measurement frequency is a weak behavioral/acuity proxy and not a direct driver of renal injury. Changes in ordering patterns are not reliably linked to creatinine rise.
25_36h_diet_type_diet_measured,2,"More frequent diet-related documentation/orders late may reflect ongoing instability (e.g., NPO due to complications), which can correlate indirectly with AKI risk. Still not a physiologic marker, so kept low."
0_12h_diet_type_other_mean,1,"Diet category ('other') is not a recognized mechanistic predictor of postoperative AKI, and early postoperative diet status is often protocol-driven. Mean value adds little clinical signal."
13_24h_diet_type_other_mean,1,"Diet type remains a weak, non-specific proxy for illness severity and is heavily influenced by care pathways. The mean aggregation does not capture a renal insult."
25_36h_diet_type_other_mean,2,"Persistent nonstandard diet status closer to outcome may reflect complications (ileus, reintubation, shock) that can co-occur with AKI. Still indirect and non-causal, so low importance."
0_12h_diet_type_other_max,1,Any occurrence of an 'other' diet in the first 12h is common and protocol-dependent after cardiac surgery. It does not specifically indicate renal hypoperfusion or nephrotoxin exposure.
13_24h_diet_type_other_max,1,Presence of an 'other' diet category is not an established AKI predictor and is confounded by feeding practices. As a binary extreme it still lacks physiologic specificity.
25_36h_diet_type_other_max,2,"Having any 'other' diet status in the 25–36h window may signal ongoing critical illness or inability to advance diet, which can correlate with AKI risk. It remains an indirect proxy."
0_12h_diet_type_other_min,1,The minimum of a binary diet indicator is generally uninformative (often just reflects absence at some time). It has no direct relationship to kidney injury.
13_24h_diet_type_other_min,1,Binary minimum provides little clinical meaning and does not capture a renal insult. Not a recognized predictor of postoperative creatinine rise.
25_36h_diet_type_other_min,1,Binary minimum is not clinically interpretable for AKI risk and adds redundancy relative to max/mean. No physiologic linkage to creatinine trajectory.
0_12h_diet_type_other_measured,1,Frequency of documenting/ordering an 'other' diet is a behavioral signal and typically reflects routine charting. In 0–12h it is especially nonspecific for later AKI.
13_24h_diet_type_other_measured,1,Measurement frequency is not a physiologic driver of AKI and is heavily influenced by workflow. It provides minimal incremental prognostic value for creatinine_ratio.
25_36h_diet_type_other_measured,2,"Increased diet-related ordering/documentation late may reflect heightened concern or ongoing instability, indirectly associated with AKI. Still a weak proxy, so capped low."
0_12h_r_cardiac_regularity_regular_mean,2,"Cardiac rhythm regularity relates indirectly to renal perfusion (arrhythmias can reduce cardiac output), but early postoperative rhythm disturbances are common and transient. Mean regularity may dilute brief high-risk episodes, limiting predictive value in 0–12h."
13_24h_r_cardiac_regularity_regular_mean,2,"Sustained regular rhythm may reflect hemodynamic stability, but it is an indirect proxy for renal perfusion and is less informative than capturing arrhythmia episodes or hypotension directly. Mean regularity is also collinear with irregularity indicators."
25_36h_r_cardiac_regularity_regular_mean,2,Later sustained regular rhythm suggests stability but remains an indirect marker for AKI risk compared with direct perfusion/vasopressor/urine output signals. Mean aggregation is less sensitive to brief but important arrhythmic insults.
0_12h_r_cardiac_regularity_regular_max,1,"In the immediate post-op window, being ever-regular is common and not specific for renal injury risk. This binary extreme adds little beyond complementary irregularity features and is highly collinear."
13_24h_r_cardiac_regularity_regular_max,1,Ever-regular during 13–24h is nonspecific and largely reflects routine rhythm monitoring rather than a renal-relevant mechanism. Binary max is redundant with irregularity indicators.
25_36h_r_cardiac_regularity_regular_max,1,"Ever-regular in 25–36h is still nonspecific and does not capture the hemodynamic consequences (rate, BP, CO) that drive AKI. Highly collinear with irregular rhythm features."
0_12h_r_cardiac_regularity_regular_min,2,"If regular_min=0 it implies at least some irregularity, which can reduce cardiac output and renal perfusion, but early post-op arrhythmias are often transient. As a binary extreme it is a coarse proxy and redundant with explicit irregularity measures."
13_24h_r_cardiac_regularity_regular_min,2,"Intermittent loss of regular rhythm in 13–24h may indicate ongoing arrhythmia burden with potential renal hypoperfusion, but it remains indirect. Binary min is coarse and overlaps with irregularity indicators."
25_36h_r_cardiac_regularity_regular_min,3,"Any irregularity persisting into 25–36h can signal sustained arrhythmia burden and hemodynamic instability, which is a recognized contributor to AKI after cardiac surgery. Still indirect because it does not quantify hypotension/low output severity."
0_12h_r_cardiac_regularity_regular_measured,1,Measurement frequency reflects monitoring/EMR recording behavior rather than physiology and is not a direct AKI mechanism. In 0–12h it is largely routine post-cardiac surgery care.
13_24h_r_cardiac_regularity_regular_measured,1,"How often regularity is recorded mainly reflects documentation intensity and acuity, not renal perfusion. Not specific for impending AKI."
25_36h_r_cardiac_regularity_regular_measured,1,Recording frequency is a behavioral proxy and provides little mechanistic information about kidney injury risk. Any association would be indirect via clinician concern.
0_12h_r_cardiac_regularity_irregular_mean,2,"Average irregularity in the immediate post-op period may reflect atrial fibrillation or ectopy, which can impair renal perfusion, but early arrhythmias are common and transient. Mean aggregation dilutes brief high-risk episodes."
13_24h_r_cardiac_regularity_irregular_mean,3,Persistent irregular rhythm burden in 13–24h suggests ongoing atrial fibrillation/instability that can reduce cardiac output and contribute to AKI risk. Mean irregularity is still less sensitive than an extreme/episode-based measure.
25_36h_r_cardiac_regularity_irregular_mean,4,"Sustained irregular rhythm burden close to the outcome window can indicate ongoing atrial fibrillation with reduced forward flow, higher vasopressor needs, and renal hypoperfusion—strongly linked to post-cardiac surgery AKI. This later epoch makes the signal more prognostic."
0_12h_r_cardiac_regularity_irregular_max,2,"Any irregularity in 0–12h is common after cardiac surgery and often transient, so it is only weakly predictive of later creatinine rise. Binary max captures presence but not severity or duration."
13_24h_r_cardiac_regularity_irregular_max,3,"Any irregularity persisting/occurring in 13–24h is more concerning for sustained atrial fibrillation and hemodynamic impact, which can contribute to AKI. As a binary extreme it is informative but still coarse compared with burden/severity measures."
25_36h_r_cardiac_regularity_irregular_max,3,Sustained or recurrent rhythm irregularity (often AF) can reduce cardiac output and renal perfusion and is associated with postoperative complications. In the 25–36h window it may reflect ongoing hemodynamic instability relevant to AKI risk.
0_12h_r_cardiac_regularity_irregular_min,2,"Early postoperative rhythm irregularity is common and often transient after CPB/anesthesia, so it is a weaker signal for later AKI. It may still indirectly relate to brief low-output states."
13_24h_r_cardiac_regularity_irregular_min,2,"Irregular rhythm in this trajectory phase can indicate evolving instability, but as a minimum/any-occurrence flag it is nonspecific and often treated promptly. Thus it is only an indirect predictor of creatinine rise."
25_36h_r_cardiac_regularity_irregular_min,2,"Any irregularity in the 25–36h window may correlate with hemodynamic stress, but the 'min/any' aggregation is less informative than persistence/burden (captured better by max). Capped to reduce redundancy with irregular_max."
0_12h_r_cardiac_regularity_irregular_measured,1,"Measurement frequency reflects monitoring intensity rather than a renal mechanism, and early post-op monitoring is routine. It provides little specific prognostic information for AKI."
13_24h_r_cardiac_regularity_irregular_measured,1,How often irregularity is recorded is primarily a care/acuity proxy and not a direct physiologic driver of AKI. In this period it is still largely influenced by routine ICU surveillance.
25_36h_r_cardiac_regularity_irregular_measured,2,"Increased documentation/monitoring of irregular rhythm closer to outcome may reflect clinician concern for instability, which can co-occur with AKI risk. Still, it is a behavioral proxy rather than a biomarker."
0_12h_r_cardiac_regularity_other_mean,1,Averaged 'other' rhythm category is difficult to interpret clinically and early postoperative rhythm labels are often transient and nonspecific. Mean aggregation further dilutes any acute hemodynamic insult signal.
13_24h_r_cardiac_regularity_other_mean,1,"This category is heterogeneous (e.g., paced rhythms, artifact, uncommon arrhythmias) and not a known direct AKI predictor. As a mean/summary label it is unlikely to add renal-specific prognostic value."
25_36h_r_cardiac_regularity_other_mean,1,"Even close to outcome, an averaged 'other' rhythm label is nonspecific and not mechanistically tied to kidney injury. Mean aggregation reduces sensitivity to clinically meaningful extremes."
0_12h_r_cardiac_regularity_other_max,2,"An extreme occurrence of a non-sinus 'other' rhythm early post-op could reflect transient pacing/arrhythmia with potential low-output episodes. However, in 0–12h this is common and often not predictive of later AKI."
13_24h_r_cardiac_regularity_other_max,2,"Presence of an 'other' rhythm in this phase may indicate ongoing conduction/arrhythmia issues and possible hemodynamic compromise, but the category is too heterogeneous to be a strong AKI predictor. Thus only a plausible indirect link."
25_36h_r_cardiac_regularity_other_max,3,"In the 25–36h window, an extreme occurrence of an 'other' rhythm (e.g., frequent pacing dependence or significant arrhythmia) may better reflect persistent hemodynamic vulnerability that can precipitate AKI. Still, it is not kidney-specific."
0_12h_r_cardiac_regularity_other_min,1,"Any occurrence of an 'other' rhythm early after surgery is common and nonspecific, and the min/any aggregation is weak. It is unlikely to independently predict creatinine ratio at 60h."
13_24h_r_cardiac_regularity_other_min,1,"As an any-occurrence flag, this is less informative than extremes/burden and the rhythm category is heterogeneous. Limited renal-specific predictive value."
25_36h_r_cardiac_regularity_other_min,2,"Any 'other' rhythm close to outcome could correlate with instability, but the min/any aggregation is less pathophysiologically specific than max. Capped to avoid collinearity with other_max in the same epoch."
0_12h_r_cardiac_regularity_other_measured,1,"Measurement frequency reflects monitoring/concern rather than a renal mechanism, and early post-op rhythm irregularity documentation is common and nonspecific. In the 0–12h epoch, this is especially confounded by transient post-bypass instability."
13_24h_r_cardiac_regularity_other_measured,1,Acuity/monitoring proxy rather than a physiologic driver of AKI. Rhythm documentation frequency is not a reliable predictor of creatinine rise.
25_36h_r_cardiac_regularity_other_measured,2,"Later increased rhythm assessment may indicate ongoing hemodynamic instability (e.g., atrial arrhythmias) that can reduce renal perfusion, but it remains an indirect behavioral proxy. Therefore kept low per _measured rule."
0_12h_r_heart_rate_source_monitor_pulse_ox_mean,2,"Sustained tachycardia can reflect low cardiac output or stress that may impair renal perfusion, but mean HR in the immediate post-op window is often transient and treatment-related. Extremes are typically more informative than averages for AKI triggers."
13_24h_r_heart_rate_source_monitor_pulse_ox_mean,2,"Persistent abnormal HR may indicate ongoing shock/arrhythmia burden affecting kidney perfusion, but mean HR is a smoothed marker and less specific than hypotension/vasopressor needs. Capped to limit redundancy with HR extremes."
25_36h_r_heart_rate_source_monitor_pulse_ox_mean,2,"In the leading-indicator window, sustained tachycardia can correlate with low output states, but mean HR remains indirect and collinear with more pathologic extremes. Thus kept low relative to max/min features."
0_12h_r_heart_rate_source_monitor_pulse_ox_max,3,"Marked tachycardia can signal bleeding, low cardiac output, or atrial fibrillation with reduced forward flow, all of which can precipitate renal hypoperfusion. In 0–12h, however, it is often transient post-op, so capped at 3."
13_24h_r_heart_rate_source_monitor_pulse_ox_max,3,"Recurrent or sustained tachycardia in this trajectory phase more strongly suggests ongoing hemodynamic stress that can contribute to AKI. Still indirect compared with blood pressure/vasopressors, so not scored higher."
25_36h_r_heart_rate_source_monitor_pulse_ox_max,4,"Late tachycardia close to the outcome can indicate persistent low cardiac output, sepsis, or uncontrolled atrial arrhythmia with renal hypoperfusion, which are strong AKI drivers. Extreme HR is more pathologic than mean HR, so prioritized."
0_12h_r_heart_rate_source_monitor_pulse_ox_min,3,"Bradycardia can reflect conduction issues, excessive beta-blockade, or pacing problems leading to low cardiac output and renal hypoperfusion. In the immediate post-op period it may be transient/anesthesia-related, so capped at 3."
13_24h_r_heart_rate_source_monitor_pulse_ox_min,3,"Ongoing bradycardia in this phase may indicate persistent low output or conduction disease requiring pacing, which can reduce renal perfusion. Still an indirect marker without concurrent BP/CO data."
25_36h_r_heart_rate_source_monitor_pulse_ox_min,4,"Late bradycardia near hour 60 can be a strong indicator of low cardiac output states (or pacing failure) that directly compromise renal blood flow. As an extreme value, it better captures acute perfusion insults than the mean."
0_12h_r_heart_rate_source_monitor_pulse_ox_measured,1,"Frequency of HR documentation is routine ICU practice and reflects monitoring intensity rather than kidney injury physiology. Per rules, _measured features should be low unless highly specific to AKI concern."
13_24h_r_heart_rate_source_monitor_pulse_ox_measured,1,Primarily a care-process variable (monitoring frequency) and not a direct predictor of creatinine rise. Likely driven by unit protocols rather than renal risk.
25_36h_r_heart_rate_source_monitor_pulse_ox_measured,1,"Even late, HR measurement frequency is largely protocolized and nonspecific; it does not directly encode renal perfusion or nephrotoxin exposure. Kept at 1 per _measured rule."
0_12h_r_heart_rate_source_apical_mean,2,"Apical mean HR may better reflect true rhythm than pulse-ox HR, but as an average in the immediate post-op window it is still nonspecific and often transient. Extremes would be more informative for AKI-related hemodynamic insults."
13_24h_r_heart_rate_source_apical_mean,2,"Sustained tachycardia can reflect ongoing stress/low cardiac output that may reduce renal perfusion, but the mean blunts brief hypotensive/arrhythmic insults and is nonspecific. In this mid-epoch it is only an indirect AKI signal."
25_36h_r_heart_rate_source_apical_mean,2,"Persistent abnormal heart rate closer to the outcome can correlate with low output/sepsis and renal hypoperfusion, but the mean is still a nonspecific, smoothed marker. Extremes would better capture acute hemodynamic insults relevant to AKI."
0_12h_r_heart_rate_source_apical_max,2,"Early postoperative tachycardia may indicate bleeding, pain, or low output, which can contribute to renal hypoperfusion, but this period is often transient and treatment-responsive. Capped by the 0–12h epoch rule and limited specificity."
13_24h_r_heart_rate_source_apical_max,3,"A high maximum heart rate in the trajectory phase can reflect atrial fibrillation with RVR, ongoing shock, or inadequate cardiac output, all associated with AKI risk. Max captures acute stress better than mean."
25_36h_r_heart_rate_source_apical_max,3,"Late-epoch tachycardic spikes can signal evolving shock, arrhythmia, or low cardiac output near the time AKI declares, making it a more relevant leading indicator. Still indirect compared with direct renal/hemodynamic measures."
0_12h_r_heart_rate_source_apical_min,2,"Bradycardia episodes can reduce cardiac output and renal perfusion, but in the immediate post-op window they are often transient (sedation, pacing, vagal events). Max score limited in 0–12h and overall specificity is modest."
13_24h_r_heart_rate_source_apical_min,3,Clinically significant bradycardia in this phase may indicate conduction issues/pacing dependence or low output states that can impair renal perfusion. The minimum better captures potentially harmful low-rate episodes than the mean.
25_36h_r_heart_rate_source_apical_min,3,"Late bradycardic episodes can be a marker of hemodynamic instability or pacing problems closer to the creatinine outcome, plausibly contributing to renal hypoperfusion. Still an indirect predictor versus MAP/pressors/urine output."
0_12h_r_heart_rate_source_apical_measured,1,Measurement frequency mainly reflects monitoring intensity/workflow rather than a physiologic mechanism for AKI. In the immediate post-op period frequent vitals are routine and not specific for impending renal injury.
13_24h_r_heart_rate_source_apical_measured,1,How often apical HR is documented is largely a care-process variable and weakly related to AKI biology. It may reflect acuity but is not a direct renal risk factor.
25_36h_r_heart_rate_source_apical_measured,2,"Increased measurement frequency late may reflect clinician concern for instability, which can correlate with AKI risk, but it remains a behavioral proxy rather than a physiologic driver. Therefore kept low by the _measured rule."
0_12h_r_heart_rate_source_peripheral_mean,2,Peripheral HR mean is a nonspecific marker of stress/low output and is heavily influenced by immediate post-op factors. Mean aggregation reduces sensitivity to brief arrhythmic/hemodynamic insults and is capped in 0–12h.
13_24h_r_heart_rate_source_peripheral_mean,1,"This appears to be a mean but encoded as binary and is likely redundant/noisy as a physiologic predictor. Even if interpretable, mean HR in this epoch is a weak, nonspecific correlate of AKI compared with extremes."
25_36h_r_heart_rate_source_peripheral_mean,1,Binary-encoded mean peripheral HR is unlikely to add reliable physiologic information and is prone to collinearity with other HR summaries. Mean HR is also a nonspecific AKI predictor relative to max/min or direct perfusion markers.
0_12h_r_heart_rate_source_peripheral_max,2,"Early postoperative tachycardia spikes can reflect bleeding/low output and may contribute to renal hypoperfusion, but are common and transient immediately after surgery. Max captures insult better than mean but is capped in 0–12h."
13_24h_r_heart_rate_source_peripheral_max,3,"A high peripheral HR maximum during 13–24h can indicate arrhythmia or evolving shock, both associated with AKI via reduced renal perfusion and inflammation. Max is the most informative aggregation among HR summaries for acute stress."
25_36h_r_heart_rate_source_peripheral_max,1,Heart-rate measurement source (peripheral vs other) is a documentation/monitoring artifact rather than a physiologic driver of renal injury. It has no direct mechanistic link to AKI beyond general acuity.
0_12h_r_heart_rate_source_peripheral_min,1,"In the immediate 0–12h post-op period, the choice of peripheral HR source reflects monitoring setup, not renal perfusion. It is not a meaningful predictor of creatinine rise."
13_24h_r_heart_rate_source_peripheral_min,1,Measurement source remains a workflow variable and does not capture hemodynamic instability itself. Any association with AKI would be weak and indirect.
25_36h_r_heart_rate_source_peripheral_min,1,"Even close to the outcome window, HR source is not a physiologic marker of shock or renal hypoperfusion. It is unlikely to add predictive value beyond true vitals/hemodynamics."
0_12h_r_heart_rate_source_peripheral_measured,1,Measurement frequency is a behavioral proxy and here mostly reflects routine ICU monitoring rather than kidney-specific concern. In 0–12h it is especially non-specific.
13_24h_r_heart_rate_source_peripheral_measured,1,How often peripheral HR source is recorded is not a renal biomarker and is largely driven by nursing/monitoring practices. Any link to AKI risk is minimal.
25_36h_r_heart_rate_source_peripheral_measured,1,"Even in 25–36h, increased recording frequency is more about monitoring intensity than renal pathophysiology. It is not a strong or specific leading indicator of AKI."
0_12h_r_oxygen_device_mechanical_mean,2,"Mechanical ventilation early post-cardiac surgery is common and often transient, so its mean presence in 0–12h is weakly informative. It may indirectly reflect illness severity and hemodynamic stress that can contribute to AKI."
13_24h_r_oxygen_device_mechanical_mean,3,"Ongoing mechanical ventilation in 13–24h suggests slower recovery/greater severity (e.g., low cardiac output, pulmonary edema), which is associated with AKI risk. Still indirect and non-specific compared with hemodynamics and renal labs."
25_36h_r_oxygen_device_mechanical_mean,3,"Persistent need for mechanical ventilation by 25–36h is a stronger marker of ongoing critical illness and potential low perfusion/inflammation, both linked to AKI. It remains an indirect predictor rather than a direct renal marker."
0_12h_r_oxygen_device_mechanical_max,2,Any mechanical ventilation in 0–12h is expected after cardiac surgery and therefore not highly discriminative for AKI. It may weakly indicate higher acuity or complications.
13_24h_r_oxygen_device_mechanical_max,3,"Requiring mechanical ventilation at any point in 13–24h implies delayed extubation and higher severity, which correlates with AKI risk. This is a better signal than the mean but still indirect."
25_36h_r_oxygen_device_mechanical_max,3,"Mechanical ventilation at any time in 25–36h indicates persistent respiratory/overall organ dysfunction and higher likelihood of renal hypoperfusion or congestion. It is a moderate, indirect predictor of creatinine rise."
0_12h_r_oxygen_device_mechanical_min,1,"The minimum (often 0) mainly captures whether the patient was ever off the ventilator in the first 12h, which is heavily protocol- and surgery-dependent. It is not a direct AKI mechanism and is less informative than max/mean."
13_24h_r_oxygen_device_mechanical_min,1,"Minimum ventilation status is typically 0 for many patients and does not capture the burden of respiratory failure. To avoid collinearity with max/mean, this aggregation is not prioritized for AKI prediction."
25_36h_r_oxygen_device_mechanical_min,1,Minimum mechanical ventilation status is a weak descriptor (often 0) and does not reflect sustained severity as well as mean/max. It is unlikely to add independent information for AKI risk.
0_12h_r_oxygen_device_mechanical_measured,2,"Mechanical ventilation early post-op is common and reflects illness severity, which can correlate with AKI risk, but this is a behavioral/acuity proxy rather than a renal mechanism. As a _measured feature in the immediate 0–12h window, it should be kept low."
13_24h_r_oxygen_device_mechanical_measured,2,"Ongoing need for mechanical ventilation suggests persistent cardiopulmonary dysfunction and higher overall acuity, indirectly increasing AKI risk. Still a measurement-frequency proxy rather than a physiologic driver."
25_36h_r_oxygen_device_mechanical_measured,2,"Continued mechanical ventilation close to the outcome window can indicate shock/respiratory failure and higher AKI risk, but this variable reflects documentation/monitoring frequency more than physiology. Per rules, _measured features remain low."
0_12h_r_oxygen_device_none_mean,2,"Being off supplemental oxygen may indicate lower severity and better hemodynamics, indirectly associated with lower AKI risk. In 0–12h this is often transient and influenced by routine extubation timing, so relevance is limited."
13_24h_r_oxygen_device_none_mean,2,"More time on room air suggests clinical stability and less cardiopulmonary stress, indirectly lowering AKI risk. However, it is not a direct renal perfusion marker and may be collinear with other severity indicators."
25_36h_r_oxygen_device_none_mean,3,"Room-air status in 25–36h is a stronger marker of recovery vs ongoing organ dysfunction, which correlates with lower AKI risk. Still indirect and not a kidney-specific biomarker."
0_12h_r_oxygen_device_none_max,2,"Any period on room air early post-op may reflect rapid extubation and lower severity, but 0–12h is heavily protocol-driven and transient. As an extreme/any-occurrence indicator it adds limited AKI-specific information."
13_24h_r_oxygen_device_none_max,2,"Any room-air time during 13–24h suggests partial stabilization, indirectly associated with lower AKI risk. This is still a coarse severity proxy and likely redundant with mean room-air time."
25_36h_r_oxygen_device_none_max,3,"Any room-air time in 25–36h is a closer-to-outcome indicator of recovery and lower systemic stress, indirectly lowering AKI risk. As an extreme/any-occurrence feature it can capture successful weaning better than mean in some cases."
0_12h_r_oxygen_device_none_min,1,"Minimum room-air status over 0–12h is typically 0 for most post-cardiac surgery patients (often intubated initially), offering little discrimination. It has no direct physiologic link to renal injury."
13_24h_r_oxygen_device_none_min,1,"Minimum room-air status over 13–24h is often 0 if any oxygen was needed, making it a weak and non-specific severity marker. It does not directly reflect renal perfusion or nephrotoxicity."
25_36h_r_oxygen_device_none_min,2,"If the minimum indicates sustained room-air throughout 25–36h, it may reflect robust recovery and lower AKI risk, but remains indirect. It is also potentially collinear with mean/max room-air indicators."
0_12h_r_oxygen_device_none_measured,1,"Frequency of documenting 'no oxygen device' is primarily a workflow/monitoring artifact and not a physiologic driver of AKI. Per rules, _measured features should be minimal importance."
13_24h_r_oxygen_device_none_measured,1,This reflects documentation frequency and care intensity rather than renal pathophysiology. It provides little specific prognostic value for creatinine rise.
25_36h_r_oxygen_device_none_measured,1,Measurement frequency is a behavioral proxy and not a direct marker of kidney injury or perfusion. Even near the outcome window it should remain low.
0_12h_r_oxygen_device_low_flow_mean,2,"Average low-flow oxygen use early post-op reflects respiratory support needs and overall severity, which can correlate with AKI risk via hemodynamic stress. In 0–12h it is often routine and transient, so importance is capped low."
13_24h_r_oxygen_device_low_flow_mean,2,"Low-flow oxygen use is a nonspecific marker of respiratory status and overall illness severity, which can correlate indirectly with AKI risk. As a mean/usage indicator it is collinear with max/min device use and not a direct renal perfusion marker."
25_36h_r_oxygen_device_low_flow_mean,2,"Persistent need for low-flow oxygen late post-op may reflect ongoing cardiopulmonary dysfunction and higher acuity, indirectly increasing AKI risk. Still nonspecific and largely redundant with other oxygen-device indicators."
0_12h_r_oxygen_device_low_flow_max,2,"Immediate post-op oxygen device requirements are common and transient after anesthesia/CPB, so association with AKI is weak in this early epoch. Max use mainly reflects routine post-op respiratory support rather than renal insult."
13_24h_r_oxygen_device_low_flow_max,2,"Higher oxygen support in the trajectory phase can indicate cardiopulmonary compromise that may reduce renal perfusion, but it is indirect. Device category is a coarse proxy and not a direct AKI predictor."
25_36h_r_oxygen_device_low_flow_max,2,"Ongoing need for low-flow oxygen closer to hour 60 suggests persistent illness, which can track with AKI risk. However, it remains nonspecific and less informative than hemodynamics, urine output, or renal labs."
0_12h_r_oxygen_device_low_flow_min,1,Minimum low-flow oxygen use (often zero) in the immediate post-op window is not mechanistically linked to AKI and is heavily influenced by routine extubation/weaning practices. Limited prognostic value for creatinine rise.
13_24h_r_oxygen_device_low_flow_min,1,A low minimum oxygen device requirement is generally reassuring but does not directly inform renal perfusion or nephrotoxic exposure. Likely redundant with other respiratory support variables.
25_36h_r_oxygen_device_low_flow_min,1,Minimum low-flow oxygen requirement late post-op is not a recognized driver or biomarker of AKI. It mainly reflects intermittent weaning rather than sustained physiology relevant to kidney injury.
0_12h_r_oxygen_device_low_flow_measured,1,"Measurement frequency reflects documentation/monitoring behavior rather than a physiologic mechanism for AKI. In the immediate post-op period, frequent recording is routine and not specific for impending renal injury."
13_24h_r_oxygen_device_low_flow_measured,1,How often oxygen device status is recorded is a weak proxy for acuity and is not kidney-specific. It is unlikely to add independent signal beyond actual respiratory/hemodynamic variables.
25_36h_r_oxygen_device_low_flow_measured,2,"More frequent documentation late post-op may reflect higher clinical concern/instability, which can correlate with AKI risk. Still a behavioral proxy and should be low-importance relative to physiologic measures."
0_12h_r_oxygen_device_high_flow_mean,3,"High-flow oxygen requirement early post-op can indicate significant respiratory/cardiac dysfunction and potential hypoxemia, which may contribute to renal ischemia. However, in 0–12h this can be transient post-anesthesia/CPB, so capped."
13_24h_r_oxygen_device_high_flow_mean,3,"Sustained high-flow oxygen need in the trajectory phase suggests ongoing cardiopulmonary compromise and higher illness severity, indirectly increasing AKI risk via hypoxia/low cardiac output. Still not a direct renal biomarker."
25_36h_r_oxygen_device_high_flow_mean,3,"High-flow oxygen requirement close to the outcome window can mark persistent hypoxemia or heart failure, conditions associated with renal hypoperfusion and AKI. As a mean/usage metric it remains indirect and somewhat collinear with max."
0_12h_r_oxygen_device_high_flow_max,3,"Any peak need for high-flow oxygen immediately post-op may reflect acute respiratory failure or hemodynamic instability that can predispose to AKI. Early epoch effects are often transient, so importance is limited."
13_24h_r_oxygen_device_high_flow_max,4,"A peak requirement for high-flow oxygen in 13–24h suggests clinically significant deterioration (e.g., pulmonary edema/low cardiac output) that can directly reduce renal oxygen delivery and perfusion. Extremes are more informative than means for capturing acute insults in this phase."
25_36h_r_oxygen_device_high_flow_max,2,"Need for high-flow oxygen late (25–36h) can reflect ongoing cardiopulmonary dysfunction and higher illness severity, which can indirectly increase AKI risk via hypoperfusion/congestion. It is not a direct renal biomarker and is nonspecific."
0_12h_r_oxygen_device_high_flow_min,1,Early (0–12h) oxygen device status is heavily influenced by routine post-op ventilation/weaning practices and transient instability. As a minimum/absence indicator it is weakly linked to renal outcomes.
13_24h_r_oxygen_device_high_flow_min,1,Minimum high-flow use in 13–24h mainly reflects periods off high-flow and is not a physiologic insult marker. Any association with AKI would be indirect and confounded by respiratory management.
25_36h_r_oxygen_device_high_flow_min,1,A minimum value (often indicating no high-flow at some point) does not capture severity of respiratory failure and is not mechanistically tied to AKI. The max/any-use would be more informative than the min.
0_12h_r_oxygen_device_high_flow_measured,1,Measurement frequency is a documentation/monitoring proxy rather than a physiologic driver of AKI. In the immediate post-op window it mostly reflects routine charting.
13_24h_r_oxygen_device_high_flow_measured,1,"How often high-flow status is recorded reflects care processes and attention, not renal pathophysiology. At most it weakly proxies acuity."
25_36h_r_oxygen_device_high_flow_measured,2,"More frequent documentation/orders late may reflect clinician concern for ongoing respiratory failure and overall instability, which can correlate with AKI risk. Still a behavioral proxy, not a direct mechanism."
0_12h_r_heart_block_type_degree_1_measured,1,First-degree AV block is usually benign and measurement frequency is not a physiologic insult. In 0–12h it is often transient post-op conduction change with minimal AKI relevance.
13_24h_r_heart_block_type_degree_1_measured,1,Documentation frequency of first-degree block is unlikely to add prognostic information for renal injury. Any link would be indirect via overall monitoring intensity.
25_36h_r_heart_block_type_degree_1_measured,1,"Persistent first-degree block rarely causes hemodynamic compromise sufficient to drive AKI, and 'measured' is a behavioral proxy. Thus it has weak relevance for creatinine rise."
0_12h_r_heart_block_type_degree_23_measured,2,"Higher-grade AV block can reduce cardiac output and renal perfusion, but in 0–12h it is often transient and treated promptly (pacing/pressors), limiting predictive value. As 'measured' it remains an indirect proxy."
13_24h_r_heart_block_type_degree_23_measured,2,"Ongoing concern/monitoring for 2nd/3rd-degree block may indicate hemodynamic instability that can contribute to AKI risk. However, measurement frequency is not itself causal and is nonspecific."
25_36h_r_heart_block_type_degree_23_measured,2,"Late monitoring for high-grade block can correlate with persistent low-output states and vasopressor/pacing needs, indirectly increasing AKI risk. Still, as a 'measured' feature it should remain low importance."
0_12h_r_heart_block_type_bundle_branch_block_measured,1,Bundle branch block is common post-cardiac surgery and often does not imply major hemodynamic compromise; 'measured' reflects documentation. In the immediate post-op period it is weakly informative for AKI.
13_24h_r_heart_block_type_bundle_branch_block_measured,1,Frequency of noting bundle branch block is unlikely to predict renal dysfunction beyond general illness severity. It is not a direct driver of renal hypoperfusion.
25_36h_r_heart_block_type_bundle_branch_block_measured,1,Late documentation of bundle branch block is nonspecific and usually not hemodynamically significant; 'measured' is a care-process proxy. Therefore it has minimal relevance to creatinine_ratio.
0_12h_ionized_calcium_mean,2,"Ionized calcium reflects citrate load/transfusion and overall physiologic stress but is not a primary AKI driver. Mean value is less informative than extremes for acute instability, and early (0–12h) derangements are often transient."
13_24h_ionized_calcium_mean,2,"Persistently abnormal calcium may correlate with ongoing critical illness and vasopressor needs, indirectly affecting renal perfusion. Mean aggregation is less pathologic-signal than min/max, so kept low to reduce collinearity."
25_36h_ionized_calcium_mean,2,Later calcium abnormalities can track severity of illness and transfusion burden but are not direct biomarkers of AKI. Mean is still less informative than extremes for capturing clinically relevant insults.
0_12h_ionized_calcium_max,1,Hypercalcemia is uncommon post-cardiac surgery and is not a typical trigger for AKI in this setting. Early isolated maxima are often treatment-related (calcium replacement) rather than renal-pathophysiology.
13_24h_ionized_calcium_max,1,A high ionized calcium value usually reflects supplementation and has weak linkage to subsequent AKI. Max adds little mechanistic information for renal injury compared with hypotension/low perfusion markers.
25_36h_ionized_calcium_max,1,Late hypercalcemia remains an uncommon and nonspecific finding for AKI prediction after cardiac surgery. Max values are often iatrogenic and not a direct renal injury signal.
0_12h_ionized_calcium_min,3,"Hypocalcemia can reflect massive transfusion/citrate load and severe physiologic stress, which can accompany hemodynamic instability relevant to AKI risk. In 0–12h, however, it is often transient, so capped at 3."
13_24h_ionized_calcium_min,3,"Persistently low ionized calcium may indicate ongoing critical illness, transfusion burden, or sepsis physiology, indirectly increasing AKI risk via perfusion/vasopressor requirements. Min captures the insult better than mean/max, so it is prioritized."
25_36h_ionized_calcium_min,4,"Low ionized calcium closer to the outcome can be a leading indicator of ongoing shock/critical illness trajectory and higher vasopressor needs, which strongly relate to renal hypoperfusion and AKI. Min is the most pathologically relevant aggregation among calcium summaries."
0_12h_ionized_calcium_measured,1,Measurement frequency mainly reflects routine post-bypass monitoring and transfusion management rather than a direct AKI mechanism. In the immediate post-op window it is standard-of-care and weakly discriminative.
13_24h_ionized_calcium_measured,1,Ordering frequency is a behavioral proxy for acuity but calcium checks are common in ICU care and not specific for impending AKI. Thus it provides limited incremental prognostic value.
25_36h_ionized_calcium_measured,2,"More frequent calcium checks later may reflect ongoing instability, transfusion, or refractory electrolyte issues, indirectly associated with higher AKI risk. Still, it is a monitoring-intensity proxy and not a physiologic driver, so kept low."
0_12h_magnesium_mean,2,"Magnesium abnormalities can accompany arrhythmias and critical illness but are not established direct predictors of AKI after cardiac surgery. Mean values early are often influenced by routine replacement and dilution, limiting specificity."
13_24h_magnesium_mean,2,"Sustained magnesium derangements may reflect severity of illness and renal handling, but mean aggregation is less sensitive than extremes for clinically meaningful events. Association with AKI is indirect in this context."
25_36h_magnesium_mean,2,"Later magnesium levels can be affected by declining renal clearance, but mean is a blunt summary and less informative than max for retention or min for depletion. Kept low to avoid redundancy with more pathologic aggregations."
0_12h_magnesium_max,2,"Elevated magnesium can occur with supplementation and early reduced clearance, but in 0–12h it is commonly iatrogenic and transient. Max may weakly signal early renal dysfunction, but conservative scoring applies in this epoch."
13_24h_magnesium_max,2,"Hypermagnesemia can reflect reduced renal clearance or heavy supplementation, but it is not a primary AKI driver. Use max over mean to capture impaired clearance; still an indirect signal in this epoch (cap at 2)."
25_36h_magnesium_max,3,Rising/high magnesium closer to hour 60 can indicate declining renal excretion and may track evolving AKI. Still nonspecific and often influenced by replacement protocols.
0_12h_magnesium_min,2,Low magnesium early post-op is common from hemodilution/CPB and replacement practices and is not a direct AKI marker. Extreme low values may correlate with overall illness but are indirect (epoch cap ≤3).
13_24h_magnesium_min,2,"Persistent hypomagnesemia may reflect ongoing losses/diuretics and higher acuity, but it does not directly predict creatinine rise. Indirect association only."
25_36h_magnesium_min,2,Low magnesium late may indicate diuretic-driven losses or inadequate repletion rather than renal dysfunction (AKI more often raises Mg). Weak/indirect link to creatinine_ratio.
0_12h_magnesium_measured,1,Measurement frequency mainly reflects routine post-cardiac surgery electrolyte monitoring rather than renal pathophysiology. Behavioral/acuity proxy only.
13_24h_magnesium_measured,1,Ordering frequency is largely protocolized in ICU cardiac surgery care and not a mechanistic AKI predictor. At most reflects nonspecific concern.
25_36h_magnesium_measured,2,"More frequent checks late may reflect clinician concern for instability/renal dysfunction or aggressive replacement, but remains a behavioral proxy. Keep low per rule."
0_12h_base_excess_mean,2,Average base excess early is confounded by transient CPB/anesthesia effects and resuscitation; sustained mean is less informative than extremes for renal hypoperfusion. Indirect marker only (epoch cap ≤3).
13_24h_base_excess_mean,2,"Mean base excess can reflect ongoing metabolic acidosis from hypoperfusion/sepsis, which relates to AKI risk, but averaging blunts clinically important nadirs. Prefer minima for pathology; cap at 2 to reduce collinearity."
25_36h_base_excess_mean,2,"A persistently negative mean base excess suggests ongoing metabolic acidosis and systemic stress, but extremes (min) better capture hypoperfusion episodes linked to AKI. Keep low to avoid redundancy."
0_12h_base_excess_max,1,High/positive base excess (metabolic alkalosis) is not a typical trigger for AKI and often reflects bicarbonate administration or diuresis. Weak relevance in the immediate post-op window.
13_24h_base_excess_max,1,Positive base excess is generally not a direct AKI signal and may reflect treatment effects rather than renal injury. Minimal prognostic value versus acidosis extremes.
25_36h_base_excess_max,1,Metabolic alkalosis is not a strong predictor of creatinine rise after cardiac surgery and is often iatrogenic. Limited linkage to renal hypoperfusion compared with low base excess.
0_12h_base_excess_min,3,"A very low base excess (metabolic acidosis) can indicate hypoperfusion/lactic acidosis during/after CPB, which increases AKI risk. Early derangements are common/transient, so capped at 3."
13_24h_base_excess_min,4,"Persistently low base excess in the trajectory phase suggests ongoing hypoperfusion/shock or sepsis physiology, strongly associated with subsequent AKI. Minimum captures the insult better than mean/max (epoch cap ≤4)."
25_36h_base_excess_min,4,"A very negative base excess (metabolic acidosis) close to hour 60 suggests ongoing hypoperfusion/shock or lactic acidosis, which strongly predicts AKI after cardiac surgery. The minimum captures the worst insult better than mean/max for renal ischemic risk."
0_12h_base_excess_measured,1,Measurement frequency mainly reflects clinician concern/acuity rather than a direct physiologic driver of AKI. In the immediate post-op window it is especially nonspecific.
13_24h_base_excess_measured,1,Ordering frequency is a behavioral proxy and not a renal injury biomarker. It may correlate with instability but is too indirect for AKI prediction.
25_36h_base_excess_measured,2,"More frequent blood gases/chemistry checks can indicate persistent metabolic derangement or shock nearing the outcome window, but it remains an indirect proxy rather than a mechanism."
0_12h_direct_bilirubin_measured,1,Test frequency reflects monitoring for hepatic dysfunction/hemolysis rather than kidney injury. Early post-op ordering is routine and not specific for AKI.
13_24h_direct_bilirubin_measured,1,Measurement count is not a physiologic predictor of AKI and is often driven by general ICU surveillance. Any association with AKI would be indirect via overall illness severity.
25_36h_direct_bilirubin_measured,2,"Increased monitoring for cholestasis/ischemic hepatitis near 25–36h may signal ongoing low-flow state that also risks AKI, but it is still an indirect behavioral marker."
0_12h_wbc_mean,2,Average WBC in the first 12h is often influenced by surgical stress and steroids and is not specific for infection-related AKI. Mean is also less informative than extremes for acute inflammatory surges.
13_24h_wbc_mean,2,"Sustained leukocytosis can reflect inflammation/infection and higher AKI risk, but the mean blunts peaks and is less pathophysiologically specific than WBC max."
25_36h_wbc_mean,2,"Persistent leukocytosis closer to hour 60 may correlate with sepsis/systemic inflammation and AKI risk, but mean is collinear with and less informative than the maximum."
0_12h_wbc_max,3,"A high WBC peak may indicate early systemic inflammatory response or occult infection, which can contribute to AKI risk, though early post-op leukocytosis is common. Extremes are more informative than mean/min for inflammatory insult."
13_24h_wbc_max,3,"A rising/peaking WBC in the trajectory phase can suggest evolving infection or significant inflammation, both associated with AKI via cytokine-mediated and hemodynamic mechanisms. Max better captures this than mean."
25_36h_wbc_max,3,"A high WBC peak near 25–36h can be a leading indicator of sepsis or severe inflammation, which increases AKI risk through vasodilation, hypotension, and nephrotoxic exposures. It is supportive but not a direct renal biomarker."
0_12h_wbc_min,1,"Low WBC early post-op is uncommon and may reflect immunosuppression or dilution, but it is not a typical direct predictor of AKI. It is less informative than WBC max for acute inflammatory stress."
13_24h_wbc_min,1,"Leukopenia may indicate severe infection or marrow suppression, but its relationship to AKI is indirect and inconsistent compared with hemodynamics and renal labs. Min is generally less actionable than max for AKI risk."
25_36h_wbc_min,1,"Leukopenia close to the outcome may reflect immunosuppression or severe sepsis, but it is an indirect and nonspecific marker for AKI. It is typically less predictive than WBC max or direct renal/hemodynamic variables."
0_12h_wbc_measured,1,"Measurement frequency mainly reflects routine post-op monitoring or clinician concern rather than a direct AKI mechanism, especially in the immediate post-bypass period."
13_24h_wbc_measured,1,Ordering frequency is a weak behavioral proxy for acuity/infection workup and is not a direct predictor of creatinine rise.
25_36h_wbc_measured,2,"More frequent WBC checks may reflect evolving sepsis/inflammation concern, which can contribute to AKI risk, but it remains an indirect, non-physiologic proxy."
0_12h_prothrombin_time_mean,2,"Coagulopathy can correlate with hepatic dysfunction/bleeding/transfusion and overall illness severity, but the mean in 0–12h is often transient post-CPB and less specific for AKI."
25_36h_prothrombin_time_mean,2,"Persistent PT prolongation suggests ongoing coagulopathy/critical illness, but the mean is less informative than extremes for identifying acute deterioration relevant to renal hypoperfusion."
0_12h_prothrombin_time_max,3,"A high PT early may indicate significant coagulopathy/bleeding risk and potential hemodynamic instability/transfusion exposure, which are established AKI risk factors; capped by the 0–12h max score rule."
25_36h_prothrombin_time_max,3,"Marked PT prolongation close to the outcome can reflect ongoing shock, hepatic congestion/failure, or massive transfusion/bleeding—conditions associated with AKI—though it is not a direct renal biomarker."
0_12h_prothrombin_time_min,1,Low/normal PT is not a plausible driver of AKI and provides little prognostic information compared with elevated PT.
25_36h_prothrombin_time_min,1,The minimum PT value is generally non-informative for AKI risk; pathology is captured by elevated PT rather than low values.
0_12h_prothrombin_time_measured,1,PT measurement frequency is largely protocolized after cardiac surgery and reflects monitoring intensity rather than a causal pathway to AKI.
13_24h_prothrombin_time_measured,1,Ordering frequency is a weak proxy for concern about bleeding/coagulopathy and is not a direct predictor of creatinine rise.
25_36h_prothrombin_time_measured,2,"More frequent PT checks may indicate active bleeding, liver dysfunction, or anticoagulation management, which can accompany AKI risk, but it remains an indirect proxy."
0_12h_nucleated_red_blood_cells_mean,2,"NRBCs can reflect hypoxemia, inflammation, or severe physiologic stress, but early post-op elevations may be transient and the mean dilutes acute insults; capped by 0–12h conservatism."
13_24h_nucleated_red_blood_cells_mean,3,"Sustained NRBC presence suggests ongoing hypoxia/shock or systemic inflammation, which are established contributors to AKI risk in ICU patients."
25_36h_nucleated_red_blood_cells_mean,3,"Persistent NRBCs near the outcome window indicate continued critical illness (hypoperfusion/hypoxemia/inflammation) associated with subsequent AKI, though not kidney-specific."
0_12h_nucleated_red_blood_cells_max,3,"A high NRBC peak early can mark severe hypoxia/shock burden, which is mechanistically linked to renal ischemia; capped at 3 due to the 0–12h epoch rule and to avoid redundancy with later epochs."
13_24h_nucleated_red_blood_cells_max,2,"NRBCs reflect physiologic stress/inflammation/hypoxemia and illness severity, which can correlate with AKI risk but are not kidney-specific. Max is the most relevant aggregation, but in this mid-epoch it remains an indirect marker."
25_36h_nucleated_red_blood_cells_max,3,"Persistently elevated/peaking NRBCs closer to hour 60 can indicate ongoing hypoxia, shock, or systemic inflammation, which increases AKI risk. Still indirect and not a renal biomarker."
0_12h_nucleated_red_blood_cells_min,1,The minimum NRBC value is not pathologic and adds little beyond presence/peak; early post-op values are often transient. This aggregation is unlikely to capture AKI-relevant insult.
13_24h_nucleated_red_blood_cells_min,1,NRBC minimum is not clinically meaningful for AKI prediction compared with maxima or presence. Provides little signal beyond collinear NRBC summaries.
25_36h_nucleated_red_blood_cells_min,1,A low/min NRBC does not indicate renal hypoperfusion or injury and is not a recognized AKI predictor. Prefer NRBC max if using this domain.
0_12h_nucleated_red_blood_cells_measured,1,"Measurement frequency mainly reflects ordering behavior/acuity rather than a physiologic mechanism. Early post-op labs are routine after cardiac surgery, limiting specificity for AKI."
13_24h_nucleated_red_blood_cells_measured,1,NRBC measurement count is a weak proxy for concern/illness severity and is not kidney-specific. In this epoch it is still largely driven by routine CBC ordering patterns.
25_36h_nucleated_red_blood_cells_measured,2,"More frequent NRBC/CBC checks late may reflect ongoing instability or concern for hypoxia/bleeding/sepsis, which can precede AKI. Still a behavioral proxy, so capped low."
0_12h_glucose_mean,2,"Stress hyperglycemia is associated with worse outcomes and may correlate with AKI risk, but mean values early post-op are heavily influenced by transient perioperative factors. Mean is less informative than extremes for acute insult."
13_24h_glucose_mean,2,"Sustained dysglycemia can reflect severity of illness and catecholamine/steroid exposure, indirectly increasing AKI risk. However, mean glucose is less specific than maxima/minima for acute physiologic stress."
25_36h_glucose_mean,3,Persistently elevated mean glucose closer to hour 60 suggests ongoing stress/infection/vasopressor use and is associated with higher AKI risk. Still indirect and less specific than glucose extremes.
0_12h_glucose_max,3,"Marked hyperglycemia can indicate severe stress response and is linked to postoperative complications including AKI, but early post-op spikes are common and transient. Max is the most pathology-relevant aggregation for hyperglycemic insult in this window (capped by epoch)."
13_24h_glucose_max,3,"High glucose peaks during the trajectory phase may reflect ongoing critical illness and are associated with increased AKI risk. Max captures clinically relevant excursions better than mean, but remains an indirect predictor."
25_36h_glucose_max,4,"Late hyperglycemic peaks can signal persistent stress, infection, or high-dose catecholamines/steroids and are consistently associated with worse renal outcomes after cardiac surgery. Max best captures harmful excursions and is temporally close to the creatinine outcome."
0_12h_glucose_min,2,"Hypoglycemia can occur with insulin therapy and is a marker of instability, which may correlate with AKI risk, but early post-op lows are often iatrogenic/transient. Min is the relevant aggregation for this risk but capped by early epoch."
13_24h_glucose_min,3,"Hypoglycemic episodes in the trajectory phase suggest over-insulinization, poor reserves, or sepsis and are associated with higher morbidity including AKI. Minimum captures these clinically important events better than mean."
25_36h_glucose_min,2,"Hypoglycemia can reflect severe illness, hepatic dysfunction, or overinsulinization and may correlate with overall instability, but it is not a direct driver/biomarker of AKI. As an extreme value it is more informative than mean glucose, yet remains an indirect link."
0_12h_glucose_measured,1,Measurement frequency mainly reflects ICU protocol/acuity rather than renal pathophysiology. In the immediate post-op window glucose checks are routine and not specific for impending AKI.
13_24h_glucose_measured,1,Ordering frequency is a behavioral proxy and is not mechanistically linked to AKI. Glucose monitoring remains common post-cardiac surgery and is not kidney-specific.
25_36h_glucose_measured,2,"More frequent glucose checks late may indicate ongoing instability (vasopressors, nutrition/insulin titration), which can correlate with AKI risk, but it is still an indirect, non-physiologic proxy. Therefore it should remain low importance."
0_12h_platelets_mean,2,"Thrombocytopenia after CPB is common and often transient; mean platelet level early is a nonspecific severity marker rather than a direct AKI predictor. Because extremes better capture clinically relevant thrombocytopenia, the mean is capped to reduce collinearity."
13_24h_platelets_mean,2,"Persistently low platelets can reflect inflammation/sepsis or ongoing consumption and correlate with organ dysfunction, but mean values are less informative than minima. Capped to avoid redundancy with platelet_min."
25_36h_platelets_mean,2,"Later thrombocytopenia may track with systemic illness and microvascular dysfunction, indirectly relating to AKI risk, but mean is still less pathologic than the minimum. Kept low to prevent collinearity with platelet_min."
0_12h_platelets_max,1,High platelet counts are not a typical trigger or marker for AKI in this setting. Early post-op maxima are largely uninformative and add collinearity.
13_24h_platelets_max,1,Platelet maxima do not capture the clinically relevant pathology for AKI risk (which is usually thrombocytopenia/consumption). Thus it has minimal prognostic value.
25_36h_platelets_max,1,"Even close to the outcome, platelet maxima are not a recognized driver or biomarker of AKI. The minimum is the more relevant aggregation."
0_12h_platelets_min,3,"A low platelet nadir can indicate CPB-related consumption, bleeding/transfusion burden, or early systemic inflammation, all associated with higher AKI risk, but early derangements are often transient. Scored conservatively due to the 0–12h epoch cap."
13_24h_platelets_min,3,A continued low platelet nadir in the trajectory phase suggests ongoing consumption/inflammation or sepsis and correlates with multi-organ dysfunction including AKI. It is an indirect but established severity marker.
25_36h_platelets_min,4,"Late thrombocytopenia (nadir) close to hour 60 can reflect persistent systemic inflammation, sepsis, DIC, or ongoing bleeding/transfusion—states strongly associated with subsequent AKI. The minimum best captures the relevant pathology versus mean/max."
0_12h_platelets_measured,1,Platelet measurement frequency early post-op is routine (post-CPB/bleeding surveillance) and not specific for AKI. As a behavioral proxy it should be low importance.
13_24h_platelets_measured,1,Frequency of platelet checks reflects clinician concern for bleeding/coagulopathy rather than renal injury itself. It is not a direct physiologic predictor of creatinine rise.
25_36h_platelets_measured,2,"More frequent platelet monitoring late may indicate ongoing bleeding/coagulopathy or sepsis, which can co-occur with AKI, but it remains an indirect proxy. Therefore it should not exceed low importance."
0_12h_mean_corpuscular_hemoglobin_mean,1,Mean corpuscular hemoglobin (MCH) is not a direct marker of renal perfusion or tubular injury; perioperative shifts are usually unrelated to AKI risk. Early (0–12h) values are especially nonspecific.
13_24h_mean_corpuscular_hemoglobin_mean,1,"MCH has minimal physiologic linkage to postoperative AKI compared with hemodynamics, lactate, urine output, or creatinine. The mean value adds little prognostic information."
25_36h_mean_corpuscular_hemoglobin_mean,1,"Even close to the outcome window, MCH is not an established predictor of AKI and is more reflective of baseline hematologic status than acute kidney stress."
0_12h_mean_corpuscular_hemoglobin_max,1,An elevated MCH maximum is not a recognized trigger or biomarker for AKI; it is typically driven by RBC indices/measurement variability rather than renal injury. Early postoperative extremes are not informative for kidney outcomes.
13_24h_mean_corpuscular_hemoglobin_max,1,MCH maxima do not capture a kidney-relevant insult (unlike hypotension or vasopressor need). Any association with AKI would be indirect and weak.
25_36h_mean_corpuscular_hemoglobin_max,1,Late-window MCH maximum remains clinically nonspecific for AKI prediction and is unlikely to add signal beyond anemia/hemoglobin measures.
0_12h_mean_corpuscular_hemoglobin_min,1,Low MCH minimum is not a direct indicator of renal hypoperfusion or nephrotoxicity; it mainly reflects chronic anemia/microcytosis patterns. In 0–12h it is particularly unlikely to reflect evolving AKI.
13_24h_mean_corpuscular_hemoglobin_min,1,MCH minimum has no established mechanistic link to postoperative creatinine rise; any relationship would be confounded by baseline hematologic disease rather than kidney injury.
25_36h_mean_corpuscular_hemoglobin_min,1,"Even as a leading indicator window, MCH minimum is not a meaningful physiologic marker for AKI compared with renal labs or perfusion variables."
0_12h_mean_corpuscular_hemoglobin_measured,1,"Measurement frequency reflects ordering patterns (CBC cadence) rather than kidney physiology, and is usually routine after cardiac surgery. It is not a specific proxy for impending AKI."
13_24h_mean_corpuscular_hemoglobin_measured,1,CBC/MCH measurement count is largely protocol-driven and does not specifically indicate renal concern; thus it has weak predictive value for AKI.
25_36h_mean_corpuscular_hemoglobin_measured,1,"Even later, MCH measurement frequency is more reflective of general acuity/monitoring than kidney-specific suspicion, so it should contribute little to creatinine_ratio prediction."
0_12h_sodium_mean,2,"Mean sodium in the immediate postoperative period is an indirect marker of fluid balance and neurohormonal stress, but early shifts are common and often transient after bypass. It is not a primary AKI driver, so importance is limited in 0–12h."
13_24h_sodium_mean,2,"Sustained dysnatremia can reflect ongoing fluid/diuretic management and severity of illness, which correlates indirectly with AKI risk. However, sodium is not a direct renal injury biomarker."
25_36h_sodium_mean,3,"In the 25–36h leading window, persistent hypernatremia/hyponatremia can indicate ongoing volume derangements, diuretic exposure, or impaired free-water handling, which often co-tracks with worsening renal function. As a mean (not an extreme), it remains an indirect but more informative severity marker."
0_12h_sodium_max,2,"A sodium maximum may capture acute hypernatremia from diuresis, sodium load, or free-water deficit, which can accompany hemodynamic stress and AKI risk, but is not itself a direct cause/biomarker. In 0–12h, postoperative sodium spikes are common, so scoring is conservative."
13_24h_sodium_max,2,"Hypernatremia can reflect free-water deficit/diuresis and overall illness severity, which may correlate with AKI risk, but it is not a direct renal injury marker. Max is more relevant than mean, yet sodium is generally a weak predictor compared with hemodynamics/creatinine trends."
25_36h_sodium_max,2,"Later hypernatremia may indicate ongoing dehydration, osmotic diuresis, or aggressive diuresis, indirectly associating with renal hypoperfusion. Still, sodium is nonspecific and not a primary AKI driver."
0_12h_sodium_min,2,"Early postoperative hyponatremia is common from fluids/CPB and is often transient, making it a weak AKI predictor in this immediate period (capped by epoch). It may reflect hemodilution or severity but is not mechanistically specific for AKI."
13_24h_sodium_min,2,"Hyponatremia in the trajectory phase can reflect fluid overload, SIADH, or dilution from resuscitation, which may co-occur with AKI. However, it remains an indirect and nonspecific signal."
25_36h_sodium_min,2,"Persistent hyponatremia closer to outcome may indicate ongoing fluid overload or impaired free-water handling, which can accompany AKI. Sodium abnormalities are still not a direct biomarker of renal tubular injury."
0_12h_sodium_measured,1,"Measurement frequency mainly reflects routine ICU lab monitoring and clinician behavior rather than a physiologic mechanism for AKI. In the immediate post-op window, sodium checks are standard-of-care."
13_24h_sodium_measured,1,Ordering frequency is a weak proxy for acuity and is typically routine after cardiac surgery. It does not directly indicate impending AKI.
25_36h_sodium_measured,2,"More frequent sodium checks later may reflect concern for fluid/electrolyte derangements or diuretic titration, indirectly correlating with instability. Still, it is a behavioral proxy and not a direct AKI predictor."
0_12h_teg_platelet_aggregation_measured,1,"TEG platelet aggregation testing reflects bleeding/thrombosis management rather than renal perfusion or nephrotoxicity. In the early post-op period it is driven by surgical hemostasis concerns, not AKI."
13_24h_teg_platelet_aggregation_measured,1,This is primarily a clinician-behavior marker for coagulation management and does not directly track renal injury. Any association with AKI would be indirect via overall severity.
25_36h_teg_platelet_aggregation_measured,1,Continued TEG platelet aggregation testing suggests ongoing coagulation/bleeding issues but has no specific mechanistic link to AKI. It is unlikely to add predictive value for creatinine rise beyond general acuity.
0_12h_mean_corpuscular_hemoglobin_concentration_mean,1,MCHC is not a recognized driver or early marker of AKI; postoperative changes are usually due to hemodilution/transfusion effects. Mean values further dilute any transient extremes and are unlikely to be informative.
13_24h_mean_corpuscular_hemoglobin_concentration_mean,1,"MCHC has minimal physiologic linkage to renal hypoperfusion or nephrotoxicity, and mean aggregation is nonspecific. Any association would be confounded by transfusion/volume status rather than kidney injury."
25_36h_mean_corpuscular_hemoglobin_concentration_mean,1,"Even close to outcome, MCHC is not a direct biomarker for AKI and is heavily influenced by anemia management and fluid balance. Mean aggregation makes it even less sensitive to clinically meaningful events."
0_12h_mean_corpuscular_hemoglobin_concentration_max,2,"An elevated MCHC max can reflect hemoconcentration or RBC morphology issues, which may loosely relate to hypovolemia, but this is indirect and early post-op values are often transient (epoch cap). Max is more plausible than mean but still weak for AKI."
13_24h_mean_corpuscular_hemoglobin_concentration_max,2,"A higher MCHC max may indicate hemoconcentration from diuresis/dehydration, indirectly suggesting reduced renal perfusion risk. Nonetheless, it is nonspecific and not an established AKI predictor."
25_36h_mean_corpuscular_hemoglobin_concentration_max,2,"MCHC extremes mainly reflect RBC indices/hemoconcentration or lab artifact rather than renal perfusion or injury. Any AKI link is indirect (e.g., dehydration/hemoconcentration), so keep low to avoid redundancy with hematocrit."
0_12h_mean_corpuscular_hemoglobin_concentration_min,1,"Early postoperative low MCHC is not a recognized driver or marker of AKI and is often dilutional/transfusion-related. In the 0–12h epoch, transient shifts are common and nonspecific."
13_24h_mean_corpuscular_hemoglobin_concentration_min,1,"Low MCHC in this window remains a weak, nonspecific hematologic index with minimal mechanistic connection to AKI. More informative anemia/oxygen delivery signals are captured by hematocrit extremes."
25_36h_mean_corpuscular_hemoglobin_concentration_min,2,"Persistently low MCHC may correlate with ongoing dilution/bleeding and illness severity, which can indirectly relate to AKI risk. Still not a direct renal predictor and largely redundant with hematocrit."
0_12h_mean_corpuscular_hemoglobin_concentration_measured,1,"Measurement frequency reflects ordering behavior rather than physiology and is not specific for impending AKI. In the immediate post-op period, CBCs are routine."
13_24h_mean_corpuscular_hemoglobin_concentration_measured,1,"CBC/MCHC rechecks are common ICU practice and more indicative of general acuity/bleeding surveillance than renal injury. As a behavioral proxy, it should remain low."
25_36h_mean_corpuscular_hemoglobin_concentration_measured,2,"More frequent checks later may reflect ongoing instability (bleeding, transfusions) which can co-occur with AKI risk, but it is still an indirect behavioral marker. Not a physiologic AKI biomarker."
0_12h_hematocrit_mean,2,Average hematocrit early post-op is influenced by hemodilution and transfusion and is less reflective of true oxygen delivery deficits. Extremes (especially low nadir) are more relevant for renal hypoxia.
13_24h_hematocrit_mean,2,"Mean hematocrit may correlate with anemia and oxygen delivery but is smoothed and less predictive than the minimum value. In this trajectory phase, prioritize nadir over average to reduce collinearity."
25_36h_hematocrit_mean,2,"Sustained anemia can contribute to renal hypoxia, but mean hematocrit is less informative than the minimum (nadir) for AKI risk. Keep low to avoid redundancy with hematocrit_min."
0_12h_hematocrit_max,1,"High hematocrit early is usually hemoconcentration or transfusion-related and is not a primary AKI trigger compared with hypotension/low oxygen delivery. In 0–12h, this is particularly nonspecific."
13_24h_hematocrit_max,1,A high hematocrit is not an established predictor of postoperative AKI and often reflects fluid shifts rather than renal injury. It adds limited incremental value versus hematocrit_min.
25_36h_hematocrit_max,2,"Later hemoconcentration could suggest hypovolemia/over-diuresis with potential renal hypoperfusion, but this is indirect and context-dependent. Less predictive than low hematocrit nadir for renal hypoxia."
0_12h_hematocrit_min,3,"Low hematocrit nadir reflects anemia/hemodilution and potential reduced oxygen delivery, which can contribute to renal ischemia after cardiac surgery. Capped at 3 due to the 0–12h epoch where transient dilution is common."
13_24h_hematocrit_min,3,"A low hematocrit nadir in this phase suggests persistent anemia/bleeding and impaired oxygen delivery, which is a recognized contributor to AKI risk. More informative than mean/max but not a direct renal biomarker."
25_36h_hematocrit_min,4,"A low hematocrit nadir close to the outcome window indicates sustained anemia and reduced renal oxygen delivery, strongly associated with postoperative AKI risk. This extreme captures pathology better than mean/max and is a leading indicator."
0_12h_hematocrit_measured,1,Measurement frequency mainly reflects routine post-op CBC monitoring rather than a renal mechanism; early post-op ordering is near-universal. As a behavioral/acuity proxy it has weak specificity for later AKI.
13_24h_hematocrit_measured,1,CBC ordering frequency in this window is still largely protocol-driven and nonspecific. It may reflect overall instability but is not a direct predictor of creatinine rise.
25_36h_hematocrit_measured,2,"More frequent hematocrit checks late may indicate ongoing bleeding/transfusion or hemodynamic concern, which can relate indirectly to renal hypoperfusion. Still a behavioral proxy with limited specificity for AKI."
0_12h_absolute_basophil_count_mean,1,Basophil count has no established physiologic link to post-cardiac surgery AKI. Mean values in the immediate post-op period are unlikely to add prognostic information.
13_24h_absolute_basophil_count_mean,1,Basophil mean remains a nonspecific hematologic parameter without known predictive value for renal injury. Any association would be incidental rather than causal.
0_12h_absolute_basophil_count_max,1,Transient basophil elevations are not a recognized trigger or marker of AKI in this setting. Extreme values here are more likely noise/lab variability than renal-relevant pathology.
13_24h_absolute_basophil_count_max,1,Even extreme basophil counts are not clinically tied to renal hypoperfusion or nephrotoxicity after cardiac surgery. Low expected signal for creatinine_ratio.
0_12h_absolute_basophil_count_min,1,Basophil nadir is not a known AKI risk factor and is commonly near zero in many patients. Provides minimal mechanistic or predictive information.
13_24h_absolute_basophil_count_min,1,Basophil minima remain clinically nonspecific and not linked to kidney injury pathways. Likely redundant/noisy for sparse linear modeling.
0_12h_absolute_basophil_count_measured,1,Frequency of basophil measurement is essentially the frequency of CBC with differential and is protocolized early post-op. As a behavioral proxy it has weak specificity for impending AKI.
13_24h_absolute_basophil_count_measured,1,Differential ordering frequency in this epoch is still largely routine and not kidney-directed. Limited value beyond general illness severity.
25_36h_absolute_basophil_count_measured,2,"More frequent differentials later may reflect concern for infection/inflammation, which can contribute indirectly to AKI risk. Still a nonspecific ordering-behavior feature."
0_12h_percent_lymphocytes_mean,2,"Lymphopenia can reflect stress response/inflammation and overall severity, which is indirectly associated with AKI risk. Mean in the immediate post-op window is nonspecific and transient (capped by early-epoch conservatism)."
13_24h_percent_lymphocytes_mean,2,"Sustained lymphopenia may indicate ongoing systemic inflammation or infection risk, indirectly increasing AKI susceptibility. Mean aggregation is less informative than extremes and remains nonspecific."
0_12h_percent_lymphocytes_max,2,A high lymphocyte percentage early is not a known AKI trigger; extremes here are more reflective of leukocyte differential shifts than renal physiology. Any link would be indirect via systemic stress/inflammation (and early-epoch capped).
13_24h_percent_lymphocytes_max,2,Max lymphocyte percentage in this window is not an established AKI predictor and is mainly a nonspecific immune/inflammatory marker. Provides at best an indirect signal of systemic illness rather than renal injury.
0_12h_percent_lymphocytes_min,1,"Lymphocyte percentage is not a direct marker of renal perfusion or tubular injury; early postoperative shifts are common from stress response and hemodilution. In the 0–12h epoch, it is unlikely to add specific AKI signal."
13_24h_percent_lymphocytes_min,1,Low lymphocyte percentage mainly reflects inflammation/stress or immunosuppression rather than kidney injury. It has weak and nonspecific association with AKI risk.
0_12h_percent_lymphocytes_measured,1,"Measurement frequency reflects routine CBC ordering in the immediate postoperative period rather than targeted concern for AKI. As a behavioral proxy, it provides minimal renal-specific prognostic value."
13_24h_percent_lymphocytes_measured,1,"CBC ordering frequency is largely standard ICU practice and not specific to impending AKI. As a _measured feature, it should be low importance."
25_36h_percent_lymphocytes_measured,1,"Even closer to outcome, CBC measurement frequency is still a nonspecific acuity marker and not kidney-directed. As a _measured feature it should remain low importance."
0_12h_random_vancomycin_level_measured,2,"Ordering a vancomycin level suggests exposure to a potentially nephrotoxic drug and clinician concern about dosing/renal clearance. However, this is a behavioral proxy and early (0–12h) levels may be routine rather than AKI-driven."
13_24h_random_vancomycin_level_measured,2,"Vancomycin level monitoring indicates nephrotoxin exposure and possible concern for impaired clearance. Still, as a _measured feature it is indirect and should be capped low."
25_36h_random_vancomycin_level_measured,2,"Later vancomycin level checks may reflect evolving renal dysfunction affecting clearance, but it remains an ordering-behavior proxy rather than a physiologic measurement. Therefore it stays low-moderate importance."
0_12h_vancomycin_trough_measured,2,"Trough monitoring implies vancomycin use (nephrotoxic risk) and attention to accumulation, but in the immediate postoperative window it may be protocolized. As a _measured feature it remains indirect."
13_24h_vancomycin_trough_measured,2,"Trough measurement suggests ongoing vancomycin exposure and concern for clearance, which can correlate with AKI risk. Nonetheless it is not a direct biomarker and is capped due to being _measured."
25_36h_vancomycin_trough_measured,2,"Nearer to hour-60 creatinine, trough monitoring may be prompted by reduced renal clearance, but it is still an indirect behavioral signal. Keep low to avoid over-weighting ordering patterns."
0_12h_o2_saturation_mean,2,"Sustained hypoxemia can worsen renal medullary oxygenation and contribute to AKI, but early postoperative SpO2 averages are often transiently affected by ventilation/anesthesia. Mean is less sensitive than extremes for acute insults."
13_24h_o2_saturation_mean,3,"Persistent lower oxygen saturation in the trajectory phase can reflect ongoing respiratory/cardiac dysfunction and reduced systemic oxygen delivery, which increases AKI risk. Mean SpO2 captures sustained hypoxemia better in this window."
25_36h_o2_saturation_mean,3,"In the leading-indicator window, sustained hypoxemia is a meaningful marker of inadequate oxygen delivery and overall instability that can precipitate or worsen AKI. Mean remains somewhat collinear with potential minima, so not scored as a top predictor."
0_12h_o2_saturation_max,1,Maximum SpO2 mainly reflects periods of adequate oxygenation and is not informative for hypoxic renal insult. In 0–12h it is particularly unhelpful for AKI prediction compared with low extremes.
13_24h_o2_saturation_max,1,High/maximum SpO2 does not capture the pathologic exposure relevant to AKI (hypoxemia). It is likely redundant and minimally predictive.
25_36h_o2_saturation_max,2,"High SpO2 is generally not informative for AKI risk; hypoxemia is the relevant insult. To reduce collinearity with SpO2_min, the max is capped low."
0_12h_o2_saturation_min,3,"Early postoperative hypoxemia can worsen renal medullary oxygenation and reflect cardiopulmonary instability, but transient derangements are common immediately after surgery (0–12h cap)."
13_24h_o2_saturation_min,3,Persistent or recurrent hypoxemia in the trajectory phase suggests ongoing respiratory/cardiac dysfunction that can impair renal oxygen delivery and increase AKI risk.
25_36h_o2_saturation_min,4,"Hypoxemia close to the outcome window is a strong marker of ongoing critical illness and impaired oxygen delivery, which is mechanistically linked to ischemic AKI."
0_12h_o2_saturation_measured,1,Measurement frequency mainly reflects monitoring intensity rather than a renal mechanism; in the immediate postoperative period it is routine ICU care.
13_24h_o2_saturation_measured,1,SpO2 measurement frequency is largely protocol-driven and reflects acuity/monitoring rather than a direct predictor of AKI.
25_36h_o2_saturation_measured,2,"More frequent SpO2 checks may indicate clinical concern for instability, but it remains an indirect behavioral proxy rather than a physiologic driver of AKI."
0_12h_alanine_aminotransferase_mean,2,"ALT reflects hepatic injury/shock but is not kidney-specific; mean values dilute acute ischemic spikes. In 0–12h, postoperative transaminitis can be transient."
0_12h_alanine_aminotransferase_max,3,"A high ALT peak early can signal hypoperfusion/ischemic hepatitis from low cardiac output, which often co-occurs with renal hypoperfusion (0–12h cap)."
0_12h_alanine_aminotransferase_min,1,Low ALT has no meaningful physiologic link to AKI and adds redundancy relative to max/mean.
0_12h_alanine_aminotransferase_measured,1,ALT ordering frequency reflects clinician behavior and routine postoperative lab panels more than imminent AKI risk.
13_24h_alanine_aminotransferase_measured,1,Repeated ALT checks are a nonspecific marker of illness monitoring and do not directly predict creatinine rise.
25_36h_alanine_aminotransferase_measured,2,"More frequent ALT measurement may indicate concern for ongoing shock or hepatic injury, indirectly correlating with multi-organ dysfunction including AKI, but remains a proxy."
0_12h_bun_mean,2,"BUN is kidney-related but changes lag and are confounded by hemodilution, catabolism, and transfusions early after surgery; mean further smooths signal (0–12h cap)."
13_24h_bun_mean,3,"Rising or elevated BUN in the trajectory phase can reflect evolving renal hypoperfusion or reduced clearance, though it is less specific than creatinine."
25_36h_bun_mean,4,"BUN closer to hour 60 is a strong indicator of impaired renal clearance or sustained hypoperfusion and often tracks with subsequent creatinine rise, despite confounding from catabolism/diuretics."
0_12h_bun_max,3,"Elevated BUN can reflect reduced renal perfusion, catabolism, or pre-existing CKD and is associated with AKI risk, but early post-op values are often transient/hemodilutional. Capped by 0–12h epoch limit."
13_24h_bun_max,3,"Persistently high BUN in the trajectory phase suggests ongoing hypoperfusion, catabolic stress, or evolving renal dysfunction and is a moderate AKI risk marker. Less direct than creatinine/urine output."
25_36h_bun_max,4,High BUN closer to the outcome window can indicate evolving renal impairment or sustained hypoperfusion and more strongly tracks impending creatinine rise. Still indirect and influenced by protein load/bleeding.
0_12h_bun_min,1,Low BUN is usually driven by hemodilution or low protein intake and is not a meaningful AKI signal. The minimum does not capture the renal-injury pathology compared with elevated extremes.
13_24h_bun_min,1,A low BUN minimum is not a recognized predictor of AKI and is often dilutional. Provides little incremental information versus BUN elevation.
25_36h_bun_min,1,Low BUN near 36h is generally not mechanistically linked to AKI and is more reflective of dilution/nutrition than renal injury. Not a useful leading indicator.
0_12h_bun_measured,1,Measurement frequency mainly reflects routine post-cardiac surgery lab protocols rather than renal pathophysiology. Early post-op ordering is common and not specific for impending AKI.
13_24h_bun_measured,1,"More frequent BUN checks may reflect acuity, but in this setting it is largely standard monitoring and weakly specific for AKI risk. Behavioral proxy only."
25_36h_bun_measured,2,"Increased BUN ordering closer to 36h may reflect clinician concern for renal dysfunction or volume status, giving a small predictive signal. Still a behavioral proxy and not a physiologic driver."
0_12h_amylase_measured,1,Amylase testing relates to pancreatitis/abdominal pathology and is not routinely linked to post-cardiac surgery AKI prediction. Ordering is nonspecific and uncommon as an AKI marker.
13_24h_amylase_measured,1,Amylase measurement frequency is not a recognized AKI predictor and reflects evaluation for pancreatitis or other complications rather than renal injury. Minimal relevance.
25_36h_amylase_measured,1,"Even if ordered later, amylase testing is not directly connected to renal perfusion or tubular injury in typical post-cardiac surgery AKI pathways. Behavioral signal is weak and nonspecific."
0_12h_blood_ph_mean,2,"Acidemia can accompany shock/low cardiac output and worsen renal perfusion, but mean pH in the immediate post-op period is often influenced by ventilation and transient metabolic changes. Mean is less informative than extremes for acute insult."
13_24h_blood_ph_mean,3,Sustained lower average pH in the trajectory phase suggests ongoing hypoperfusion/lactic acidosis or renal acid handling impairment and is associated with AKI risk. Mean still smooths short severe episodes.
25_36h_blood_ph_mean,3,"Persistently abnormal mean pH near 36h can indicate ongoing shock, sepsis, or renal dysfunction and correlates with subsequent creatinine rise. However, extremes (min) would better capture the injurious acidemic episodes, so mean is not scored higher."
0_12h_blood_ph_max,1,Alkalemia (high pH) is not a typical driver of AKI and often reflects hyperventilation or bicarbonate administration rather than renal injury. The maximum does not capture the relevant acidemic insult.
13_24h_blood_ph_max,2,Alkalemia is not a primary driver of AKI; extremes of low pH are more clinically relevant for renal hypoperfusion/critical illness. As a max value it is also less informative than pH minima for injury risk.
25_36h_blood_ph_max,2,"Late alkalemia may reflect ventilation/diuresis but is not a direct AKI trigger compared with acidemia. Prefer pH minima as the pathologic extreme, so cap to limit collinearity."
0_12h_blood_ph_min,3,"Early postoperative acidemia can indicate low cardiac output, hypoperfusion, or high lactate states that increase AKI risk, but this window is often transient after CPB. Capped by 0–12h epoch maximum."
13_24h_blood_ph_min,4,Persistent or worsening acidemia in the trajectory phase suggests ongoing shock/poor perfusion and is strongly associated with subsequent AKI. The minimum pH captures the clinically relevant insult better than mean/max.
25_36h_blood_ph_min,4,Acidemia close to the outcome window is a strong marker of ongoing hypoperfusion/critical illness and correlates with AKI development. Minimum pH captures the acute physiologic insult most relevant to renal injury.
0_12h_blood_ph_measured,2,"Measurement frequency mainly reflects acuity and clinician concern (e.g., instability/ventilation changes) rather than a direct mechanism of AKI. In the immediate post-op period ABGs are routine, limiting specificity."
13_24h_blood_ph_measured,2,"More frequent ABGs can proxy ongoing instability or ventilatory/hemodynamic management, indirectly linked to AKI risk. Still a behavioral/monitoring signal rather than a physiologic driver."
25_36h_blood_ph_measured,2,"Late frequent ABG checks may indicate persistent critical illness, which correlates with AKI risk, but it is not a direct biomarker. Kept low per the _measured rule."
0_12h_cholesterol_measured,1,Ordering cholesterol in the immediate post-op ICU period is not mechanistically linked to AKI and is typically unrelated to acute renal perfusion or nephrotoxicity. As a measured/behavioral feature it has minimal prognostic value.
13_24h_cholesterol_measured,1,Cholesterol testing is not part of AKI evaluation and does not reflect renal injury physiology. As a measurement-order proxy it is unlikely to add meaningful signal.
25_36h_cholesterol_measured,1,Late cholesterol ordering remains clinically disconnected from AKI prediction and is not a renal biomarker. Behavioral signal is weak and nonspecific.
0_12h_absolute_lymphocyte_count_mean,2,"Lymphopenia can reflect stress/inflammation and overall illness severity, which indirectly relates to AKI risk, but it is not a direct renal marker. Mean aggregation is less informative than extremes for acute derangements, so capped."
13_24h_absolute_lymphocyte_count_mean,2,Average lymphocyte count may track systemic stress or immunosuppression burden but has only an indirect association with AKI. Mean is also collinear with min/max and not the best pathology-capturing aggregation.
0_12h_absolute_lymphocyte_count_max,1,A higher maximum lymphocyte count is not a recognized AKI risk signal and is often clinically uninformative in the immediate post-op period. Extremes of low counts would be more relevant than high values.
13_24h_absolute_lymphocyte_count_max,1,Max lymphocyte count does not capture a known mechanism for AKI and is unlikely to reflect renal perfusion or nephrotoxic exposure. Provides little incremental prognostic value versus other severity markers.
0_12h_absolute_lymphocyte_count_min,3,"Early lymphopenia (minimum) can indicate severe physiologic stress/inflammation and higher complication risk, indirectly associated with AKI. Capped by the 0–12h epoch maximum and remains an indirect rather than direct renal predictor."
13_24h_absolute_lymphocyte_count_min,2,"Lymphopenia reflects stress/inflammation/immunosuppression and may correlate with illness severity, but it is not a direct driver or biomarker of AKI. The minimum value is not a specific renal-perfusion signal."
0_12h_absolute_lymphocyte_count_measured,1,Measurement frequency mainly reflects ordering behavior/acuity rather than renal physiology. In the immediate 0–12h post-op period it is especially nonspecific for predicting later creatinine rise.
13_24h_absolute_lymphocyte_count_measured,1,Test frequency is a weak proxy for clinician concern and does not directly indicate kidney injury. It is not specific for AKI risk compared with hemodynamics/renal labs.
25_36h_absolute_lymphocyte_count_measured,2,"More frequent checks late (25–36h) may reflect evolving complications/sepsis concern that can predispose to AKI, but it remains an indirect behavioral marker. Therefore it should stay low-importance."
0_12h_gluccose_measured,1,Glucose measurement is routine ICU care after cardiac surgery and not specific to AKI prediction. As a measured/ordering feature it is a weak behavioral proxy.
13_24h_gluccose_measured,1,Frequency of glucose checks reflects insulin protocol/intensity of monitoring rather than kidney injury. It provides little incremental AKI signal.
25_36h_gluccose_measured,2,"Increased glucose monitoring late may indicate instability (vasopressors, infection, steroid use) that can co-occur with AKI risk, but it is still indirect. Keep low to avoid over-weighting ordering behavior."
0_12h_ck_measured,2,"Ordering CK suggests concern for muscle injury/rhabdomyolysis or perioperative ischemia, which can contribute to AKI, but measurement frequency is indirect. In 0–12h it is also often precautionary and nonspecific."
13_24h_ck_measured,2,"CK ordering may reflect ongoing concern for rhabdomyolysis/ischemia that can precipitate AKI, but this is still a behavioral proxy rather than a physiologic value. Thus it remains low importance."
25_36h_ck_measured,2,"Late CK monitoring can indicate suspected rhabdomyolysis or low-flow states that increase AKI risk, but frequency alone is not a direct predictor. Score remains capped as a measured feature."
0_12h_egfr_mean,2,"eGFR is derived from creatinine and can reflect early renal dysfunction, but the 0–12h window is confounded by hemodilution and perioperative creatinine lag. Also, mean eGFR is less informative than low extremes for AKI physiology."
13_24h_egfr_mean,3,"Sustained reduction in eGFR during 13–24h suggests evolving renal dysfunction and is more prognostic than immediate post-op values. However, mean aggregation can dilute acute drops that better capture AKI onset."
25_36h_egfr_mean,4,"Lower eGFR close to the outcome window is a strong indicator of evolving kidney dysfunction and will correlate with subsequent creatinine rise. Mean is still less specific than a minimum, but timing makes it highly predictive."
0_12h_egfr_max,1,A high (max) eGFR is not a pathologic trigger for AKI and is often driven by low creatinine from dilution early after bypass. This aggregation is unlikely to add meaningful AKI signal.
13_24h_egfr_max,1,Maximum eGFR does not capture renal insult; it preferentially reflects best-case values and can be influenced by non-renal factors. It is not a useful predictor of later creatinine increase.
25_36h_egfr_max,1,"Even near 60h, the maximum eGFR reflects the least impaired moment and does not represent AKI physiology. It is redundant and weak compared with low eGFR/creatinine-based deterioration measures."
0_12h_egfr_min,3,"Lower eGFR reflects reduced renal filtration and is closely tied to creatinine kinetics, but values in the immediate post-op window can be transient/hemodilutional; capped by 0–12h max score rule."
13_24h_egfr_min,4,A low nadir eGFR in the trajectory phase suggests evolving renal dysfunction beyond immediate post-bypass effects and is a strong predictor of later creatinine rise.
25_36h_egfr_min,5,A low eGFR nadir close to the outcome window is essentially an early biomarker of impaired filtration and strongly predicts creatinine_ratio at 60h.
0_12h_egfr_measured,2,Measurement frequency mainly reflects clinician concern/acuity rather than physiology; early post-op labs are often routine after cardiac surgery.
13_24h_egfr_measured,2,"More frequent eGFR/chemistry checks may indicate concern for renal trajectory or instability, but it is still a behavioral proxy rather than a direct AKI mechanism."
25_36h_egfr_measured,2,"Increased testing late may signal suspected AKI, but frequency itself is not a physiologic driver; kept low per _measured rule."
0_12h_ldh_measured,1,"LDH ordering frequency is a nonspecific marker of illness/workup (e.g., hemolysis/ischemia) and does not directly predict AKI; early post-op testing is often routine."
13_24h_ldh_measured,1,LDH measurement frequency reflects clinician behavior and nonspecific concern rather than renal perfusion or filtration; weak link to creatinine_ratio.
25_36h_ldh_measured,1,"Even close to outcome, LDH testing frequency is an indirect acuity proxy and not a kidney-specific predictor; score kept minimal."
0_12h_inr_mean,2,Average INR early post-op reflects coagulation/hepatic function and transfusion/warfarin effects; only indirect association with AKI via bleeding/shock and is less informative than extremes.
25_36h_inr_mean,2,"Sustained INR elevation may correlate with hepatic dysfunction/bleeding risk and overall severity, but mean is less pathophysiologically specific than INR extremes for acute events; capped to reduce collinearity."
0_12h_inr_max,3,A high INR peak can indicate significant coagulopathy/bleeding/transfusion burden and systemic illness that can precipitate renal hypoperfusion; capped by 0–12h max score rule.
25_36h_inr_max,3,"A late INR spike may signal ongoing coagulopathy/bleeding or hepatic dysfunction with potential hemodynamic consequences, but it remains an indirect predictor of AKI compared with renal-specific markers."
0_12h_inr_min,1,Low INR is generally not a trigger for AKI and is less clinically informative than high INR peaks for bleeding-related renal hypoperfusion; also redundant with other INR summaries.
25_36h_inr_min,1,Low INR late is not a recognized AKI driver and adds little beyond other INR aggregations; kept minimal to avoid redundancy.
0_12h_inr_measured,1,INR measurement frequency is largely protocol-driven after cardiac surgery and reflects monitoring intensity rather than a direct renal injury mechanism.
13_24h_inr_measured,2,INR ordering frequency is mainly a proxy for bleeding risk/anticoagulation management and overall acuity rather than a direct AKI mechanism. In the 13–24h window it may weakly reflect complications (shock/transfusion) that can contribute to AKI.
25_36h_inr_measured,2,"More frequent INR checks late may indicate ongoing bleeding, liver dysfunction, or anticoagulation issues, which can correlate with hemodynamic instability and AKI risk. Still a behavioral/monitoring proxy, not a physiologic renal marker."
0_12h_percent_eosinophils_mean,1,Eosinophil percentage is not a typical driver or early marker of post-cardiac surgery AKI; early postoperative changes are often nonspecific. Mean values add little signal for acute renal hypoperfusion/toxic injury.
13_24h_percent_eosinophils_mean,1,"Average eosinophil percentage in this period has minimal established relationship to AKI after cardiac surgery. It is more relevant to allergic/drug reactions or rare AIN, which is uncommon in this setting."
0_12h_percent_eosinophils_max,2,"A spike in eosinophils could (rarely) suggest drug reaction/early interstitial nephritis, but this is uncommon and nonspecific immediately post-op. Capped by early (0–12h) epoch where transient inflammatory shifts are common."
13_24h_percent_eosinophils_max,2,"An elevated maximum eosinophil percentage may weakly indicate evolving drug hypersensitivity/AIN, which can contribute to creatinine rise. However, it is not a strong or common predictor of AKI in post-cardiac surgery patients."
0_12h_percent_eosinophils_min,1,Low eosinophil percentage is not mechanistically linked to AKI and is often driven by stress response/corticosteroids. The minimum adds little clinically meaningful information for renal risk.
13_24h_percent_eosinophils_min,1,Minimum eosinophil percentage is not an established AKI predictor and is typically nonspecific. It does not capture a known renal insult pathway.
0_12h_percent_eosinophils_measured,1,"Measurement frequency reflects ordering patterns (CBCs) and general monitoring rather than renal physiology. In the immediate post-op period CBCs are routine, so it is unlikely to add AKI-specific signal."
13_24h_percent_eosinophils_measured,1,CBC/eosinophil measurement count is largely routine ICU practice and a weak proxy for acuity. It does not directly indicate impending AKI.
25_36h_percent_eosinophils_measured,1,"Even late, eosinophil measurement frequency mainly reflects continued lab monitoring rather than a renal-specific concern. It is unlikely to be informative for creatinine_ratio beyond general illness severity."
0_12h_ldl_cholesterol_measured,1,LDL measurement is unrelated to acute renal perfusion/toxic injury and is not typically ordered for AKI evaluation. In the early post-op window it is especially unlikely to reflect kidney risk.
13_24h_ldl_cholesterol_measured,1,"LDL ordering is generally for chronic cardiovascular risk assessment, not AKI prediction. As a measured/behavioral feature it provides negligible renal prognostic value."
25_36h_ldl_cholesterol_measured,1,LDL measurement late post-op is still not a marker of renal injury or hemodynamic compromise. It is unlikely to correlate meaningfully with creatinine rise at 60h.
0_12h_mean_corpuscular_volume_mean,2,"MCV reflects anemia type/transfusion history and chronic nutritional status, which are at best indirect correlates of frailty/illness severity rather than AKI mechanisms. Mean aggregation and early epoch limit its specificity for renal insult."
13_24h_mean_corpuscular_volume_mean,2,"Sustained MCV abnormalities may indirectly reflect transfusions/bleeding or chronic comorbidity burden, which can associate with worse outcomes including AKI. However it is not a direct predictor of renal hypoperfusion or tubular injury."
25_36h_mean_corpuscular_volume_mean,1,MCV is not a direct marker of renal perfusion or tubular injury; changes are more related to anemia/nutrition/transfusion effects. The mean value adds little AKI-specific signal.
0_12h_mean_corpuscular_volume_max,1,"Early postoperative MCV extremes are usually driven by transfusion/fluids and are not mechanistically linked to AKI. In the 0–12h epoch, transient shifts are common and nonspecific."
13_24h_mean_corpuscular_volume_max,1,MCV maxima in this window are not established predictors of AKI and mostly reflect hematologic factors rather than kidney injury. Limited physiologic linkage to creatinine rise.
25_36h_mean_corpuscular_volume_max,1,"Even close to the outcome, high MCV is not a recognized leading indicator of postoperative AKI. Any association would be indirect/confounded (e.g., transfusion), so low relevance."
0_12h_mean_corpuscular_volume_min,1,Low MCV reflects chronic microcytosis/iron deficiency rather than acute renal hypoperfusion. In the immediate post-op period it is unlikely to add AKI-specific prognostic value.
13_24h_mean_corpuscular_volume_min,1,MCV minima are not a known driver or biomarker of AKI after cardiac surgery. Any relationship would be indirect and weak.
25_36h_mean_corpuscular_volume_min,1,Low MCV near 36h does not directly indicate renal injury or hemodynamic compromise. It is unlikely to improve prediction of creatinine_ratio.
0_12h_mean_corpuscular_volume_measured,1,"Measurement frequency mainly reflects routine CBC ordering in post-cardiac surgery ICU care rather than AKI-specific concern. As a behavioral proxy, it has weak specificity for impending AKI."
13_24h_mean_corpuscular_volume_measured,1,CBC/MCV measurement counts are largely protocolized and not tightly linked to renal risk assessment. Behavioral signal for AKI suspicion is minimal.
25_36h_mean_corpuscular_volume_measured,1,"Even in the leading-indicator window, MCV measurement frequency is typically routine and nonspecific. It is a weak proxy for AKI concern compared with renal labs/urine output."
0_12h_mean_platelet_volume_mean,2,"Mean platelet volume can reflect inflammation/platelet activation, which may correlate with postoperative complications, but it is not a primary AKI marker. In 0–12h, values are often perturbed by surgery/CPB and are nonspecific."
13_24h_mean_platelet_volume_mean,2,"Sustained MPV elevation may indicate ongoing inflammatory/thrombotic milieu that could contribute to microvascular renal injury, but evidence is indirect. Mean aggregation further dilutes acute signals."
25_36h_mean_platelet_volume_mean,2,"In the 25–36h window, MPV may weakly track systemic inflammation/sepsis risk that can precede AKI, but it remains nonspecific. Mean values are less informative than extremes for acute insults."
0_12h_mean_platelet_volume_max,2,"An MPV maximum could capture an acute inflammatory/platelet activation spike, but in the immediate post-op period this is common and not specific for AKI. Conservative scoring due to early epoch and indirect mechanism."
13_24h_mean_platelet_volume_max,2,"Higher MPV peaks may reflect ongoing inflammatory stress that can accompany renal hypoperfusion or infection, but it is not an established AKI predictor. As an extreme it is preferable to the mean, yet still indirect."
25_36h_mean_platelet_volume_max,3,"A late MPV peak may better capture evolving systemic inflammation/critical illness trajectory closer to hour 60, which can precede AKI. Still indirect and not a renal biomarker, but more plausible in the leading-indicator window."
0_12h_mean_platelet_volume_min,1,MPV is not a direct renal perfusion or injury marker; low MPV is at most a nonspecific inflammation/consumption signal. In the immediate 0–12h post-op window it is unlikely to add AKI-specific prognostic value.
13_24h_mean_platelet_volume_min,1,"Minimum MPV remains a weak, nonspecific marker and is not an established predictor of post-cardiac surgery AKI. Any association would be indirect via systemic illness rather than kidney injury."
25_36h_mean_platelet_volume_min,2,"Persistently low MPV could reflect ongoing critical illness/inflammation that correlates with AKI risk, but it is not mechanistically tied to renal injury. At best it is an indirect severity marker in the closest window."
0_12h_mean_platelet_volume_measured,1,Measurement frequency reflects ordering behavior rather than physiology and MPV is typically bundled with CBCs. It is unlikely to represent targeted concern for imminent AKI.
13_24h_mean_platelet_volume_measured,1,CBC/MPV rechecks are common ICU routine and do not specifically indicate renal risk assessment. As a behavioral proxy it has weak AKI signal.
25_36h_mean_platelet_volume_measured,1,"Even late, MPV measurement count is more reflective of routine labs or general acuity than kidney-specific concern. It should not be treated as a physiologic driver of creatinine rise."
0_12h_lactate_mean,2,"Mean lactate in 0–12h can reflect global hypoperfusion from CPB/vasoplegia, which relates to AKI risk, but early elevations are often transient post-op. For collinearity, extremes (max) better capture the acute insult than the mean."
13_24h_lactate_mean,3,"Sustained lactate elevation in 13–24h suggests ongoing shock/low flow and is more prognostic for organ dysfunction including AKI. However, max lactate still better captures the pathologic peak, so mean is not the primary signal."
0_12h_lactate_max,3,"Peak lactate in the immediate post-op period captures the severity of acute hypoperfusion/oxygen debt, a known contributor to ischemic ATN and AKI. Score capped by the 0–12h epoch maximum (3)."
13_24h_lactate_max,4,"A high lactate peak in 13–24h indicates persistent or recurrent hypoperfusion/shock, strongly linked to subsequent AKI after cardiac surgery. This window reflects trajectory rather than transient CPB effects."
0_12h_lactate_min,1,Minimum lactate is generally less informative for AKI risk than elevated peaks and may simply reflect recovery or adequate perfusion. It does not capture the injurious hypoperfusion exposure.
13_24h_lactate_min,1,A low minimum lactate does not indicate renal injury risk and is dominated by the presence/absence of elevated values. It adds little beyond max/mean lactate and is not a trigger for AKI.
0_12h_lactate_measured,2,"More frequent lactate checks often reflect clinician concern for shock/poor perfusion, which correlates with AKI risk, but it is a behavioral proxy not a mechanism. In 0–12h, frequent checks are also routine post-cardiac surgery."
13_24h_lactate_measured,2,"Repeated lactate measurement in 13–24h can indicate ongoing hemodynamic instability and higher acuity, indirectly associated with AKI. Still, it is an ordering-behavior feature and should remain low importance."
25_36h_lactate_measured,2,"Late frequent lactate monitoring suggests persistent concern for hypoperfusion/sepsis, which is associated with AKI risk, but remains an indirect proxy. Physiologic lactate values (especially max) are more informative than measurement count."
0_12h_alkaline_phosphatase_mean,1,Alkaline phosphatase reflects cholestasis/bone turnover and is not a direct marker of renal perfusion or tubular injury. Early post-op changes are nonspecific and unlikely to predict creatinine rise.
0_12h_alkaline_phosphatase_max,2,Alkaline phosphatase reflects cholestasis/bone turnover rather than renal perfusion; only indirectly relates to AKI via overall illness or hepatic congestion. In the immediate 0–12h post-op window it is unlikely to be a specific AKI signal.
0_12h_alkaline_phosphatase_min,1,Low alkaline phosphatase has no established mechanistic link to postoperative AKI and is often non-informative. Not a useful renal risk marker in early post-cardiac surgery physiology.
0_12h_alkaline_phosphatase_measured,1,Measurement frequency mainly reflects ordering behavior and routine post-op lab panels rather than kidney injury physiology. Early post-op ordering is common and not specific for impending AKI.
13_24h_alkaline_phosphatase_measured,1,Repeat ALP ordering in 13–24h is still more reflective of general monitoring or hepatic evaluation than renal risk. Weak proxy for acuity and not specific to AKI.
25_36h_alkaline_phosphatase_measured,1,"Even closer to outcome, ALP measurement frequency is not a targeted AKI surveillance test and usually reflects broader metabolic/hepatic monitoring. Limited specificity for predicting creatinine rise."
0_12h_red_cell_distribution_width_mean,2,"Higher RDW is associated with frailty/inflammation and worse outcomes, which can correlate with AKI risk, but it is nonspecific. In 0–12h, mean values add little beyond baseline and are capped for conservatism."
13_24h_red_cell_distribution_width_mean,2,"RDW may reflect underlying comorbidity burden and inflammatory stress that predispose to AKI, but it is not a direct renal marker. Mean aggregation is less informative than extremes and thus kept low."
25_36h_red_cell_distribution_width_mean,2,"Persistently elevated RDW can track ongoing systemic stress and is weakly associated with AKI, but remains nonspecific. Mean RDW is less pathophysiologically tied to acute renal hypoperfusion than hemodynamic/lactate/creatinine signals."
0_12h_red_cell_distribution_width_max,2,"An RDW maximum may capture acute transfusion/hemolysis/inflammation signals that correlate with postoperative complications, including AKI, but causality is indirect. In the immediate 0–12h window, derangements are common and not specific, so importance is limited."
13_24h_red_cell_distribution_width_max,3,"A higher RDW peak in 13–24h may indicate ongoing inflammation, transfusion burden, or physiologic stress, which are established correlates of AKI risk after cardiac surgery. Max is preferred over mean/min as the more informative aggregation for acute stress."
25_36h_red_cell_distribution_width_max,3,"A late RDW peak (25–36h) can reflect persistent systemic stress/transfusion effects and has moderate association with adverse outcomes including AKI. Still indirect and not a renal biomarker, so it does not merit a higher score."
0_12h_red_cell_distribution_width_min,1,Low RDW is not a recognized trigger or marker of AKI and is generally clinically uninformative for renal prediction. Min aggregation is unlikely to capture relevant pathology.
13_24h_red_cell_distribution_width_min,1,RDW minimum does not represent a physiologic insult related to renal hypoperfusion or nephrotoxicity. Provides little incremental information for AKI prediction.
25_36h_red_cell_distribution_width_min,1,"RDW minimum remains non-specific and not mechanistically linked to AKI development. Not a useful leading indicator compared with hemodynamics, urine output, or renal labs."
0_12h_red_cell_distribution_width_measured,1,"RDW measurement frequency is largely driven by CBC ordering, which is routine after cardiac surgery and not specific to AKI concern. As a behavioral proxy, it should be low importance."
13_24h_red_cell_distribution_width_measured,1,"CBC/RDW rechecks in 13–24h typically reflect anemia/bleeding surveillance rather than targeted renal monitoring. Measurement count is a weak, non-specific proxy for acuity and not a direct AKI predictor."
25_36h_red_cell_distribution_width_measured,1,Measurement frequency mainly reflects clinician ordering behavior rather than renal physiology. RDW ordering is not a specific leading indicator of AKI risk.
0_12h_chloride_mean,2,"Hyperchloremia can contribute to renal vasoconstriction and metabolic acidosis, but the mean in the immediate post-op window may dilute brief insults. Early post-CPB electrolyte shifts are common and often transient (0–12h cap)."
13_24h_chloride_mean,2,"Sustained chloride elevation may reflect ongoing high-chloride fluid exposure and acid-base disturbance, indirectly affecting renal perfusion. Mean values are less informative than extremes for acute kidney stress."
25_36h_chloride_mean,2,"Later sustained hyperchloremia can signal continued saline load and acidosis, which may worsen renal blood flow. However, mean chloride is still less specific than max/min for capturing clinically relevant derangements."
0_12h_chloride_max,3,"Peak hyperchloremia can indicate large-volume chloride-rich resuscitation and associated acidosis, which is linked to AKI risk. Still, early post-op peaks are common and may be transient (0–12h cap)."
13_24h_chloride_max,3,"A high maximum chloride in this trajectory phase suggests ongoing chloride load and persistent acid-base stress, which can contribute to AKI. Max better captures the insult than mean, so it is prioritized."
25_36h_chloride_max,4,Late peak hyperchloremia close to the outcome window suggests persistent high-chloride exposure/acidotic physiology and is more likely to be clinically meaningful for subsequent creatinine rise. Max captures the acute insult better than mean/min here.
0_12h_chloride_min,1,Low chloride is not a typical direct driver of post-cardiac surgery AKI and is often related to dilutional states or lab variation. In the immediate post-op period it is rarely a specific renal risk signal (0–12h cap).
13_24h_chloride_min,1,"Hypochloremia is generally a nonspecific marker (e.g., diuresis, dilution) and has weak direct linkage to AKI compared with hyperchloremia. Extremes on the low end are less mechanistically tied to renal hypoperfusion."
25_36h_chloride_min,1,Low chloride late is still a weak and nonspecific predictor of AKI relative to hyperchloremia or hemodynamic variables. It may reflect diuretic use or dilution rather than kidney injury.
0_12h_chloride_measured,1,Test frequency is primarily a proxy for monitoring intensity and routine post-op electrolyte checks. It does not directly represent renal injury physiology (and 0–12h is standard monitoring).
13_24h_chloride_measured,1,More frequent chloride checks may reflect general acuity but is not specific for impending AKI. Ordering patterns vary and are not a direct biomarker.
25_36h_chloride_measured,2,"Increased measurement frequency late may reflect clinician concern for ongoing electrolyte/acid-base issues or fluid management that can accompany evolving AKI. Still, it is an indirect behavioral proxy rather than a physiologic driver."
0_12h_hdl_cholesterol_measured,1,HDL measurement is not part of AKI pathophysiology and is rarely ordered for renal risk stratification in the immediate post-op ICU period. This is largely unrelated to creatinine rise.
13_24h_hdl_cholesterol_measured,1,"Ordering HDL is not a meaningful indicator of renal perfusion, nephrotoxicity, or evolving AKI. It more likely reflects baseline lipid evaluation rather than acute kidney risk."
25_36h_hdl_cholesterol_measured,1,"HDL testing late post-op remains clinically disconnected from AKI mechanisms and is not a typical response to suspected renal injury. As a measured/ordered feature, it provides minimal prognostic value for creatinine ratio."
0_12h_percent_neutrophils_mean,2,"Neutrophilia reflects postoperative inflammation/stress and possible infection risk, which can contribute indirectly to AKI. Mean value is nonspecific and early (0–12h) changes are often transient."
13_24h_percent_neutrophils_mean,2,"Persistent inflammation/infection risk may contribute to AKI via sepsis/hemodynamic effects, but percent neutrophils is not a direct renal marker. Mean aggregation is relatively nonspecific."
0_12h_percent_neutrophils_max,2,"A high peak neutrophil percentage may indicate acute inflammatory response or early infection, indirectly increasing AKI risk. In the immediate 0–12h window this is commonly reactive and not strongly predictive."
13_24h_percent_neutrophils_max,2,A higher peak in this trajectory phase could suggest evolving infection/inflammation that can predispose to AKI. Still indirect and not a primary driver compared with hemodynamics or renal labs.
0_12h_percent_neutrophils_min,1,Low minimum neutrophil percentage is not a typical mechanistic predictor of postoperative AKI. Early postoperative variability is common and nonspecific.
13_24h_percent_neutrophils_min,1,Minimum neutrophil percentage has weak and nonspecific linkage to AKI risk compared with absolute leukocyte trends or sepsis markers. Not a direct renal perfusion or injury indicator.
0_12h_percent_neutrophils_measured,1,Measurement frequency mainly reflects ordering behavior and routine postoperative CBC monitoring rather than renal pathophysiology. In 0–12h it is standard of care.
13_24h_percent_neutrophils_measured,1,Repeated checks may reflect acuity/infection concern but are still largely routine in ICU care. As a behavioral proxy it has weak specificity for AKI.
25_36h_percent_neutrophils_measured,2,"More frequent measurement closer to the outcome may reflect clinician concern for infection/sepsis, which can precipitate AKI. Still a behavioral proxy rather than a physiologic driver."
0_12h_albumin_mean,2,"Hypoalbuminemia correlates with illness severity, capillary leak, and lower oncotic pressure that can worsen renal perfusion indirectly. Mean in 0–12h is influenced by dilution/CPB and is less specific."
0_12h_albumin_max,1,Higher albumin is generally not a trigger for AKI and often reflects less dilution rather than pathology. Max adds little beyond other albumin summaries and is not the pathologic direction.
0_12h_albumin_min,3,"Low albumin (nadir) can mark significant hemodilution/capillary leak and higher severity, which is associated with postoperative AKI risk. In 0–12h it is still partly transient, so capped at 3."
0_12h_albumin_measured,1,Albumin ordering frequency is largely routine perioperative monitoring and reflects clinician behavior more than renal injury. Weak specificity for AKI.
13_24h_albumin_measured,1,Repeated albumin checks may indicate ongoing instability or fluid/oncotic management but remains a nonspecific behavioral proxy. Limited direct linkage to AKI.
25_36h_albumin_measured,2,"More frequent albumin measurement late may reflect ongoing shock, capillary leak, or aggressive fluid/albumin resuscitation, which can correlate with AKI risk. Still primarily a proxy for acuity rather than mechanism."
0_12h_triglycerides_measured,1,Triglyceride measurement is not a standard AKI predictor and is usually ordered for nutrition/propofol monitoring rather than renal perfusion. As a measured/behavioral feature it has weak relevance.
13_24h_triglycerides_measured,1,"Measurement frequency reflects clinician behavior (e.g., nutrition/propofol monitoring) rather than renal physiology. Only a weak, indirect link to AKI risk."
25_36h_triglycerides_measured,1,"Ordering triglycerides is not a direct marker of kidney injury and mainly reflects monitoring practices. At most an indirect proxy for ICU complexity, not AKI mechanism."
0_12h_hemoglobin_mean,2,"Anemia/hemodilution can reduce oxygen delivery and contribute to renal ischemia, but the mean blunts acute nadirs and is highly collinear with hemoglobin_min. In the immediate post-op window, values are often transiently diluted."
13_24h_hemoglobin_mean,2,"Sustained anemia may relate to renal hypoxia, but mean is less informative than the nadir for ischemic risk and is collinear with hemoglobin_min. Trajectory-phase relevance is modest."
25_36h_hemoglobin_mean,2,"Persistent anemia can contribute to renal hypoperfusion/oxygen debt, but mean remains less pathophysiologically specific than hemoglobin_min for AKI risk and is redundant. Use extremes to capture clinically meaningful insult."
0_12h_hemoglobin_max,1,Higher hemoglobin is not a typical trigger for AKI in this context and may reflect transfusion or hemoconcentration without clear causal direction. Also less informative than low hemoglobin for renal ischemia.
13_24h_hemoglobin_max,1,Hemoglobin maxima are not a recognized driver of post-cardiac surgery AKI and are often influenced by transfusion practices. Limited mechanistic link compared with nadir anemia.
25_36h_hemoglobin_max,1,A high hemoglobin value is not a direct predictor of AKI and is confounded by transfusion/diuresis. The nadir is the more relevant aggregation for renal ischemic risk.
0_12h_hemoglobin_min,3,"The hemoglobin nadir captures acute anemia/hemodilution and reduced oxygen delivery, which can contribute to renal ischemia after CPB. Capped at 3 due to the early (0–12h) epoch where transient derangements are common."
13_24h_hemoglobin_min,4,"A low hemoglobin nadir in the trajectory phase suggests ongoing bleeding/hemodilution or inadequate correction, increasing risk of renal hypoxia and AKI. More informative than mean/max for capturing the insult."
25_36h_hemoglobin_min,4,"A low hemoglobin nadir close to the outcome window indicates persistent anemia and impaired oxygen delivery, a strong contributor to renal ischemia in elderly post-cardiac surgery patients. This extreme is more pathologically relevant than mean/max."
0_12h_hemoglobin_measured,2,More frequent hemoglobin checks reflect bleeding concern/transfusion management rather than kidney injury itself. As a behavioral acuity proxy it may weakly correlate with AKI risk but is not mechanistic.
13_24h_hemoglobin_measured,2,"Frequent monitoring suggests ongoing instability (bleeding/transfusion), which can secondarily increase AKI risk, but it is not a direct physiologic predictor. Kept low per measurement-frequency rule."
25_36h_hemoglobin_measured,2,"Continued frequent hemoglobin testing implies persistent concern for bleeding/anemia and higher illness severity, indirectly associated with AKI. Still a behavioral proxy, not a renal biomarker."
0_12h_teg_fibrinogen_activity_measured,1,Ordering TEG fibrinogen activity reflects coagulation/bleeding management rather than renal perfusion or injury. In the immediate post-op period it is common and not specific for AKI risk.
13_24h_teg_fibrinogen_activity_measured,1,"TEG fibrinogen testing frequency is primarily a marker of bleeding/coagulopathy evaluation and clinician behavior, not kidney injury. Any association with AKI would be indirect via severity/bleeding."
25_36h_teg_fibrinogen_activity_measured,1,Measurement frequency reflects clinician concern about bleeding/coagulopathy rather than renal physiology. It has no direct mechanistic link to AKI and is at best a weak acuity proxy.
0_12h_activated_clotting_time_mean,2,"ACT reflects heparinization/CPB anticoagulation and bleeding risk, not kidney injury directly. In the immediate 0–12h post-op window it is often protocol-driven and transient, so prognostic value for AKI is limited."
0_12h_activated_clotting_time_max,3,Markedly high ACT can indicate excessive anticoagulation/CPB-related derangements and may correlate with complex surgery and inflammatory burden that increase AKI risk. Still indirect and capped by the 0–12h epoch.
0_12h_activated_clotting_time_min,2,"Low ACT may reflect inadequate anticoagulation or reversal effects, but links to AKI are indirect and confounded by protocolized management early after surgery. Extremes are less clearly tied to renal hypoperfusion than hemodynamic variables."
0_12h_activated_clotting_time_measured,1,How often ACT is checked is largely driven by standard post-CPB protocols and bleeding management rather than impending AKI. As a behavioral/protocol proxy it should be low importance.
13_24h_activated_clotting_time_measured,1,ACT measurement frequency in this phase mainly reflects ongoing anticoagulation/bleeding management and monitoring practices. It is not a physiologic marker of renal injury and is a weak acuity proxy.
25_36h_activated_clotting_time_measured,1,Late ACT checking frequency suggests continued anticoagulation/bleeding concerns but does not directly indicate renal dysfunction. As a measured-count feature it should remain low importance.
0_12h_aspartate_aminotransferase_mean,2,"AST elevation can reflect systemic hypoperfusion/ischemic hepatitis or surgical trauma, which may co-occur with renal hypoperfusion. However early post-op averages are nonspecific and diluted compared with peak values, and scoring is conservative in 0–12h."
0_12h_aspartate_aminotransferase_max,3,"A high AST peak soon after surgery can be a marker of global ischemia/low-flow state, which is a known contributor to AKI risk. It is still indirect and capped by the 0–12h epoch."
0_12h_aspartate_aminotransferase_min,1,Low/normal AST has little relationship to AKI risk and does not capture pathologic insult. The minimum value is not clinically informative for renal prediction.
0_12h_aspartate_aminotransferase_measured,1,"Frequency of AST testing reflects clinician monitoring for hepatic injury/hemolysis rather than kidney injury. As a measured-count feature it is a weak, nonspecific acuity proxy."
13_24h_aspartate_aminotransferase_measured,1,"Repeated AST ordering in 13–24h suggests concern for hepatic injury or ongoing instability, but it is not specific for AKI. Measurement frequency should remain low importance."
25_36h_aspartate_aminotransferase_measured,2,"Late repeated AST checks may indicate persistent shock/multiorgan dysfunction, which can accompany AKI, but it remains an indirect behavioral proxy. As a measured feature it is capped at low importance."
0_12h_total_protein_mean,2,"Total protein reflects dilution from fluids, capillary leak, and nutritional/hepatic status, which can correlate with illness severity and fluid balance affecting renal perfusion. Mean values early post-op are nonspecific and conservative scoring applies in 0–12h."
0_12h_total_protein_max,1,Higher total protein is generally not a trigger for AKI and may reflect hemoconcentration rather than injury. It is not a strong or direct predictor of postoperative creatinine rise.
0_12h_total_protein_min,3,"A low total protein nadir can indicate significant hemodilution/third spacing and severe systemic inflammation, often accompanying aggressive resuscitation and higher AKI risk. As an extreme it better captures the insult than the mean, but is capped by the 0–12h epoch."
0_12h_total_protein_measured,1,"Measurement frequency of total protein mainly reflects ordering behavior/nutrition/liver evaluation rather than renal perfusion or tubular injury, especially in the immediate post-op period."
13_24h_total_protein_measured,1,"Total protein ordering frequency is a weak, nonspecific acuity marker and not a recognized driver or early indicator of AKI."
25_36h_total_protein_measured,1,"Even close to the outcome window, total protein measurement frequency is not a specific signal for impending creatinine rise compared with renal/hemodynamic markers."
0_12h_hemoglobin_a1c_measured,1,HbA1c measurement indicates chronic glycemic assessment/diabetes screening rather than acute kidney injury physiology; as a measured flag it is especially indirect.
13_24h_hemoglobin_a1c_measured,1,Ordering HbA1c in ICU is not a meaningful predictor of near-term creatinine change; it reflects baseline comorbidity assessment rather than AKI trajectory.
25_36h_hemoglobin_a1c_measured,1,HbA1c measurement frequency remains a weak proxy for comorbidity documentation and does not track acute renal hypoperfusion or nephrotoxic exposure.
0_12h_co2_mean,2,"Mean serum CO2 (bicarbonate) reflects acid–base status but is often transiently affected by bypass, ventilation, and fluids early post-op; extremes are more informative for AKI risk than the mean."
13_24h_co2_mean,2,"Sustained bicarbonate abnormalities can correlate with illness severity, but the mean is less specific than low CO2 (metabolic acidosis) as a marker of hypoperfusion/AKI evolution."
25_36h_co2_mean,2,"Closer to hour 60, bicarbonate trends may reflect worsening renal function or shock, but the mean still dilutes clinically important acidosis; min is the better aggregation for AKI signal."
0_12h_co2_max,1,"High CO2/bicarbonate (metabolic alkalosis) is not a typical trigger for AKI and is often iatrogenic (diuretics, transfusion/citrate) in the immediate post-op window."
13_24h_co2_max,1,CO2 max mainly captures alkalosis from diuresis/ventilation changes and is not a strong mechanistic predictor of creatinine rise compared with acidosis or hemodynamic insults.
25_36h_co2_max,1,"Even late, alkalosis is generally less informative for AKI than low bicarbonate; max adds collinearity without capturing the key pathology."
0_12h_co2_min,3,"Low CO2 (metabolic acidosis) can reflect hypoperfusion/lactic acidosis and early shock physiology that predisposes to AKI, though early post-op derangements are common and transient (cap at 3)."
13_24h_co2_min,4,"Persistently low CO2 in the trajectory phase suggests ongoing tissue hypoperfusion/sepsis or evolving renal acid retention, which is strongly associated with subsequent creatinine rise."
25_36h_co2_min,4,Low CO2 close to the outcome window is a strong indicator of ongoing metabolic acidosis from shock or worsening renal function and is more predictive than mean/max for AKI trajectory.
0_12h_co2_measured,2,"More frequent CO2 checks reflect clinician concern/instability (ventilation, acid–base, shock) rather than a direct renal mechanism; as a measured feature it should remain low importance."
13_24h_co2_measured,2,"Measurement frequency reflects clinician concern/acuity (e.g., ventilation or acid–base issues) rather than a direct AKI mechanism. In the 13–24h epoch it is only an indirect proxy for instability."
25_36h_co2_measured,2,"More frequent CO2 checks late may indicate ongoing respiratory failure or shock management, which can correlate with AKI risk. Still a behavioral proxy, not a physiologic driver, so capped low."
0_12h_bnp_measured,1,BNP ordering early post-op is often routine or driven by cardiac status assessment and is not a direct renal injury marker. In the immediate 0–12h period it is especially nonspecific for later creatinine rise.
13_24h_bnp_measured,2,"BNP measurement may reflect concern for heart failure/volume overload, which can contribute to renal congestion and AKI risk. As a measured/ordered indicator (not the BNP value), it remains a weak indirect predictor."
25_36h_bnp_measured,2,"Late BNP ordering can signal persistent/worsening cardiac dysfunction or fluid overload, both associated with cardiorenal syndrome and AKI. However it is still only a utilization proxy, so kept low."
0_12h_pco2_mean,2,"Average PCO2 in the immediate post-op window is influenced by ventilation strategy and transient anesthesia effects; links to AKI are indirect (via acidosis/hemodynamics). Extremes are more informative than mean, so mean is down-weighted."
13_24h_pco2_mean,2,"Sustained hypercapnia can reflect respiratory failure and acidemia that may worsen renal perfusion, but mean values dilute acute insults. Given collinearity with max/min, the mean is capped low."
25_36h_pco2_mean,2,"Persistent abnormal ventilation/acid–base status closer to outcome can correlate with severity of illness, but mean PCO2 is still an indirect marker and less pathologic than extremes. To avoid redundancy with max/min, kept low."
0_12h_pco2_max,3,"Marked hypercapnia early can indicate hypoventilation/respiratory failure and acidemia, which may impair renal perfusion and increase AKI risk. In 0–12h many derangements are transient, so capped at 3."
13_24h_pco2_max,3,"High PCO2 peaks in the trajectory phase suggest ongoing respiratory failure and acidemia, associated with worse hemodynamics and AKI risk. Max captures acute insult better than mean, supporting a moderate score."
25_36h_pco2_max,4,"Late hypercapnic peaks indicate persistent or worsening respiratory failure/acid-base derangement close to the creatinine outcome, correlating with severe illness and potential renal hypoperfusion. Max is the most informative aggregation for this physiology."
0_12h_pco2_min,2,"Low PCO2 (hyperventilation) is less directly linked to AKI than hypercapnia and may reflect ventilator settings rather than pathology. Early post-op values are often iatrogenic/transient, limiting prognostic value."
13_24h_pco2_min,2,Hypocapnia may reflect aggressive ventilation or compensation for metabolic acidosis; its relationship to AKI is indirect and weaker than hypercapnia. Min is less pathognomonic for renal injury than max.
25_36h_pco2_min,2,"Late hypocapnia can be iatrogenic or compensatory and is not a strong AKI trigger compared with hypercapnia/acidemia. As an extreme it is captured, but clinical linkage remains weak."
0_12h_pco2_measured,2,"More frequent PCO2 checks early reflect ventilation management and acuity rather than a direct renal mechanism. As a measured feature it is capped low, and 0–12h is particularly nonspecific."
13_24h_pco2_measured,2,"Increased PCO2 monitoring in 13–24h suggests ongoing respiratory instability, which can correlate with AKI risk via severity of illness. Still a behavioral proxy, so limited to 2."
25_36h_pco2_measured,2,"Measurement frequency reflects clinician concern about ventilation/acid–base status rather than a direct AKI mechanism. Could weakly proxy severity of illness (e.g., shock/respiratory failure) that correlates with AKI risk."
0_12h_indirect_bilirubin_measured,1,Ordering frequency is a behavioral marker and in the immediate post-op window is often routine after cardiac surgery/CPB. It has no direct physiologic linkage to creatinine rise.
13_24h_indirect_bilirubin_measured,1,"Test frequency mainly reflects monitoring for hemolysis/hepatic dysfunction rather than renal injury. At most a weak acuity proxy, so keep low to avoid overinterpreting ordering behavior."
25_36h_indirect_bilirubin_measured,2,"More frequent bilirubin checks late may indicate evolving hemolysis/hepatic congestion or low-flow state, which can co-occur with AKI. Still an ordering-behavior proxy, not a renal biomarker."
0_12h_calcium_mean,2,"Mean calcium early post-op is influenced by transfusion/citrate, albumin shifts, and replacement protocols; it is not a primary AKI driver. Extremes (especially hypocalcemia) are more clinically meaningful than the mean, so cap to reduce collinearity."
13_24h_calcium_mean,2,"Sustained average calcium is a nonspecific marker of critical illness and replacement practices rather than a direct predictor of renal injury. Extremes better capture clinically relevant derangements, so keep mean low."
25_36h_calcium_mean,2,"Later mean calcium may reflect ongoing critical illness or massive transfusion effects but is not a strong mechanistic AKI predictor. Prefer min/max for capturing clinically important hypocalcemia/hypercalcemia, so cap the mean."
0_12h_calcium_max,2,"Early hypercalcemia is uncommon and often iatrogenic (calcium chloride during resuscitation) and not a typical AKI trigger. In the immediate post-op period, derangements are transient, so keep conservative."
13_24h_calcium_max,2,Peak calcium in this window is usually treatment-related and not a well-established AKI predictor. It may weakly reflect severity/resuscitation intensity but remains indirect.
25_36h_calcium_max,2,"Late hypercalcemia can occur with aggressive replacement and may affect renal concentrating ability, but it is not a common direct driver of post-cardiac surgery AKI. Overall association is indirect and weaker than hemodynamics/creatinine/urine output."
0_12h_calcium_min,3,"Hypocalcemia after CPB/transfusion (citrate) can contribute to hypotension and impaired myocardial contractility, indirectly worsening renal perfusion. However, in 0–12h it is often transient and treated, so cap at 3."
13_24h_calcium_min,3,"Persistently low nadir calcium may indicate ongoing transfusion, sepsis, or critical illness and can impair hemodynamics, indirectly increasing AKI risk. Still not a direct renal biomarker, so moderate importance."
25_36h_calcium_min,3,"A low calcium nadir close to the outcome window can signal ongoing critical illness and hemodynamic instability that threatens renal perfusion. It remains an indirect predictor (not kidney-specific), so score as established but not strong/direct."
0_12h_calcium_measured,1,"Frequency of calcium checks early post-op is largely protocolized (post-CPB, transfusion monitoring) and reflects practice patterns more than AKI pathophysiology. As an ordering proxy, keep minimal."
13_24h_calcium_measured,1,"Measurement count mainly reflects monitoring/repletion behavior rather than a causal pathway to AKI. Weak acuity proxy only, so score low."
25_36h_calcium_measured,2,"More frequent calcium checks late may indicate ongoing instability, transfusion, or electrolyte derangements, which can correlate with AKI risk. Still primarily a clinician-behavior proxy, so keep at 2."
0_12h_partial_thromboplastin_time_mean,2,"PTT reflects anticoagulation/coagulopathy and bleeding risk, which can indirectly affect renal perfusion, but the mean is less informative than extremes for acute insult. Early (0–12h) post-CPB derangements are common and often transient."
25_36h_partial_thromboplastin_time_mean,2,"Persistently abnormal PTT may indicate ongoing anticoagulation, liver dysfunction, or consumptive coagulopathy that can accompany critical illness and AKI, but it is not a direct renal marker. Mean adds collinearity versus max/min for clinically meaningful excursions."
0_12h_partial_thromboplastin_time_max,3,"Markedly elevated PTT can signal excessive anticoagulation or severe coagulopathy with bleeding/transfusion needs, which can precipitate renal hypoperfusion and AKI. Capped by the 0–12h window where abnormalities are frequent postoperatively."
25_36h_partial_thromboplastin_time_max,3,A high PTT close to the outcome window may reflect ongoing coagulopathy/anticoagulation and higher illness severity with potential hemodynamic instability affecting kidneys. Still indirect and not as predictive as direct renal/hemodynamic measures.
0_12h_partial_thromboplastin_time_min,1,Low/normal PTT is not a typical driver of postoperative AKI and is often clinically unremarkable. In the immediate postoperative period it provides little specific prognostic information for creatinine rise.
25_36h_partial_thromboplastin_time_min,1,A low PTT is generally not mechanistically linked to AKI risk compared with elevated PTT/coagulopathy. It is more reflective of anticoagulation status than renal injury.
0_12h_partial_thromboplastin_time_measured,1,Measurement frequency mainly reflects routine post-cardiac surgery monitoring and anticoagulation management rather than renal physiology. In 0–12h it is especially protocol-driven.
13_24h_partial_thromboplastin_time_measured,1,Ordering frequency is a behavioral proxy (monitoring anticoagulation/bleeding) and is not a direct AKI mechanism. It may weakly reflect acuity but is nonspecific.
25_36h_partial_thromboplastin_time_measured,2,"More frequent PTT checks late may indicate ongoing bleeding/anticoagulation complexity or clinical instability, which can correlate with AKI risk. Still a nonspecific behavioral marker, so kept low."
0_12h_absolute_monocyte_count_mean,1,Monocyte count is a nonspecific inflammatory marker and is not an established early predictor of postoperative AKI. Mean values in the immediate postoperative window are heavily influenced by surgical stress and dilution.
13_24h_absolute_monocyte_count_mean,1,"Average monocyte count is a weak, nonspecific signal of inflammation/infection and has limited direct linkage to creatinine rise after cardiac surgery. Other leukocyte indices and hemodynamics are typically more informative."
0_12h_absolute_monocyte_count_max,2,"A high monocyte count may reflect heightened inflammatory response, which can contribute to AKI risk indirectly, but it is not a primary driver. Capped due to early postoperative nonspecific leukocyte shifts."
13_24h_absolute_monocyte_count_max,2,"Elevated monocytes in the trajectory phase could suggest evolving inflammation/infection that may predispose to AKI via sepsis physiology. Still indirect and nonspecific, so modest importance."
0_12h_absolute_monocyte_count_min,1,"Low monocyte counts are more reflective of immunosuppression, dilution, or marrow suppression than AKI pathophysiology. Not a recognized predictor of postoperative creatinine rise."
13_24h_absolute_monocyte_count_min,1,Monocytopenia is not a typical mechanistic contributor to AKI and is nonspecific in ICU patients. Provides limited incremental prognostic value for creatinine ratio.
0_12h_absolute_monocyte_count_measured,1,"Frequency of monocyte measurement is essentially frequency of CBC monitoring, which is routine after cardiac surgery. It reflects care patterns rather than renal injury risk."
13_24h_absolute_monocyte_count_measured,1,"Measurement frequency mainly reflects clinician concern/inflammation workup rather than a direct AKI mechanism. At 13–24h it is a weak, nonspecific proxy for acuity."
25_36h_absolute_monocyte_count_measured,1,"Ordering frequency is a behavioral marker and not physiologic; it is not a specific predictor of creatinine rise. Even close to outcome, it remains nonspecific for AKI."
0_12h_phosphorus_mean,2,"Phosphate can rise with reduced GFR or cell breakdown, but early post-op values are often transient and influenced by shifts/fluids. Mean is less informative than a peak for detecting early renal clearance impairment."
13_24h_phosphorus_mean,2,"Sustained phosphate elevation may reflect impaired renal excretion, but the mean blunts clinically important spikes. Peak phosphate is typically the more pathologic AKI signal, so mean is capped to limit collinearity."
25_36h_phosphorus_mean,2,"Later phosphate trends can correlate with declining GFR, but the mean still smooths the key insult signal. Phosphorus_max is the preferred aggregation for AKI linkage, so mean is kept low to avoid redundancy."
0_12h_phosphorus_max,3,"An early phosphate spike can indicate reduced renal clearance or high catabolic load, both associated with AKI risk. However, in the immediate 0–12h post-CPB period derangements are common/transient, so capped at 3."
13_24h_phosphorus_max,4,A higher peak phosphate in the trajectory phase more strongly suggests impaired renal excretion and evolving AKI rather than transient perioperative shifts. This is a relatively direct biochemical correlate of reduced GFR.
25_36h_phosphorus_max,4,Peak phosphate close to hour 60 is a strong leading indicator of reduced renal clearance and impending creatinine rise. It is not as definitive as creatinine itself but is a strong biochemical predictor.
0_12h_phosphorus_min,1,"Low phosphate is more often due to dilution, insulin/glucose shifts, or refeeding and is not a typical driver/marker of AKI. Early post-op minima are especially nonspecific."
13_24h_phosphorus_min,1,Phosphorus minima do not capture the renal-failure signal (which is typically hyperphosphatemia). Low values are nonspecific and weakly related to creatinine_ratio.
25_36h_phosphorus_min,1,"Even near outcome, low phosphate is not a characteristic AKI biomarker and is often treatment/shift related. It adds little beyond max/mean for renal risk."
0_12h_phosphorus_measured,1,"Test frequency reflects monitoring intensity rather than kidney physiology. In 0–12h, frequent labs are routine after cardiac surgery and not specific for AKI prediction."
13_24h_phosphorus_measured,2,"More frequent phosphate checks may indicate clinician concern for metabolic/renal issues, but it remains an indirect behavioral proxy. Thus it is limited to a low importance score."
25_36h_phosphorus_measured,2,"Increased measurement frequency late may reflect rising concern for renal dysfunction/electrolyte derangements, but it is not a physiologic driver. Kept low per measured-feature rule."
0_12h_absolute_neutrophil_count_mean,2,"Neutrophilia reflects inflammation/stress and may correlate with complications (infection/SIRS) that can contribute to AKI, but it is nonspecific. Early post-op means are heavily confounded by surgical stress response."
13_24h_absolute_neutrophil_count_mean,2,"Persistently elevated neutrophils can signal ongoing inflammation/infection that increases AKI risk via sepsis/hemodynamic effects, but it is indirect and nonspecific. Mean aggregation further dilutes acute spikes, so kept low."
0_12h_absolute_neutrophil_count_max,2,"Neutrophilia can reflect inflammation/infection that may contribute to AKI risk, but it is indirect and often transient immediately post-op. In the 0–12h epoch, postoperative stress leukocytosis is common, so prognostic value is limited."
13_24h_absolute_neutrophil_count_max,2,"Persistently high ANC may suggest evolving infection/SIRS which can predispose to AKI, but remains an indirect marker. Max is more relevant than mean here, yet still not a primary renal predictor."
0_12h_absolute_neutrophil_count_min,1,Low ANC reflects immunosuppression or marrow suppression rather than renal perfusion/injury. In the immediate post-op window it has little direct relationship to creatinine rise.
13_24h_absolute_neutrophil_count_min,1,Neutropenia is not a typical driver or early biomarker of post-cardiac surgery AKI. Any association would be mediated through infection risk and is too indirect for prediction.
0_12h_absolute_neutrophil_count_measured,1,Measurement frequency mainly reflects routine post-op lab protocols and clinician monitoring rather than a physiologic mechanism. In 0–12h it is especially standard-of-care and weakly informative.
13_24h_absolute_neutrophil_count_measured,1,Repeated ANC checks are largely a behavioral proxy for acuity/monitoring and not a direct AKI mechanism. It may correlate with concern for infection but is nonspecific.
25_36h_absolute_neutrophil_count_measured,2,"More frequent ANC measurement at 25–36h may indicate ongoing concern for infection/sepsis, which can precipitate AKI. Still, it is a behavioral proxy and should remain low importance."
0_12h_troponin_measured,2,"Ordering troponin early reflects concern for perioperative myocardial injury, which can lead to low cardiac output and renal hypoperfusion, but this is indirect. As a measured (frequency) feature in 0–12h, it is mostly protocol-driven."
13_24h_troponin_measured,2,"Continued troponin testing suggests ongoing concern for myocardial injury/ischemia and potential hemodynamic compromise affecting kidneys. However, it remains a behavioral proxy rather than a physiologic measurement."
25_36h_troponin_measured,2,"Persistent troponin monitoring at 25–36h may indicate unstable cardiac status with risk for renal hypoperfusion. Still, frequency of testing is nonspecific and should be kept low."
0_12h_po2_mean,2,"Sustained hypoxemia can worsen renal ischemia and contribute to AKI, but mean PaO2 can be influenced by ventilator management and transient post-op factors. In 0–12h, derangements are common and often correct quickly."
13_24h_po2_mean,2,"Ongoing lower mean PaO2 may reflect persistent respiratory failure and systemic hypoxia that can contribute to AKI risk. Mean values are less sensitive than extremes for acute insults, so importance is modest."
25_36h_po2_mean,3,"Persistently reduced oxygenation closer to the outcome can indicate ongoing hypoxemia/critical illness, which is associated with AKI via renal hypoxia and multi-organ dysfunction. Mean is still less specific than a low minimum, but can capture sustained exposure."
0_12h_po2_max,1,High PaO2 (hyperoxia) has uncertain and generally weak links to AKI compared with hypoperfusion/hypoxemia. Max values are heavily driven by FiO2 adjustments and are not a reliable renal risk signal in 0–12h.
13_24h_po2_max,1,PaO2 maxima mainly reflect ventilator/FiO2 titration rather than pathology relevant to AKI. Hyperoxia is not an established strong predictor of creatinine rise post-cardiac surgery.
25_36h_po2_max,1,"Even near the outcome window, PaO2 max is more about oxygen delivery settings than renal injury risk. It is less informative than hypoxemia-related metrics for AKI prediction."
0_12h_po2_min,2,"Low PaO2 reflects hypoxemia and overall cardiopulmonary instability that can contribute to renal ischemia, but early post-op hypoxemia is often transient. In the 0–12h epoch, cap at 3 and keep conservative."
13_24h_po2_min,2,"Persistent hypoxemia may indicate ongoing shock/respiratory failure and higher AKI risk, but PaO2 is an indirect marker compared with perfusion/creatinine/urine output. Minimum is the most relevant aggregation for acute insult."
25_36h_po2_min,3,"Late-window hypoxemia closer to hour 60 can signal sustained critical illness and impaired oxygen delivery, which increases AKI risk. Still indirect for kidney injury, so not a top-tier predictor."
0_12h_po2_measured,1,Measurement frequency mainly reflects monitoring intensity/acuity rather than a physiologic mechanism of AKI. Early post-op ABG frequency is routine after cardiac surgery.
13_24h_po2_measured,1,"More frequent PaO2 checks suggest clinician concern but are not a direct driver of kidney injury. Behavioral proxy only, so keep low."
25_36h_po2_measured,2,"In the later epoch, repeated PaO2 measurements may reflect ongoing instability (ventilation changes, shock) that correlates with AKI risk. Still a behavioral proxy, so limited importance."
0_12h_potassium_mean,2,"Potassium abnormalities can accompany AKI and poor perfusion, but the mean blunts clinically important excursions. Given collinearity with max/min, mean is capped low."
13_24h_potassium_mean,2,Average potassium over 13–24h is an indirect signal and less informative than extremes for evolving renal dysfunction. Cap due to redundancy with max/min.
25_36h_potassium_mean,2,"Later mean potassium may correlate with declining renal clearance, but extremes (especially hyperkalemia) better capture clinically meaningful AKI-related derangements. Keep low to avoid collinearity."
0_12h_potassium_max,3,"Hyperkalemia can be an early marker of reduced renal excretion or severe tissue injury/hemolysis after bypass, and is clinically relevant to AKI risk. In 0–12h, cap at 3 due to frequent transient shifts."
13_24h_potassium_max,3,"Rising peak potassium in the trajectory phase suggests impaired renal clearance and/or ongoing shock, which is associated with AKI. Max is the most pathology-relevant aggregation versus mean."
25_36h_potassium_max,4,"Late hyperkalemia is a strong indicator of reduced renal excretion and impending/worsening AKI, especially close to the hour-60 creatinine outcome. Peak values capture clinically meaningful renal dysfunction better than averages."
0_12h_potassium_min,2,"Hypokalemia is common post-op (diuretics, insulin shifts) and is not a direct AKI marker; it may reflect treatment intensity rather than renal failure. Minimum is less specific for AKI than maximum."
13_24h_potassium_min,2,"Low potassium may indicate ongoing diuresis/insulin therapy and does not directly predict creatinine rise. It is an indirect, nonspecific signal for AKI."
25_36h_potassium_min,2,"Later hypokalemia remains more reflective of management (diuretics, alkalosis) than intrinsic kidney injury. Compared with hyperkalemia, it is a weaker AKI predictor."
0_12h_potassium_measured,1,"Frequency of potassium checks is largely standard ICU practice after cardiac surgery and reflects monitoring intensity rather than kidney injury mechanism. As a behavioral proxy, keep minimal importance."
13_24h_potassium_measured,2,Measurement frequency reflects clinician concern for electrolyte/renal issues rather than kidney injury itself. In the 13–24h window it may weakly proxy evolving AKI or arrhythmia risk but is not a direct predictor.
25_36h_potassium_measured,2,"More frequent potassium checks closer to hour 60 can indicate concern for renal dysfunction or instability, but it is still a behavioral/acuity marker rather than physiology. Per rules, keep measured features low."
0_12h_total_bilirubin_mean,2,"Early postoperative bilirubin can reflect hemolysis/CPB effects or hepatic congestion, which correlates with illness severity and cardiorenal syndrome. Mean in 0–12h smooths transient spikes and is less informative than extremes."
0_12h_total_bilirubin_max,3,"An early bilirubin peak may signal significant hemolysis, hepatic hypoperfusion, or right-sided congestion, all associated with higher AKI risk after cardiac surgery. Capped at 3 due to 0–12h epoch conservatism."
0_12h_total_bilirubin_min,1,The minimum bilirubin value in the immediate postoperative period is not pathologic and has little mechanistic link to AKI risk. It is largely uninformative compared with elevated values.
0_12h_total_bilirubin_measured,1,Ordering frequency of bilirubin in 0–12h mainly reflects routine postoperative labs or nonspecific concern. As a measured feature it is not a physiologic driver of AKI.
13_24h_total_bilirubin_measured,1,"Repeat bilirubin checks in 13–24h are a nonspecific marker of acuity (e.g., concern for liver dysfunction/hemolysis) rather than renal injury. Per rules, measured features should remain low."
25_36h_total_bilirubin_measured,2,"More frequent bilirubin monitoring at 25–36h may indicate ongoing shock/congestion or hemolysis, which can co-occur with AKI, but it remains an indirect behavioral proxy. Keep low per measured-feature rule."
0_12h_rbc_count_mean,2,"Lower RBC count/anemia can worsen oxygen delivery and correlate with bleeding/transfusion, which are associated with AKI risk, but early postoperative means are confounded by hemodilution. Mean is less informative than nadir."
13_24h_rbc_count_mean,2,"Persistent anemia in 13–24h may reflect ongoing bleeding/hemodilution and reduced oxygen delivery, indirectly increasing AKI risk. Mean aggregation dilutes the impact of acute nadirs."
25_36h_rbc_count_mean,3,"Sustained anemia by 25–36h can indicate ongoing critical illness/bleeding and impaired oxygen delivery, which can contribute to renal ischemia. Still indirect and less specific than an RBC nadir."
0_12h_rbc_count_max,1,Higher RBC counts are generally not a trigger for AKI in this context and may reflect hemoconcentration or transfusion without clear directionality. Max is not the pathologic signal for renal risk here.
13_24h_rbc_count_max,1,An elevated RBC maximum is not a recognized driver of postoperative AKI and is difficult to interpret (transfusion/hemoconcentration). It adds little beyond other hemodynamic and bleeding markers.
25_36h_rbc_count_max,1,RBC maximum late in the course is not a meaningful AKI predictor compared with anemia/nadir or perfusion variables. It is unlikely to capture the relevant pathology.
0_12h_rbc_count_min,3,"An early RBC nadir reflects hemodilution/bleeding and potential need for transfusion, which are associated with AKI after cardiac surgery. Capped at 3 due to 0–12h epoch conservatism."
13_24h_rbc_count_min,3,"A low RBC nadir in 13–24h suggests persistent anemia/bleeding and reduced oxygen delivery, which can contribute to renal ischemia and AKI risk. Min is the most clinically relevant aggregation for this signal."
25_36h_rbc_count_min,3,"Low RBC count late (25–36h) can reflect ongoing bleeding/hemodilution and reduced oxygen delivery, which can worsen renal medullary hypoxia and AKI risk. It is an indirect but established contributor rather than a direct kidney biomarker."
0_12h_rbc_count_measured,1,Measurement frequency mainly reflects routine post-op monitoring and acuity rather than a physiologic driver of AKI. In the immediate 0–12h period it is especially nonspecific.
13_24h_rbc_count_measured,1,Ordering frequency is a behavioral proxy (concern for bleeding/anemia) and not a direct mechanism for AKI. It adds little beyond actual hemoglobin/RBC values.
25_36h_rbc_count_measured,2,"More frequent RBC checks at 25–36h may indicate ongoing bleeding/transfusion needs and higher illness severity, which can correlate with AKI risk. Still, it is an indirect proxy and should be kept low to avoid over-weighting monitoring intensity."
0_12h_d_dimer_measured,1,Whether D-dimer was checked early is largely practice-pattern/concern for thrombosis and does not directly reflect renal perfusion or injury. In 0–12h it is particularly nonspecific after surgery.
13_24h_d_dimer_measured,1,"D-dimer ordering frequency is a weak, indirect marker of clinician concern (e.g., VTE/DIC) rather than a causal AKI predictor. It should not compete with physiologic/hemodynamic variables."
25_36h_d_dimer_measured,2,"Checking D-dimer at 25–36h may signal suspected thrombosis/DIC/sepsis, which can be associated with AKI via microthrombi or shock. Still, it is a behavioral proxy and not a direct renal marker."
0_12h_teg_activated_clotting_time_measured,1,TEG ACT measurement reflects coagulation management around surgery/bleeding risk and is not a direct predictor of renal injury. In the immediate post-op window it is common and nonspecific.
13_24h_teg_activated_clotting_time_measured,1,Ordering TEG ACT is primarily driven by bleeding/anticoagulation management rather than kidney physiology. As a measured-only feature it provides minimal incremental AKI signal.
25_36h_teg_activated_clotting_time_measured,2,"Late TEG ACT checks may indicate ongoing coagulopathy/bleeding requiring transfusion, which can contribute to AKI risk through hypotension, inflammation, and transfusion-related effects. Still indirect and should remain low."
0_12h_percent_immature_granulocyte_mean,2,"Immature granulocytes can reflect systemic inflammation/infection, which is associated with AKI risk, but early post-op inflammation is common and transient. Mean values also smooth peaks, reducing specificity for acute insult."
13_24h_percent_immature_granulocyte_mean,2,"Persistent elevation may suggest evolving infection/inflammatory response that can predispose to AKI, but the mean is less informative than extremes. In 13–24h, it remains a moderate, indirect signal."
0_12h_percent_immature_granulocyte_max,3,"A high peak immature granulocyte percentage can indicate a strong inflammatory/septic response, which is a recognized AKI risk factor. In 0–12h, cap at 3 because post-bypass inflammation is common and may be transient."
13_24h_percent_immature_granulocyte_max,3,"A peak in 13–24h may better reflect evolving infection/SIRS than immediate post-op changes and is associated with AKI risk via cytokine-mediated renal injury and hemodynamic instability. Still not kidney-specific, so not higher than 3."
0_12h_percent_immature_granulocyte_min,1,The minimum immature granulocyte percentage is not pathologic and does not capture inflammatory insult relevant to AKI. It is unlikely to add predictive value.
13_24h_percent_immature_granulocyte_min,1,A low/minimum immature granulocyte percentage is not a meaningful AKI risk marker and does not represent a harmful extreme. It should be deprioritized to reduce redundancy.
0_12h_percent_immature_granulocyte_measured,1,"Measurement frequency reflects clinician concern for infection/inflammation rather than renal physiology. In the immediate post-op window it is a weak, indirect proxy for acuity and not specific for AKI."
13_24h_percent_immature_granulocyte_measured,1,Ordering frequency is a behavioral marker and not a direct driver of creatinine rise. At 13–24h it remains nonspecific for kidney injury risk.
25_36h_percent_immature_granulocyte_measured,2,"More frequent checks late may indicate evolving sepsis/SIRS, which can precipitate AKI, but it is still an indirect proxy rather than a physiologic marker. Thus it has limited predictive value."
0_12h_teg_fibrinolysis_measured,1,Whether TEG fibrinolysis was measured mainly reflects bleeding/coagulopathy evaluation and practice patterns. It has no specific mechanistic link to AKI beyond general illness severity.
13_24h_teg_fibrinolysis_measured,1,"TEG fibrinolysis measurement is not a renal biomarker and is largely unrelated to kidney perfusion. At most it reflects ongoing bleeding/acuity, which is nonspecific."
25_36h_teg_fibrinolysis_measured,1,Late measurement still primarily indicates concern for coagulopathy/bleeding rather than renal injury. Any association with AKI would be indirect and weak.
0_12h_creatinine_ratio_mean,2,"Early average creatinine ratio can reflect immediate post-op hemodilution/CPB effects and may be transient; it is less informative than extremes or later values. To reduce collinearity with max/min, the mean is down-weighted."
13_24h_creatinine_ratio_mean,2,Averaged creatinine ratio in this epoch is less sensitive to early AKI trajectory than the maximum value. Mean is capped to avoid redundancy with more pathologic aggregations.
25_36h_creatinine_ratio_mean,2,"Although closer to the outcome, the mean still smooths clinically important rises; the maximum better captures evolving AKI. Mean is therefore capped for collinearity control."
0_12h_creatinine_ratio_max,3,"An early peak in creatinine ratio may indicate early renal insult, but immediate post-op changes can be noisy and transient (fluid shifts/CPB). In 0–12h the score is conservatively limited."
13_24h_creatinine_ratio_max,4,A rising/peaking creatinine ratio by 13–24h suggests true early AKI rather than transient perioperative effects. This is a strong direct predictor of subsequent creatinine elevation.
25_36h_creatinine_ratio_max,5,A high creatinine ratio peak at 25–36h is an early biomarker of evolving AKI and is temporally close to the 60h outcome. It directly reflects impaired renal function and strongly predicts further rise.
0_12h_creatinine_ratio_min,1,The minimum creatinine ratio early post-op is often driven by hemodilution and does not indicate renal injury. It is unlikely to predict later creatinine rise.
13_24h_creatinine_ratio_min,1,A low minimum value is not pathologic for AKI prediction and may reflect dilution or recovery. It adds little beyond max/trajectory information.
25_36h_creatinine_ratio_min,1,Minimum creatinine ratio late is generally not informative for AKI risk compared with the maximum or upward trend. It is not a marker of renal dysfunction.
0_12h_creatinine_ratio_measured,2,"More frequent creatinine checks can reflect clinician concern for renal dysfunction or instability, but it is not a physiologic driver. In the immediate post-op period it is a weak-to-plausible proxy for acuity."
13_24h_creatinine_ratio_measured,2,Measurement frequency reflects clinician concern and monitoring intensity rather than renal physiology. In the 13–24h window it may weakly proxy evolving renal dysfunction but is not a direct predictor.
25_36h_creatinine_ratio_measured,2,"More frequent creatinine checks closer to hour 60 can indicate suspected AKI, but it is still a behavioral/acuity marker rather than a physiologic driver. Kept low per _measured rule."
0_12h_x25_percent_albumin_dose_total_12h,2,"Hyperoncotic albumin use early post-op often reflects hypotension/vasoplegia or volume management, indirectly related to renal hypoperfusion. In 0–12h many derangements are transient, so prognostic value is limited."
13_24h_x25_percent_albumin_dose_total_12h,3,"Ongoing need for 25% albumin in the trajectory phase suggests persistent hemodynamic instability/third spacing and attempts to support effective circulating volume, which can relate to AKI risk. Still indirect and confounded by practice patterns."
25_36h_x25_percent_albumin_dose_total_12h,3,"Late requirement for 25% albumin may indicate continued capillary leak, low oncotic pressure, or hemodynamic fragility close to the outcome window, which can precede AKI. Association is indirect and treatment-driven rather than a biomarker."
0_12h_albumin_5_percent_dose_total_12h,2,5% albumin is a volume expander; early use mainly reflects immediate post-bypass resuscitation and does not specifically predict intrinsic renal injury. Link to AKI is indirect via perfusion/volume status.
13_24h_albumin_5_percent_dose_total_12h,3,"Continued colloid resuscitation in 13–24h suggests ongoing fluid responsiveness needs or hypotension, which can compromise renal perfusion. Predictive value is moderate and confounded by clinician choice."
25_36h_albumin_5_percent_dose_total_12h,3,"Albumin use in 25–36h may signal persistent hemodynamic/volume issues near the time AKI declares, making it a moderate indirect predictor. It is not a direct renal injury marker."
0_12h_acetaminophen_codeine_dose_total_12h,1,Analgesic dosing is not a known driver of postoperative AKI; acetaminophen is generally non-nephrotoxic and codeine effects are mainly sedation/hypoventilation. Early dosing largely reflects routine pain control.
13_24h_acetaminophen_codeine_dose_total_12h,1,Primarily reflects analgesia needs and prescribing habits rather than renal perfusion or nephrotoxicity. No strong mechanistic link to AKI in this context.
25_36h_acetaminophen_codeine_dose_total_12h,1,"Ongoing use remains a weak, nonspecific marker of pain management and does not directly predict creatinine rise. Any association would be highly confounded."
0_12h_acetaminophen_dose_total_12h,1,Acetaminophen is not typically nephrotoxic at therapeutic doses and is routine post-op care. Early dosing provides minimal AKI prognostic information.
13_24h_acetaminophen_dose_total_12h,1,Represents standard analgesia/antipyresis rather than renal injury or perfusion status. Weak to no evidence for predicting postoperative creatinine ratio.
25_36h_acetaminophen_dose_total_12h,1,Late acetaminophen dosing remains nonspecific and not mechanistically linked to AKI. Any correlation would likely reflect overall illness burden rather than causation.
0_12h_allopurinol_dose_total_12h,1,Allopurinol is not a typical perioperative AKI driver; dosing mainly reflects chronic gout/hyperuricemia management. In the immediate post-op period it has little direct relevance to creatinine rise.
13_24h_allopurinol_dose_total_12h,1,Continuation of allopurinol is largely a home-med reconciliation signal and not a strong predictor of postoperative AKI. Any association would be indirect via baseline comorbidity rather than acute physiology.
25_36h_allopurinol_dose_total_12h,1,Allopurinol use/dose is not a typical driver of post-cardiac surgery AKI and is more reflective of chronic gout management than acute renal hypoperfusion or nephrotoxicity in this setting.
0_12h_aminocaproic_acid_dose_total_12h,2,"Antifibrinolytic exposure is not a primary AKI mechanism, though it may correlate with bleeding/transfusion burden and overall surgical complexity; early (0–12h) signals are often transient."
13_24h_aminocaproic_acid_dose_total_12h,2,"Continued aminocaproic acid use may proxy ongoing bleeding risk or re-exploration concern, indirectly relating to AKI via hemodynamic instability, but it is not a direct renal injury marker."
25_36h_aminocaproic_acid_dose_total_12h,2,"Late aminocaproic acid administration can indicate persistent bleeding risk/acuity, which can contribute to renal hypoperfusion, but the drug itself is not a strong established AKI predictor."
0_12h_amiodarone_dose_total_12h,2,"Amiodarone use early post-op mainly reflects arrhythmia management; any AKI link is indirect through low cardiac output or hypotension, and 0–12h derangements are commonly transient."
13_24h_amiodarone_dose_total_12h,2,"Ongoing amiodarone suggests persistent atrial/ventricular arrhythmias and possible hemodynamic compromise, which can reduce renal perfusion, but it is not a direct nephrotoxin in this context."
25_36h_amiodarone_dose_total_12h,3,"Arrhythmias requiring amiodarone closer to hour 60 can be a stronger proxy for sustained low cardiac output/hemodynamic instability, which is an established contributor to AKI risk."
0_12h_amlodipine_dose_total_12h,1,Amlodipine is typically a chronic antihypertensive and is not a meaningful acute predictor of post-op AKI; early administration is unlikely to reflect renal pathophysiology.
13_24h_amlodipine_dose_total_12h,1,Continuation of amlodipine mainly reflects home-med reconciliation rather than evolving renal hypoperfusion or nephrotoxic exposure.
25_36h_amlodipine_dose_total_12h,1,"Late amlodipine use remains a weak, non-specific marker and is not an established driver or biomarker of AKI after cardiac surgery."
0_12h_ampicillin_dose_total_12h,1,Ampicillin is not typically nephrotoxic and early use is more related to infection prophylaxis/coverage than renal injury risk; 0–12h is also a noisy post-op period.
13_24h_ampicillin_dose_total_12h,2,"Antibiotic continuation may indicate suspected infection/sepsis, which can contribute to AKI via inflammation and hypotension, but ampicillin itself is not a strong AKI predictor."
25_36h_ampicillin_dose_total_12h,2,"Late antibiotic use can proxy evolving infection/sepsis risk (a contributor to AKI), but the specific agent ampicillin has weak direct nephrotoxic association."
0_12h_angiotensin_ii_dose_total_12h,3,"Angiotensin II use indicates vasodilatory shock and severe hemodynamic instability, an established AKI risk factor, but early post-op vasoplegia can be transient (cap at 3 for 0–12h)."
13_24h_angiotensin_ii_dose_total_12h,4,"Need for angiotensin II in the trajectory phase suggests persistent vasoplegic shock and high vasopressor requirement, strongly associated with renal hypoperfusion and subsequent AKI."
25_36h_angiotensin_ii_dose_total_12h,5,"Angiotensin II requirement close to the outcome window is a marker of ongoing refractory shock/hemodynamic collapse, a direct pathway to ischemic tubular injury and rising creatinine."
0_12h_apixaban_dose_total_12h,1,Apixaban exposure is not a direct driver of postoperative AKI; dosing mainly reflects anticoagulation indication rather than renal perfusion. In the immediate 0–12h window it is unlikely to add specific prognostic signal for creatinine rise.
13_24h_apixaban_dose_total_12h,1,Apixaban use is not a typical cause of AKI and is more related to thromboembolism prophylaxis/AF management than kidney injury. Any association would be indirect (bleeding/hemodynamics) and weak.
25_36h_apixaban_dose_total_12h,2,"Later apixaban dosing may weakly proxy clinical stability and renal function awareness (dose adjustments/holding), but it is not a mechanistic AKI predictor. Overall link to creatinine_ratio is indirect."
0_12h_aspirin_dose_total_12h,1,Aspirin at typical post-cardiac surgery doses is not a major nephrotoxin and has minimal direct impact on renal perfusion compared with hemodynamics. In 0–12h it is largely routine care.
13_24h_aspirin_dose_total_12h,1,Continued aspirin generally reflects standard antiplatelet management rather than evolving renal injury. Any AKI relationship is weak and confounded by overall postoperative course.
25_36h_aspirin_dose_total_12h,1,Aspirin dosing in this window is still primarily protocol-driven and not a strong determinant of creatinine rise. It provides little specific signal for AKI risk.
0_12h_atorvastatin_dose_total_12h,1,Statins are not a typical acute cause of postoperative AKI; perioperative continuation is common and not tightly linked to renal perfusion. Rare rhabdomyolysis-related AKI is unlikely to be captured by routine dosing here.
13_24h_atorvastatin_dose_total_12h,1,Atorvastatin administration mainly reflects chronic cardiovascular prevention rather than acute kidney injury physiology. Any association with AKI is weak and indirect.
25_36h_atorvastatin_dose_total_12h,1,Statin dosing remains a low-specificity marker for AKI risk and is not a direct predictor of creatinine_ratio. It is more indicative of medication reconciliation/clinical stability.
0_12h_bisacodyl_dose_total_12h,1,Bisacodyl use is unrelated to renal perfusion or nephrotoxicity and mainly reflects bowel regimen practices. It has no meaningful physiologic link to AKI.
13_24h_bisacodyl_dose_total_12h,1,Bowel regimen administration does not predict postoperative creatinine rise and is largely routine supportive care. Any correlation would be incidental.
25_36h_bisacodyl_dose_total_12h,1,Bisacodyl remains non-informative for AKI risk; it does not reflect kidney injury mechanisms or hemodynamic compromise. Likely noise for creatinine_ratio prediction.
0_12h_bivalirudin_dose_total_12h,2,"Bivalirudin use may indicate complex anticoagulation needs (e.g., HIT/ECMO) and higher illness severity, which can correlate with AKI risk. However, it is not a direct renal biomarker and 0–12h scores are capped conservatively."
13_24h_bivalirudin_dose_total_12h,3,"Ongoing bivalirudin can be a proxy for high-acuity postoperative course (mechanical support, thrombosis/bleeding risk) associated with renal hypoperfusion and AKI. The link is indirect but clinically meaningful in this trajectory phase."
25_36h_bivalirudin_dose_total_12h,3,"Continued bivalirudin in the 25–36h window often reflects persistent critical illness or mechanical circulatory support, both strong contexts for AKI development. Still, it is a proxy variable rather than a direct kidney injury measure."
0_12h_bumetanide_dose_total_12h,3,"Early loop diuretic requirement can reflect volume overload, low cardiac output, or attempts to manage oliguria, all associated with AKI risk. In 0–12h it is confounded by transient postoperative fluid shifts but remains an established risk-context marker."
13_24h_bumetanide_dose_total_12h,3,"Loop diuretic requirement suggests volume overload/venous congestion or evolving oliguria, both associated with AKI risk, though it is partly treatment-response confounding. In the 13–24h trajectory phase it can reflect failure to diurese or worsening renal perfusion."
25_36h_bumetanide_dose_total_12h,4,"High bumetanide dosing close to the outcome often reflects persistent congestion or diuretic resistance/oliguria, which strongly correlates with subsequent creatinine rise. This late window is a leading indicator of evolving AKI physiology and clinician response."
0_12h_calcium_acetate_dose_total_12h,1,Calcium acetate is a phosphate binder and is not a direct driver of acute postoperative AKI; early use is uncommon and more reflective of chronic CKD management. In the immediate 0–12h period it provides little specific prognostic signal for creatinine rise.
13_24h_calcium_acetate_dose_total_12h,2,"Use may indicate underlying CKD or hyperphosphatemia management, which is indirectly associated with AKI susceptibility. However it is not a direct physiologic marker of acute renal injury."
25_36h_calcium_acetate_dose_total_12h,2,"Late initiation/continuation can reflect CKD or rising phosphate in the setting of reduced renal clearance, indirectly linked to AKI. Still, it is a treatment choice rather than a direct biomarker of acute creatinine change."
0_12h_calcium_carbonate_dose_total_12h,1,Calcium carbonate (antacid/phosphate binder) has minimal direct relationship to acute postoperative renal perfusion or tubular injury. In 0–12h it is largely routine medication reconciliation/supportive care.
13_24h_calcium_carbonate_dose_total_12h,1,Primarily reflects chronic supplementation or binder use and does not directly predict AKI. Any association would be weak and confounded by baseline CKD.
25_36h_calcium_carbonate_dose_total_12h,1,"Continued calcium carbonate use is not a meaningful physiologic indicator of impending AKI compared with hemodynamics, urine output, or renal labs. It is largely maintenance therapy."
0_12h_calcium_chloride_dose_total_12h,3,"Calcium chloride is often given for hemodynamic instability, massive transfusion/citrate load, or post-CPB myocardial dysfunction; these states can reduce renal perfusion and increase AKI risk. In 0–12h, however, it is capped because early derangements are common and transient."
13_24h_calcium_chloride_dose_total_12h,3,"Ongoing need for calcium chloride suggests persistent shock physiology, high transfusion burden, or severe electrolyte derangements, all associated with AKI risk. It remains an indirect marker of severity rather than a renal-specific biomarker."
25_36h_calcium_chloride_dose_total_12h,4,"Late requirement for calcium chloride implies ongoing hemodynamic compromise or severe metabolic derangement close to the outcome window, which strongly predicts renal hypoperfusion-related AKI. It serves as a severity-of-illness proxy tightly linked to creatinine rise."
0_12h_calcium_gluconate_dose_total_12h,2,"Calcium gluconate is commonly used for mild hypocalcemia or hyperkalemia stabilization; it reflects perioperative electrolyte shifts more than kidney injury. In 0–12h it is frequent and nonspecific, so prognostic value for AKI is limited."
13_24h_calcium_gluconate_dose_total_12h,2,"May indicate ongoing electrolyte abnormalities (e.g., hyperkalemia) that can accompany renal dysfunction, but it is still an indirect treatment marker. Association with AKI is plausible but weak."
25_36h_calcium_gluconate_dose_total_12h,3,"Late calcium gluconate use can signal hyperkalemia or worsening metabolic derangements from declining renal clearance, which is more predictive near hour 60. Still, it is not a direct renal biomarker and is influenced by clinician practice."
0_12h_carvedilol_dose_total_12h,1,Early postoperative beta-blocker administration is mainly chronic therapy continuation and is not a direct driver of AKI. In the immediate 0–12h period it is often held/variable and provides little specific renal prognostic information.
13_24h_carvedilol_dose_total_12h,2,"Receipt of carvedilol may reflect hemodynamic stability and underlying heart failure, which indirectly relates to renal perfusion and congestion. However it is a weak, practice-dependent marker rather than a direct predictor of creatinine rise."
25_36h_carvedilol_dose_total_12h,2,"Beta-blockade can contribute to lower cardiac output or hypotension in susceptible patients, indirectly affecting renal perfusion. However, carvedilol dosing is usually a marker of cardiac management rather than a direct AKI driver."
0_12h_cefepime_dose_total_12h,2,"Cefepime is renally cleared and dosing may reflect renal function concerns or infection severity, but it is not a classic nephrotoxin. In the immediate 0–12h post-op window, it is more likely routine empiric therapy than a specific AKI signal."
13_24h_cefepime_dose_total_12h,2,"Ongoing cefepime use may proxy infection/sepsis risk, which can contribute to AKI, but the drug itself is not strongly nephrotoxic. Dose adjustments may reflect evolving renal function, yet this remains an indirect predictor."
25_36h_cefepime_dose_total_12h,3,"By 25–36h, continued broad-spectrum antibiotics can indicate persistent infection/sepsis, a well-known AKI risk via hypotension/inflammation. Cefepime itself is still an indirect marker rather than a direct renal injury biomarker."
0_12h_ceftriaxone_dose_total_12h,1,Ceftriaxone is not typically nephrotoxic and is often routine perioperative coverage. In the first 12 hours it provides little specific prognostic information for AKI.
13_24h_ceftriaxone_dose_total_12h,1,Continued ceftriaxone generally reflects infection treatment choices rather than renal injury physiology. It has weak direct linkage to AKI risk compared with hemodynamics or nephrotoxins.
25_36h_ceftriaxone_dose_total_12h,2,"At 25–36h, ongoing antibiotics may indicate infection burden, which can increase AKI risk, but ceftriaxone itself is rarely causative. Thus it is at most an indirect severity-of-illness proxy."
0_12h_clonidine_dose_total_12h,2,"Clonidine can lower sympathetic tone and blood pressure, potentially reducing renal perfusion, but early post-op use is often for sedation/analgesia adjunct or hypertension control. Given transient perioperative instability, its AKI signal is limited in 0–12h."
13_24h_clonidine_dose_total_12h,3,"In the trajectory phase, clonidine dosing may reflect ongoing hemodynamic management and risk of hypotension/bradycardia that can impair renal perfusion. Still, it is an indirect predictor compared with direct MAP/vasopressor measures."
25_36h_clonidine_dose_total_12h,3,"Closer to the outcome window, clonidine-associated hypotension or need for antihypertensive control can meaningfully relate to renal perfusion status. It remains a moderate, indirect hemodynamic risk marker rather than a direct AKI biomarker."
0_12h_clopidogrel_dose_total_12h,1,Clopidogrel is not nephrotoxic and has no direct mechanistic link to AKI. Early post-op administration mainly reflects antiplatelet strategy rather than renal risk.
13_24h_clopidogrel_dose_total_12h,1,Ongoing clopidogrel use is largely unrelated to renal perfusion or tubular injury. Any association with AKI would be confounded by cardiovascular indication rather than causal.
25_36h_clopidogrel_dose_total_12h,1,Clopidogrel dosing does not directly predict creatinine rise and is not a recognized AKI risk factor. It is primarily a marker of antithrombotic management.
0_12h_colchicine_dose_total_12h,1,Colchicine is not a typical cause of AKI at standard doses and is usually used for pericarditis prophylaxis/treatment. In 0–12h it is unlikely to add meaningful AKI prediction beyond other physiologic variables.
13_24h_colchicine_dose_total_12h,1,Colchicine use mainly reflects inflammatory/pericarditis management and has weak direct linkage to postoperative AKI. Any renal relevance is typically via dose adjustment in established renal dysfunction rather than causing it.
25_36h_colchicine_dose_total_12h,2,"By 25–36h, colchicine dosing/withholding may indirectly reflect clinician awareness of renal impairment (dose reduction in CKD/AKI). However, it is still not a strong causal driver of AKI compared with hemodynamics or nephrotoxins."
0_12h_d10_lr_dose_total_12h,2,D10 in LR reflects fluid/dextrose support and overall acuity rather than a direct AKI mechanism; early post-op fluids are common and transient. LR may modestly affect acid-base/chloride load but is not a strong standalone predictor.
13_24h_d10_lr_dose_total_12h,2,"Ongoing need for dextrose-containing crystalloid suggests continued support/illness severity, which can correlate with AKI risk indirectly. Still not a direct renal biomarker or specific nephrotoxic exposure."
25_36h_d10_lr_dose_total_12h,2,"Late requirement for D10 LR may indicate persistent instability or nutrition/glucose management issues, indirectly associated with AKI risk. The fluid type itself is not a strong causal driver of creatinine rise."
0_12h_d10w_dose_total_12h,1,D10W use early post-op is usually for hypoglycemia prevention/treatment or maintenance fluids and has minimal direct linkage to renal tubular injury. More reflective of routine management than AKI pathophysiology.
13_24h_d10w_dose_total_12h,2,"Continued D10W may reflect ongoing metabolic stress or inability to feed, serving as an indirect marker of severity. It does not directly impair renal perfusion or indicate intrinsic kidney injury."
25_36h_d10w_dose_total_12h,2,"Persistent D10W requirement closer to the outcome can track with prolonged critical illness, which is associated with AKI risk. However it remains nonspecific and not a direct renal insult."
0_12h_d5_0_45ns_dose_total_12h,2,Hypotonic saline with dextrose is a fluid-management choice; early post-op volumes may relate to hemodynamics but are often protocolized. Any AKI association is indirect via overall fluid balance/illness severity.
13_24h_d5_0_45ns_dose_total_12h,2,"Use in this window may indicate ongoing maintenance fluid needs and clinical trajectory, indirectly linked to AKI through volume status and perfusion. Not a specific predictor compared with direct hemodynamic or renal markers."
25_36h_d5_0_45ns_dose_total_12h,2,"Later need for D5 0.45% NS can reflect prolonged ICU dependence and fluid strategy, which may correlate with AKI risk indirectly. The fluid itself is not a strong mechanistic driver of creatinine rise."
0_12h_d5_lr_dose_total_12h,2,"D5 LR indicates crystalloid administration with dextrose; early post-op resuscitation is common and transient, limiting specificity for AKI. Any signal is mainly via severity/volume status rather than direct nephrotoxicity."
13_24h_d5_lr_dose_total_12h,2,"Ongoing D5 LR suggests continued fluid support and may track with hemodynamic course, indirectly affecting renal perfusion. Still nonspecific compared with vasopressor dose, MAP, lactate, or urine output."
25_36h_d5_lr_dose_total_12h,2,"In the leading-indicator window, continued crystalloid/dextrose use may reflect persistent instability or attempts to manage volume status, indirectly associated with AKI. LR is generally kidney-neutral; association is not direct."
0_12h_d5_ns_dose_total_12h,2,"Normal saline exposure can contribute to hyperchloremia and renal vasoconstriction, but early post-op use is common and often transient, limiting predictive specificity. Thus it is an indirect AKI risk marker in this epoch."
13_24h_d5_ns_dose_total_12h,3,"Continued saline administration beyond the immediate post-op period can contribute to chloride load and fluid overload, both associated with AKI risk. This remains indirect but more informative as it reflects ongoing management needs."
25_36h_d5_ns_dose_total_12h,3,"In the 25–36h window, ongoing NS exposure may better capture sustained chloride-rich fluid strategy and cumulative fluid balance, which are linked to AKI and creatinine rise. Still not a definitive biomarker, but a plausible contributor."
0_12h_d50w_dose_total_12h,1,D50W is typically given for hypoglycemia treatment and is not mechanistically tied to AKI. In the immediate post-op period it mainly reflects episodic glucose management rather than renal injury risk.
13_24h_d50w_dose_total_12h,2,D50W use is usually a marker of hypoglycemia treatment or insulin therapy rather than a direct AKI driver. It may weakly proxy illness severity but has no specific renal-perfusion mechanism.
25_36h_d50w_dose_total_12h,2,"Later D50W administration can reflect ongoing metabolic instability/critical illness, which correlates indirectly with AKI risk. Still not a direct nephrotoxic or renal-perfusion variable."
0_12h_d5w_dose_total_12h,1,D5W is commonly used for maintenance fluids/medication carriers and is not a specific predictor of AKI. In the immediate post-op window it is especially nonspecific.
13_24h_d5w_dose_total_12h,1,"D5W volume mainly reflects routine fluid/medication administration and does not directly indicate renal hypoperfusion or nephrotoxicity. Weak, nonspecific association with acuity at best."
25_36h_d5w_dose_total_12h,2,"Higher D5W later may reflect attempts to manage hypernatremia/free-water deficit or ongoing high IV needs, indirectly tracking severity. It remains a weak and nonspecific AKI predictor."
0_12h_dialysate_infusion_dose_total_12h,3,"Dialysate infusion implies renal replacement therapy (or preparation for it), which is strongly linked to kidney dysfunction, but in the immediate post-op period it may reflect pre-existing CKD/ESRD rather than new AKI. Capped by the 0–12h epoch maximum."
13_24h_dialysate_infusion_dose_total_12h,4,Need for dialysate/RRT in the trajectory phase strongly indicates significant renal dysfunction and predicts higher creatinine at 60h. It is close to a direct marker of severe AKI/renal failure.
25_36h_dialysate_infusion_dose_total_12h,5,Dialysate infusion/RRT in the 25–36h window is essentially a direct indicator of severe renal failure and strongly predicts elevated creatinine ratio at 60h. This is among the most definitive renal-related signals available.
0_12h_dilaudid_pca_dose_total_12h,1,Opioid PCA dosing is primarily analgesia management and does not directly affect renal perfusion or nephrotoxicity. Early post-op dosing is routine and nonspecific.
13_24h_dilaudid_pca_dose_total_12h,1,Continued PCA opioid use reflects pain control needs and care practices rather than kidney injury mechanisms. Any association with AKI would be indirect and weak.
25_36h_dilaudid_pca_dose_total_12h,1,Later PCA dosing remains a nonspecific marker of analgesia requirements and does not directly predict creatinine rise. Opioids are not typical nephrotoxins in this context.
0_12h_hydromorphone_dose_total_12h,1,Hydromorphone dosing is mainly a marker of analgesia/sedation strategy and is not a direct AKI risk factor. Immediate post-op use is common and poorly discriminative.
13_24h_hydromorphone_dose_total_12h,1,"Ongoing opioid dosing has minimal direct physiologic linkage to AKI aside from very indirect effects (e.g., hypotension/respiratory depression). Overall prognostic value for creatinine ratio is weak."
25_36h_hydromorphone_dose_total_12h,1,"Hydromorphone dose later is still largely driven by pain/sedation needs and practice variation, not renal perfusion or nephrotoxicity. Weak predictor of subsequent creatinine rise."
0_12h_dobutamine_dose_total_12h,3,"Dobutamine use indicates low cardiac output/cardiogenic shock physiology that can reduce renal perfusion and precipitate AKI, but early post-bypass inotrope use is common and sometimes transient. Capped by the 0–12h epoch maximum."
13_24h_dobutamine_dose_total_12h,4,"Persistent inotrope requirement in the 13–24h window suggests ongoing low-output state and renal hypoperfusion, a strong driver of post-cardiac surgery AKI. More prognostic than immediate post-op use because it reflects failure to stabilize."
25_36h_dobutamine_dose_total_12h,4,"Ongoing inotrope requirement late post-op is a strong marker of low cardiac output/cardiogenic shock physiology, which directly reduces renal perfusion and increases AKI risk."
0_12h_docusate_dose_total_12h,1,Stool softener use is routine ICU care and has no meaningful physiologic link to renal perfusion or intrinsic kidney injury; early post-op window is especially nonspecific.
13_24h_docusate_dose_total_12h,1,Docusate dosing reflects bowel regimen practice rather than kidney physiology and is not an established predictor of AKI.
25_36h_docusate_dose_total_12h,1,Continued bowel regimen use does not indicate renal injury or hemodynamic compromise and is unlikely to predict creatinine rise.
0_12h_dopamine_dose_total_12h,3,"Need for vasoactive/inotropic support immediately post-op suggests hemodynamic instability that can contribute to renal hypoperfusion, but this period is often transient after bypass/anesthesia."
13_24h_dopamine_dose_total_12h,4,"Persistent dopamine requirement in the trajectory phase indicates ongoing shock/low output or vasoplegia, which is strongly associated with subsequent AKI."
25_36h_dopamine_dose_total_12h,4,"Late ongoing dopamine use is a strong proxy for sustained hemodynamic compromise and renal hypoperfusion close to the outcome window, increasing AKI risk."
0_12h_enoxaparin_dose_total_12h,1,Enoxaparin dosing is primarily VTE prophylaxis/anticoagulation practice and is not a direct driver of AKI; early post-op administration is not specific for renal injury.
13_24h_enoxaparin_dose_total_12h,1,"Enoxaparin use mainly reflects prophylaxis decisions; while dosing may be adjusted for renal function, it is an indirect and weak predictor of future creatinine rise."
25_36h_enoxaparin_dose_total_12h,2,"Later enoxaparin dosing can indirectly reflect clinician awareness of renal function (dose adjustment/holding), but it is not a physiologic cause or strong predictor of AKI."
0_12h_ephedrine_sulfate_dose_total_12h,2,"Ephedrine use suggests perioperative hypotension/vasodilation requiring pressor boluses, which can relate to renal hypoperfusion, but in the immediate post-op period it is often transient."
13_24h_ephedrine_sulfate_dose_total_12h,2,Intermittent ephedrine indicates episodic hypotension or weaning-related instability; it has a plausible but indirect link to AKI compared with continuous vasopressors.
25_36h_ephedrine_sulfate_dose_total_12h,3,"Need for ephedrine boluses late post-op suggests ongoing hemodynamic lability near the outcome window, which can contribute to renal hypoperfusion and AKI risk."
0_12h_esmolol_dose_total_12h,2,"Esmolol use reflects tachyarrhythmia or rate control needs; it may affect cardiac output and renal perfusion but is not a primary AKI driver, especially early post-op."
13_24h_esmolol_dose_total_12h,2,"Continued beta-blockade for rate control can be associated with underlying instability (e.g., AF with RVR), but its relationship to AKI is indirect."
25_36h_esmolol_dose_total_12h,2,"Late esmolol use may signal persistent arrhythmia management and potential low-output states, but it remains an indirect and nonspecific predictor of creatinine rise."
0_12h_etomidate_dose_total_12h,2,"Etomidate is not directly nephrotoxic; any association with AKI would be indirect via peri-intubation instability or overall illness severity. In the immediate 0–12h post-op window, it is common and transient, limiting prognostic value."
13_24h_etomidate_dose_total_12h,2,Ongoing etomidate use is uncommon and would mainly reflect sedation needs/acuity rather than a renal mechanism. Indirect link through hemodynamic instability only.
25_36h_etomidate_dose_total_12h,2,"If present this late, it likely signals persistent critical illness or repeated airway interventions, which can correlate with AKI risk indirectly. Etomidate itself is not a strong causal driver of postoperative AKI."
0_12h_ezetimibe_dose_total_12h,1,Ezetimibe has no meaningful acute effect on renal perfusion or tubular injury and is not a typical perioperative AKI driver. Early post-op administration is largely routine medication reconciliation.
13_24h_ezetimibe_dose_total_12h,1,Continuation of ezetimibe reflects chronic lipid management rather than acute physiology relevant to AKI. No established link to postoperative creatinine rise.
25_36h_ezetimibe_dose_total_12h,1,Ezetimibe dosing in this window is unlikely to influence creatinine trajectory and mainly indicates home-med continuation. Not a recognized predictor of AKI after cardiac surgery.
0_12h_famotidine_dose_total_12h,1,Famotidine is commonly used for stress-ulcer prophylaxis and does not cause AKI; dose adjustments occur after renal dysfunction rather than before it. In 0–12h it is routine ICU care.
13_24h_famotidine_dose_total_12h,1,Ongoing famotidine use is standard prophylaxis and provides little signal about renal perfusion or injury. Any association would be confounding by general ICU severity.
25_36h_famotidine_dose_total_12h,1,Famotidine is not nephrotoxic and is not an AKI biomarker; dosing is typically protocolized. Limited relevance to predicting creatinine_ratio.
0_12h_fentanyl_pca_dose_total_12h,2,"Opioid requirements can proxy pain/instability and may correlate with hypotension or respiratory depression, indirectly affecting renal perfusion. In 0–12h, analgesia needs are common and nonspecific (cap at 3 applies)."
13_24h_fentanyl_pca_dose_total_12h,2,"Higher PCA opioid use may reflect ongoing pain, agitation, or complications, indirectly associated with AKI risk via hemodynamics and ventilation. Still not a direct renal injury marker."
25_36h_fentanyl_pca_dose_total_12h,2,"Persistent PCA opioid needs late may indicate prolonged recovery/complications and can contribute to hypotension, indirectly increasing AKI risk. Not a primary or specific predictor compared with hemodynamics/renal labs."
0_12h_fentanyl_dose_total_12h,2,"High fentanyl dosing can be a marker of critical illness and may contribute to hypotension, indirectly impacting renal perfusion. In the immediate post-op period, dosing is routine and not specific for AKI."
13_24h_fentanyl_dose_total_12h,2,"Ongoing fentanyl requirements may track with severity, mechanical ventilation, and hemodynamic support needs, which relate to AKI risk indirectly. Fentanyl itself is not nephrotoxic."
25_36h_fentanyl_dose_total_12h,2,"Continued high-dose fentanyl late can signal persistent critical illness and potential hypotension/sedation-related complications, indirectly associated with AKI. Still a weak-to-moderate proxy rather than a direct driver."
0_12h_flutacisone_nasal_spray_dose_total_12h,1,Intranasal fluticasone has negligible systemic effects at typical doses and no established relationship to postoperative AKI. Likely reflects home-med continuation without prognostic renal value.
13_24h_flutacisone_nasal_spray_dose_total_12h,1,Intranasal fluticasone has minimal systemic absorption and no meaningful link to renal perfusion or nephrotoxicity; use mainly reflects routine symptom management.
25_36h_flutacisone_nasal_spray_dose_total_12h,1,Intranasal steroid dosing is not a physiologic driver or marker of AKI risk and is unlikely to influence creatinine trajectory.
0_12h_folic_acid_dose_total_12h,1,Folic acid supplementation is not associated with acute changes in renal perfusion or tubular injury; in the immediate post-op window it is largely maintenance care.
13_24h_folic_acid_dose_total_12h,1,Folic acid use is not an established predictor of postoperative AKI and does not directly affect creatinine rise over this timeframe.
25_36h_folic_acid_dose_total_12h,1,Folic acid dosing is not mechanistically linked to AKI development and is unlikely to add predictive value for creatinine_ratio.
0_12h_furosemide_dose_total_12h,3,Loop diuretic use early post-op often reflects volume overload/low cardiac output management and can contribute to hypovolemia if overdiuresed; however 0–12h is confounded by transient post-bypass shifts (cap at 3).
13_24h_furosemide_dose_total_12h,4,"Ongoing furosemide requirement in the trajectory phase can indicate persistent congestion, poor cardiac output, or oliguria management, all strongly associated with subsequent AKI/creatinine rise."
25_36h_furosemide_dose_total_12h,4,"Nearer to the outcome, higher diuretic dosing often signals refractory fluid overload or declining urine output/renal reserve and is a strong predictor of worsening creatinine by 60h."
0_12h_gabapentin_dose_total_12h,1,Gabapentin is not nephrotoxic and dosing is primarily for analgesia; early post-op administration has little direct relationship to AKI risk.
13_24h_gabapentin_dose_total_12h,1,Gabapentin use reflects pain control rather than renal perfusion or injury; any association with AKI would be indirect and weak.
25_36h_gabapentin_dose_total_12h,2,"Dose may be reduced in renal dysfunction (provider response), but it is not a primary driver of AKI; at most a weak behavioral/renal-adjustment signal."
0_12h_guaifenesin_dose_total_12h,1,Guaifenesin is a benign expectorant without meaningful effects on renal hemodynamics or tubular injury; reflects routine respiratory care.
13_24h_guaifenesin_dose_total_12h,1,No established link between guaifenesin dosing and postoperative AKI; unlikely to predict creatinine_ratio.
25_36h_guaifenesin_dose_total_12h,1,Continued expectorant use does not indicate renal injury or perfusion compromise and should not add prognostic value for AKI.
0_12h_half_normal_saline_dose_total_12h,2,"Early hypotonic fluid administration may relate to resuscitation strategy and can contribute to fluid overload/hemodilution, but immediate post-bypass fluid shifts make it a weak and confounded AKI predictor (cap at 3; scored 2)."
13_24h_half_normal_saline_dose_total_12h,3,Ongoing IV fluid type/volume in the trajectory phase can reflect continued resuscitation or maintenance in unstable patients; fluid balance and hemodilution/congestion are established contributors to AKI risk.
25_36h_half_normal_saline_dose_total_12h,2,"IV fluid type/amount can influence renal perfusion and chloride load, but half-normal saline is not a classic direct AKI driver. More reflects overall fluid strategy/volume status than intrinsic kidney injury."
0_12h_heparin_dose_total_12h,1,"Heparin dosing is primarily related to anticoagulation needs (e.g., CPB/post-op prophylaxis) and is not a direct AKI mechanism. Early post-op dosing is common and weakly informative for creatinine rise."
13_24h_heparin_dose_total_12h,1,Ongoing heparin use mainly reflects anticoagulation strategy rather than renal perfusion or nephrotoxicity. Only indirect links (bleeding/transfusion/hemodynamics) make it a weak predictor.
25_36h_heparin_dose_total_12h,1,Later heparin dosing still does not directly predict AKI; it is more about thrombosis/AF/VTE prophylaxis. Any association with creatinine is likely confounded by illness severity.
0_12h_hydralazine_dose_total_12h,2,"Hydralazine can lower blood pressure and potentially reduce renal perfusion, but early post-op BP management is often transient and protocol-driven. In the 0–12h epoch, hypotension signals are better captured by direct hemodynamic features."
13_24h_hydralazine_dose_total_12h,2,Use may indicate hypertension management rather than renal hypoperfusion; any AKI link is indirect via BP variability. In this mid-epoch it is a modest severity/management marker.
25_36h_hydralazine_dose_total_12h,3,Antihypertensive requirement closer to outcome can reflect ongoing hemodynamic instability or aggressive afterload reduction that may compromise renal perfusion in vulnerable elderly patients. Still indirect and less specific than MAP/vasopressor metrics.
0_12h_hydrocodone_acetaminophen_dose_total_12h,1,Opioid/acetaminophen analgesia is routine post-op care and not a direct AKI driver at typical doses. Early dosing mainly reflects pain control practices.
13_24h_hydrocodone_acetaminophen_dose_total_12h,1,"Continued oral analgesic use has minimal physiologic linkage to AKI compared with hemodynamics, nephrotoxins, or renal labs. Any association is likely weak and confounded."
25_36h_hydrocodone_acetaminophen_dose_total_12h,1,Later hydrocodone/acetaminophen dosing remains largely unrelated to renal injury mechanisms in this setting. It is more a marker of pain regimen than kidney perfusion or tubular injury.
0_12h_hydrocortisone_dose_total_12h,2,"Hydrocortisone use may indicate vasoplegia/adrenal support or severe inflammation, which can correlate with shock and AKI risk, but early post-op administration is often empiric. In 0–12h it is a weak-to-modest severity proxy."
13_24h_hydrocortisone_dose_total_12h,3,"Ongoing steroid requirement suggests persistent vasoplegia/shock physiology and higher illness severity, both associated with AKI. Still indirect and not a renal biomarker."
25_36h_hydrocortisone_dose_total_12h,4,"Hydrocortisone use this late often reflects persistent shock/vasopressor dependence, a strong driver of renal hypoperfusion and subsequent creatinine rise. It is a strong severity/hemodynamic surrogate close to the 60h outcome."
0_12h_hypertonic_saline_dose_total_12h,2,"Hypertonic saline may be used for hyponatremia or intracranial indications and can contribute to hypernatremia/hyperchloremia and osmotic shifts, but it is not a primary AKI predictor. Early use is uncommon but still indirect."
13_24h_hypertonic_saline_dose_total_12h,2,"Use suggests significant electrolyte/osmolality management needs and higher acuity, which can correlate with AKI risk. The relationship remains indirect and confounded by underlying illness."
25_36h_hypertonic_saline_dose_total_12h,3,"Late hypertonic saline use may indicate ongoing dysnatremia management or neurologic/volume issues and can worsen hypernatremia/hyperchloremia, potentially impacting renal perfusion and tubular stress. It is a moderate, indirect predictor closer to outcome."
0_12h_ibuprofen_dose_total_12h,3,"NSAIDs can reduce renal prostaglandin-mediated afferent arteriolar dilation and precipitate AKI in hypoperfused post-cardiac surgery patients, but early post-op exposure may be limited and confounded by transient perioperative changes (0–12h cap)."
13_24h_ibuprofen_dose_total_12h,3,"Ongoing NSAID exposure during the trajectory phase can worsen renal perfusion and contribute to AKI risk, especially with low effective circulating volume or vasopressor use."
25_36h_ibuprofen_dose_total_12h,4,"NSAID dosing closer to the outcome window is a stronger, potentially modifiable contributor to reduced renal blood flow and AKI, particularly in elderly post-cardiac surgery patients."
0_12h_inhaled_acetylcysteine_dose_total_12h,1,Inhaled acetylcysteine is used for airway secretion management and has no meaningful direct link to renal perfusion or nephrotoxicity; early use mainly reflects pulmonary care.
13_24h_inhaled_acetylcysteine_dose_total_12h,1,Continued inhaled mucolytic therapy is not a physiologic driver or marker of AKI and is unlikely to predict creatinine rise.
25_36h_inhaled_acetylcysteine_dose_total_12h,1,Inhaled acetylcysteine remains unrelated to kidney injury mechanisms; any association would be indirect via overall illness severity at best.
0_12h_inhaled_arformoterol_dose_total_12h,1,Inhaled LABA therapy reflects obstructive lung disease/bronchospasm management and does not directly affect renal perfusion or tubular injury (0–12h conservative).
13_24h_inhaled_arformoterol_dose_total_12h,1,Arformoterol dosing is not a known predictor of AKI; any relationship would be weak and mediated by respiratory status rather than kidney pathology.
25_36h_inhaled_arformoterol_dose_total_12h,1,Inhaled bronchodilator use is not nephrotoxic and provides minimal prognostic information for creatinine trajectory.
0_12h_inhaled_budesonide_dose_total_12h,1,Inhaled corticosteroids have minimal systemic absorption and are not a direct AKI risk factor; early administration mainly reflects pulmonary management.
13_24h_inhaled_budesonide_dose_total_12h,1,Ongoing inhaled budesonide is unlikely to influence creatinine ratio and is not a recognized AKI predictor.
25_36h_inhaled_budesonide_dose_total_12h,1,Inhaled budesonide remains clinically unrelated to renal injury mechanisms; any association would be nonspecific.
0_12h_inhaled_levalbuterol_dose_total_12h,1,Inhaled SABA use is primarily for bronchospasm and does not directly cause AKI; early post-op dosing is common and nonspecific (0–12h cap).
13_24h_inhaled_levalbuterol_dose_total_12h,1,Levalbuterol dosing is not an established AKI risk factor; it may weakly reflect respiratory illness severity but not kidney injury.
25_36h_inhaled_levalbuterol_dose_total_12h,1,Continued inhaled bronchodilator requirement provides little direct information about renal perfusion or tubular damage.
0_12h_inhaled_sodium_chloride_dose_total_12h,1,Inhaled saline is used for airway humidification/secretions and has no meaningful physiologic link to AKI or creatinine rise (0–12h conservative).
13_24h_inhaled_sodium_chloride_dose_total_12h,1,Inhaled saline is primarily for airway clearance/humidification and has no direct renal perfusion or nephrotoxic effect. Dose mainly reflects respiratory care intensity rather than AKI biology.
25_36h_inhaled_sodium_chloride_dose_total_12h,1,Inhaled saline use is not a physiologic driver of AKI and is unlikely to predict creatinine rise. At most it is a weak proxy for pulmonary secretion burden/acuity.
0_12h_inhlaed_levalbuterol_dose_total_12h,1,"Inhaled beta-agonists do not directly cause AKI; dosing reflects bronchospasm/ventilator management. In the immediate 0–12h post-op period, this is especially nonspecific for renal outcomes."
13_24h_inhlaed_levalbuterol_dose_total_12h,1,Levalbuterol dose is largely unrelated to kidney injury mechanisms and is more a marker of pulmonary status. Any association with AKI would be indirect via overall illness severity.
25_36h_inhlaed_levalbuterol_dose_total_12h,2,"Persistent need for bronchodilators later may weakly track ongoing respiratory failure/critical illness, which can correlate with AKI risk. However it is not a direct renal biomarker or established AKI predictor."
0_12h_insulin_glargine_dose_total_12h,2,"Insulin requirements can reflect diabetes/stress hyperglycemia, which are associated with worse outcomes, but glargine itself is not nephrotoxic. In 0–12h, dosing is often protocol-driven and less informative for AKI."
13_24h_insulin_glargine_dose_total_12h,2,"Basal insulin use suggests underlying diabetes and metabolic stress, which are indirect AKI risk factors. The dose is not a direct marker of renal hypoperfusion or tubular injury."
25_36h_insulin_glargine_dose_total_12h,3,"Ongoing basal insulin requirement closer to outcome may better reflect persistent stress hyperglycemia/diabetes severity, which is associated with postoperative AKI risk. Still indirect and not a kidney-specific signal."
0_12h_insulin_levemir_dose_total_12h,2,"Like other basal insulins, this is an indirect marker of diabetes/stress response rather than a causal AKI factor. Early post-op dosing is commonly standardized and weakly predictive."
13_24h_insulin_levemir_dose_total_12h,2,"Represents baseline diabetes management and metabolic stress, which can correlate with AKI risk but not strongly. Not a direct physiologic driver of creatinine rise."
25_36h_insulin_levemir_dose_total_12h,3,"Later basal insulin needs may indicate persistent hyperglycemia/insulin resistance and higher illness burden, both associated with AKI after cardiac surgery. Remains an indirect predictor."
0_12h_insulin_lispro_dose_total_12h,2,"Short-acting insulin dose reflects stress hyperglycemia and diabetes, which are indirect AKI risk factors. In the immediate 0–12h window, insulin dosing is heavily protocolized and less specific."
13_24h_insulin_lispro_dose_total_12h,2,"Ongoing correctional insulin suggests persistent hyperglycemia, which is associated with worse postoperative outcomes including AKI, but is not a direct renal marker. Dose is influenced by nutrition and ICU protocols."
25_36h_insulin_lispro_dose_total_12h,3,"Persistent high correctional insulin needs closer to hour 60 can indicate ongoing stress response/infection or poor glycemic control, which correlates with AKI risk. Still indirect and not kidney-specific."
0_12h_insulin_regular_infusion_dose_total_12h,3,"Need for insulin infusion indicates significant stress hyperglycemia and higher acuity, which is associated with postoperative AKI risk. However in 0–12h it is common after cardiac surgery and thus capped in informativeness."
13_24h_insulin_regular_infusion_dose_total_12h,3,"Continued insulin infusion into 13–24h suggests persistent severe hyperglycemia/critical illness, which is linked to higher AKI risk. It remains an indirect predictor rather than a direct renal injury biomarker."
25_36h_insulin_regular_infusion_dose_total_12h,2,"Insulin infusion is an indirect marker of stress hyperglycemia/critical illness severity, which correlates with AKI risk but is not a direct renal insult. Dose is also heavily protocol-driven and confounded by nutrition and steroid use."
0_12h_iopamidol_contrast_dose_total_12h,3,"Iodinated contrast can precipitate contrast-associated AKI, but in the immediate 0–12h post-op window exposures may be peri-procedural and effects may not yet be distinguishable from CPB-related transient creatinine changes. Capped by epoch rule (max 3)."
13_24h_iopamidol_contrast_dose_total_12h,4,"Contrast exposure in this trajectory phase is a strong, well-established nephrotoxic risk factor and temporally plausible to influence creatinine rise by hour 60. Often reflects additional imaging/cath in a sicker patient, further increasing AKI risk."
25_36h_iopamidol_contrast_dose_total_12h,4,"Recent contrast exposure is a strong direct risk factor for subsequent creatinine rise within 24–72 hours, making it highly relevant to the hour-60 creatinine ratio. Still not a definitive biomarker, so not scored as 5."
0_12h_ipratropium_bromide_dose_total_12h,1,Inhaled ipratropium is not nephrotoxic and has minimal hemodynamic impact; it mainly reflects airway disease/bronchospasm management. In the immediate post-op period it is common and not specific for AKI risk.
13_24h_ipratropium_bromide_dose_total_12h,1,Continued inhaled ipratropium use is not mechanistically linked to renal hypoperfusion or tubular injury. At most it is a weak proxy for pulmonary comorbidity/ICU complexity.
25_36h_ipratropium_bromide_dose_total_12h,1,Inhaled anticholinergic dosing does not directly affect kidney function and is unlikely to predict creatinine trajectory. Any association would be confounded by respiratory status rather than renal physiology.
0_12h_ipratropium_albuterol_dose_total_12h,1,Nebulized bronchodilators are not direct AKI drivers; beta-agonists may cause mild tachycardia/lactate shifts but typically do not determine renal outcomes. Early post-op use is common and nonspecific.
13_24h_ipratropium_albuterol_dose_total_12h,1,Ongoing bronchodilator requirement is not a recognized predictor of AKI and has no direct nephrotoxic effect. It mainly reflects pulmonary disease or ventilatory course.
25_36h_ipratropium_albuterol_dose_total_12h,1,"Bronchodilator dosing remains a weak, nonspecific marker of respiratory issues rather than renal perfusion or injury. Unlikely to add signal for creatinine ratio prediction."
0_12h_iron_dose_total_12h,1,Iron administration is not a typical cause of AKI in this setting and is usually related to anemia management/transfusion strategy. In the immediate post-op window it provides little renal prognostic information.
13_24h_iron_dose_total_12h,1,Iron dosing is not directly linked to renal tubular injury or perfusion changes; it is largely practice-pattern driven. Any association with AKI would be indirect via bleeding/anemia severity.
25_36h_iron_dose_total_12h,1,"Iron therapy remains a weak, nonspecific indicator (anemia/bleeding) and is not an established AKI predictor. It is unlikely to meaningfully improve prediction of creatinine rise by hour 60."
0_12h_isosorbide_mononitrate_dose_total_12h,2,"Nitrates can lower preload/BP and potentially worsen renal perfusion in hypotensive patients, but early post-op use is often protocolized and transient. Capped by epoch rule (max 3) and kept low due to indirectness."
13_24h_isosorbide_mononitrate_dose_total_12h,2,"Ongoing nitrate use may signal ischemia/heart failure management and can contribute to hypotension, indirectly affecting kidney perfusion. However it is not a primary AKI driver and is highly confounded by cardiac status."
25_36h_isosorbide_mononitrate_dose_total_12h,2,"Later nitrate exposure could reflect persistent cardiac ischemia/afterload management and may predispose to hypotension-related renal hypoperfusion, but the link is indirect. Medication use is also clinician-driven and not a renal biomarker."
0_12h_k_phos_dose_total_12h,2,KPhos use reflects hypophosphatemia management and overall illness/shift physiology rather than a direct AKI driver; early post-op period is noisy. It may weakly proxy severity or refeeding/insulin shifts but is not specific for creatinine rise.
13_24h_k_phos_dose_total_12h,2,"Ongoing phosphate repletion can indicate persistent metabolic derangements or nutrition/insulin effects, indirectly associated with acuity. Still not a direct mechanism for AKI prediction."
25_36h_k_phos_dose_total_12h,2,"Later need for phosphate replacement may track prolonged critical illness and electrolyte wasting, but it is not a validated predictor of postoperative AKI. Association is indirect and nonspecific."
0_12h_ketamine_dose_total_12h,2,"Ketamine is primarily an analgesic/sedative; it is not typically nephrotoxic and may support hemodynamics. In the immediate post-op window, dosing mostly reflects sedation strategy and instability rather than renal injury."
13_24h_ketamine_dose_total_12h,2,"Continued ketamine may indicate ongoing pain control needs or agitation/ventilation requirements, serving as an indirect severity marker. It has no strong direct link to creatinine rise."
25_36h_ketamine_dose_total_12h,2,"Later ketamine use can proxy prolonged mechanical ventilation or delirium/analgesia needs, which correlate with illness severity. However, it is not a direct AKI trigger and remains a weak predictor."
0_12h_lactated_ringers_dose_total_12h,3,"Early crystalloid volume relates to hemodynamics, bleeding, and capillary leak; both hypovolemia and fluid overload can contribute to renal hypoperfusion/congestion. In 0–12h, resuscitation is common and transient, so prognostic specificity is limited (capped)."
13_24h_lactated_ringers_dose_total_12h,3,Ongoing crystalloid requirement in the trajectory phase may indicate persistent vasoplegia/third spacing and risk of renal congestion or inadequate perfusion. Still indirect because total fluid balance and pressures are more mechanistic than LR dose alone.
25_36h_lactated_ringers_dose_total_12h,4,"Continued substantial crystalloid needs close to the outcome can signal ongoing shock, poor perfusion, or fluid overload/venous congestion—strong contributors to postoperative AKI. This later window is more predictive of sustained pathophysiology affecting creatinine at 60h."
0_12h_lactulose_dose_total_12h,1,Lactulose use is typically for constipation or hepatic encephalopathy and is not a direct AKI predictor. Any association with creatinine change is weak and confounded by baseline liver disease/ICU routine care.
13_24h_lactulose_dose_total_12h,1,Continued lactulose mainly reflects bowel regimen or encephalopathy management rather than renal perfusion or nephrotoxicity. It provides minimal specific signal for AKI risk.
25_36h_lactulose_dose_total_12h,1,Later lactulose administration remains nonspecific for kidney injury; dehydration from diarrhea could theoretically worsen renal function but is not reliably captured by a binary dose feature. Overall predictive value is low.
0_12h_levothyroxine_dose_total_12h,1,Levothyroxine is chronic replacement and not an AKI driver; perioperative dosing reflects home medication continuation. It has no meaningful physiologic link to acute postoperative creatinine rise.
13_24h_levothyroxine_dose_total_12h,1,Ongoing levothyroxine administration is routine and not informative for renal perfusion or tubular injury. Any association would be incidental.
25_36h_levothyroxine_dose_total_12h,1,Later levothyroxine dosing remains standard-of-care continuation without AKI specificity. It should not materially predict creatinine_ratio.
0_12h_lidocaine_patch_dose_total_12h,1,Topical lidocaine is an analgesic adjunct with negligible systemic hemodynamic or nephrotoxic effect. Use mainly reflects pain management preference and offers little AKI prognostic information.
13_24h_lidocaine_patch_dose_total_12h,1,Topical lidocaine patch dosing is not meaningfully linked to renal perfusion or nephrotoxicity. Use mainly reflects analgesia practice rather than AKI risk.
25_36h_lidocaine_patch_dose_total_12h,1,Lidocaine patch exposure has minimal systemic effect and no established association with postoperative AKI. More indicative of pain management than kidney injury trajectory.
0_12h_lidocaine_dose_total_12h,1,Systemic lidocaine is not a typical nephrotoxin and is not a primary driver of postoperative AKI. Early postoperative use is common and unlikely to add prognostic value for creatinine rise.
13_24h_lidocaine_dose_total_12h,1,Ongoing lidocaine dosing mainly reflects analgesia/antiarrhythmic management rather than renal injury mechanisms. No strong evidence it predicts creatinine rise after cardiac surgery.
25_36h_lidocaine_dose_total_12h,1,"Later systemic lidocaine use still lacks a direct physiologic link to AKI compared with hemodynamics, nephrotoxins, or renal labs. Any association would likely be confounding by illness severity."
0_12h_lisinopril_dose_total_12h,2,"ACE inhibitors can reduce glomerular filtration via efferent arteriolar dilation, especially with hypotension/low effective circulating volume, but immediate post-op dosing is often held and effects may be transient. Given the 0–12h epoch, cap at a conservative score."
13_24h_lisinopril_dose_total_12h,3,"If ACE inhibitor is continued/restarted in the trajectory phase, it can contribute to functional creatinine rise in the setting of marginal renal perfusion. This is a plausible, established contributor but not a definitive AKI biomarker."
25_36h_lisinopril_dose_total_12h,4,"ACE inhibitor exposure close to the outcome window can meaningfully worsen creatinine in patients with evolving renal hypoperfusion or renal artery disease, particularly in very elderly post-cardiac surgery patients. It can be a strong predictor of subsequent creatinine ratio increase when hemodynamics are tenuous."
0_12h_losartan_dose_total_12h,2,"ARBs can lower intraglomerular pressure and precipitate a functional creatinine rise during perioperative hypovolemia/hypotension, but early post-op administration is uncommon and effects may be confounded. Conservative scoring due to 0–12h epoch."
13_24h_losartan_dose_total_12h,3,Continuation/restart of an ARB during 13–24h can contribute to reduced GFR in patients not yet hemodynamically stable. It is an established risk factor for creatinine rise but not specific for intrinsic AKI.
25_36h_losartan_dose_total_12h,4,ARBs given in the 25–36h leading-indicator window can strongly associate with subsequent creatinine increase by reducing filtration reserve in patients with evolving renal hypoperfusion. Particularly relevant in older adults with limited renal autoregulation.
0_12h_magnesium_sulfate_dose_total_12h,1,Magnesium sulfate replacement is common after cardiac surgery and is not a typical cause of AKI. Dose largely reflects electrolyte management rather than renal injury risk in the immediate post-op period.
13_24h_magnesium_sulfate_dose_total_12h,1,"Magnesium sulfate dosing is generally supportive care and not directly linked to AKI development. Any association would be indirect (e.g., arrhythmia prophylaxis) and weak."
25_36h_magnesium_sulfate_dose_total_12h,2,"In the later window, higher magnesium replacement could weakly reflect renal handling changes or ongoing critical illness, but it is not a direct AKI predictor. Overall link to creatinine rise is indirect and likely confounded."
0_12h_magnesium_dose_total_12h,1,Non-sulfate magnesium supplementation/repletion is routine and not nephrotoxic. Early postoperative dosing provides little specific information about impending AKI.
13_24h_magnesium_dose_total_12h,1,Magnesium dosing in this epoch mainly reflects electrolyte replacement protocols rather than renal perfusion or tubular injury. It has weak prognostic value for creatinine ratio.
25_36h_magnesium_dose_total_12h,2,Magnesium replacement is usually supportive care and reflects electrolyte management rather than a direct AKI driver; it may weakly proxy illness severity or diuretic use.
0_12h_melatonin_dose_total_12h,1,Melatonin is used for sleep/delirium prevention and has no established perioperative signal for AKI risk; early post-op use is largely routine.
13_24h_melatonin_dose_total_12h,1,Continued melatonin dosing mainly reflects sleep management and does not meaningfully affect renal perfusion or nephrotoxicity.
25_36h_melatonin_dose_total_12h,1,Melatonin remains a non-nephrotoxic supportive medication with minimal mechanistic link to creatinine rise.
0_12h_meropenem_dose_total_12h,2,"Meropenem is not strongly nephrotoxic, but early broad-spectrum antibiotic use can proxy severe infection/shock risk; in the immediate post-op window this is less specific (cap at 2)."
13_24h_meropenem_dose_total_12h,3,"Ongoing meropenem suggests suspected/confirmed infection and higher inflammatory/hemodynamic stress, which increases AKI risk; the drug itself is only weakly nephrotoxic."
25_36h_meropenem_dose_total_12h,3,Antibiotic continuation close to the outcome can indicate persistent sepsis/critical illness and associated renal hypoperfusion risk; meropenem dosing may also be influenced by evolving renal function.
0_12h_methocarbamol_dose_total_12h,1,Methocarbamol is an analgesic adjunct without a direct AKI mechanism; early use is common and not specific for renal injury (max 3 but remains low).
13_24h_methocarbamol_dose_total_12h,1,"Primarily reflects pain/spasm management and does not reliably track renal perfusion, nephrotoxicity, or AKI trajectory."
25_36h_methocarbamol_dose_total_12h,1,Continued use is not a recognized predictor of postoperative AKI and is unlikely to influence creatinine ratio.
0_12h_methylene_blue_dose_total_12h,3,"Methylene blue use typically indicates vasoplegic shock after cardiopulmonary bypass, a hemodynamic state associated with renal hypoperfusion; however, immediate post-op instability is often transient (cap at 3)."
13_24h_methylene_blue_dose_total_12h,4,"Need for methylene blue in this trajectory phase suggests persistent/refractory vasoplegia and high vasopressor requirement, strongly linked to subsequent AKI via sustained hypoperfusion."
25_36h_methylene_blue_dose_total_12h,4,"Late methylene blue implies ongoing severe vasoplegia/hemodynamic collapse close to the outcome window, a strong predictor of creatinine rise from renal ischemia."
0_12h_metoclopramide_dose_total_12h,1,Metoclopramide is an antiemetic/prokinetic and is not nephrotoxic; early administration is routine and not informative for AKI risk.
13_24h_metoclopramide_dose_total_12h,1,Use mainly reflects nausea/feeding intolerance management and has minimal relationship to renal perfusion or tubular injury.
25_36h_metoclopramide_dose_total_12h,1,Late metoclopramide dosing remains a nonspecific supportive therapy without established predictive value for postoperative AKI.
0_12h_metoprolol_dose_total_12h,2,"Beta-blockade can contribute to lower cardiac output/bradycardia and reduced renal perfusion, but dosing early post-op is often routine and transient. In the 0–12h epoch, hemodynamic effects are hard to separate from immediate post-bypass physiology."
13_24h_metoprolol_dose_total_12h,2,"Ongoing beta-blocker requirement may reflect arrhythmia control or hypertension management rather than renal injury. Indirect link via cardiac output and perfusion, but not a primary AKI predictor."
25_36h_metoprolol_dose_total_12h,2,"Later metoprolol use can still influence renal perfusion if it worsens low-output states, but it is generally not nephrotoxic and often reflects standard cardiac management. Weak-to-indirect association with creatinine rise."
0_12h_metronidazole_dose_total_12h,1,Metronidazole is not typically nephrotoxic and early post-op use mainly reflects infection prophylaxis/coverage. Minimal direct relationship to AKI physiology.
13_24h_metronidazole_dose_total_12h,1,Continued metronidazole use is a marker of suspected infection/abdominal source but has little direct renal toxicity. Any AKI association would be confounded by illness severity rather than drug effect.
25_36h_metronidazole_dose_total_12h,1,Metronidazole exposure remains a weak proxy for infection management and is not a recognized driver of postoperative AKI. Limited prognostic value for creatinine_ratio.
0_12h_midazolam_dose_total_12h,2,"Sedation dose can correlate with mechanical ventilation and hemodynamic instability (hypotension), which can reduce renal perfusion. In the immediate 0–12h period, it is often routine and not specific for AKI risk."
13_24h_midazolam_dose_total_12h,2,"Persistent need for benzodiazepine sedation may indicate ongoing critical illness and ventilator dependence, indirectly associated with AKI risk. Midazolam itself is not a direct nephrotoxin."
25_36h_midazolam_dose_total_12h,3,"Ongoing higher sedation requirements closer to outcome can be a stronger proxy for prolonged shock/ventilation and multi-organ dysfunction, which are associated with AKI. Still indirect and confounded, but more informative in this later window."
0_12h_midodrine_dose_total_12h,2,"Midodrine use suggests vasoplegia or attempts to wean IV vasopressors; hypotension/vasodilatory shock is relevant to renal hypoperfusion. In 0–12h, it is an early management choice and not a definitive AKI signal."
13_24h_midodrine_dose_total_12h,3,"Need for midodrine in the trajectory phase can indicate persistent vasodilatory physiology and marginal perfusion pressures, which increases AKI risk. It is a proxy for hemodynamic support rather than a direct biomarker."
25_36h_midodrine_dose_total_12h,3,Continued midodrine requirement late suggests ongoing vasoplegia/pressor dependence and risk of renal hypoperfusion. Moderately informative as a hemodynamic-support marker near the 60h creatinine outcome.
0_12h_milrinone_dose_total_12h,3,"Milrinone use indicates low cardiac output/right ventricular dysfunction after cardiac surgery, a known contributor to renal hypoperfusion and AKI. In the immediate post-op window, use can be common and transient, so specificity is limited."
13_24h_milrinone_dose_total_12h,4,"Ongoing inotrope requirement in 13–24h suggests persistent low-output state, which strongly predicts postoperative AKI via reduced renal blood flow and venous congestion. More specific than early use for identifying patients failing to stabilize."
25_36h_milrinone_dose_total_12h,4,"Persistent milrinone requirement close to the outcome is a strong indicator of sustained cardiac dysfunction and renal hypoperfusion/venous congestion, both tightly linked to AKI. Also relevant because milrinone is renally cleared, so higher/continued dosing may reflect evolving renal impairment and hemodynamic need."
0_12h_minocycline_dose_total_12h,1,Minocycline is not a typical driver of acute postoperative AKI and early administration mainly reflects antimicrobial selection rather than renal physiology. Any association would likely be confounded by infection risk rather than nephrotoxicity.
13_24h_minocycline_dose_total_12h,2,"Minocycline is not a classic nephrotoxin, but antibiotic exposure can correlate with infection/sepsis severity and renal hypoperfusion risk. In the 13–24h window it is an indirect acuity marker rather than a direct AKI driver."
25_36h_minocycline_dose_total_12h,2,"Ongoing minocycline use near the outcome may reflect persistent infection/inflammation, which can contribute to AKI risk indirectly. The drug itself is not a strong direct predictor of creatinine rise."
0_12h_morphine_dose_total_12h,2,"Opioid dosing can be a proxy for illness severity and may contribute to hypotension/respiratory depression, indirectly affecting renal perfusion. In the immediate 0–12h post-op period, effects are common/transient and not specific for AKI."
13_24h_morphine_dose_total_12h,2,"Higher opioid needs may indicate ongoing instability or complications, indirectly associated with AKI risk. Morphine itself is not a primary AKI driver, though accumulation can occur with renal dysfunction."
25_36h_morphine_dose_total_12h,2,Continued morphine requirement close to hour 60 may track with prolonged critical illness and hemodynamic/ventilatory issues that predispose to AKI. It remains an indirect marker rather than a direct renal biomarker.
0_12h_nicardipine_dose_total_12h,3,"Nicardipine use reflects postoperative hypertension management; excessive BP lowering can reduce renal perfusion pressure, while hypertension may reflect stress response. In 0–12h, BP swings are common post-CPB so prognostic specificity is limited (capped)."
13_24h_nicardipine_dose_total_12h,3,"Ongoing need for nicardipine suggests persistent hypertension or tight BP control, both relevant to renal perfusion and AKI risk. Still indirect because the key mechanism is achieved MAP rather than drug dose."
25_36h_nicardipine_dose_total_12h,3,Near-outcome antihypertensive infusion dose can indicate persistent hemodynamic management issues that may affect renal perfusion. Dose is a moderate proxy for perfusion risk but not as direct as MAP/vasopressor requirement.
0_12h_nitroglycerin_dose_total_12h,3,"Nitroglycerin can lower preload and blood pressure, potentially reducing renal perfusion, and is used for ischemia/afterload control indicating higher cardiac risk. In 0–12h, routine post-op use is common and transient (capped)."
13_24h_nitroglycerin_dose_total_12h,3,"Continued nitroglycerin may reflect ongoing myocardial ischemia/heart failure physiology and vasodilation-related hypotension risk, both linked to AKI via low cardiac output. It is a moderate indirect predictor rather than a direct renal marker."
25_36h_nitroglycerin_dose_total_12h,3,"Nitroglycerin use close to hour 60 can signal persistent cardiac dysfunction or need for afterload/preload manipulation, which can compromise renal perfusion. Dose remains an indirect proxy compared with direct hemodynamic measures."
0_12h_normal_saline_dose_total_12h,3,"Early crystalloid volume relates to intravascular filling, hemodilution, and fluid overload, all associated with postoperative AKI risk. In 0–12h, large volumes are common after CPB and may be less discriminative (capped)."
13_24h_normal_saline_dose_total_12h,3,"Ongoing saline administration may indicate persistent hypotension/third spacing and can contribute to fluid overload and hyperchloremic acidosis, both associated with AKI. It is a moderate predictor but less direct than urine output/creatinine trends."
25_36h_normal_saline_dose_total_12h,4,"Continued high crystalloid needs late (25–36h) suggest ongoing hemodynamic instability and/or capillary leak, and fluid overload is strongly associated with AKI and worse renal recovery. Chloride load from saline may also worsen renal vasoconstriction, making this a stronger near-outcome predictor."
0_12h_nystatin_dose_total_12h,1,Nystatin is minimally absorbed (typically topical/oral) and is not nephrotoxic. Its use mainly reflects routine antifungal prophylaxis rather than AKI physiology.
13_24h_nystatin_dose_total_12h,1,Nystatin exposure has no meaningful direct link to renal perfusion or tubular injury and is often prophylactic. It provides little prognostic information for creatinine rise.
25_36h_nystatin_dose_total_12h,1,Nystatin is minimally systemically absorbed and is not nephrotoxic; dosing mainly reflects antifungal prophylaxis/colonization rather than renal perfusion or injury.
0_12h_ondansetron_dose_total_12h,1,Ondansetron use reflects nausea prophylaxis and has no meaningful direct link to renal hypoperfusion or tubular injury; early post-op use is routine.
13_24h_ondansetron_dose_total_12h,1,Continued antiemetic dosing is largely supportive care and not a recognized driver or marker of AKI risk.
25_36h_ondansetron_dose_total_12h,1,Ondansetron dose in this later window still primarily reflects symptom management and does not indicate renal injury physiology.
0_12h_oxycodone_dose_total_12h,2,"Opioid dosing can indirectly relate to hypotension/respiratory depression and reduced renal perfusion, but in the immediate post-op period it is common and nonspecific (capped for 0–12h)."
13_24h_oxycodone_dose_total_12h,2,"Higher opioid needs may correlate with illness severity and hemodynamic instability, but the relationship to AKI is indirect and confounded."
25_36h_oxycodone_dose_total_12h,2,"Ongoing opioid requirement may be a proxy for severity/immobility and can contribute to hypotension, but it is not a strong or specific AKI predictor."
0_12h_pantoprazole_dose_total_12h,1,Pantoprazole is routine stress-ulcer prophylaxis post-cardiac surgery and provides little specific prognostic information for AKI in the early window.
13_24h_pantoprazole_dose_total_12h,1,"Continued PPI use is standard ICU care; while PPIs are rarely associated with interstitial nephritis, this is uncommon and not an acute 60h driver."
25_36h_pantoprazole_dose_total_12h,1,Pantoprazole dosing remains largely protocol-driven and is not a direct marker of renal hypoperfusion or injury.
0_12h_phenylephrine_dose_total_12h,3,"Need for vasopressor support indicates perioperative vasoplegia/hypotension risk affecting renal perfusion, but early post-bypass vasopressor use is common and transient (max 3 for 0–12h)."
13_24h_phenylephrine_dose_total_12h,4,"Ongoing vasopressor requirement in the trajectory phase suggests persistent shock/low effective renal perfusion, a strong predictor of subsequent AKI."
25_36h_phenylephrine_dose_total_12h,4,"Vasopressor need close to the outcome window implies continued hemodynamic compromise and renal hypoperfusion, strongly linked to creatinine rise."
0_12h_phos_na_k_dose_total_12h,2,"Phosphate replacement may reflect early electrolyte shifts (e.g., refeeding/insulin, dilution) and is only indirectly related to AKI; early post-op abnormalities are common (capped for 0–12h)."
13_24h_phos_na_k_dose_total_12h,2,"Need for phosphate supplementation can correlate with severity/poor nutrition or ongoing shifts, but it is not a primary AKI driver or biomarker."
25_36h_phos_na_k_dose_total_12h,2,"Later phosphate replacement may indicate ongoing metabolic derangements, but it remains an indirect and nonspecific signal for AKI compared with hemodynamics and renal labs."
0_12h_piperacilin_tazobactam_dose_total_12h,2,"Not a primary nephrotoxin, but antibiotic exposure can correlate with infection/sepsis and hemodynamic instability that increase AKI risk. In the immediate 0–12h post-op window, it is more a marker of acuity than a direct renal insult."
13_24h_piperacilin_tazobactam_dose_total_12h,2,"Continued broad-spectrum antibiotics suggest ongoing infection/inflammation, which can contribute to AKI risk indirectly. Piperacillin-tazobactam itself is not a strong standalone predictor of creatinine rise."
25_36h_piperacilin_tazobactam_dose_total_12h,2,Ongoing need for broad-spectrum coverage closer to hour 60 may reflect persistent sepsis/complications that predispose to AKI. Still largely an indirect marker rather than a direct driver of creatinine_ratio.
0_12h_plasmalyte_dose_total_12h,2,"Crystalloid volume reflects resuscitation needs and can relate to hypotension/bleeding, but early post-bypass fluid administration is common and nonspecific. Association with AKI is indirect and confounded by illness severity."
13_24h_plasmalyte_dose_total_12h,3,"Ongoing crystalloid requirement in the trajectory phase can indicate persistent vasoplegia, capillary leak, or low effective circulating volume, all relevant to renal perfusion. More informative than 0–12h but still indirect."
25_36h_plasmalyte_dose_total_12h,3,"Higher crystalloid needs closer to the outcome may signal ongoing hemodynamic instability or attempts to treat oliguria/AKI, both linked to later creatinine rise. Volume can also worsen congestion, so it is a meaningful but nonspecific predictor."
0_12h_polyethylene_glycol_dose_total_12h,1,Bowel regimen use has no direct physiologic link to AKI and mainly reflects routine ICU care. Early post-op administration is unlikely to inform renal trajectory.
13_24h_polyethylene_glycol_dose_total_12h,1,Still primarily routine constipation prophylaxis without a mechanistic relationship to renal injury. Any association would be incidental/confounded.
25_36h_polyethylene_glycol_dose_total_12h,1,"Continued bowel regimen use does not meaningfully predict creatinine_ratio. It is not a marker of renal perfusion, nephrotoxicity, or kidney function."
0_12h_potassium_chloride_dose_total_12h,2,"Potassium repletion can reflect shifts from diuresis/insulin therapy or early electrolyte derangements; it is not a direct AKI marker. In 0–12h, supplementation is common and nonspecific."
13_24h_potassium_chloride_dose_total_12h,2,"Ongoing KCl needs may correlate with diuretic use or renal handling changes, but directionality is mixed and confounded. It is an indirect signal rather than a strong predictor of creatinine rise."
25_36h_potassium_chloride_dose_total_12h,3,"Closer to hour 60, potassium supplementation patterns can reflect evolving renal dysfunction (reduced need if hyperkalemic) or aggressive diuresis; either can track with AKI risk. Still indirect compared with direct renal labs/urine output."
0_12h_dexmedetomidine_dose_total_12h,1,Sedation choice/dose has minimal direct relationship to AKI; any effect is mediated through hemodynamics and is typically modest. In the immediate post-op period it mainly reflects ventilation/sedation strategy.
13_24h_dexmedetomidine_dose_total_12h,1,Continued dexmedetomidine use is more indicative of ongoing sedation needs than renal risk. Potential bradycardia/hypotension effects are usually managed and not a primary AKI driver.
25_36h_dexmedetomidine_dose_total_12h,1,"Sedation dose near 36h remains a weak, nonspecific proxy for illness/ventilation status rather than kidney injury. Not an established predictor of creatinine_ratio."
0_12h_prednisone_dose_total_12h,2,"Steroid exposure can reflect underlying inflammatory/immune conditions and may contribute to hyperglycemia/infection risk, indirectly affecting AKI. In 0–12h post-op it is not a direct renal biomarker and is capped by early-epoch conservatism."
13_24h_prednisone_dose_total_12h,2,"Systemic steroids are not a primary driver of early post-cardiac surgery AKI, though they can contribute indirectly via hyperglycemia, infection risk, and fluid retention. Dose may also reflect underlying inflammatory/immune severity rather than renal physiology."
25_36h_prednisone_dose_total_12h,2,"Later steroid exposure still has only an indirect relationship to AKI (metabolic effects, infection risk, fluid shifts) and is not a direct renal perfusion/toxin signal. More likely a marker of illness complexity than a causal AKI predictor."
0_12h_propofol_dose_total_12h,2,"Propofol can contribute to hypotension and reduced renal perfusion, but in the immediate 0–12h post-op period this is common and transient and heavily confounded by anesthesia/sedation needs. Not a specific AKI signal in this early epoch (cap at 3; scored conservatively)."
13_24h_propofol_dose_total_12h,2,"Ongoing propofol may indicate continued ventilation/instability and can worsen hypotension, indirectly affecting kidney perfusion. However it remains a nonspecific marker of acuity rather than a direct AKI predictor."
25_36h_propofol_dose_total_12h,3,"Persistent propofol requirement closer to hour 60 can reflect ongoing critical illness and hemodynamic fragility, with potential renal hypoperfusion from sedation-related hypotension. Still indirect and confounded, but more informative in the 25–36h window."
0_12h_protamine_dose_total_12h,2,"Protamine reactions can cause acute hypotension/pulmonary hypertension that may impair renal perfusion, but administration is routine after CPB and dose largely tracks heparin reversal. In 0–12h it is common and not specific for AKI risk."
13_24h_protamine_dose_total_12h,1,Protamine is typically not continued into 13–24h; presence is more likely documentation/rare re-dosing than a physiologic driver. Weak and nonspecific link to subsequent AKI.
25_36h_protamine_dose_total_12h,1,Protamine use this late is unusual and would be an idiosyncratic event rather than a consistent AKI predictor. Any association would be sparse and confounded.
0_12h_quetiapine_dose_total_12h,1,Quetiapine is used for agitation/delirium and has no direct nephrotoxic effect; any renal impact would be indirect via sedation/hypotension. In the immediate post-op window it is not a meaningful AKI predictor.
13_24h_quetiapine_dose_total_12h,1,Primarily reflects delirium management and care practices rather than renal physiology. Only a weak indirect link through overall illness severity.
25_36h_quetiapine_dose_total_12h,1,Still mainly a behavioral/neurologic management marker with minimal mechanistic connection to AKI. Not expected to add specific predictive value for creatinine rise.
0_12h_rocuronium_dose_total_12h,2,"Neuromuscular blockade indicates ongoing ventilation/critical illness and can correlate with hemodynamic instability, indirectly affecting renal perfusion. In 0–12h it is common perioperatively and thus only weakly informative (cap at 3; scored conservatively)."
13_24h_rocuronium_dose_total_12h,2,"Continued paralysis suggests severe respiratory failure or ventilator dyssynchrony and higher acuity, which can correlate with AKI risk via shock/inflammation. Still indirect and practice-dependent."
25_36h_rocuronium_dose_total_12h,3,"Ongoing neuromuscular blockade in the 25–36h window is a stronger marker of persistent critical illness and potential multi-organ dysfunction, which is associated with AKI. Not a direct renal biomarker but can track severity near the outcome time."
0_12h_rosuvastatin_dose_total_12h,1,Statins are not acute drivers of post-op AKI; perioperative continuation is routine and generally kidney-neutral. Rhabdomyolysis-related AKI is rare and not captured well by typical dosing patterns.
13_24h_rosuvastatin_dose_total_12h,1,Ongoing statin administration mainly reflects baseline cardiovascular therapy and medication reconciliation rather than evolving renal injury. Minimal expected predictive value for creatinine_ratio.
25_36h_rosuvastatin_dose_total_12h,2,Statins are not typical direct drivers of postoperative AKI; dose mainly reflects chronic cardiovascular therapy. Rare rhabdomyolysis-related kidney injury is possible but uncommon in this setting.
0_12h_senna_docusate_dose_total_12h,1,Bowel regimen use is routine ICU care and has no meaningful physiologic link to renal perfusion or tubular injury. In the immediate 0–12h window it is especially non-informative for AKI risk.
13_24h_senna_docusate_dose_total_12h,1,Primarily reflects constipation prophylaxis and nursing/ICU routine rather than kidney injury risk. Not a recognized predictor of postoperative creatinine rise.
25_36h_senna_docusate_dose_total_12h,1,Continued bowel regimen use does not indicate renal hypoperfusion or nephrotoxicity. Minimal relevance to predicting creatinine_ratio.
0_12h_senna_dose_total_12h,1,Routine laxative administration is not mechanistically linked to AKI and is common post-op. Early dosing is unlikely to track renal trajectory.
13_24h_senna_dose_total_12h,1,Represents standard constipation management rather than renal physiology or nephrotoxic exposure. Not an established AKI risk marker.
25_36h_senna_dose_total_12h,1,Ongoing laxative use is not a driver of postoperative AKI and provides little prognostic information for creatinine rise. Any dehydration effect is typically minor and not captured reliably by this variable alone.
0_12h_sevelamer_carbonate_dose_total_12h,2,"Sevelamer use suggests underlying CKD/hyperphosphatemia, which is an AKI risk context, but the medication itself is not nephrotoxic. In 0–12h, it is more a comorbidity proxy than a direct predictor."
13_24h_sevelamer_carbonate_dose_total_12h,3,"Continued need for phosphate binder is a stronger proxy for advanced CKD/mineral-bone disorder, which increases susceptibility to postoperative AKI. Still indirect because it reflects baseline disease rather than acute renal insult."
25_36h_sevelamer_carbonate_dose_total_12h,3,"In the closest window to outcome, ongoing sevelamer use can indicate significant baseline renal dysfunction and/or hyperphosphatemia management, both associated with higher AKI risk. The drug itself does not cause AKI, so it remains an indirect marker."
0_12h_simethicone_dose_total_12h,1,Simethicone is a benign anti-gas agent with no renal hemodynamic or nephrotoxic implications. Use is routine and not predictive of AKI.
13_24h_simethicone_dose_total_12h,1,"Reflects GI symptom management rather than renal perfusion, inflammation, or nephrotoxin exposure. No established association with postoperative creatinine rise."
25_36h_simethicone_dose_total_12h,1,Ongoing simethicone use is clinically unrelated to AKI mechanisms and provides negligible prognostic value for creatinine_ratio. It is largely noise for renal prediction.
0_12h_sodium_bicarbonate_dose_total_12h,3,"Bicarbonate administration often reflects metabolic acidosis, hyperkalemia, or resuscitation needs, which correlate with shock/poor perfusion and AKI risk. In 0–12h, acidosis can be transient post-CPB, so predictive value is capped."
13_24h_sodium_bicarbonate_dose_total_12h,4,"Persistent need for bicarbonate in 13–24h suggests ongoing metabolic acidosis from hypoperfusion, sepsis, or renal dysfunction, all strongly linked to subsequent AKI. It is a treatment proxy for significant physiologic derangement."
25_36h_sodium_bicarbonate_dose_total_12h,4,"In the 25–36h leading window, bicarbonate requirement indicates sustained acidosis and/or evolving renal impairment, which strongly predicts later creatinine rise. Still indirect (therapy rather than biomarker), so not definitive."
0_12h_tpn_dose_total_12h,1,TPN use is not a direct driver of early post-cardiac surgery AKI and mainly reflects nutrition/support needs. In the immediate 0–12h period it is unlikely to add specific prognostic signal for creatinine rise.
13_24h_tpn_dose_total_12h,1,TPN is an indirect marker of illness complexity but has no strong mechanistic link to AKI over this timeframe. More likely confounded by overall acuity than predictive of renal injury.
25_36h_tpn_dose_total_12h,2,"Ongoing TPN by 25–36h may proxy persistent critical illness or inability to feed, which can correlate with AKI risk. Still not a direct renal insult or biomarker."
0_12h_tamsulosin_dose_total_12h,1,Tamsulosin is used for urinary retention/BPH and is not nephrotoxic; any BP effect is usually mild. In 0–12h it is unlikely to meaningfully predict creatinine trajectory.
13_24h_tamsulosin_dose_total_12h,1,Tamsulosin use mainly reflects lower urinary tract symptoms/retention management rather than renal perfusion or tubular injury. Minimal expected association with AKI.
25_36h_tamsulosin_dose_total_12h,1,"Continued tamsulosin remains a weak, non-specific marker and does not directly influence kidney function. Any relationship to creatinine ratio would be incidental/confounded."
0_12h_tramadol_dose_total_12h,1,Tramadol is not a typical nephrotoxin and dosing is more related to pain control than renal injury. Early postoperative dosing has limited mechanistic linkage to AKI.
13_24h_tramadol_dose_total_12h,1,Analgesic requirement may reflect surgical stress but tramadol itself is not a strong AKI driver compared with NSAIDs or hemodynamic factors. Likely weak and confounded.
25_36h_tramadol_dose_total_12h,2,"Higher analgesic needs at 25–36h can be a proxy for ongoing complications/inflammation that correlate with AKI risk. Tramadol itself remains an indirect, weak predictor."
0_12h_tranexamic_acid_dose_total_12h,2,"Tranexamic acid is commonly used in cardiac surgery; it is not a classic nephrotoxin but may relate to bleeding/transfusion burden and perioperative complexity. In 0–12h, interpret conservatively."
13_24h_tranexamic_acid_dose_total_12h,2,"Use beyond the immediate OR period may indicate ongoing bleeding risk or re-exploration, which can contribute indirectly to AKI via shock/transfusion. Still not a direct renal biomarker."
25_36h_tranexamic_acid_dose_total_12h,3,"Late TXA use suggests persistent bleeding/hemorrhagic risk and potentially hemodynamic instability, both established contributors to AKI after cardiac surgery. It remains an indirect predictor rather than a direct kidney injury marker."
0_12h_vancomycin_dose_total_12h,3,"Vancomycin exposure is a recognized nephrotoxic risk factor, especially in older, critically ill patients. In 0–12h, early dosing is relevant but the creatinine rise may not yet manifest, so cap at moderate importance."
13_24h_vancomycin_dose_total_12h,3,"Ongoing vancomycin increases nephrotoxic exposure and often co-occurs with sepsis/critical illness, both linked to AKI. Predictive value is moderate given confounding by indication and timing."
25_36h_vancomycin_dose_total_12h,4,"Continued vancomycin close to the outcome window increases cumulative nephrotoxic risk and may coincide with infection-related hemodynamic stress. This is a strong direct predictor of subsequent creatinine rise, though levels/AUC would be even more definitive."
0_12h_vasopressin_dose_total_12h,3,"Need for vasopressin indicates vasoplegia/shock and impaired renal perfusion pressure, an established AKI risk factor after cardiac surgery. In 0–12h, hypotension/vasopressor use is common and transient, so importance is capped at 3."
13_24h_vasopressin_dose_total_12h,3,"Ongoing vasopressin requirement suggests persistent vasoplegia/shock and risk of renal hypoperfusion, but it is an indirect marker rather than a renal biomarker. Trajectory-phase timing supports moderate prognostic value."
25_36h_vasopressin_dose_total_12h,4,"Continued vasopressin need close to the outcome implies refractory shock/vasoplegia and sustained renal hypoperfusion, which strongly predicts subsequent AKI. This is a leading-indicator window and reflects severity of illness."
0_12h_warfarin_dose_total_12h,1,Early postoperative warfarin dosing is not a typical driver of AKI and is more related to anticoagulation strategy than renal perfusion. In the immediate 0–12h period it provides little specific renal prognostic information.
13_24h_warfarin_dose_total_12h,1,Warfarin use is generally not nephrotoxic in the acute ICU setting and does not directly reflect renal injury risk. Any association would be confounding by indication rather than physiology.
25_36h_warfarin_dose_total_12h,1,"Warfarin dosing remains weakly related to AKI compared with hemodynamics, urine output, and nephrotoxins. It is unlikely to add independent predictive signal for creatinine rise by hour 60."
0_12h_heparin_line_flush_dose_total_12h,1,Heparin line flush dosing is routine ICU maintenance and does not meaningfully affect renal perfusion or tubular injury. It is unlikely to predict creatinine_ratio.
13_24h_heparin_line_flush_dose_total_12h,1,Line flush heparin reflects catheter care rather than illness severity or kidney injury mechanisms. Any relationship to AKI would be incidental.
25_36h_heparin_line_flush_dose_total_12h,1,Heparin flush dose is not a physiologic marker of renal injury and is largely protocol-driven. It should not contribute meaningful predictive value for AKI.
0_12h_urine_output_total_12h,3,"Low urine output is an early functional marker of renal hypoperfusion/AKI, but in the immediate post-bypass period oliguria can be transient and confounded by diuretics and hemodilution. Therefore its importance is capped in 0–12h."
13_24h_urine_output_total_12h,4,Persistently reduced urine output in the trajectory phase is a strong predictor of evolving AKI and often precedes creatinine rise. It reflects ongoing renal hypoperfusion or intrinsic injury beyond immediate postoperative effects.
25_36h_urine_output_total_12h,5,Oliguria in the 25–36h leading-indicator window is a direct functional signal of kidney dysfunction and strongly predicts creatinine elevation by hour 60. It is one of the most proximal and clinically definitive predictors short of creatinine itself.
0_12h_norepinephrine_equivalent_dose_total_12h,3,"Higher vasopressor dose indicates shock and risk of renal hypoperfusion, but early postoperative vasopressor use is common and may be transient. Thus it has moderate value in 0–12h."
13_24h_norepinephrine_equivalent_dose_total_12h,4,"Ongoing norepinephrine requirement in 13–24h suggests persistent hemodynamic instability and reduced renal perfusion pressure, strongly associated with AKI. It captures deterioration vs recovery after surgery."
25_36h_norepinephrine_equivalent_dose_total_12h,4,High vasopressor needs close to hour 60 imply sustained shock/low effective renal perfusion and are strongly predictive of subsequent creatinine rise. It is a proximal severity-of-illness marker though still indirect compared with urine output.
