value,importance,reason
age,0.08,"Even within an ≥80 cohort, increasing age reflects reduced renal reserve and higher susceptibility to perioperative ischemia-reperfusion injury and nephrotoxic exposures."
gender,0.01,"All patients are female by cohort definition, so this provides no additional prognostic information for AKI risk."
race_caucasian,0.02,"Race may correlate with baseline CKD prevalence and social/healthcare factors, but it is not a direct physiologic driver of postoperative AKI in this setting."
race_black,0.03,"Black race can be associated with higher CKD burden and AKI risk in some cohorts, but effects are indirect and heterogeneous; limited direct mechanistic linkage."
race_asian,0.02,Potential differences in baseline kidney disease prevalence and body composition are indirect; not a strong direct predictor of postoperative creatinine rise.
race_native_am,0.03,"May proxy higher comorbidity/CKD risk in some populations, but remains an indirect, non-mechanistic predictor for AKI after cardiac surgery."
race_native_pacific,0.02,"Possible association with comorbidity burden, but limited direct evidence as an independent AKI driver in post-cardiac surgery ICU patients."
race_other,0.01,Heterogeneous category with weak and non-specific linkage to renal hypoperfusion or nephrotoxicity risk.
ethnicity,0.02,"Ethnicity may capture social and baseline health differences, but is not a direct physiologic determinant of postoperative creatinine trajectory."
height_cm,0.01,Height has minimal direct relationship to renal perfusion or tubular injury; any effect is largely mediated through dosing/body size and is weak.
weight_kg,0.04,"Higher weight can reflect obesity and altered hemodynamics/drug dosing, which may indirectly increase AKI risk, but it is not a primary driver compared with perfusion and nephrotoxins."
family_history_premature_cardiac_death,0.01,"Family history is not a direct perioperative determinant of renal perfusion, nephrotoxin exposure, or early postoperative kidney injury."
diabetes,0.1,"Diabetes is an established risk factor for CKD and microvascular disease, increasing vulnerability to perioperative renal hypoperfusion and postoperative AKI."
diab_ctrl,0.03,"Glycemic control may influence infection/inflammation and microvascular stress, but its independent short-term effect on creatinine rise after cardiac surgery is modest."
pre_op_dyslipidemia,0.01,Dyslipidemia is not a direct driver of acute postoperative renal injury; it mainly reflects chronic cardiovascular risk.
hypertension,0.07,"Hypertension is associated with chronic nephrosclerosis and reduced renal autoregulatory reserve, increasing susceptibility to perioperative hypotension-related AKI."
endocarditis_history,0.03,"Prior endocarditis can be associated with chronic inflammation, embolic phenomena, and more complex surgery, which may indirectly increase AKI risk. It is not a direct perioperative renal perfusion marker."
chronic_lung_disease,0.04,"COPD/chronic lung disease can contribute to hypoxemia/hypercapnia and higher postoperative ventilatory/vasopressor needs, indirectly affecting renal perfusion. Association with AKI is plausible but not specific."
pre_op_home_oxygen,0.05,"Home oxygen is a proxy for severe chronic cardiopulmonary disease and limited physiologic reserve, which can predispose to perioperative hypoxemia and hemodynamic instability impacting kidneys. Still an indirect predictor."
bronchodilator_therapy,0.01,Bronchodilator use mainly reflects obstructive lung disease treatment and does not directly affect renal perfusion or nephrotoxicity. Limited incremental AKI signal beyond underlying lung disease.
pre_op_sleep_apnea,0.02,"Sleep apnea is linked to cardiometabolic disease and intermittent hypoxemia, which may modestly increase perioperative risk. It is not an established direct predictor of postoperative creatinine rise."
pneumonia,0.05,"Active/recent pneumonia increases systemic inflammation, hypoxemia, and risk of sepsis-related hypotension, all of which can precipitate AKI. However, it remains a nonspecific comorbidity signal."
iv_drug_abuse,0.02,"IV drug use can correlate with infections and end-organ disease, but its direct mechanistic link to postoperative AKI is weak once other factors are accounted for. Likely low incremental predictive value."
depression,0.01,Depression has no direct physiologic linkage to renal ischemia/toxicity in the perioperative ICU setting. Any association is likely confounded by overall health status and care patterns.
alcohol,0.03,"Alcohol use can be associated with liver disease, malnutrition, and hemodynamic instability/withdrawal, which may indirectly increase AKI risk. Not a strong standalone predictor without severity detail."
liver_dis,0.08,"Liver disease is an established risk factor for AKI via altered hemodynamics, susceptibility to hypotension, and hepatorenal physiology, especially under surgical stress. It meaningfully increases risk though not a direct biomarker."
imm_supp,0.04,"Immunosuppression increases infection/sepsis risk and may correlate with nephrotoxic regimens (e.g., calcineurin inhibitors), indirectly raising AKI risk. Without medication specifics, it is a modest predictor."
mediast_rad,0.03,Prior mediastinal radiation can make cardiac surgery more complex and increase perioperative complications that secondarily affect renal perfusion. The link to AKI is indirect.
cancer,0.02,"Cancer history may reflect frailty and prior nephrotoxic exposures, but it is heterogeneous and not a specific driver of postoperative AKI. Typically low incremental value in a perioperative model."
peripheral_artery_disease,0.07,"Peripheral artery disease is a marker of systemic atherosclerosis and microvascular disease, associated with reduced renal reserve and higher risk of perioperative renal hypoperfusion. It is an established comorbidity risk factor."
pre_op_thoracic_aorta_disease,0.09,"Thoracic aortic disease often implies more extensive surgery (longer bypass/cross-clamp, embolic risk) and greater hemodynamic perturbation, which are associated with AKI. Stronger than most comorbidities but still indirect."
syncope,0.01,Syncope is a nonspecific symptom and does not directly indicate renal vulnerability or perioperative renal perfusion status. Any association with AKI is likely weak and confounded.
unresponsive_state_history,0.01,History of unresponsiveness is not a direct renal risk factor and is more reflective of neurologic status than kidney perfusion or nephrotoxin exposure.
cerebrovascular_disease,0.03,"Marker of systemic atherosclerosis and vascular disease, which can correlate with renal hypoperfusion risk, but it is an indirect predictor compared with hemodynamics and renal labs."
pre_op_hemoglobin,0.08,"Preoperative anemia increases risk of perioperative hypoxia/transfusion and reduced oxygen delivery, which is associated with post-cardiac surgery AKI."
total_albumin_before_surgery,0.06,"Hypoalbuminemia reflects frailty/inflammation and lower oncotic pressure, associated with worse postoperative outcomes including AKI, though not kidney-specific."
total_bilirubin_before_surgery,0.03,"Baseline hyperbilirubinemia suggests hepatic dysfunction/congestion and higher illness severity, indirectly increasing AKI risk but not a primary driver."
a1c_lvl,0.07,Poor glycemic control/diabetes burden is an established AKI risk factor after cardiac surgery via microvascular disease and susceptibility to ischemic injury.
pre_op_heparin_induced_thrombocytopenia_antibodies,0.01,HIT antibodies mainly affect anticoagulation strategy and thrombotic risk; any link to AKI is uncommon and indirect in this context.
meld_scr,0.09,"Higher MELD (including creatinine component) captures baseline organ dysfunction and cardiorenal/hepatorenal vulnerability, which is associated with postoperative AKI risk."
bnp,0.08,"Elevated BNP indicates heart failure/volume overload and venous congestion, which are strongly linked to cardiorenal syndrome and postoperative AKI risk."
five_m_walk_test,0.02,"Functional capacity/frailty marker that correlates with overall surgical risk, but has only an indirect relationship to kidney injury mechanisms."
previous_cardiovascular_intervention,0.03,"Signals advanced cardiovascular disease and potential contrast exposure history, indirectly increasing AKI susceptibility but not a direct perioperative renal insult."
previous_coronary_bypass_graft,0.04,"Redo/complex coronary disease can imply higher operative complexity and hemodynamic instability risk, but the association with AKI is indirect."
previous_surgery_cardiac_value,0.04,"Prior cardiac surgery suggests higher surgical complexity and adhesions with potential for longer bypass/ischemia time, indirectly raising AKI risk."
previous_percutaneous_coronary_intervention,0.03,Marker of coronary disease severity and possible prior contrast exposure; contributes indirectly to AKI risk compared with perioperative hemodynamics.
previous_percutaneous_coronary_intervention_this_episode_of_care,0.05,"Recent PCI in the same episode may imply recent contrast load and acute coronary instability, plausibly increasing AKI risk, though timing/dose determine impact."
previous_percutaneous_coronary_intervention_stent,0.02,Presence of a stent reflects coronary disease history but does not directly affect renal perfusion or nephrotoxin exposure perioperatively.
time_since_previous_cardiac_intervention,0.02,"Short interval since prior intervention can proxy higher baseline cardiovascular disease burden and perioperative complexity, which indirectly raises AKI risk. It is not a direct renal perfusion or nephrotoxin marker."
past_cardiac_interventions,0.03,"History of prior cardiac interventions suggests more advanced coronary/structural disease and potentially more complex redo surgery, indirectly increasing AKI risk. The link is indirect and heterogeneous."
pre_op_ace_inhibitor_within_48_hours,0.08,"Recent ACE inhibitor use can blunt efferent arteriolar constriction and reduce renal autoregulation during perioperative hypotension/CPB, increasing AKI susceptibility. This is a recognized perioperative renal risk modifier."
pre_op_adp_inhibitor_within_5_days,0.03,"Recent P2Y12 inhibitor use mainly affects bleeding/transfusion risk, which can secondarily contribute to AKI via hemodilution/hypotension. It is not a primary renal mechanism."
pre_op_amiodarone,0.02,"Amiodarone use is a marker of arrhythmia/heart failure severity and perioperative instability, which can indirectly relate to AKI. It is not directly nephrotoxic in typical perioperative dosing."
pre_op_anticoagulants,0.03,"Pre-op anticoagulation can increase bleeding/transfusion and hemodynamic instability risk, indirectly affecting renal perfusion. Direct anticoagulant-related nephropathy is uncommon in this setting."
pre_op_aspirin,0.02,Aspirin is common standard-of-care and usually continued; its renal effect at antiplatelet doses is modest. Any AKI association is mostly via bleeding/transfusion rather than direct nephrotoxicity.
pre_op_beta_blockers,0.02,"Beta-blocker use reflects cardiovascular comorbidity and may influence perioperative hemodynamics, but effects on AKI are inconsistent. More a general risk marker than a direct predictor."
pre_op_beta_blocker_therapy_for_2_weeks,0.01,Duration of beta-blocker therapy is largely a chronic management detail and adds little beyond the binary exposure. Limited direct mechanistic link to postoperative creatinine rise.
pre_op_calcium_channel_blocker_therapy_for_2_weeks,0.01,Chronic CCB therapy duration is not a known driver of postoperative AKI and mainly reflects hypertension/angina management. Minimal incremental renal prognostic value.
pre_op_glycoprotein_inhibitor,0.03,"GPIIb/IIIa inhibitor exposure can increase bleeding and transfusion needs, indirectly worsening renal outcomes. Not a direct renal biomarker or primary AKI mechanism."
pre_op_inotropic_agents,0.1,Need for pre-op inotropes indicates low cardiac output/cardiogenic shock physiology with impaired renal perfusion reserve. This is an established risk factor for postoperative AKI.
pre_op_lipid_lowering_med,0.02,Statin/lipid-lowering therapy is common and may be mildly protective or neutral for AKI; it mainly marks atherosclerotic disease. Not a strong direct predictor of creatinine rise.
pre_op_long_acting_nitrate_therapy_for_2_weeks,0.01,Chronic nitrate therapy duration is primarily a marker of angina management and does not directly affect renal perfusion in a sustained way. Limited incremental AKI signal.
pre_op_iv_nitrates,0.05,"IV nitrates suggest active ischemia/heart failure and can contribute to perioperative hypotension, indirectly increasing AKI risk. Association is plausible but not definitive."
pre_op_other_antianginal_therapy_for_2_weeks,0.01,Other chronic antianginal therapy duration is nonspecific and largely overlaps with underlying CAD severity already captured elsewhere. Weak direct linkage to postoperative creatinine ratio.
pre_op_steroid_usage,0.03,"Chronic steroid use can reflect frailty/inflammation and may worsen infection risk and glycemic control, indirectly increasing AKI risk. Not a direct renal perfusion or nephrotoxin signal in this setting."
pre_op_thrombin_inhibitor_within_24_hours,0.01,Primarily affects bleeding/transfusion risk rather than renal perfusion directly. Any AKI association is indirect and confounded by acuity/anticoagulation indication.
pre_op_warfarin_within_5_days,0.01,Warfarin exposure is not a typical direct driver of postoperative AKI after cardiac surgery. Potential links via bleeding/transfusion are indirect and nonspecific.
pre_op_factor_xa_inhibitor_within_5_days,0.01,Factor Xa inhibitors mainly influence perioperative bleeding management; renal injury links are indirect. Not an established predictor of creatinine rise post-cardiac surgery.
pre_op_thrombin_inhibitor_within_5_days,0.01,"Similar to other anticoagulants, the relationship to AKI is largely mediated by bleeding/transfusion/hemodynamic instability rather than a direct renal mechanism. Weak standalone prognostic value."
pre_op_lipid_lowering_med_is_statin,0.04,Statin use may correlate with cardiovascular comorbidity burden and has mixed evidence for perioperative renal protection. Overall an indirect marker with modest expected signal.
cardiac_catheterization_performed,0.08,"Recent catheterization can imply contrast exposure and higher baseline cardiovascular disease severity, both associated with postoperative AKI risk. Still indirect without timing/contrast dose details."
cor_anat_dis_known,0.03,"Known coronary anatomy/disease reflects atherosclerotic burden and potential low cardiac output risk, indirectly affecting renal perfusion. Not a direct biomarker of impending AKI."
number_of_diseased_coronary_vessels,0.05,Greater multivessel disease suggests higher surgical complexity and risk of perioperative low-output states that can precipitate AKI. Predictive value is indirect and overlaps with other severity markers.
aortic_valve_disease,0.06,"Aortic valve disease (especially severe stenosis) is associated with perioperative hemodynamic instability and low cardiac output, increasing AKI risk. Moderate established risk factor but not definitive alone."
mitral_valve_disease,0.05,Mitral disease can be associated with pulmonary hypertension/heart failure physiology and postoperative low-output states that impair renal perfusion. Indirect and often collinear with other cardiac severity measures.
tricuspid_valve_disease,0.07,"Tricuspid disease often reflects right-sided failure and venous congestion, which can reduce renal perfusion gradient and worsen AKI risk. A plausible established risk factor in cardiac surgery patients."
pulmonic_valve_disease,0.01,Pulmonic valve disease is uncommon and typically not a primary determinant of postoperative AKI risk in this cohort. Any association would be indirect via overall cardiac complexity.
n_past_cardiac_surgeries,0.09,"Reoperative cardiac surgery increases operative complexity, bypass time, bleeding/transfusion, and risk of low cardiac output—all linked to AKI. A meaningful established risk factor preoperatively."
status,0.02,"Without clear definition (e.g., elective vs urgent), this is difficult to interpret mechanistically for AKI. Likely overlaps with acuity and surgical complexity, so expected signal is modest."
current_case_canceled,0.01,Case cancellation is an administrative/process variable with no direct physiologic link to postoperative creatinine rise. Any association would be incidental or confounded.
operative_approach_converted,0.06,"Conversion (e.g., minimally invasive to open) often reflects intraoperative complexity, longer ischemic/CPB exposure, bleeding, and hemodynamic instability, all of which increase AKI risk. It is an indirect but established perioperative risk marker."
robotic,0.01,Robotic approach mainly reflects surgical technique and case selection rather than a direct renal perfusion or nephrotoxic mechanism. Any association with AKI is likely confounded by patient/procedure selection.
op_cab,0.07,"CABG is associated with AKI risk via CPB exposure (if on-pump), perioperative hypotension, atheroembolism, and transfusion/hemolysis. Procedure type is an established but nonspecific risk factor."
op_valve,0.08,"Valve surgery often entails longer cross-clamp/CPB times and higher risk of low cardiac output syndrome, both key drivers of renal hypoperfusion and AKI. This is an established perioperative risk factor."
other_cardiac_procedure_completed,0.05,"Additional cardiac procedures generally indicate greater operative complexity and longer bypass/ischemia time, indirectly increasing AKI risk. The category is heterogeneous, so predictive specificity is limited."
a_fib_proc,0.03,"Concomitant AF procedures (e.g., Maze) can increase operative time and inflammation but are not a primary renal insult. Any AKI signal is likely mediated through longer CPB/cross-clamp and perioperative instability."
aort_proc,0.1,"Aortic procedures carry higher risk of embolic phenomena, prolonged circulatory arrest/CPB, and profound hemodynamic perturbations, all strongly linked to postoperative AKI. This is a high-risk operative category in cardiac surgery."
other_non_cardiac_procedure_done,0.02,"Non-cardiac concomitant procedures may increase operative duration and stress but are variably related to renal perfusion. The heterogeneity makes it a weak, indirect predictor."
appropriate_antibiotic_selection,0.01,Appropriate prophylactic antibiotic choice is standard-of-care and not a direct determinant of renal injury in the immediate postoperative window. It has minimal mechanistic linkage to creatinine rise at 60 hours.
appropriate_antibiotic_administration_timing,0.01,Timing of prophylactic antibiotics primarily affects surgical site infection risk rather than early postoperative renal perfusion or nephrotoxicity. Any AKI association would be indirect and weak.
antibiotic_discontinuation_ordered,0.01,Discontinuation orders reflect stewardship/documentation rather than renal physiology. It is unlikely to causally influence creatinine ratio by 60 hours.
additional_intraoperative_prophylactic_antibiotic_dose,0.02,"An extra prophylactic dose may proxy longer operative time or blood loss, which can relate to AKI risk, but the antibiotic exposure itself is usually not nephrotoxic at prophylactic dosing. Overall this is a weak indirect marker."
operative_lowest_core_temperature,0.05,"Lower nadir temperature can indicate deeper hypothermia/circulatory arrest and more complex CPB management, which may increase AKI risk via ischemia-reperfusion and inflammation. It is an indirect, moderately plausible predictor."
operative_lowest_hemoglobin,0.1,"Low intraoperative hemoglobin reflects hemodilution/bleeding and reduced oxygen delivery, which can precipitate renal medullary hypoxia and AKI. This is an established perioperative risk factor in cardiac surgery."
high_intra_glu,0.04,"Intraoperative hyperglycemia is associated with stress response and worse outcomes, and may correlate with inflammation and microvascular dysfunction, but it is not a primary driver of AKI. Predictive value is indirect and modest."
cardiopulmonary_coronary_perfused_used,0.03,Use of specialized perfusion strategies reflects operative technique and case complexity; renal impact is indirect through CPB characteristics and hemodynamics. The direction and magnitude of association with AKI are uncertain.
arterial_cannulation_site_aortic,0.01,Aortic cannulation is standard for many cardiac surgeries and is not independently predictive of renal injury beyond overall case complexity.
arterial_cannulation_site_femoral,0.03,"Femoral arterial cannulation can be a marker of higher-risk/emergent cases and greater atheroembolism risk, which can contribute to AKI, but the link is indirect."
arterial_cannulation_site_axillary,0.02,Axillary cannulation often reflects specific aortic pathology/operative strategy; any AKI association is mainly via case complexity rather than a direct renal mechanism.
arterial_cannulation_site_innominate,0.02,Innominate cannulation is typically chosen for arch/aortic procedures; it may proxy surgical complexity but is not a direct driver of postoperative creatinine rise.
arterial_cannulation_site_other,0.01,Other cannulation sites are heterogeneous and mainly reflect operative preference or anatomy; limited direct mechanistic linkage to AKI.
venous_cannulation_site_femoral,0.02,Femoral venous cannulation may indicate minimally invasive or complex access scenarios; any AKI signal is indirect through procedural complexity/hemodynamics.
venous_cannulation_site_jugular,0.01,Jugular venous cannulation site is largely a technical detail and does not directly affect renal perfusion or nephrotoxic exposure.
venous_cannulation_site_right_atrial,0.01,Right atrial venous cannulation is common and not independently associated with renal hypoperfusion or tubular injury.
venous_cannulation_site_left_atrial,0.01,Left atrial venous cannulation is uncommon and procedure-specific; it has no consistent direct relationship to postoperative AKI.
venous_cannulation_site_pulmonary,0.01,Pulmonary venous cannulation is rare and reflects surgical technique; no established direct association with AKI risk.
venous_cannulation_site_bicaval,0.01,Bicaval cannulation is a standard approach for certain operations and is not a direct predictor of postoperative creatinine changes.
venous_cannulation_site_other,0.01,Other venous cannulation sites are heterogeneous and primarily technical; weak and inconsistent linkage to AKI.
cardiopulmonary_bypass_time,0.18,"Longer CPB time is a strong, well-established risk factor for AKI via inflammation, hemolysis, nonpulsatile flow, and renal hypoperfusion; particularly relevant in very elderly patients."
circulatory_arrest,0.12,"Circulatory arrest indicates profound systemic hypoperfusion risk and complex aortic surgery, both strongly associated with postoperative AKI."
deep_hypothermic_circulatory_arrest_time,0.2,Longer DHCA time directly increases duration of global ischemia/low-flow states and is strongly linked to subsequent AKI and creatinine rise.
cerebral_perfusion_utilized,0.03,Use of cerebral perfusion is mainly a marker of arch surgery strategy and complexity; renal implications are indirect and confounded by arrest duration and CPB time.
cerebral_perfusion_time,0.02,Primarily reflects neuroprotection strategy/complexity rather than renal perfusion directly. May weakly proxy prolonged bypass/operative complexity that can increase AKI risk.
intraop_circulatory_arrest_time,0.12,"Longer circulatory arrest implies profound systemic hypoperfusion/ischemia and high operative complexity, both strongly associated with postoperative AKI. Particularly relevant in very elderly patients with limited renal reserve."
aortic_occlusion,0.02,"Binary indicator of aortic manipulation/occlusion is a nonspecific proxy for procedure type and complexity. AKI risk is better captured by duration measures (e.g., cross-clamp time) and hemodynamics."
aortic_cross_clamp_time,0.1,"Longer cross-clamp time correlates with prolonged cardiopulmonary bypass/ischemia-reperfusion and inflammatory burden, established contributors to cardiac-surgery–associated AKI. Acts as a robust marker of operative duration/complexity."
cerebral_oximetry_used,0.01,Use of cerebral oximetry reflects monitoring preference and case type rather than a renal injury mechanism. At most a weak proxy for higher-acuity/complex operations.
diffuse_aortic_calcification,0.05,"Diffuse aortic atherosclerosis indicates systemic vascular disease and higher embolic/low-flow risk, which can contribute to renal hypoperfusion and AKI. Indirect risk factor rather than a direct biomarker."
assessment_of_ascending_aorta_arch,0.01,Documentation of aortic assessment is largely procedural/standard-of-care and not a physiologic driver of AKI. Provides minimal incremental prognostic information beyond operative times and complications.
aorta_plaque_assessment,0.02,"Plaque assessment suggests concern for atheroma/embolization risk, which can indirectly relate to renal injury. However it is mainly a documentation/assessment variable and not a direct predictor."
aortic_condition_altered_plan,0.05,"An altered surgical plan due to aortic condition signals higher complexity and potential for longer bypass time and hemodynamic instability, increasing AKI risk. Indirect but clinically plausible marker."
intraop_blood_products_refused,0.01,Refusal is uncommon and primarily reflects patient preference rather than renal pathophysiology. Any association with AKI would be highly indirect and confounded.
intraop_blood_products_received,0.06,"Receiving blood products is a marker of bleeding, hemodilution, and operative complexity; transfusion is associated with inflammation and AKI risk after cardiac surgery. Nonspecific but established perioperative risk signal."
intraop_red_blood_cells_transfused,0.08,RBC transfusion correlates with bleeding/anemia and is independently associated with cardiac-surgery–associated AKI via inflammatory and microcirculatory effects. Also proxies hemodynamic instability and longer procedures.
intraop_fresh_frozen_plasma_transfused,0.05,"FFP transfusion indicates coagulopathy/major bleeding and higher surgical complexity, which increases AKI risk indirectly. Less directly linked than RBCs but still a plausible perioperative severity marker."
intraop_platelets_transfused,0.05,"Platelet transfusion suggests significant bleeding or platelet dysfunction (often CPB-related), reflecting higher inflammatory burden and instability associated with AKI. Indirect predictor rather than direct renal marker."
intraop_cryoprecipitate_transfused,0.04,"Cryoprecipitate use indicates severe bleeding/hypofibrinogenemia and high-acuity surgery, which can predispose to renal hypoperfusion and AKI. Association is indirect and less common than RBC transfusion."
intra_clot_fact,0.02,"Clotting factor administration reflects coagulopathy/bleeding management and overall case severity, but has no direct renal mechanism. Any predictive value is indirect and likely collinear with other transfusion variables."
intraop_received_amino_captroic_acid,0.01,Antifibrinolytic use is primarily related to bleeding management and has no consistent direct link to postoperative AKI beyond confounding by surgical complexity.
intraop_received_tranexamic_acid,0.01,Tranexamic acid is not a direct driver of renal hypoperfusion or nephrotoxicity in typical cardiac surgery dosing; any association with AKI is indirect via case complexity.
intraop_transesophageal_echocardiogram_performed,0.01,TEE performance reflects intraoperative monitoring practice and case type rather than a physiologic mechanism causing AKI.
post_repair_aortic_insufficiency,0.05,"Residual aortic insufficiency can worsen forward flow and contribute to low effective perfusion pressure, indirectly increasing AKI risk, but it is not a direct biomarker."
post_repair_mitral_insufficiency,0.05,"Residual MR can reduce effective cardiac output and raise venous pressures, which may impair renal perfusion indirectly; predictive value is modest without concurrent hemodynamic data."
post_repair_tricuspid_insufficiency,0.08,"Residual TR is linked to elevated right-sided pressures and renal venous congestion, a recognized contributor to postoperative AKI, especially in older patients."
op_val_surg_input,0.03,"Valve surgery indicates higher operative complexity and potential bypass time/hemolysis exposure, but it is a coarse proxy and not specific for renal injury."
a_fib_proc_surg_input,0.02,Concomitant AF procedures add operative time and complexity but have only an indirect and inconsistent relationship with AKI compared with hemodynamics and renal labs.
general_anesthesia_used,0.01,General anesthesia is near-universal in cardiac surgery and provides little discriminatory information for AKI risk in this cohort.
intraop_prothrombin_complex_concentrate_used,0.04,"PCC use is a marker of significant bleeding/coagulopathy and transfusion risk, which can correlate with AKI via shock/inflammation, but it remains an indirect proxy."
post_repair_aortic_mean_gradient,0.03,"Higher residual aortic gradients may reflect suboptimal valve hemodynamics and reduced forward flow, but the link to AKI is indirect and typically weaker than systemic perfusion measures."
post_repair_aortic_paravalvular_leak,0.04,"Paravalvular leak can cause hemolysis and reduced effective stroke volume, potentially contributing to renal stress, but it is not a primary AKI predictor."
post_repair_mitral_mean_gradient,0.03,"Elevated mitral gradients can increase left atrial pressure and pulmonary hypertension, indirectly affecting cardiac output and renal perfusion; overall effect on AKI is modest."
post_repair_mitral_paravalvular_leak,0.04,"Mitral PVL may lead to hemolysis and inefficient forward flow, which can contribute to renal injury indirectly, but it is not a direct renal biomarker."
post_repair_mitral_tricuspid_leak,0.05,"Combined residual valvular leaks can indicate persistent hemodynamic burden and venous congestion, plausibly increasing AKI risk, though still indirect."
ejection_fraction_post_procedure,0.1,"Lower post-procedure EF is an established risk factor for low cardiac output syndrome and renal hypoperfusion after cardiac surgery, making it a meaningful predictor of later creatinine rise."
pp_planed_pci,0.02,"Planned PCI mainly reflects coronary disease complexity and potential contrast exposure, but is an indirect and inconsistent driver of post-cardiac surgery AKI compared with peri-ICU hemodynamics and renal labs."
iabp,0.12,"IABP use is a marker of perioperative cardiogenic shock/low cardiac output and need for mechanical support, which strongly increases AKI risk via renal hypoperfusion and venous congestion."
cath_bas_assist,0.03,"Baseline cath-assist/support suggests higher cardiac risk and possible hemodynamic instability, but it is a nonspecific proxy and less predictive than post-op perfusion variables."
ecmo,0.18,"ECMO indicates severe circulatory/respiratory failure with high rates of AKI from shock, inflammation/hemolysis, and renal hypoperfusion; it is a strong predictor of creatinine rise."
bld_prod,0.1,"Blood product exposure correlates with bleeding, inflammation, hemolysis, and transfusion-associated renal injury, and often co-occurs with hypotension and prolonged bypass—established AKI risk."
extubated_in_or,0.03,"Extubation in the OR generally reflects lower illness severity and faster recovery, indirectly associated with lower AKI risk but not a direct renal mechanism."
re_intub,0.08,"Re-intubation signals postoperative deterioration (pulmonary edema, shock, sepsis) and typically higher vasopressor/PEEP exposure, which is associated with increased AKI risk."
icu_visit,0.01,ICU visit is routine after cardiac surgery and provides little discriminatory information about renal injury risk in this cohort.
postop_hemoglobin,0.06,"Low postoperative hemoglobin can reduce oxygen delivery and correlate with bleeding/transfusion and hypotension, contributing to renal ischemia; moderately predictive but not specific."
postop_hct,0.05,Hematocrit overlaps strongly with hemoglobin and mainly reflects anemia/hemodilution; capped to limit collinearity while retaining some signal for oxygen delivery/bleeding severity.
postop_intub,0.04,"Being intubated postoperatively is common and reflects general severity; it is an indirect marker and less specific for AKI than hemodynamics, urine output, and renal labs."
prev_mi,0.05,"Prior MI indicates underlying cardiac dysfunction and vascular disease, which can predispose to low-output states and renal hypoperfusion, but is an indirect predictor."
mi_when,0.02,"Timing of prior MI may relate to baseline cardiac reserve, but its incremental value for predicting postoperative creatinine rise is limited compared with immediate postoperative physiology."
card_symp_time_of_adm,0.01,Symptom timing at admission is not mechanistically linked to renal injury and is unlikely to add predictive value beyond objective perioperative severity markers.
card_symp_time_of_surg,0.01,"Symptom timing at surgery is a weak proxy for urgency and does not directly capture renal perfusion, nephrotoxin exposure, or inflammatory insult."
anginal_class,0.03,"Angina class reflects coronary disease burden and functional limitation, which may correlate with perioperative risk, but it is not a direct or strong predictor of AKI."
class_nyh,0.04,Higher NYHA class reflects worse baseline cardiac reserve and propensity for low cardiac output states that can reduce renal perfusion postoperatively. It is an indirect risk marker rather than a direct renal biomarker.
car_shock,0.18,Cardiogenic shock implies severe hypotension/low cardiac output with high risk of renal ischemia and subsequent AKI. Strong direct predictor of creatinine rise after cardiac surgery.
resusc,0.08,"Need for resuscitation suggests perioperative instability (hypotension, bleeding, hypoperfusion) that can precipitate AKI. Predictive but heterogeneous in mechanism and severity."
arrhythmia,0.03,"Arrhythmias can reduce effective cardiac output and renal perfusion, but this broad category is nonspecific and overlaps with more specific rhythm features. Indirect link only."
recent_cardiac_arrhythmia_vtach_vfib,0.07,Recent VT/VF indicates severe cardiac instability and potential periods of profound hypoperfusion that can trigger ischemic AKI. Important but not as definitive as shock itself.
recent_arrhyth_sss,0.01,Sick sinus syndrome mainly reflects conduction disease and pacing needs rather than systemic hypoperfusion. Weak and indirect association with postoperative AKI.
recent_arrhyth_a_flutter,0.02,"Atrial flutter may contribute to variable cardiac output and thromboembolic risk, but its direct relationship to postoperative AKI is limited. Mostly a comorbidity marker."
recent_arrhyth_second,0.01,Second-degree AV block is primarily a conduction abnormality and is not a strong independent driver of renal injury. Any AKI association is likely mediated through hemodynamic events captured elsewhere.
recent_arrhyth_third,0.03,"Complete heart block can cause bradycardia and low cardiac output if not paced, potentially reducing renal perfusion. Still an indirect predictor given typical pacing management."
arrhyth_p_paced,0.02,"Being paced reflects underlying conduction disease and perioperative rhythm management, but does not directly indicate renal hypoperfusion. Weak indirect association with AKI risk."
heart_fail,0.09,"Heart failure is an established risk factor for postoperative AKI via low forward flow, venous congestion, and higher vasopressor/diuretic exposure. Predictive but not a direct renal biomarker."
recent_arrhyth_atr_fib,0.04,"Recent atrial fibrillation can worsen hemodynamics and is associated with postoperative complications that increase AKI risk. However, it is an indirect marker and often managed effectively."
pain_score_pre,0.01,Preoperative pain score has no clear physiological linkage to renal perfusion or tubular injury. Any association would be confounded by comorbidity and care patterns.
intraop_cell_saver_volume,0.03,"Higher cell-saver volume can proxy surgical bleeding/complexity and transfusion exposure, which correlate with AKI risk. It is an indirect severity marker rather than a direct mechanism."
total_heparin_before_bypass,0.01,Heparin dosing before bypass is largely protocol-driven and not a known independent predictor of postoperative AKI. Any effect is indirect through surgical complexity and bypass management.
total_protamine_before_or_exit,0.02,"Protamine dose reflects heparin reversal needs and may correlate with bypass exposure and hemodynamic reactions, but links to AKI are inconsistent. Overall a weak indirect predictor."
intra_visco_test,0.01,"Viscoelastic testing (e.g., TEG/ROTEM) reflects coagulation management rather than renal perfusion or nephrotoxicity. Any association with AKI would be indirect via bleeding/transfusion complexity."
vol_agent_used,0.01,A generic indicator that a volatile anesthetic was used is not a specific mechanism for postoperative AKI. It mainly reflects anesthetic technique choice and is weakly linked to renal outcomes.
volatile_agent_isoflurane,0.02,"Isoflurane can influence systemic hemodynamics, but it is not an established independent driver of AKI after cardiac surgery. Any effect would be mediated through blood pressure/cardiac output already captured by other variables."
volatile_agent_sevoflurane,0.03,Sevoflurane has theoretical renal considerations (fluoride/compound A) but clinically significant nephrotoxicity is uncommon in modern practice. Potential association is indirect and likely small compared with perfusion and vasopressor exposure.
volatile_agent_desflurane,0.02,Desflurane primarily affects sympathetic tone/hemodynamics but is not a recognized direct AKI predictor in cardiac surgery. Any relationship is likely confounded by case complexity and hemodynamic variables.
vol_agent_oth,0.01,Other volatile agents are heterogeneous and not reliably linked to AKI risk. This variable is too nonspecific to provide mechanistic renal signal.
volatile_agent_used_pre_bypass,0.01,Pre-bypass volatile use reflects anesthetic phase rather than renal insult; renal hypoperfusion risk is better captured by hypotension/vasopressors. Likely redundant with overall anesthetic exposure variables.
volatile_agent_used_during_bypass,0.02,"During bypass, renal risk is driven more by CPB flow/pressure, hemolysis, and inflammation than by volatile choice. Volatile use here is at most a weak proxy for anesthetic strategy."
volatile_agent_used_post_bypass,0.02,"Post-bypass volatile use may correlate with hemodynamic instability, but it is not a direct renal biomarker. Any predictive value is indirect and likely captured by MAP/vasopressor requirements."
volatile_agent_used_for_maintenance,0.01,Maintenance volatile use is standard practice and not specifically informative for AKI risk. It provides little incremental signal beyond hemodynamics and operative complexity.
intra_op_infusion_dexmedetomidine,0.03,"Dexmedetomidine may reduce sympathetic tone and opioid needs and has mixed evidence for renal protection, but effects are modest and inconsistent. It is not a strong established predictor of postoperative creatinine rise."
intraop_propofol_infusion,0.02,Propofol infusion mainly reflects anesthetic technique; renal effects are indirect via blood pressure and cardiac output. Not an established independent AKI risk factor in this setting.
intraop_midazolam_infusion,0.01,Midazolam infusion is not mechanistically linked to AKI and is largely a sedation strategy marker. Any association would be confounded by illness severity and operative course.
total_insulin_before_or_exit,0.05,"Higher intraoperative insulin requirement can proxy stress hyperglycemia/diabetes severity, which is associated with AKI risk. Still indirect and likely weaker than direct perfusion, lactate, and renal labs."
pre_anesth_bp_sys,0.05,"Baseline systolic BP reflects chronic hypertension/vascular disease and preoperative hemodynamic reserve, which can influence renal vulnerability. It is an established but indirect risk factor compared with perioperative hypotension."
pre_anesth_bp_dia,0.04,Baseline diastolic BP relates to vascular tone and coronary/renal perfusion pressure and may reflect chronic hypertension. Predictive value is indirect and generally weaker than intra/postoperative hemodynamic derangements.
pre_anesth_hr,0.01,"Pre-induction heart rate is a nonspecific marker of stress/pain and does not directly reflect renal perfusion or nephrotoxic exposure. Any association with AKI is weak and highly confounded by anxiety, medications, and baseline fitness."
pulmonary_artery_catheter_used,0.04,"Use of a PA catheter is a proxy for higher surgical/ICU acuity and concern for cardiogenic shock, which can predispose to renal hypoperfusion. It is not itself causal and largely reflects clinician behavior and case complexity."
core_temp_max,0.02,"Maximum core temperature is an indirect marker of inflammation/infection or rewarming strategy, but is not a primary driver of postoperative AKI. Extremes of temperature can correlate with illness severity, yet the link to creatinine rise is weak."
nitric_ox_intraop,0.03,"Inhaled nitric oxide typically indicates pulmonary hypertension/RV dysfunction and more complex hemodynamics, which can secondarily impair renal perfusion. The medication itself is not a common direct nephrotoxin, so predictive value is mainly via severity confounding."
total_crystalloid_by_anesthesia_team,0.05,"Large crystalloid volumes can reflect hypotension/bleeding and contribute to hemodilution and fluid overload, which are associated with worse renal outcomes after cardiac surgery. However, volume given is highly confounded by case complexity and transfusion needs."
total_synthetic_colloid_by_anesthesia_team,0.08,"Synthetic colloids (e.g., HES) have recognized associations with AKI in critically ill populations and may worsen renal tubular injury. Even if use is limited in cardiac surgery, exposure is a plausible established risk factor for creatinine rise."
total_5_percent_albumin_by_anesthesia_team,0.03,Albumin use is generally a marker of volume resuscitation needs and hemodynamic instability rather than a direct renal toxin. Its relationship to AKI is inconsistent and largely confounded by shock/bleeding severity.
gluc_trough_intraop,0.03,"Intraoperative hypoglycemia/low glucose can indicate tight insulin therapy or poor physiologic reserve, but it is not a direct mechanism for postoperative AKI. Dysglycemia is more relevant over sustained periods than a single trough value."
vasodil_intraop,0.04,"Intraoperative vasodilator use can signal hypertension management or afterload reduction, and may correlate with hemodynamic lability affecting renal perfusion. The association with AKI is indirect and depends on concurrent hypotension/vasopressor requirements."
intra_proc_eeg,0.01,Intra-procedural EEG monitoring reflects neurologic monitoring strategy and case type rather than renal physiology. It has no meaningful direct link to postoperative creatinine rise.
intra_op_pre_tee,0.02,Pre-incision TEE use is mainly a marker of operative complexity and monitoring intensity. Any AKI association is indirect via higher-risk surgery rather than a renal mechanism.
left_ventricular_ejection_fraction_estimate_pre_incision,0.1,"Reduced LVEF is an established risk factor for postoperative AKI through low cardiac output, renal hypoperfusion, and higher vasopressor/inotrope exposure. Baseline systolic dysfunction is particularly relevant in very elderly cardiac surgery patients."
rv_function_estimate_pre_incision,0.08,"RV dysfunction can lead to venous congestion, elevated renal venous pressure, and reduced effective renal perfusion, all associated with AKI after cardiac surgery. It also predicts need for pulmonary vasodilators and complex postoperative hemodynamics."
mitral_valve_regurgitation_pre_incision,0.03,"Mitral regurgitation severity can correlate with heart failure and perioperative hemodynamic instability, indirectly affecting renal perfusion. It is not a direct AKI driver independent of overall cardiac function."
mitral_stenosis_pre_incision,0.02,"Mitral stenosis may indicate chronic pulmonary hypertension and limited cardiac reserve, but its independent relationship to AKI is weak. Risk is largely mediated through RV dysfunction and perioperative low output states."
aortic_valve_regurgitation_pre_incision,0.03,"Aortic regurgitation can be associated with LV dilation and perioperative hemodynamic instability, which may secondarily affect renal perfusion. Its independent predictive value for AKI is modest compared with direct measures like LVEF and shock markers."
aortic_stenosis_regurgitation_pre_incision,0.03,"Significant aortic valve disease can predispose to perioperative low cardiac output and renal hypoperfusion, but it is an indirect and heterogeneous predictor once postoperative hemodynamics are accounted for."
pre_ava_assessed,0.005,Whether aortic valve area was assessed is largely a documentation/measurement indicator and not a physiologic driver of AKI risk.
pre_tr,0.04,"Tricuspid regurgitation can reflect right-sided dysfunction/venous congestion, which can impair renal perfusion pressure, but it is an indirect marker compared with postoperative CVP/pressors/urine output."
pre_pfo,0.005,Patent foramen ovale has no direct mechanistic link to postoperative AKI and is unlikely to add prognostic value for creatinine rise.
asc_ao_assessed,0.005,Assessment of the ascending aorta is primarily procedural/documentation and does not directly capture renal perfusion or nephrotoxic exposure.
maximal_ascending_aortic_diameter,0.01,Aortic size relates to surgical complexity in some cases but has no direct established relationship to postoperative renal injury beyond indirect confounding.
maximal_ascending_aortic_atherosclerotic_thickness,0.02,"Severe aortic atheroma increases embolic risk and may correlate with systemic vascular disease, but renal embolic AKI is uncommon and this remains an indirect predictor."
ascending_aortic_atheroma_mobility,0.03,"Mobile atheroma suggests higher embolic potential and diffuse atherosclerosis, which could contribute to renal ischemic/embolic injury, but overall predictive strength is modest."
visualize_aortic_arch,0.005,Whether the arch was visualized is a procedural detail and not a physiologic exposure or biomarker for AKI.
mx_arc_ath,0.02,"Aortic arch atheroma burden is an indirect marker of systemic atherosclerosis and embolic potential, with limited direct linkage to creatinine rise compared with hemodynamics and nephrotoxins."
aortic_arch_atheroma_mobility,0.03,"Mobile arch plaque increases risk of embolization and reflects advanced vascular disease, which can contribute to renal injury, but it is not a primary AKI driver."
cpb_used,0.1,"Cardiopulmonary bypass is an established risk factor for AKI via hemolysis, inflammation, nonpulsatile flow, and ischemia-reperfusion; presence/absence can meaningfully shift baseline risk."
retr_autol_prim,0.02,"Autologous priming/retrograde autologous priming may reduce hemodilution and transfusion needs, potentially affecting AKI risk, but effects are modest and context-dependent."
total_crystalloid_by_perfusion_team,0.04,"Large intraoperative crystalloid volumes can contribute to hemodilution, edema, and venous congestion, indirectly worsening renal function, but volume alone is a nonspecific proxy for complexity."
total_synthetic_colloid_by_perfusion_team,0.06,"Synthetic colloids (e.g., HES) are associated with increased AKI risk in critical illness and may be nephrotoxic; intraoperative exposure is a plausible established risk factor."
total_5_percent_albumin_by_perfusion_team,0.03,Albumin use reflects volume management and case complexity; it is not clearly nephrotoxic and is at most an indirect marker of hemodynamic instability/third spacing.
hemofil_perf,0.22,Need for hemofiltration/perfusion support reflects severe perioperative renal dysfunction or fluid overload and is tightly linked to subsequent creatinine rise. It is a near-direct marker of evolving AKI severity.
inotrop_wean_cpb,0.06,"Difficulty weaning inotropes after CPB suggests low cardiac output and renal hypoperfusion risk, but is indirect and overlaps with other hemodynamic markers. Moderate established risk signal."
vasop_wean_cpb,0.08,Ongoing vasopressor requirement after CPB indicates vasoplegia/shock physiology and higher AKI risk via impaired renal perfusion and inflammation. An established perioperative risk factor in cardiac surgery.
intra_op_post_tee,0.01,Having a post-TEE is largely procedural/monitoring and not a physiologic driver of AKI. It mainly reflects routine intraoperative assessment rather than renal risk.
systolic_anterior_motion_mitral_valve_presence,0.03,"SAM can cause dynamic LVOT obstruction and hypotension, which could contribute to renal hypoperfusion, but it is uncommon and context-dependent. Indirect link with limited standalone predictive value."
ret_cpb_ech,0.01,Return-to-CPB/echo-related workflow is a procedural marker and not a direct renal biomarker. Any association with AKI is mediated through hemodynamic instability captured elsewhere.
left_ventricular_ejection_fraction_estimate_post_incision,0.05,"Lower LVEF increases risk of low cardiac output syndrome and renal hypoperfusion, but this estimate is early and may not reflect postoperative trajectory. Plausible/established but not definitive alone."
post_rv_fx,0.07,"Postoperative RV dysfunction can reduce forward flow and raise venous congestion, both of which worsen renal perfusion and promote AKI. An established hemodynamic risk factor in cardiac surgery ICU patients."
intra_card_arr,0.05,"Intraoperative arrhythmias can cause transient hypotension/low output and renal ischemia, but effects are variable and often treated promptly. Indirect risk factor with modest standalone signal."
post_core_temp,0.02,Hypothermia/rewarming relates to CPB and systemic stress but is not a primary driver of AKI compared with perfusion/pressure and nephrotoxins. Weak indirect association.
post_inr,0.03,"Elevated INR reflects hepatic dysfunction, dilutional coagulopathy, or severity of illness after CPB, which can correlate with AKI risk. It is an indirect severity marker rather than a renal mechanism."
post_wbc,0.02,Leukocytosis is a nonspecific inflammation/stress marker and may correlate with complications but is not a direct predictor of renal injury. Weak indirect link.
post_plt,0.03,"Thrombocytopenia after CPB can indicate inflammation/consumption and overall severity, which correlates with AKI risk. Indirect association without renal specificity."
post_hct,0.05,"Low hematocrit/anemia reduces oxygen delivery and can worsen renal medullary hypoxia, especially in older cardiac surgery patients. Established but modest predictor given confounding by transfusion/bleeding."
post_fibrin,0.02,Fibrinogen changes reflect inflammation or bleeding/coagulopathy and are not directly causal for AKI. Mostly a nonspecific severity marker.
post_lact,0.14,Elevated lactate is a strong marker of global hypoperfusion/low cardiac output and correlates with subsequent organ dysfunction including AKI. It captures severity of shock physiology relevant to creatinine rise.
prop_post,0.03,"Postoperative propofol exposure is not directly nephrotoxic, but higher requirements can proxy for prolonged ventilation/instability that may correlate with AKI risk. Overall link is indirect and confounded by illness severity."
pain_score_pod3,0.01,"Pain score on POD3 is temporally distant and not a physiologic driver of renal hypoperfusion or tubular injury. Any association would be weak and mediated by other factors (e.g., opioids, mobilization)."
current_smoker,0.04,"Active smoking is associated with vascular dysfunction and higher perioperative complication risk, which can indirectly increase AKI risk. In this cohort it is an inclusion criterion and thus offers limited additional discrimination."
former_smoker,0.01,Former smoking has a weaker and less specific relationship to acute postoperative renal hypoperfusion than active smoking. Likely adds little incremental predictive value beyond comorbidities and perioperative course.
pre_op_arrhyth_a_fib_paroxysmal,0.03,"Paroxysmal AF can contribute to perioperative hemodynamic variability and need for vasoactive support, indirectly affecting renal perfusion. It is not a direct biomarker of AKI."
pre_op_arrhyth_a_fib_persistent,0.05,"Persistent AF more strongly reflects chronic atrial/structural heart disease and risk of low cardiac output or perioperative instability, which can predispose to AKI. Still an indirect predictor rather than a direct renal marker."
cardioplegia_delivery_antegrade,0.01,Antegrade cardioplegia delivery strategy is primarily a surgical technique choice and is not a direct determinant of renal injury. Any association with AKI would be weak and confounded by procedure complexity.
cardioplegia_delivery_retrograde,0.01,"Retrograde cardioplegia is a procedural detail that does not directly affect renal perfusion or nephrotoxin exposure. Potential links to AKI are indirect via case complexity and bypass time, not captured here."
cplegia_type_blood,0.01,"Blood cardioplegia type has no established direct relationship with postoperative AKI compared with hemodynamics, perfusion pressure, and nephrotoxins. Likely minimal incremental predictive value."
cplegia_type_crystalloid,0.01,Crystalloid cardioplegia type is not a direct renal insult and is mainly a practice-pattern variable. Any AKI association would be weak and confounded.
heart_fail_tmg_acute,0.08,"Acute heart failure around the time of surgery increases risk of low cardiac output, venous congestion, and renal hypoperfusion, all key mechanisms for postoperative AKI. This is an established perioperative risk factor."
heart_fail_tmg_chronic,0.06,Chronic heart failure predisposes to cardiorenal physiology (low forward flow and congestion) and higher vulnerability to perioperative hypotension and nephrotoxic exposures. Predictive but not definitive on its own.
heart_fail_type_systolic,0.07,"Systolic dysfunction is closely tied to low cardiac output states and need for inotropes/vasopressors, which can impair renal perfusion post-cardiac surgery. An established AKI risk factor."
heart_fail_type_diastolic,0.05,"Diastolic dysfunction can cause elevated filling pressures and venous congestion, contributing to renal dysfunction, but the relationship is generally less direct than systolic failure. Moderate, indirect predictive value."
0_12h_pulse_oximetry_mean,0.02,"Early mean SpO2 reflects oxygenation but is often transiently affected by anesthesia/ventilation immediately post-op; sustained hypoxemia is more informative than early averages. In the 0–12h epoch, conservatively weighted."
13_24h_pulse_oximetry_mean,0.03,"Mean SpO2 in 13–24h may better reflect ongoing respiratory failure and systemic hypoxia, which can worsen renal ischemia, but it remains an indirect marker. Averaging also dilutes brief hypoxemic insults."
25_36h_pulse_oximetry_mean,0.02,Average SpO2 is a nonspecific marker of overall respiratory status; sustained hypoxemia can worsen renal oxygen delivery but mean values often mask brief clinically important desaturations.
0_12h_pulse_oximetry_max,0.005,High maximum SpO2 is not mechanistically linked to AKI and largely reflects supplemental oxygen use in the immediate post-op period.
13_24h_pulse_oximetry_max,0.005,Maximum SpO2 mainly reflects oxygen therapy rather than renal perfusion or injury risk.
25_36h_pulse_oximetry_max,0.005,Maximum SpO2 is not a meaningful predictor of AKI compared with hypoxemia metrics.
0_12h_pulse_oximetry_min,0.06,"Minimum SpO2 captures acute hypoxemic insults that can contribute to renal ischemia; however, early (0–12h) desaturations are common/transient post-cardiac surgery so weight is conservative."
13_24h_pulse_oximetry_min,0.08,"Persistent or recurrent hypoxemia in the trajectory phase can signal ongoing cardiopulmonary dysfunction and reduced renal oxygen delivery, increasing AKI risk."
25_36h_pulse_oximetry_min,0.12,"Late-window hypoxemia is a stronger leading indicator of ongoing shock/respiratory failure and impaired renal oxygenation, which is associated with subsequent creatinine rise."
0_12h_pulse_oximetry_measured,0.01,Measurement frequency reflects monitoring intensity rather than physiology; in the immediate post-op period it is routine and not specific for impending AKI.
13_24h_pulse_oximetry_measured,0.01,More frequent SpO2 documentation is a weak proxy for acuity and is not specific for renal injury risk.
25_36h_pulse_oximetry_measured,0.02,"Increased monitoring late may reflect clinical instability, but it remains an indirect behavioral signal and is not specific for AKI."
0_12h_r_pulmonary_artery_pressure_mean_mean,0.03,"Mean PAP relates indirectly to RV afterload and venous congestion, which can impair renal perfusion, but early post-op values are often transient and mean aggregation is less informative than extremes."
13_24h_r_pulmonary_artery_pressure_mean_mean,0.04,"Sustained elevated PAP may indicate RV dysfunction/volume overload contributing to renal venous congestion, but mean values are still indirect and collinear with extreme measures."
25_36h_r_pulmonary_artery_pressure_mean_mean,0.05,"Later sustained PAP elevation can reflect ongoing RV failure and congestion affecting kidneys, but mean aggregation is capped to avoid redundancy with max PAP which better captures pathologic peaks."
0_12h_r_pulmonary_artery_pressure_mean_max,0.06,"Peak PAP in the immediate post-op period can capture acute RV strain and congestion that may reduce renal perfusion, though early fluctuations are common so scoring is conservative (0–12h cap)."
13_24h_r_pulmonary_artery_pressure_mean_max,0.1,"Elevated peak PAP during 13–24h suggests persistent RV afterload/volume issues and venous congestion, which are established contributors to postoperative AKI."
25_36h_r_pulmonary_artery_pressure_mean_max,0.14,"Late peak PAP is a stronger leading indicator of ongoing RV dysfunction and renal venous congestion close to the outcome window, making it more predictive of subsequent creatinine rise."
0_12h_r_pulmonary_artery_pressure_mean_min,0.02,"Low pulmonary artery pressures can reflect low preload/low output states that may reduce renal perfusion, but early post-op values are often transient and treatment-driven. Also an indirect marker compared with systemic perfusion measures."
13_24h_r_pulmonary_artery_pressure_mean_min,0.03,Persistently low PA pressures in the trajectory phase can suggest ongoing low filling/low output physiology with potential renal hypoperfusion. Still indirect and collinear with other hemodynamic indicators.
25_36h_r_pulmonary_artery_pressure_mean_min,0.05,"In the closest window to outcome, low PA pressures may indicate sustained low preload/low output contributing to AKI risk. Remains an indirect proxy rather than a direct renal biomarker."
0_12h_r_pulmonary_artery_pressure_mean_measured,0.01,"Measurement frequency mainly reflects monitoring intensity and clinician concern rather than a physiologic mechanism. In the immediate post-op period, frequent PA measurements are common and nonspecific."
13_24h_r_pulmonary_artery_pressure_mean_measured,0.02,"More frequent PA pressure checks may indicate hemodynamic instability or concern for shock, which can correlate with AKI risk. Still a behavioral proxy and should remain low."
25_36h_r_pulmonary_artery_pressure_mean_measured,0.03,"Continued frequent PA monitoring late suggests ongoing instability/vasoactive titration, which can be associated with renal hypoperfusion risk. Nonetheless it is not a direct physiologic driver."
0_12h_r_device_continuous_cardiac_index_measured,0.01,Frequency of cardiac index measurement reflects acuity/monitoring strategy rather than renal physiology. Early post-op continuous monitoring is routine in many cardiac ICU patients.
13_24h_r_device_continuous_cardiac_index_measured,0.02,"Ongoing frequent CI documentation may indicate persistent hemodynamic concern, indirectly linked to AKI risk. As a measurement-count feature it should remain low."
25_36h_r_device_continuous_cardiac_index_measured,0.03,"Late continued CI measurement can signal unresolved low-output/shock management, which correlates with AKI risk. Still a proxy for clinician behavior, not a direct predictor."
0_12h_r_central_venous_pressure_mean,0.04,"Elevated CVP reflects venous congestion and reduced renal perfusion gradient, a recognized contributor to post-cardiac surgery AKI. In the first 12 hours it is often influenced by ventilation/volume shifts, so kept conservative."
13_24h_r_central_venous_pressure_mean,0.07,"Sustained higher mean CVP in this phase suggests ongoing congestion/right-sided dysfunction, which is associated with worsening renal function. Mean is informative but less specific than extremes."
25_36h_r_central_venous_pressure_mean,0.12,Persistently elevated CVP close to hour 60 is a strong hemodynamic correlate of congestive nephropathy and AKI after cardiac surgery. This window is most predictive for subsequent creatinine rise.
0_12h_r_central_venous_pressure_max,0.06,"High CVP spikes can indicate acute venous congestion/tamponade physiology that can impair renal perfusion. Early post-op spikes may be transient, but extremes better capture insult than mean."
13_24h_r_central_venous_pressure_max,0.1,Max CVP in this period captures episodes of significant congestion/right heart failure that can precipitate AKI. Extremes are more pathologic than averages and less redundant.
25_36h_r_central_venous_pressure_max,0.18,"Marked CVP elevations in the 25–36h window strongly suggest ongoing venous congestion (e.g., RV failure, fluid overload, tamponade) that directly reduces renal perfusion gradient and predicts creatinine rise. This is a high-yield hemodynamic predictor."
0_12h_r_central_venous_pressure_min,0.02,"Low CVP may reflect hypovolemia/low preload with potential renal hypoperfusion, but it is less specific and often artifact/ventilation-dependent early post-op. Max CVP is typically the more relevant congestion signal, so keep low to reduce collinearity."
13_24h_r_central_venous_pressure_min,0.06,"Low CVP can reflect relative hypovolemia/low preload and reduced renal perfusion during the trajectory phase, which can contribute to AKI risk. Capped to avoid redundancy with other CVP summaries and because minimum CVP is an indirect marker."
25_36h_r_central_venous_pressure_min,0.08,Persistently low CVP closer to hour 60 may indicate ongoing underfilling or aggressive diuresis with risk of renal hypoperfusion. Minimum captures acute under-resuscitation better than mean/measured.
0_12h_r_central_venous_pressure_measured,0.01,"Measurement frequency mainly reflects monitoring intensity immediately post-op and is not a physiologic driver of AKI. Early period is highly protocolized, limiting prognostic value."
13_24h_r_central_venous_pressure_measured,0.02,"More frequent CVP checks may reflect clinician concern for hemodynamic instability, but it is a behavioral proxy and nonspecific for AKI. Kept low to maintain sparsity."
25_36h_r_central_venous_pressure_measured,0.03,"Increased CVP monitoring late may indicate ongoing shock/volume management complexity, which can correlate with AKI risk, but remains indirect and confounded by care patterns. Therefore kept <0.05."
0_12h_r_fio2_mean,0.01,Average FiO2 in the immediate post-op window is heavily influenced by routine ventilator weaning and does not directly reflect renal perfusion. Any association with AKI is indirect via illness severity.
13_24h_r_fio2_mean,0.02,"Higher sustained FiO2 can indicate respiratory failure/overall severity, which is indirectly associated with AKI. Mean is less informative than extremes for acute insults, so kept low."
25_36h_r_fio2_mean,0.03,"Persistently elevated FiO2 closer to outcome suggests ongoing cardiopulmonary dysfunction and higher systemic illness burden, indirectly increasing AKI risk. Mean remains a nonspecific severity marker."
0_12h_r_fio2_max,0.03,"High peak FiO2 early may reflect transient post-bypass lung dysfunction and severity, which can correlate with AKI, but early derangements are common and often resolve. Max is preferred over mean/min for capturing acute respiratory insult."
13_24h_r_fio2_max,0.04,"A high FiO2 peak during 13–24h suggests episodic hypoxemia or instability and greater critical illness, indirectly linked to AKI. Kept modest because it is not a direct renal mechanism."
25_36h_r_fio2_max,0.05,"Late high FiO2 peaks indicate persistent/worsening respiratory or cardiac dysfunction near the prediction horizon, which is associated with higher AKI risk via systemic hypoperfusion/inflammation. Capped at 0.05 as an indirect marker."
0_12h_r_fio2_min,0.01,Minimum FiO2 largely reflects readiness to wean and is not a trigger for AKI. It is less pathophysiologically relevant than FiO2 maxima for capturing hypoxemic episodes.
13_24h_r_fio2_min,0.01,Lower minimum FiO2 generally indicates better pulmonary status and is not a direct predictor of renal injury. Min is less informative than max for severity-related associations.
25_36h_r_fio2_min,0.01,Minimum FiO2 late is primarily a weaning marker and does not capture acute hypoxemic stress. Any relationship to AKI is weak and indirect.
0_12h_r_fio2_measured,0.01,Frequency of FiO2 documentation is driven by ventilator protocols and charting practices rather than renal physiology. Early post-op monitoring intensity is routine and nonspecific.
13_24h_r_fio2_measured,0.01,FiO2 measurement frequency reflects care processes and respiratory management rather than a causal pathway to AKI. Kept at minimal importance to reduce noise and collinearity.
25_36h_r_fio2_measured,0.02,"Measurement frequency mainly reflects clinician concern/acuity rather than a direct renal mechanism. Higher monitoring may correlate with overall instability, but is nonspecific for AKI."
0_12h_r_vent_resp_rate_set_mean,0.01,Early post-op ventilator rate settings are largely protocol-driven and weakly linked to renal perfusion. Mean values smooth transient changes and are not a primary AKI driver.
13_24h_r_vent_resp_rate_set_mean,0.02,"Persistently higher set rates may reflect ongoing respiratory failure/acidosis that can accompany shock, but the link to AKI is indirect. Mean aggregation is less informative than extremes for acute insults."
0_12h_r_vent_resp_rate_set_max,0.03,"A high maximum set rate can indicate acute ventilatory demand (e.g., acidosis) that may co-occur with hypoperfusion, but in the immediate post-op window it is often transient. Thus it is only a weak indirect AKI signal."
13_24h_r_vent_resp_rate_set_max,0.04,"A higher maximum set rate in the trajectory phase may reflect worsening metabolic acidosis/sepsis or respiratory failure, which can accompany renal hypoperfusion. Still nonspecific and not a direct biomarker."
0_12h_r_vent_resp_rate_set_min,0.01,Low minimum set rate is typically sedation/vent strategy related and not mechanistically tied to AKI. In the immediate post-op period it is common and transient.
13_24h_r_vent_resp_rate_set_min,0.01,Minimum set rate mainly reflects ventilator management rather than renal physiology. Any association with AKI would be confounded by sedation and weaning practices.
0_12h_r_vent_resp_rate_set_measured,0.01,Measurement frequency is a care-process variable and not a physiologic driver of AKI. Early post-op ventilator documentation is routine and poorly discriminative.
13_24h_r_vent_resp_rate_set_measured,0.02,"More frequent documentation may reflect instability or ventilator adjustments, but it is an indirect proxy and nonspecific for kidney injury. Capped to maintain sparsity."
25_36h_r_vent_resp_rate_set_measured,0.03,"Increased measurement frequency closer to outcome may indicate ongoing critical illness, which correlates with AKI risk. Still a behavioral proxy rather than a renal mechanism, so kept low."
0_12h_r_vent_tidal_volume_set_mean,0.01,Mean set tidal volume early post-op is largely protocolized (lung-protective ventilation) and not directly linked to AKI. Any effect via ventilator-induced lung injury/inflammation is indirect.
13_24h_r_vent_tidal_volume_set_mean,0.02,"Sustained higher tidal volumes could contribute to systemic inflammation and hemodynamic effects, but the AKI link is weak and confounded. Mean aggregation further reduces sensitivity to harmful extremes."
25_36h_r_vent_tidal_volume_set_mean,0.03,"Later sustained tidal volume strategy may reflect ongoing respiratory failure severity, which can correlate with multiorgan dysfunction including AKI. Still indirect and not a primary renal predictor."
0_12h_r_vent_tidal_volume_set_max,0.03,"A high maximum tidal volume may capture brief exposure to potentially injurious ventilation and higher intrathoracic pressures affecting venous return/renal perfusion. In the immediate post-op window this is often transient, so conservative scoring."
13_24h_r_vent_tidal_volume_set_max,0.04,"Higher maximum tidal volumes during the trajectory phase may indicate difficult ventilation and higher airway pressures, which can impair cardiac output and renal perfusion. Still an indirect marker and not definitive for AKI."
25_36h_r_vent_tidal_volume_set_max,0.05,A high maximum tidal volume closest to outcome may reflect ongoing severe respiratory failure and potentially higher intrathoracic pressures that can reduce renal perfusion. Chosen over mean to reduce collinearity and capture the more pathologic extreme.
0_12h_r_vent_tidal_volume_set_min,0.01,Set tidal volume is primarily a ventilation strategy variable and only indirectly relates to AKI via lung mechanics/hemodynamics. The minimum set value in the immediate post-op window is unlikely to be a specific driver of creatinine rise.
13_24h_r_vent_tidal_volume_set_min,0.01,"Tidal volume settings have weak, indirect association with renal outcomes compared with perfusion/renal biomarkers. The minimum set value adds little AKI-specific signal and is likely collinear with other ventilator parameters."
25_36h_r_vent_tidal_volume_set_min,0.02,"Persistently low set tidal volumes may reflect ongoing respiratory failure/ARDS management, which can correlate with overall severity and renal risk. Still an indirect marker and not a primary AKI predictor."
0_12h_r_vent_tidal_volume_set_measured,0.005,Measurement frequency reflects documentation/monitoring intensity rather than physiology. In the immediate post-op period it is routine and not specific for impending AKI.
13_24h_r_vent_tidal_volume_set_measured,0.005,Ordering/recording frequency is a behavioral proxy and usually standard in ventilated ICU patients. It provides minimal incremental information for AKI prediction.
25_36h_r_vent_tidal_volume_set_measured,0.01,"More frequent ventilator setting documentation may indicate instability, but it remains nonspecific and indirect for AKI. Keep low to avoid over-weighting care-process signals."
0_12h_r_vent_peep_mean,0.03,"Higher mean PEEP can reduce venous return and cardiac output, potentially lowering renal perfusion, but early post-op ventilator adjustments are common and transient. Mean values also smooth short hypotensive/low-output episodes that are more AKI-relevant."
13_24h_r_vent_peep_mean,0.04,Sustained higher PEEP in this trajectory phase may reflect ongoing lung injury and can contribute to reduced renal perfusion via hemodynamic effects. Still indirect and likely collinear with PEEP extremes.
25_36h_r_vent_peep_mean,0.05,Persistently elevated mean PEEP closer to the outcome can signal ongoing respiratory failure and sustained hemodynamic compromise affecting kidney perfusion. Capped to limit redundancy versus PEEP_max which better captures acute insult.
0_12h_r_vent_peep_max,0.06,"High peak PEEP can acutely impair venous return and renal blood flow, a plausible trigger for AKI, though early post-op peaks may be transient. As an extreme, it better captures acute hemodynamic insult than the mean in this window."
13_24h_r_vent_peep_max,0.08,A higher PEEP maximum during 13–24h suggests ongoing need for aggressive ventilatory support and potential sustained cardiopulmonary compromise. This can be associated with renal hypoperfusion and AKI risk.
25_36h_r_vent_peep_max,0.12,"High PEEP maxima in the 25–36h leading-indicator window can directly worsen renal perfusion through reduced preload/cardiac output and increased intrathoracic pressure. It also marks severe respiratory failure, a strong correlate of subsequent AKI."
0_12h_r_vent_peep_min,0.01,Low minimum PEEP is not a recognized driver of AKI and often reflects routine ventilator settings rather than pathology. It is less informative than PEEP_max for hemodynamic insult.
13_24h_r_vent_peep_min,0.01,Minimum PEEP provides little AKI-specific information and is likely redundant with other ventilator variables. Extremes on the high end are more physiologically relevant to renal perfusion.
25_36h_r_vent_peep_min,0.01,"Minimum PEEP remains a weak, nonspecific marker and does not capture the hemodynamic stress associated with high intrathoracic pressures. Keep low to maintain sparsity and reduce collinearity with PEEP_max/mean."
0_12h_r_vent_peep_measured,0.005,Measurement frequency is primarily a care-process variable and is routine immediately after cardiac surgery. It is not a direct physiologic predictor of creatinine rise and should be kept very low.
13_24h_r_vent_peep_measured,0.02,Measurement frequency mainly reflects clinician attention/acuity rather than a direct renal mechanism; may weakly proxy respiratory/hemodynamic instability. Capped <0.05 per _measured rule.
25_36h_r_vent_peep_measured,0.03,"More frequent PEEP documentation/orders can indicate ongoing ventilatory difficulty and higher illness severity closer to outcome, indirectly associated with AKI risk. Still a behavioral proxy, so kept <0.05."
0_12h_r_vent_plateau_pressure_mean,0.02,"Sustained higher plateau pressures can reflect reduced lung compliance and higher intrathoracic pressures that may impair venous return/renal perfusion, but mean is less informative than extremes. Early (0–12h) post-op values are often transient, so conservative."
13_24h_r_vent_plateau_pressure_mean,0.03,"Persistently elevated plateau pressure may indicate ongoing lung injury/ARDS physiology with potential hemodynamic consequences relevant to AKI, but mean is collinear with max and less pathognomonic. Kept low to favor extreme-based features."
0_12h_r_vent_plateau_pressure_max,0.06,"High peak plateau pressures capture acute ventilatory stress/high intrathoracic pressure that can reduce cardiac output and renal perfusion, plausibly increasing AKI risk. In 0–12h this may be transient post-op, so capped below the 0.10 epoch maximum."
13_24h_r_vent_plateau_pressure_max,0.09,"A high maximum plateau pressure in the trajectory phase suggests persistent poor compliance/ARDS and greater hemodynamic compromise, which is more predictive of downstream AKI than averages. Chosen as the preferred aggregation over mean/min to reduce collinearity."
0_12h_r_vent_plateau_pressure_min,0.01,Minimum plateau pressure is not a plausible trigger for AKI and mainly reflects periods of better compliance/ventilation. Provides little incremental prognostic value versus max/mean.
13_24h_r_vent_plateau_pressure_min,0.01,Low minimum plateau pressure is not mechanistically linked to renal injury and is unlikely to add information beyond max/mean. Kept at weak-evidence level.
0_12h_r_vent_plateau_pressure_measured,0.02,"Frequency of plateau pressure measurement reflects clinician concern/ventilator management intensity rather than renal physiology. Early post-op monitoring is common, limiting specificity; capped <0.05."
13_24h_r_vent_plateau_pressure_measured,0.03,"More frequent plateau pressure checks may indicate ongoing ventilatory instability and higher severity of illness, indirectly associated with AKI. Still a behavioral proxy, so kept <0.05."
25_36h_r_vent_plateau_pressure_measured,0.04,"Closer to hour-60 outcome, frequent plateau pressure measurement can signal persistent respiratory failure and ICU acuity that correlates with AKI risk. Remains an indirect proxy and therefore <0.05."
0_12h_r_vent_minute_ventilation_mean,0.02,"Mean minute ventilation may reflect metabolic acidosis/CO2 clearance needs and overall stress, but is nonspecific and influenced by ventilator settings. Early post-op values are often protocol-driven, so low importance."
13_24h_r_vent_minute_ventilation_mean,0.03,"Persistently higher minute ventilation can indicate ongoing acidosis/sepsis/respiratory failure, indirectly linked to AKI risk, but mean is less informative than extremes. Kept low to avoid redundancy with max."
0_12h_r_vent_minute_ventilation_max,0.04,"A high maximum minute ventilation may capture episodes of acidosis, agitation, or increased dead space ventilation that correlate with critical illness and potential renal hypoperfusion. In 0–12h it is often transient and ventilator-managed, so conservative."
13_24h_r_vent_minute_ventilation_max,0.05,High maximum minute ventilation in the trajectory phase may better capture episodic physiologic stress (acidosis/respiratory failure) associated with AKI than the mean. Capped at 0.05 to maintain sparsity and because linkage is indirect.
0_12h_r_vent_minute_ventilation_min,0.01,Minimum minute ventilation is not a recognized driver of AKI and may reflect sedation or ventilator weaning rather than renal-relevant pathology. Adds little beyond max/mean.
13_24h_r_vent_minute_ventilation_min,0.03,"Low minute ventilation can reflect hypoventilation, sedation, or evolving respiratory failure, which may correlate with overall illness severity and renal hypoperfusion. As a minimum value it captures an extreme, but it is an indirect AKI predictor and capped for sparsity/collinearity."
0_12h_r_vent_minute_ventilation_measured,0.01,Measurement frequency mainly reflects monitoring intensity and routine ventilator charting in the immediate post-op period. It is not a physiologic mechanism for AKI and is weakly informative.
13_24h_r_vent_minute_ventilation_measured,0.01,Counts of recorded minute ventilation are a behavioral proxy for acuity/attention rather than a direct driver of renal injury. In this epoch it remains nonspecific for AKI risk.
25_36h_r_vent_minute_ventilation_measured,0.02,"More frequent ventilator documentation late may indicate ongoing instability or prolonged ventilation, indirectly associated with higher AKI risk. Still primarily a care-process marker, so kept <0.05."
0_12h_respiratory_therapy_o2_device_mean,0.01,Average oxygen device level early post-op is heavily influenced by routine extubation/weaning practices and transient post-bypass physiology. It has no direct mechanistic link to AKI.
13_24h_respiratory_therapy_o2_device_mean,0.02,"Sustained need for higher oxygen support can reflect cardiopulmonary dysfunction and illness severity, which may correlate with renal hypoperfusion. Mean aggregation is less sensitive than extremes, so kept low."
25_36h_respiratory_therapy_o2_device_mean,0.03,"Persistent higher oxygen support closer to hour 60 may indicate ongoing heart/lung failure and systemic hypoxia, indirectly increasing AKI risk. Mean is still a smoothed proxy, so modest weight."
0_12h_respiratory_therapy_o2_device_max,0.04,"Maximum oxygen device requirement captures an early extreme respiratory/cardiac insult that can accompany low cardiac output and renal hypoperfusion. Early epoch derangements are common/transient, so conservatively scored."
13_24h_respiratory_therapy_o2_device_max,0.05,"A high maximum oxygen device requirement in the trajectory phase suggests persistent/worsening cardiopulmonary dysfunction, which is associated with AKI via hypoperfusion and venous congestion. Max captures the insult better than mean/min, so it is preferred but kept sparse."
25_36h_respiratory_therapy_o2_device_max,0.07,"Late high oxygen device requirement is a stronger leading indicator of ongoing shock/heart failure or pulmonary edema, conditions linked to renal congestion and reduced perfusion. Max best captures the clinically relevant extreme compared with mean/min."
0_12h_respiratory_therapy_o2_device_min,0.01,Minimum oxygen device level largely reflects periods of stability or weaning and is not a trigger for AKI. It is also redundant given max/mean summaries.
13_24h_respiratory_therapy_o2_device_min,0.01,Minimum oxygen support is not pathologic and provides little information about renal risk compared with maximum requirement. Kept minimal to avoid collinearity with other oxygen-device aggregates.
25_36h_respiratory_therapy_o2_device_min,0.01,Minimum oxygen device late mainly indicates best observed respiratory status and is not mechanistically linked to AKI. Redundant with max/mean and therefore down-weighted.
0_12h_respiratory_therapy_o2_device_measured,0.01,Frequency of oxygen device documentation is a workflow/monitoring artifact in the immediate post-op period. It does not directly reflect renal physiology or AKI mechanisms.
13_24h_respiratory_therapy_o2_device_measured,0.01,Measurement frequency is primarily a proxy for clinician attention and respiratory therapy workflow rather than a causal AKI factor. Any association with AKI would be indirect and weak.
25_36h_respiratory_therapy_o2_device_measured,0.02,"More frequent oxygen device recording late may indicate ongoing respiratory instability and higher overall acuity, indirectly associated with AKI. Still a behavioral proxy, so kept <0.05."
0_12h_r_chest_tube_output_mean,0.03,"Higher average chest tube output can reflect ongoing bleeding and volume loss that may impair renal perfusion, but early post-op drainage is often transient and expected. Mean is less informative than peak output for acute insult."
13_24h_r_chest_tube_output_mean,0.04,Persistently elevated average drainage may indicate continued bleeding/inflammation with risk of hypoperfusion and transfusion exposure. Mean is still less specific than maximum output for capturing acute hemodynamic stress.
25_36h_r_chest_tube_output_mean,0.05,Ongoing average chest tube output this late suggests persistent bleeding or coagulopathy with potential renal hypoperfusion and transfusion needs. Capped to limit collinearity because maximum output better captures the AKI-relevant insult.
0_12h_r_chest_tube_output_max,0.08,"A high peak chest tube output in the immediate post-op period can signal acute hemorrhage leading to hypotension, transfusion, and renal ischemia. Early window is noisy, but extremes best capture the relevant insult."
13_24h_r_chest_tube_output_max,0.12,"Peak drainage in this trajectory phase is more concerning for ongoing bleeding/tamponade physiology and hemodynamic instability, both linked to AKI risk. The maximum better reflects episodic decompensation than the mean."
25_36h_r_chest_tube_output_max,0.16,Late peak chest tube output is a strong marker of persistent bleeding or surgical complication with sustained risk of hypoperfusion and transfusion-associated kidney injury. This is a leading indicator close to the 60h creatinine outcome.
0_12h_r_chest_tube_output_min,0.01,Minimum output is not a reliable marker of bleeding severity and may reflect brief periods of low drainage or measurement artifact. It has weak mechanistic linkage to AKI compared with peak output.
13_24h_r_chest_tube_output_min,0.01,Minimum drainage provides little information about hemodynamic compromise or bleeding burden. It is unlikely to add predictive value beyond max/mean output.
25_36h_r_chest_tube_output_min,0.01,Minimum chest tube output is generally non-informative for renal risk and may be driven by tube position or intermittent recording. Weak physiologic connection to AKI.
0_12h_r_chest_tube_output_measured,0.02,Measurement frequency mainly reflects nursing/clinical attention and protocolized monitoring rather than a direct physiologic driver of AKI. Early post-op measurement is routine and thus weakly informative.
13_24h_r_chest_tube_output_measured,0.03,"More frequent documentation may indicate concern for bleeding or instability, indirectly associated with AKI risk. Still primarily a behavior/protocol signal and should remain low."
25_36h_r_chest_tube_output_measured,0.04,"Increased measurement frequency late may reflect ongoing concern for bleeding/complications, which can correlate with AKI risk. As a behavioral proxy, it is kept below 0.05."
0_12h_r_pap_systolic_mean,0.04,"Elevated mean PA systolic pressure can reflect RV dysfunction/pulmonary hypertension, contributing to venous congestion and reduced renal perfusion pressure. In the immediate post-op period values are often transient and treatment-responsive."
13_24h_r_pap_systolic_mean,0.06,"Sustained elevation suggests ongoing RV strain and venous congestion, which is associated with cardiorenal syndrome and AKI after cardiac surgery. Mean captures persistent congestion better than a single extreme, but effect is moderate."
25_36h_r_pap_systolic_mean,0.1,"Persistently high PA systolic pressure close to the outcome window supports ongoing RV dysfunction/volume overload and renal venous congestion, a recognized AKI pathway. This later epoch is more prognostic than early post-op readings."
0_12h_r_pap_systolic_max,0.05,Peak PA systolic pressure may indicate acute RV failure or pulmonary hypertensive crisis that can compromise renal perfusion. Capped to reduce collinearity because sustained congestion (mean) is typically more relevant than a brief spike.
13_24h_r_pap_systolic_max,0.05,"Elevated PAP systolic can reflect RV strain/pulmonary hypertension and venous congestion, which may contribute to renal hypoperfusion. Use max rather than mean to capture episodic RV afterload spikes; mid-epoch limits strength."
25_36h_r_pap_systolic_max,0.08,"Late elevated PAP systolic suggests persistent RV afterload/strain and potential systemic venous congestion, a plausible contributor to AKI after cardiac surgery. As the closest window to outcome, it is a stronger leading indicator than earlier epochs."
0_12h_r_pap_systolic_min,0.03,"Low PAP systolic may indicate low flow/low preload states early post-op, but this period is often transient and treatment-responsive. Conservative weighting due to immediate post-bypass instability and limited specificity for AKI."
13_24h_r_pap_systolic_min,0.04,"Persistently low PAP systolic can be a proxy for low cardiac output or underfilling, which can reduce renal perfusion. Still indirect and less specific than direct systemic perfusion measures."
25_36h_r_pap_systolic_min,0.06,Late low PAP systolic may reflect ongoing low output/underfilling physiology that can drive renal hypoperfusion and rising creatinine. More relevant in the 25–36h window as a leading indicator.
0_12h_r_pap_systolic_measured,0.01,"Measurement frequency mainly reflects monitoring intensity (e.g., presence of PA catheter) rather than renal pathophysiology. Early post-op monitoring is routine and not specific for impending AKI."
13_24h_r_pap_systolic_measured,0.02,"More frequent PAP measurements may indicate clinician concern for hemodynamic instability, which can correlate with AKI risk. Still primarily a behavioral proxy and should remain low to avoid overfitting."
25_36h_r_pap_systolic_measured,0.03,"Continued frequent PAP monitoring late may signal persistent shock/RV failure concern, indirectly associated with AKI. Kept <0.05 because it is not a physiologic mechanism."
0_12h_r_pap_diastolic_mean,0.01,Mean PAP diastolic smooths transient post-bypass swings and is less tied to discrete renal insults than extremes. Early averages are particularly nonspecific for subsequent AKI.
13_24h_r_pap_diastolic_mean,0.02,"Sustained higher PAP diastolic can reflect elevated pulmonary vascular resistance and RV loading, indirectly affecting renal perfusion. Mean is less informative than max/min for capturing clinically relevant insults."
25_36h_r_pap_diastolic_mean,0.03,"Late sustained PAP diastolic elevation may indicate ongoing RV afterload and venous congestion, plausibly contributing to AKI. Capped low because extremes better capture pathologic episodes and to reduce collinearity."
0_12h_r_pap_diastolic_max,0.04,"High PAP diastolic spikes can indicate acute pulmonary hypertension/RV strain early post-op, which may impair forward flow and renal perfusion. Conservative due to the immediate post-op epoch and frequent transient elevations."
13_24h_r_pap_diastolic_max,0.05,Max PAP diastolic in the trajectory phase can capture clinically meaningful RV afterload episodes that may precede renal dysfunction. Still an indirect marker and less specific than systemic perfusion/renal biomarkers.
25_36h_r_pap_diastolic_max,0.08,"Late high PAP diastolic suggests persistent pulmonary hypertension/RV dysfunction and potential venous congestion, both associated with AKI risk after cardiac surgery. Max captures acute hemodynamic stress better than mean, supporting higher inclusion."
0_12h_r_pap_diastolic_min,0.02,"Low PAP diastolic may reflect low preload/low flow states early, but this is common immediately post-op and often rapidly corrected. Limited specificity for predicting creatinine rise."
13_24h_r_pap_diastolic_min,0.03,Persistently low PAP diastolic can be a proxy for underfilling or low cardiac output physiology that can reduce renal perfusion. Indirect association and mid-epoch timing keep importance low.
25_36h_r_pap_diastolic_min,0.06,"Low diastolic PAP can reflect low right-sided filling pressures/low pulmonary perfusion and overall hemodynamic compromise, which can reduce renal perfusion. It is an indirect hemodynamic marker (less direct than MAP/CO), so kept modest."
0_12h_r_pap_diastolic_measured,0.01,Measurement frequency mainly reflects monitoring intensity rather than renal physiology. Early post-op monitoring is routine and not specific for impending AKI.
13_24h_r_pap_diastolic_measured,0.02,"More frequent PAP checks may indicate ongoing hemodynamic instability, but it remains a behavioral proxy and is not a direct AKI mechanism. Capped low to avoid over-weighting monitoring practices."
25_36h_r_pap_diastolic_measured,0.03,"In the closest window to outcome, frequent PAP measurements can signal persistent shock/right heart issues that raise AKI risk, but it is still indirect. Kept <0.05 per measured-feature rule."
0_12h_pulse_mean,0.02,"Average heart rate in the immediate post-op period is often influenced by pain, temperature, pacing, and catecholamines and is not specific for renal hypoperfusion. Mean is also less informative than extremes for acute insults."
13_24h_pulse_mean,0.03,"Sustained tachycardia may reflect ongoing stress/low stroke volume and can correlate with worse perfusion, but it is nonspecific. Mean aggregation is de-emphasized versus extremes."
25_36h_pulse_mean,0.04,Persistently elevated or low average pulse closer to hour 60 can indicate ongoing hemodynamic strain that may contribute to AKI risk. Still indirect and less specific than hypotension/vasopressor dose.
0_12h_pulse_max,0.04,"Extreme tachycardia can indicate acute stress, bleeding, or low cardiac output states that may reduce renal perfusion, but early post-op spikes are common and transient. Conservative due to 0–12h cap and nonspecificity."
13_24h_pulse_max,0.05,"Recurrent high heart-rate episodes during the trajectory phase may signal ongoing instability (pain, arrhythmia, low output) associated with AKI risk. Capped to limit redundancy with other pulse summaries."
25_36h_pulse_max,0.06,"Late-window tachycardic extremes can reflect persistent low output, sepsis, or arrhythmia burden, which are associated with renal hypoperfusion and AKI. Max is preferred over mean as it captures acute insults."
0_12h_pulse_min,0.03,"Bradycardia episodes can reduce cardiac output and renal perfusion, but early post-op bradycardia may be pacing/medication related and transient. Kept low given immediate post-op confounding."
13_24h_pulse_min,0.04,Bradycardic extremes in this phase may indicate conduction issues or over-sedation with potential low-output physiology affecting kidneys. Still an indirect marker and less specific than blood pressure/vasopressors.
25_36h_pulse_min,0.05,"Late bradycardia can be a leading indicator of low cardiac output or conduction failure, which can precipitate renal hypoperfusion. Min captures clinically relevant extremes; kept modest to avoid collinearity with other pulse features."
0_12h_pulse_measured,0.01,Pulse measurement frequency is largely protocol-driven in the ICU and does not represent a renal injury mechanism. Not specific for AKI risk.
13_24h_pulse_measured,0.01,More frequent pulse documentation reflects nursing/monitoring patterns rather than physiology and is not a direct predictor of creatinine rise. Kept at minimal importance.
25_36h_pulse_measured,0.01,"Even late, pulse measurement frequency is routine and not a specific marker of impending AKI. Capped very low per measured-feature rule."
0_12h_r_an_agents_o2_mean,0.01,"Mean delivered O2 as an anesthetic/respiratory agent is not a direct driver of renal injury and is largely protocolized early post-op. Any association with AKI would be indirect via overall illness severity, so keep minimal."
0_12h_r_an_agents_o2_max,0.02,"Very high FiO2 may reflect respiratory failure/hemodynamic instability and higher acuity, which can correlate with AKI risk. In the 0–12h window this is often transient and non-specific, so low weight."
0_12h_r_an_agents_o2_min,0.01,Low recorded O2 delivery is uncommon post-cardiac surgery and more reflective of weaning/measurement artifacts than renal perfusion. Not a recognized AKI trigger compared with hypotension/low flow.
0_12h_r_an_agents_o2_measured,0.01,"Measurement frequency is primarily a documentation/monitoring behavior and not a physiologic mechanism for AKI. Early post-op monitoring is routine, limiting prognostic value."
13_24h_r_an_agents_o2_measured,0.02,"More frequent O2 documentation/orders in 13–24h may indicate ongoing respiratory instability and higher acuity, indirectly linked to AKI. Still a behavioral proxy, so capped low."
25_36h_r_an_agents_o2_measured,0.03,"Persistent need for frequent O2-related monitoring at 25–36h can signal unresolved critical illness (e.g., shock/respiratory failure) that increases AKI risk. As a proxy variable it remains low but slightly higher due to temporal proximity."
0_12h_r_an_agents_n2o_mean,0.005,Nitrous oxide exposure has no established direct relationship to postoperative AKI compared with perfusion and nephrotoxins. Use is largely anesthetic practice variation.
0_12h_r_an_agents_n2o_max,0.005,Peak N2O concentration is not a known renal insult and mainly reflects intraoperative anesthetic technique. Any AKI association would be confounded and weak.
0_12h_r_an_agents_n2o_min,0.005,Minimum N2O is clinically uninformative for renal outcomes and likely reflects discontinuation/weaning patterns. No plausible mechanistic link to creatinine rise.
0_12h_r_an_agents_n2o_measured,0.005,Frequency of N2O measurement/documentation is a workflow artifact and not a physiologic predictor of AKI. Routine anesthesia charting dominates in 0–12h.
13_24h_r_an_agents_n2o_measured,0.005,N2O monitoring beyond the immediate perioperative period is uncommon and would more likely reflect documentation quirks than renal risk. No strong clinical suspicion signal for AKI.
25_36h_r_an_agents_n2o_measured,0.005,Late N2O measurement is unlikely to represent a meaningful clinical process related to kidney injury. Treat as noise for sparse modeling.
0_12h_r_an_agents_air_mean,0.005,Mean medical air delivery is a ventilator gas-mix parameter without a direct renal perfusion/toxicity mechanism. Early post-op values are protocol-driven and non-specific.
0_12h_r_an_agents_air_max,0.005,Maximum air fraction mainly reflects adjustments in FiO2 rather than a kidney-relevant exposure. Not an established AKI predictor compared with MAP/vasopressors/urine output.
0_12h_r_an_agents_air_min,0.005,Minimum air fraction is essentially the complement of high FiO2 and does not capture a specific renal insult. Weak and confounded relationship to AKI.
0_12h_r_an_agents_air_measured,0.005,Measurement frequency of air settings is routine ventilator/anesthesia documentation and not a physiologic driver of AKI. Provides little incremental prognostic information.
13_24h_r_an_agents_air_measured,0.005,Measurement frequency of air as an anesthetic carrier gas is routine and not mechanistically linked to renal perfusion or nephrotoxicity. As a behavioral proxy it provides minimal incremental AKI signal.
25_36h_r_an_agents_air_measured,0.005,Carrier gas documentation/measurement is standard-of-care and does not reflect kidney injury risk. Low value as an acuity proxy compared with hemodynamics/labs.
0_12h_r_an_agents_isoflurane_mean,0.01,"Isoflurane dose/exposure is not an established driver of postoperative AKI compared with perfusion pressure, shock, and nephrotoxins. Mean exposure in the immediate post-op window is unlikely to add specific renal prognostic information."
0_12h_r_an_agents_isoflurane_max,0.01,Transient peaks in isoflurane may correlate with hypotension but are indirect and confounded by anesthesia management. Not a direct renal insult marker; conservative scoring in 0–12h.
0_12h_r_an_agents_isoflurane_min,0.005,Minimum isoflurane level is not clinically interpretable as an AKI trigger and is largely driven by weaning/extubation practices. Weak physiologic link to kidney injury.
0_12h_r_an_agents_isoflurane_measured,0.005,Measurement frequency reflects monitoring/documentation intensity rather than renal pathophysiology. In the immediate post-op period it is routine and not specific for impending AKI.
13_24h_r_an_agents_isoflurane_measured,0.005,"Ongoing isoflurane measurement mainly indicates continued sedation/ventilation needs, which is a nonspecific severity marker. As a _measured feature it should remain low to avoid behavioral confounding."
25_36h_r_an_agents_isoflurane_measured,0.01,"Continued need to measure isoflurane at 25–36h may indicate prolonged critical illness and delayed recovery, indirectly associated with AKI risk. Still a behavioral proxy, so kept <0.05."
0_12h_r_saturated_venous_o2_mean,0.03,"Mean SvO2 reflects global oxygen delivery/consumption balance and can relate to low cardiac output states that predispose to renal hypoperfusion. In 0–12h values are often transient and treatment-responsive, so conservative weighting."
13_24h_r_saturated_venous_o2_mean,0.05,"Sustained lower SvO2 during the trajectory phase can indicate persistent low cardiac output or inadequate oxygen delivery, increasing AKI risk via renal hypoperfusion. Mean is less specific than extremes, so capped to limit collinearity."
0_12h_r_saturated_venous_o2_max,0.01,"High SvO2 extremes are less directly linked to renal hypoperfusion and may reflect high FiO2, shunting, or reduced extraction. Not a typical AKI trigger compared with low SvO2."
13_24h_r_saturated_venous_o2_max,0.01,SvO2 maxima are generally not informative for AKI risk and can be driven by ventilator/oxygenation management rather than perfusion. Low specificity for renal injury.
0_12h_r_saturated_venous_o2_min,0.08,"Low SvO2 minima capture episodes of inadequate oxygen delivery/low cardiac output, a plausible acute renal hypoperfusion insult. Despite early post-op confounding, extremes best represent the pathologic trigger in 0–12h (max 0.10)."
13_24h_r_saturated_venous_o2_min,0.12,"Persistently low SvO2 nadirs in 13–24h suggest ongoing low cardiac output/shock physiology, strongly linked to renal ischemia and subsequent creatinine rise. Min is preferred over mean/max to reduce collinearity and capture insult."
0_12h_r_saturated_venous_o2_measured,0.02,"More frequent SvO2 checks may reflect clinician concern for hemodynamic instability, indirectly associated with AKI risk. Still a behavioral proxy and routine early post-op, so kept low."
13_24h_r_saturated_venous_o2_measured,0.03,"Increased SvO2 measurement frequency in 13–24h can indicate ongoing shock/low output evaluation, which correlates with AKI risk. As a _measured feature it remains <0.05 to avoid over-weighting practice patterns."
25_36h_r_saturated_venous_o2_measured,0.03,"Measurement frequency reflects clinician concern for low cardiac output/shock, which can precede AKI, but it is not a physiologic value itself. Kept <0.05 per measured-feature rule."
0_12h_r_maintenance_iv_volume_mean,0.02,"Maintenance IV volume is an indirect proxy for fluid strategy and hemodynamic stability, but early post-op fluids are routine and often transient. Mean is less informative than extremes for AKI triggers."
13_24h_r_maintenance_iv_volume_mean,0.03,"Ongoing maintenance fluids may reflect evolving instability or attempts to support perfusion, indirectly related to AKI risk. Mean aggregation is nonspecific and potentially collinear with max/min."
25_36h_r_maintenance_iv_volume_mean,0.05,Later sustained maintenance fluid needs can indicate persistent vasoplegia/poor intake and may correlate with renal hypoperfusion risk. Still indirect and likely collinear with extreme dosing patterns.
0_12h_r_maintenance_iv_volume_max,0.04,"A high peak maintenance IV rate early may reflect hypotension/vasoplegia management, which can contribute to renal hypoperfusion. Conservative due to immediate post-op period and indirect mechanism."
13_24h_r_maintenance_iv_volume_max,0.05,"A higher peak maintenance IV rate in the trajectory phase may signal ongoing instability or attempts to maintain perfusion, indirectly linked to AKI. Max is preferred over mean/min for capturing acute escalation."
25_36h_r_maintenance_iv_volume_max,0.08,"A late peak in maintenance IV rate can indicate persistent hemodynamic compromise or poor oral intake requiring support, which is associated with AKI risk. Max captures acute escalation better than mean/min."
0_12h_r_maintenance_iv_volume_min,0.01,Minimum maintenance IV rate is usually driven by routine protocols or temporary holds and is not a clear AKI trigger. Also redundant given max/mean capture more clinically meaningful variation.
13_24h_r_maintenance_iv_volume_min,0.01,Low minimum maintenance IV rate is nonspecific and often reflects routine titration rather than renal perfusion pathology. Kept very low to avoid collinearity with max/mean.
25_36h_r_maintenance_iv_volume_min,0.02,"A very low minimum late may reflect fluid restriction in overload/heart failure, which can relate to renal congestion, but this is indirect and ambiguous. Min is less informative than max for AKI-relevant insults."
0_12h_r_maintenance_iv_volume_measured,0.01,"Measurement frequency is a documentation/ordering artifact and not a physiologic driver of AKI. Early post-op charting is routine, so it adds little prognostic value."
13_24h_r_maintenance_iv_volume_measured,0.01,How often maintenance IV volume is recorded mainly reflects workflow rather than renal risk. Capped per measured-feature rule.
25_36h_r_maintenance_iv_volume_measured,0.02,"More frequent recording may indicate higher acuity or active titration, indirectly associated with AKI risk, but remains a behavioral proxy. Kept <0.05."
0_12h_r_an_pap_systolic_measured,0.02,"Having PAP systolic measured suggests a PA catheter and concern for cardiogenic shock/right heart failure, which can contribute to AKI, but this is only a proxy. Conservative due to early post-op period."
13_24h_r_an_pap_systolic_measured,0.03,"Continued PAP monitoring implies ongoing hemodynamic instability management, indirectly linked to renal hypoperfusion/congestion risk. Still a measurement indicator rather than the PAP value."
25_36h_r_an_pap_systolic_measured,0.04,"Late persistence of PAP monitoring often reflects unresolved shock or RV failure, both associated with AKI via low forward flow and venous congestion. Kept <0.05 because it is a proxy for acuity, not a biomarker."
0_12h_r_an_pap_diastolic_measured,0.01,Measurement frequency reflects monitoring intensity rather than renal physiology; PAP diastolic itself is not captured here. Early post-op monitoring is routine and weakly specific for AKI.
13_24h_r_an_pap_diastolic_measured,0.01,Ordering/recording frequency is a behavioral proxy and generally not a mechanistic AKI predictor. At 13–24h it may reflect acuity but remains nonspecific.
25_36h_r_an_pap_diastolic_measured,0.02,"More frequent PAP monitoring late may indicate hemodynamic instability/PH/RV failure, which can contribute to renal congestion, but this is still an indirect proxy. Kept low to avoid over-weighting monitoring behavior."
0_12h_r_an_central_venous_pressure_measured,0.02,"CVP measurement frequency may reflect concern for volume status/vasoplegia, but it is not a direct renal biomarker. In the immediate 0–12h period it is common post-cardiac surgery and thus weakly informative."
13_24h_r_an_central_venous_pressure_measured,0.03,"Increased CVP monitoring can signal evolving shock or volume overload management, indirectly related to AKI risk. Still primarily a clinician-behavior feature and capped low."
25_36h_r_an_central_venous_pressure_measured,0.04,"Late increased CVP monitoring may indicate persistent hemodynamic problems or venous congestion management, both relevant to AKI risk. Nonetheless it remains a proxy for concern rather than a physiologic value."
0_12h_r_an_etco2_mean,0.02,"Mean EtCO2 is an indirect marker of ventilation/perfusion and cardiac output, but early post-op values are heavily influenced by ventilator settings and anesthesia. Not a primary AKI driver and kept conservative for 0–12h."
13_24h_r_an_etco2_mean,0.03,"Persistently low mean EtCO2 can reflect low pulmonary blood flow/low cardiac output, which may reduce renal perfusion. Still indirect and potentially confounded by ventilation strategy."
25_36h_r_an_etco2_mean,0.05,"In the 25–36h window, sustained low EtCO2 may better reflect ongoing low cardiac output or poor perfusion, increasing AKI risk. Mean is less specific than extremes, so capped to limit collinearity."
0_12h_r_an_etco2_max,0.01,High EtCO2 extremes are more related to hypoventilation or CO2 retention than renal perfusion. In 0–12h this is commonly ventilator/anesthesia-driven and weakly linked to AKI.
13_24h_r_an_etco2_max,0.01,EtCO2 maxima are not a recognized trigger for AKI and are often ventilator-related. Provides little incremental information for renal injury prediction.
25_36h_r_an_etco2_max,0.01,"Even late, elevated EtCO2 is nonspecific and not a direct marker of renal hypoperfusion or congestion. Kept minimal to maintain sparsity."
0_12h_r_an_etco2_min,0.06,"Low EtCO2 minima can indicate acute low cardiac output, pulmonary embolic physiology, or severe hypotension—states that can precipitate renal ischemia. Scored higher than mean/max but limited by the 0–12h cap."
13_24h_r_an_etco2_min,0.1,"A low EtCO2 nadir during 13–24h may reflect ongoing low flow/shock physiology, a known contributor to postoperative AKI. Extremes better capture acute insults than averages."
25_36h_r_an_etco2_min,0.14,"A low EtCO2 nadir close to the outcome window is a strong leading indicator of persistent low perfusion/low cardiac output, increasing risk of creatinine rise. Among EtCO2 aggregations, the minimum best captures the pathologic insult, so it is prioritized."
0_12h_r_an_etco2_measured,0.01,Measurement frequency mainly reflects monitoring intensity and ventilator management rather than renal pathophysiology. Early post-op EtCO2 monitoring is routine and not specific for AKI risk.
13_24h_r_an_etco2_measured,0.01,Measurement frequency mainly reflects monitoring intensity rather than a renal mechanism. ETCO2 ordering is common in ventilated patients and is not a specific AKI predictor.
25_36h_r_an_etco2_measured,0.01,Represents clinician monitoring behavior more than physiology. Not a direct or established predictor of creatinine rise after cardiac surgery.
0_12h_r_an_fio2_mean,0.02,"Higher oxygen requirement can correlate with cardiopulmonary instability, indirectly affecting renal perfusion. In the immediate 0–12h post-op window this is often transient and nonspecific for AKI."
0_12h_r_an_fio2_max,0.04,Extreme oxygen requirement may capture acute respiratory failure/shock states that can contribute to renal hypoperfusion. Still nonspecific and capped by the early epoch limit.
0_12h_r_an_fio2_min,0.01,Lower FiO2 reflects less support and does not capture an AKI-triggering insult. Provides little incremental information for renal risk.
0_12h_r_an_fio2_measured,0.01,Measurement frequency is a behavioral proxy and not a physiologic driver of AKI. Routine ventilator monitoring makes it weakly informative.
13_24h_r_an_fio2_measured,0.01,Primarily reflects monitoring intensity rather than oxygenation pathology. Not specific for impending AKI.
25_36h_r_an_fio2_measured,0.01,Frequency of FiO2 documentation is routine and not mechanistically linked to creatinine rise. Kept low to avoid over-weighting care-process signals.
0_12h_r_an_tidal_volume_mean,0.01,Mean tidal volume is largely protocol-driven (lung-protective ventilation) and not a direct AKI determinant. Early post-op values are especially influenced by anesthesia/vent settings.
13_24h_r_an_tidal_volume_mean,0.01,Average tidal volume is typically standardized and weakly related to renal outcomes. Any association would be indirect via severity of illness.
25_36h_r_an_tidal_volume_mean,0.02,"Persistently higher tidal volumes could reflect ventilatory strategy or patient factors and may correlate with systemic inflammation, indirectly affecting AKI risk. Still a weak, nonspecific predictor."
0_12h_r_an_tidal_volume_max,0.03,"High peak tidal volumes may indicate ventilator dyssynchrony or reduced compliance, correlating with critical illness that can predispose to AKI. Early epoch and indirect mechanism keep importance low."
13_24h_r_an_tidal_volume_max,0.03,"Extreme tidal volumes can mark ongoing respiratory instability and higher illness severity, indirectly linked to AKI. Not a primary renal perfusion marker, so kept low."
25_36h_r_an_tidal_volume_max,0.04,"Later extreme tidal volumes may better reflect persistent severe lung mechanics/ventilator stress and systemic inflammatory burden, which can accompany AKI. Still indirect and not a definitive renal predictor."
0_12h_r_an_tidal_volume_min,0.01,"Low minimum tidal volume often reflects sedation, ventilator adjustments, or brief artifacts rather than a renal insult. Minimal relevance to creatinine trajectory."
13_24h_r_an_tidal_volume_min,0.01,Minimum tidal volume is usually driven by ventilator management and does not capture a known AKI trigger. Provides little specific prognostic value for creatinine rise.
25_36h_r_an_tidal_volume_min,0.02,Minimum tidal volume mainly reflects ventilator management/sedation rather than renal perfusion; only an indirect link via severe respiratory failure/ARDS and hemodynamic stress. Kept low to avoid redundancy with other ventilation metrics.
0_12h_r_an_tidal_volume_measured,0.01,Measurement frequency is a care-intensity proxy and not a physiologic driver of AKI. Early (0–12h) post-op monitoring is routine and poorly specific for later creatinine rise.
13_24h_r_an_tidal_volume_measured,0.01,"Ordering/recording frequency reflects clinician attention and ventilator adjustments, not kidney injury mechanisms. Not specific for AKI trajectory."
25_36h_r_an_tidal_volume_measured,0.02,"More frequent tidal volume documentation late may indicate ongoing respiratory instability, which can correlate with multi-organ dysfunction, but remains indirect. Capped <0.05 per measurement-frequency rule."
0_12h_r_an_abp_pulse_measured,0.01,"ABP pulse measurement presence/frequency is standard ICU monitoring and not a direct AKI predictor. Early post-op period is highly protocolized, limiting specificity."
13_24h_r_an_abp_pulse_measured,0.01,This is a monitoring/acuity proxy rather than a hemodynamic value; it does not quantify hypotension or perfusion. Therefore weak linkage to creatinine_ratio.
25_36h_r_an_abp_pulse_measured,0.02,"Late continued invasive monitoring can signal ongoing instability, which may co-occur with AKI risk, but it is still indirect. Kept low to maintain sparsity and per measured-feature cap."
0_12h_r_an_heart_rate_measured,0.01,Heart rate measurement frequency is routine and not mechanistically tied to renal injury. In the immediate post-op window it is nearly universal and non-discriminatory.
13_24h_r_an_heart_rate_measured,0.01,Frequency of HR recording reflects monitoring intensity rather than tachycardia/bradycardia burden. Weak and nonspecific for predicting creatinine rise.
25_36h_r_an_heart_rate_measured,0.02,"More frequent HR documentation late may indicate arrhythmias/instability, indirectly associated with renal hypoperfusion, but remains a behavioral proxy. Capped below 0.05."
0_12h_r_an_abp_mean_measured,0.01,"MAP measurement frequency does not capture hypotension severity/duration, which is what drives AKI risk. Early post-op invasive MAP monitoring is routine."
13_24h_r_an_abp_mean_measured,0.01,This is a monitoring proxy and does not quantify renal perfusion pressure. Weak evidence for predicting creatinine_ratio.
25_36h_r_an_abp_mean_measured,0.03,"Persistent need for close MAP monitoring at 25–36h can indicate ongoing shock/vasopressor dependence, indirectly increasing AKI risk. Still capped <0.05 because it is a measured-frequency feature."
0_12h_anesthesia_respirations_measured,0.01,Respiration measurement frequency under anesthesia is standard documentation and not a renal injury mechanism. Immediate post-op period is noisy and transient.
13_24h_anesthesia_respirations_measured,0.01,Frequency of recorded respirations reflects care processes rather than gas exchange or ventilatory failure severity. Minimal specific prognostic value for AKI.
25_36h_anesthesia_respirations_measured,0.02,"Late frequent respiratory documentation may correlate with ongoing critical illness, which can co-occur with AKI, but remains indirect. Kept low per measured-feature rule and to preserve sparsity."
0_12h_anesthesia_pulse_oximetry_measured,0.005,Measurement frequency mainly reflects routine monitoring/acuity rather than a renal mechanism. Early (0–12h) data are also heavily confounded by anesthesia/CPB and transient instability.
13_24h_anesthesia_pulse_oximetry_measured,0.01,"More frequent SpO2 monitoring may proxy clinical concern for respiratory/hemodynamic instability that can secondarily affect renal perfusion, but it is indirect. As a _measured feature it should remain low."
25_36h_anesthesia_pulse_oximetry_measured,0.015,"In the closest window to outcome, increased monitoring can indicate ongoing critical illness (hypoxemia/shock) associated with AKI risk, but it remains a behavioral proxy. Kept low per _measured rule."
0_12h_r_tube_intake_measured,0.005,Counts of tube intake documentation/orders are not a direct driver of AKI and mostly reflect care processes. Early postoperative period is noisy and less predictive.
13_24h_r_tube_intake_measured,0.01,"May weakly proxy severity/need for enteral support and overall illness trajectory, which can correlate with AKI risk. Still indirect and capped due to being a _measured feature."
25_36h_r_tube_intake_measured,0.015,"Persistent need for tube intake monitoring later may reflect ongoing critical illness and catabolic state associated with AKI, but it is not mechanistic. Kept low as a behavioral proxy."
0_12h_r_maintenance_iv_bolus_volume_mean,0.02,"Average bolus volume early may reflect resuscitation needs, but mean is less informative than extremes for acute hypoperfusion/overload. Conservative scoring in 0–12h."
0_12h_r_maintenance_iv_bolus_volume_max,0.06,"Large bolus requirements can indicate hypotension/low cardiac output or vasoplegia, which are established contributors to renal hypoperfusion and AKI. Max best captures acute resuscitation intensity, so it is favored over mean/min."
0_12h_r_maintenance_iv_bolus_volume_min,0.01,Minimum bolus volume is not clinically meaningful for AKI risk and adds redundancy relative to max/mean. Capped low to reduce collinearity.
0_12h_r_maintenance_iv_bolus_volume_measured,0.01,Frequency of bolus documentation/orders is a proxy for clinician concern and workflow rather than physiology. Kept low per _measured rule and early-window conservatism.
13_24h_r_maintenance_iv_bolus_volume_measured,0.02,"More frequent bolus administration/recording may indicate ongoing hemodynamic instability, which relates to AKI risk, but it remains indirect. Capped <0.05 as a _measured feature."
25_36h_r_maintenance_iv_bolus_volume_measured,0.03,"Continued frequent bolus use late suggests persistent shock/low effective circulating volume, a known AKI risk context, but measurement frequency is still a proxy. Kept below 0.05."
0_12h_r_pacemaker_mean,0.03,"Need for pacing early can reflect conduction issues and low cardiac output states that may reduce renal perfusion, but early postoperative pacing is common/transient. Mean pacing is less specific than a clear indicator of pacing requirement."
13_24h_r_pacemaker_mean,0.06,"Ongoing pacing requirement in the trajectory phase may indicate persistent cardiac dysfunction or bradyarrhythmia with reduced renal perfusion, an established AKI risk factor. Moderate importance within the 13–24h cap."
25_36h_r_pacemaker_mean,0.1,"Persistent pacing requirement closer to hour 60 suggests ongoing hemodynamic compromise/low cardiac output, which is strongly linked to postoperative AKI. This is a clinically meaningful marker of impaired perfusion in the leading-indicator window."
0_12h_r_pacemaker_max,0.05,"A maximal indicator of pacing use captures whether pacing was required at all, which can signal acute hemodynamic compromise relevant to AKI. Capped to limit redundancy with pacemaker_mean and due to 0–12h conservatism."
13_24h_r_pacemaker_max,0.03,"Need for pacing can reflect postoperative conduction issues and overall cardiac dysfunction that may reduce renal perfusion, but it is an indirect marker rather than a renal-specific driver."
25_36h_r_pacemaker_max,0.05,"Persistent need for pacing closer to hour 60 may indicate ongoing low cardiac output risk and hemodynamic instability, which can contribute to AKI, but remains indirect."
0_12h_r_pacemaker_min,0.02,Early postoperative pacing is common and often transient after cardiac surgery; it weakly proxies hemodynamic stress in this initial period.
13_24h_r_pacemaker_min,0.03,"Ongoing pacing requirement in the trajectory phase may signal incomplete recovery of cardiac function and potential renal hypoperfusion, but is not a direct AKI biomarker."
25_36h_r_pacemaker_min,0.05,"Continued pacing in the leading-indicator window suggests persistent cardiac dysfunction/instability that can predispose to renal injury, though still nonspecific."
0_12h_r_pacemaker_measured,0.01,"Measurement frequency mainly reflects monitoring intensity and routine device documentation rather than a physiological mechanism for AKI, especially early post-op."
13_24h_r_pacemaker_measured,0.01,How often pacing is documented is largely a care-process signal and is not a direct predictor of creatinine rise.
25_36h_r_pacemaker_measured,0.02,"More frequent pacing documentation may reflect ongoing instability/acuity, but it is still a behavioral proxy and should remain low to avoid over-weighting process-of-care."
0_12h_r_sled_crrt_maintenance_blood_pump_rate_measured,0.02,"CRRT/SLED-related measurements imply severe illness and renal support consideration, but in this early window it may reflect prophylaxis or transient instability; frequency is a process proxy."
13_24h_r_sled_crrt_maintenance_blood_pump_rate_measured,0.03,"Ongoing CRRT/SLED maintenance measurement suggests significant renal/hemodynamic derangement, but the '_measured' field is still indirect and should be kept low."
25_36h_r_sled_crrt_maintenance_blood_pump_rate_measured,0.04,"Nearer to hour 60, repeated CRRT/SLED maintenance measurements strongly suggest evolving renal failure or severe shock, but as a measurement-frequency proxy it remains capped below 0.05."
0_12h_r_an_agents_sevoflurane_measured,0.01,Sevoflurane exposure/documentation is routine perioperative care and is not a strong independent driver of postoperative AKI compared with perfusion and nephrotoxins.
13_24h_r_an_agents_sevoflurane_measured,0.01,Documentation frequency of sevoflurane use is unlikely to add renal prognostic information beyond overall surgical course and hemodynamics.
25_36h_r_an_agents_sevoflurane_measured,0.01,Sevoflurane measurement frequency late post-op is uncommon and more reflective of documentation patterns than kidney injury mechanisms.
0_12h_intravenous_intake_measured,0.01,Measurement frequency of IV intake reflects charting intensity and routine fluid management rather than a direct physiologic determinant of AKI.
13_24h_intravenous_intake_measured,0.01,How often IV intake is recorded is a process-of-care variable and provides limited incremental signal for creatinine rise compared with actual fluid balance and hemodynamics.
25_36h_intravenous_intake_measured,0.03,Measurement frequency reflects clinician attention to fluid management/acuity rather than a direct renal mechanism. Could weakly proxy evolving hemodynamic instability or oliguria prompting closer I/O tracking.
0_12h_r_drain_output_measured,0.01,Drain output measurement frequency is largely routine post-cardiac surgery care and not a direct driver of AKI. Early (0–12h) period is especially noisy and transient.
13_24h_r_drain_output_measured,0.01,Primarily reflects monitoring behavior rather than physiology; drain checks are standard and not specific for renal hypoperfusion. Limited incremental signal for creatinine rise.
25_36h_r_drain_output_measured,0.02,"Later increased monitoring could weakly indicate concern for bleeding/tamponade or ongoing losses that might affect renal perfusion, but it remains an indirect behavioral proxy. Kept low to avoid over-weighting non-physiologic features."
0_12h_slehs_r_arrival_time_measured,0.01,Arrival time documentation is administrative/operational and has no meaningful physiologic link to AKI risk. Early epoch also limits interpretability.
13_24h_slehs_r_arrival_time_measured,0.01,Administrative timestamp/recording behavior is not mechanistically related to renal injury. Unlikely to add predictive value beyond clinical variables.
25_36h_slehs_r_arrival_time_measured,0.01,"Operational documentation does not reflect kidney perfusion, nephrotoxins, or renal biomarkers. No plausible causal pathway to creatinine_ratio."
0_12h_cardiac_rythym_normal_sinus_mean,0.03,"Loss of sustained sinus rhythm can correlate with low cardiac output and renal hypoperfusion, but mean rhythm status in the immediate post-op window is often transient. Mean aggregation is less informative than extremes for acute insults."
13_24h_cardiac_rythym_normal_sinus_mean,0.05,"Persistent non-sinus rhythm during the trajectory phase may indicate ongoing hemodynamic compromise affecting renal perfusion. Mean remains a smoothed measure, so importance is capped to limit collinearity with extreme indicators."
25_36h_cardiac_rythym_normal_sinus_mean,0.05,"In the leading-indicator window, sustained rhythm abnormalities can reflect continued low output and renal hypoperfusion risk. Mean is still less specific than extreme/episode-based measures, so kept at the plausible-link cap."
0_12h_cardiac_rythym_normal_sinus_max,0.01,A max indicator for being in sinus rhythm at any point is not a marker of pathology and is poorly aligned with AKI mechanisms. Early post-op rhythm fluctuations are common and non-specific.
13_24h_cardiac_rythym_normal_sinus_max,0.01,Having any sinus rhythm during the window (max) does not capture hemodynamic insult; it can be present despite significant arrhythmia burden. Low specificity for renal outcomes.
25_36h_cardiac_rythym_normal_sinus_max,0.01,Max sinus rhythm is not an extreme insult marker and does not quantify duration or severity of arrhythmia-related low output. Minimal expected contribution to predicting creatinine_ratio.
0_12h_cardiac_rythym_normal_sinus_min,0.06,"A min indicator (i.e., any time not in sinus rhythm) better captures arrhythmia episodes that can reduce cardiac output and renal perfusion. In 0–12h this is common post-op, so conservatively scored under the epoch cap."
13_24h_cardiac_rythym_normal_sinus_min,0.1,"Any non-sinus rhythm in 13–24h suggests persistent arrhythmia burden, which can drive hypotension/low output and increase AKI risk. This extreme-style indicator is more pathophysiologically aligned than the mean/max."
25_36h_cardiac_rythym_normal_sinus_min,0.12,Non-sinus rhythm episodes close to the outcome window can be a meaningful leading indicator of ongoing hemodynamic compromise and renal hypoperfusion. Chosen over mean/max to reduce collinearity and emphasize the pathologic extreme.
0_12h_cardiac_rythym_normal_sinus_measured,0.005,Measurement frequency mainly reflects monitoring intensity rather than renal physiology. Early post-op rhythm documentation is routine and weakly informative for AKI.
13_24h_cardiac_rythym_normal_sinus_measured,0.005,Acuity/monitoring proxy with minimal direct mechanistic link to kidney injury. Rhythm checks remain standard ICU care and are not specific for AKI risk.
25_36h_cardiac_rythym_normal_sinus_measured,0.01,Still primarily a monitoring/behavioral feature; any association would be indirect via overall instability. Kept low to avoid over-weighting non-physiologic ordering patterns.
0_12h_cardiac_rythym_sinus_variant_mean,0.01,"Sinus rhythm variants are generally benign and not a primary driver of renal hypoperfusion. In the immediate post-op window, transient rhythm variability is common and nonspecific."
13_24h_cardiac_rythym_sinus_variant_mean,0.015,"Persistent rhythm variability could weakly correlate with autonomic stress or evolving instability, but remains an indirect link to AKI. Mean aggregation further dilutes brief clinically relevant episodes."
25_36h_cardiac_rythym_sinus_variant_mean,0.02,"Later persistence may reflect ongoing physiologic stress, but sinus variants are not established AKI predictors. Mean summary is less informative than extremes for capturing hemodynamic insults."
0_12h_cardiac_rythym_sinus_variant_max,0.02,An extreme occurrence of sinus variant in the first 12h is usually transient and not clearly linked to renal injury. Included only as a weak proxy for early post-op instability (capped by epoch).
13_24h_cardiac_rythym_sinus_variant_max,0.03,"A later extreme episode could indicate intermittent hemodynamic perturbation, but sinus variants are not a strong AKI mechanism. Max is preferred over mean to capture episodic instability while keeping sparsity."
25_36h_cardiac_rythym_sinus_variant_max,0.04,"In the closest window to outcome, episodic rhythm instability may correlate with reduced cardiac output or vasopressor needs, indirectly affecting renal perfusion. Still low because sinus variants are not established AKI predictors."
0_12h_cardiac_rythym_sinus_variant_min,0.01,Minimum/absence-type encoding of sinus variant provides little physiologic signal for AKI and can be redundant with other rhythm summaries. Early post-op period is noisy and transient.
13_24h_cardiac_rythym_sinus_variant_min,0.01,Min aggregation is unlikely to capture clinically meaningful insults relevant to AKI compared with max/arrhythmia burden. Kept very low to reduce collinearity with other rhythm features.
25_36h_cardiac_rythym_sinus_variant_min,0.01,Minimum sinus-variant indicator is not a recognized predictor of renal dysfunction and is likely redundant. Any association would be weak and indirect.
0_12h_cardiac_rythym_sinus_variant_measured,0.005,"Measurement count reflects documentation/monitoring rather than a causal pathway to AKI. In the immediate post-op window, frequent rhythm assessment is routine."
13_24h_cardiac_rythym_sinus_variant_measured,0.005,Primarily a behavioral proxy for monitoring intensity with minimal specificity for impending AKI. Kept below 0.05 per measurement-frequency rule.
25_36h_cardiac_rythym_sinus_variant_measured,0.01,"Slightly higher only because increased monitoring later may reflect clinical concern/instability, which can co-occur with AKI risk. Still low due to non-physiologic nature of the feature."
0_12h_cardiac_rythym_atrial_arrhythmia_mean,0.06,"Atrial arrhythmias can reduce cardiac output and prompt vasopressor/diuretic use, indirectly worsening renal perfusion and AKI risk. Mean burden in 0–12h is capped by epoch and early post-op transience."
13_24h_cardiac_rythym_atrial_arrhythmia_mean,0.03,"Atrial arrhythmias can reduce effective cardiac output and renal perfusion, indirectly increasing AKI risk. Use of a mean is less pathophysiologically specific than presence/occurrence, so keep low to avoid redundancy."
25_36h_cardiac_rythym_atrial_arrhythmia_mean,0.04,"Persistent atrial arrhythmia closer to hour 60 may reflect ongoing hemodynamic instability that can worsen renal perfusion. Mean aggregation is still less informative than occurrence, so modest weight only."
0_12h_cardiac_rythym_atrial_arrhythmia_max,0.05,"Any atrial arrhythmia in the immediate post-op period may signal early instability, but this window is often transient after cardiac surgery. Capped due to 0–12h conservatism and to limit collinearity with later epochs."
13_24h_cardiac_rythym_atrial_arrhythmia_max,0.08,Occurrence of atrial arrhythmia during 13–24h suggests non-transient instability and potential reduced renal perfusion. Binary occurrence is more clinically meaningful than mean/min/measured for AKI linkage.
25_36h_cardiac_rythym_atrial_arrhythmia_max,0.12,"Atrial arrhythmia in the 25–36h leading-indicator window can reflect ongoing low forward flow and need for vasoactive support, both associated with AKI after cardiac surgery. This is the most informative aggregation among the atrial-arrhythmia variants."
0_12h_cardiac_rythym_atrial_arrhythmia_min,0.01,The 'min' of a binary atrial arrhythmia indicator is typically uninformative (often just reflects any time without arrhythmia). It adds redundancy without clear mechanistic value for AKI prediction.
13_24h_cardiac_rythym_atrial_arrhythmia_min,0.01,Binary 'min' provides little clinical signal beyond absence at some point and is collinear with max/mean. Not a meaningful driver or marker of AKI risk.
25_36h_cardiac_rythym_atrial_arrhythmia_min,0.01,Binary 'min' is not a useful representation of arrhythmia burden and is redundant with the max indicator. Minimal incremental information for AKI risk.
0_12h_cardiac_rythym_atrial_arrhythmia_measured,0.01,Measurement frequency reflects monitoring/labeling behavior rather than physiology and is especially routine immediately post-op. Unlikely to add specific prognostic value for AKI.
13_24h_cardiac_rythym_atrial_arrhythmia_measured,0.02,"More frequent documentation may weakly proxy clinician concern/instability, but it is not a direct physiologic mechanism. Keep below 0.05 per rule."
25_36h_cardiac_rythym_atrial_arrhythmia_measured,0.03,"Increased measurement/documentation closer to outcome may reflect ongoing instability prompting closer rhythm surveillance. Still a behavioral proxy, so kept low."
0_12h_cardiac_rythym_paced_rythym_mean,0.02,Paced rhythm early post-op often reflects routine temporary pacing and does not necessarily indicate renal hypoperfusion. Mean pacing burden is less specific than hemodynamic variables for AKI.
13_24h_cardiac_rythym_paced_rythym_mean,0.03,"Ongoing pacing may indicate conduction disease or low intrinsic rate and can correlate with sicker patients, indirectly relating to AKI risk. Mean aggregation is nonspecific, so modest weight."
25_36h_cardiac_rythym_paced_rythym_mean,0.04,"Persistent pacing in the 25–36h window may reflect continued cardiac dysfunction or need for support, which can impair renal perfusion. Still indirect and less specific than direct hemodynamic/renal markers."
0_12h_cardiac_rythym_paced_rythym_max,0.03,"Any pacing in the immediate post-op period is common and often protocol-driven, limiting specificity for AKI. Capped low due to early epoch and indirect linkage."
13_24h_cardiac_rythym_paced_rythym_max,0.05,"Pacing occurrence beyond the immediate post-op period may indicate persistent conduction/hemodynamic issues and higher illness severity, indirectly increasing AKI risk. Binary occurrence is more interpretable than mean but remains an indirect predictor."
25_36h_cardiac_rythym_paced_rythym_max,0.04,Need for pacing in the 25–36h window can reflect persistent conduction disease/low cardiac output physiology that may reduce renal perfusion. It is an indirect marker and not specific for AKI.
0_12h_cardiac_rythym_paced_rythym_min,0.01,"Early postoperative pacing is common and often transient after cardiac surgery, with weak specificity for later AKI. Conservative scoring due to the 0–12h epoch."
13_24h_cardiac_rythym_paced_rythym_min,0.02,"Ongoing pacing requirement may indicate slower recovery or hemodynamic vulnerability, which can contribute to renal hypoperfusion. Still an indirect proxy rather than a direct AKI predictor."
25_36h_cardiac_rythym_paced_rythym_min,0.04,"Persistent pacing requirement closer to the outcome suggests continued conduction/hemodynamic issues that can impair kidney perfusion. Indirect association, so kept low for sparsity."
0_12h_cardiac_rythym_paced_rythym_measured,0.01,Measurement frequency reflects monitoring/documentation behavior rather than renal physiology. In the immediate 0–12h period it is especially nonspecific for AKI risk.
13_24h_cardiac_rythym_paced_rythym_measured,0.02,"More frequent documentation may reflect clinician concern/acuity, but it is not a mechanistic driver of AKI. Capped low per the _measured rule."
25_36h_cardiac_rythym_paced_rythym_measured,0.03,"Increased monitoring late may correlate with instability and higher AKI risk, but remains a behavioral proxy. Kept <0.05 to avoid over-weighting non-physiologic signals."
0_12h_cardiac_rythym_heart_block_mean,0.01,A mean value smooths transient conduction abnormalities and is less informative than an extreme/occurrence indicator. Early postoperative heart block is common and often resolves.
13_24h_cardiac_rythym_heart_block_mean,0.02,"Sustained heart block can be associated with lower cardiac output and renal hypoperfusion, but the mean aggregation is less pathophysiologically targeted than max/occurrence. Indirect link only."
25_36h_cardiac_rythym_heart_block_mean,0.03,"Persistent heart block closer to hour 60 may indicate ongoing hemodynamic compromise affecting renal perfusion. Mean aggregation is still less specific than max, so kept low."
0_12h_cardiac_rythym_heart_block_max,0.03,"Any occurrence of heart block early can signal perioperative conduction injury and potential hemodynamic instability, which may contribute to AKI. Conservative due to the 0–12h epoch and frequent transient blocks."
13_24h_cardiac_rythym_heart_block_max,0.06,Heart block occurrence in the trajectory phase suggests persistent conduction/hemodynamic problems that can reduce renal perfusion. Max captures the clinically relevant insult better than mean/min.
25_36h_cardiac_rythym_heart_block_max,0.08,"Heart block in the 25–36h window is a leading indicator of ongoing instability and potential low cardiac output, increasing AKI risk. Max/occurrence is the most relevant aggregation for this pathology."
0_12h_cardiac_rythym_heart_block_min,0.01,The min aggregation is not clinically meaningful for a binary/episodic rhythm event and adds redundancy versus max. Early period also has many transient conduction changes.
13_24h_cardiac_rythym_heart_block_min,0.01,Min is a poor representation of episodic heart block and is collinear with max/mean without adding pathophysiologic signal. Kept very low to enforce sparsity.
25_36h_cardiac_rythym_heart_block_min,0.01,Min does not capture the clinically relevant extreme/occurrence of heart block and is redundant with max. Low importance to reduce collinearity in aggregated rhythm features.
0_12h_cardiac_rythym_heart_block_measured,0.02,Measurement frequency reflects monitoring/concern rather than a direct renal mechanism; early post-op conduction issues are common and often transient. Capped low to avoid over-weighting behavioral proxies in the immediate 0–12h window.
13_24h_cardiac_rythym_heart_block_measured,0.03,"More persistent need to document heart block may indicate ongoing hemodynamic instability that can reduce renal perfusion, but this is still an indirect proxy. Kept <0.05 per measured-feature rule."
25_36h_cardiac_rythym_heart_block_measured,0.04,"Late continued attention to heart block can correlate with low cardiac output/bradycardia requiring pacing/pressors, indirectly increasing AKI risk. Still a measurement-count proxy, so kept <0.05."
0_12h_cardiac_rythym_ischemic_st_change_mean,0.02,Averaged ST-change in the immediate post-op period is nonspecific and may reflect transient perioperative factors. Mean aggregation is less informative than extremes for acute ischemic insults.
13_24h_cardiac_rythym_ischemic_st_change_mean,0.03,"Sustained ischemic signal could imply myocardial dysfunction and reduced renal perfusion, but mean aggregation dilutes episodic ischemia. Capped low to reduce collinearity with max/min indicators."
25_36h_cardiac_rythym_ischemic_st_change_mean,0.05,"Persistent ischemic changes closer to outcome may track ongoing myocardial ischemia/low output states that predispose to AKI. Mean remains less specific than extremes, so capped at 0.05."
0_12h_cardiac_rythym_ischemic_st_change_max,0.06,Peak ischemic ST changes can indicate acute myocardial ischemia with potential low cardiac output and renal hypoperfusion. Conservative scoring due to common transient early post-op changes (0–12h cap).
13_24h_cardiac_rythym_ischemic_st_change_max,0.1,Maximal ST deviation in 13–24h suggests clinically meaningful ischemia that may drive hemodynamic compromise and AKI risk. Extremes are preferred over means for capturing acute insults.
25_36h_cardiac_rythym_ischemic_st_change_max,0.14,Late peak ischemic changes are a strong marker of ongoing myocardial ischemia/low output physiology close to the 60h creatinine outcome. This can directly worsen renal perfusion and precipitate AKI.
0_12h_cardiac_rythym_ischemic_st_change_min,0.03,"Minimum/negative ST changes are less clearly tied to clinically significant ischemia than maxima in many monitoring conventions. Early post-op artifacts/transient changes are common, so kept low."
13_24h_cardiac_rythym_ischemic_st_change_min,0.04,"If min reflects significant ST depression it may indicate ischemia, but directionality/clinical meaning is less consistent than max. Scored below max to reduce redundancy and uncertainty."
25_36h_cardiac_rythym_ischemic_st_change_min,0.05,"Late extreme in the negative direction could reflect ischemia and potential low output, indirectly increasing AKI risk. Kept modest and below max due to ambiguity and collinearity concerns."
0_12h_cardiac_rythym_ischemic_st_change_measured,0.02,"More frequent documentation/measurement reflects monitoring intensity rather than a physiologic driver of AKI. Early post-op ECG surveillance is routine, limiting specificity."
13_24h_cardiac_rythym_ischemic_st_change_measured,0.03,"Increased measurement frequency may indicate clinician concern for ischemia and higher acuity, which can correlate with AKI risk. Still a behavioral proxy, so kept <0.05."
25_36h_cardiac_rythym_ischemic_st_change_measured,0.04,"Late repeated checks for ST changes may signal ongoing instability/ischemia management, indirectly associated with AKI. Remains a proxy feature and is capped <0.05."
0_12h_cardiac_rythym_other_mean,0.01,"A nonspecific 'other rhythm' mean lacks clear mechanistic linkage to renal injury and is likely heterogeneous/noisy. Mean aggregation in 0–12h further reduces interpretability, so capped at minimal importance."
13_24h_cardiac_rythym_other_mean,0.02,Non-specific rhythm labels may correlate with overall instability but are not a direct renal perfusion marker. Mean encoding is also less clinically interpretable than presence/absence of a significant arrhythmia episode.
25_36h_cardiac_rythym_other_mean,0.03,"Persistent non-sinus/other rhythms closer to hour 60 can reflect ongoing hemodynamic stress, indirectly increasing AKI risk. Still non-specific and likely collinear with direct hemodynamic variables."
0_12h_cardiac_rythym_other_max,0.03,"Any occurrence of an atypical rhythm immediately post-op may indicate transient instability, but this window is often noisy after surgery/CPB. Conservative scoring due to limited specificity for AKI."
13_24h_cardiac_rythym_other_max,0.05,Occurrence of an atypical rhythm in the trajectory phase can signal clinically meaningful instability and potential renal hypoperfusion. Kept modest because the category is non-specific and not a direct AKI biomarker.
25_36h_cardiac_rythym_other_max,0.07,Any atypical rhythm episode in the 25–36h window may reflect ongoing hemodynamic compromise (reduced renal perfusion) closer to the creatinine outcome. Max (any occurrence) is preferred over mean/min for capturing clinically relevant episodes.
0_12h_cardiac_rythym_other_min,0.01,The minimum of a binary rhythm indicator is typically uninformative (often just reflects that it was not present at some point). Provides little mechanistic or prognostic value for AKI.
13_24h_cardiac_rythym_other_min,0.01,Binary min is not clinically meaningful for arrhythmia burden and adds redundancy with max/mean. No direct link to renal injury.
25_36h_cardiac_rythym_other_min,0.01,Binary min does not capture arrhythmia occurrence or severity and is largely noise/collinear. Not a plausible direct predictor of creatinine rise.
0_12h_cardiac_rythym_other_measured,0.01,Measurement frequency reflects monitoring/documentation behavior rather than physiology. In the immediate post-op period it is routine and not specific for impending AKI.
13_24h_cardiac_rythym_other_measured,0.02,"More frequent rhythm documentation may reflect clinician concern/acuity, which can correlate with AKI risk, but it is an indirect behavioral proxy. Capped low per rules."
25_36h_cardiac_rythym_other_measured,0.03,"Increased monitoring/documentation closer to hour 60 may indicate ongoing instability and higher illness severity, indirectly associated with AKI. Still a behavioral proxy and kept <0.05."
0_12h_r_vent_mode_asv_mean,0.01,Ventilator mode choice (ASV) is not a direct driver of renal injury and is heavily practice-dependent. Mean aggregation is unlikely to capture a specific AKI mechanism.
13_24h_r_vent_mode_asv_mean,0.02,"Continued ASV use may correlate with prolonged ventilation/illness severity, indirectly linked to AKI risk. However, it is not mechanistically specific and likely collinear with oxygenation/hemodynamics."
0_12h_r_vent_mode_asv_max,0.02,Any ASV use early post-op is common and reflects ventilatory management rather than renal perfusion. Conservative scoring due to weak specificity for AKI.
13_24h_r_vent_mode_asv_max,0.03,"Any ASV use in 13–24h may indicate ongoing ventilatory support needs and higher severity, indirectly associated with AKI. Kept low because mode selection is not a direct renal insult."
0_12h_r_vent_mode_asv_min,0.01,Binary min for ventilator mode is generally uninformative and redundant with max/mean. No direct physiologic linkage to creatinine rise.
13_24h_r_vent_mode_asv_min,0.01,"Ventilator mode choice is not a direct physiologic driver of AKI and mainly reflects respiratory management. Any association with renal outcomes is indirect via illness severity, so keep very low."
0_12h_r_vent_mode_asv_measured,0.01,Measurement frequency is a behavioral/ordering artifact rather than a renal mechanism. Early post-op (0–12h) ventilator documentation is common and weakly informative for AKI.
13_24h_r_vent_mode_asv_measured,0.01,"Counts of ASV recordings primarily reflect documentation intensity and care patterns, not kidney perfusion or nephrotoxicity. Cap as a weak proxy for acuity."
25_36h_r_vent_mode_asv_measured,0.02,"Later continued ASV documentation may weakly proxy ongoing respiratory support/acuity closer to the outcome window. Still not mechanistically linked to AKI, so remain <0.05."
0_12h_r_vent_mode_controlled_mean,0.02,"Controlled ventilation early after cardiac surgery is common and largely reflects routine post-op management. Any AKI link is indirect through severity/hemodynamics, and 0–12h is transient."
13_24h_r_vent_mode_controlled_mean,0.03,"Persistent need for controlled ventilation into 13–24h can indicate slower recovery and higher illness severity, which correlates with AKI risk. Mean aggregation is still a coarse proxy, so keep low."
0_12h_r_vent_mode_controlled_max,0.03,Any exposure to controlled ventilation in the immediate 0–12h window is expected post-op and not specific for renal injury. Max (any occurrence) is a better indicator than mean here but remains weak.
13_24h_r_vent_mode_controlled_max,0.05,Any controlled ventilation during 13–24h suggests ongoing critical illness and potential hemodynamic/oxygenation issues that can contribute to AKI. Use max as the least collinear summary; still indirect so capped at 0.05.
0_12h_r_vent_mode_controlled_min,0.01,Minimum of a binary ventilator-mode indicator is not clinically meaningful (often just reflects that it was not continuously present). It adds redundancy without clear AKI signal.
13_24h_r_vent_mode_controlled_min,0.01,Binary-min is poorly interpretable and largely redundant with max/mean indicators of controlled ventilation. No direct renal mechanism.
0_12h_r_vent_mode_controlled_measured,0.01,Measurement frequency reflects documentation intensity rather than physiology. In the immediate post-op period it is routine and not predictive of creatinine rise.
13_24h_r_vent_mode_controlled_measured,0.01,Counts of controlled-mode entries are a weak proxy for care intensity and are not mechanistically tied to AKI. Keep very low to avoid overfitting.
25_36h_r_vent_mode_controlled_measured,0.02,"Ongoing documentation of controlled ventilation at 25–36h may weakly indicate persistent critical illness closer to the 60h creatinine. Still a behavioral proxy, so <0.05."
0_12h_r_vent_mode_simv_mean,0.01,SIMV use early post-op is common and not a direct determinant of renal perfusion or nephrotoxic exposure. Mean aggregation further dilutes any severity signal.
13_24h_r_vent_mode_simv_mean,0.02,"SIMV in 13–24h may reflect ongoing ventilatory support needs and overall severity, indirectly associated with AKI. Mean is not the best pathology-capturing summary, so keep low."
0_12h_r_vent_mode_simv_max,0.02,Any SIMV use in 0–12h is expected after cardiac surgery and is not specific for AKI. Max is preferable to mean/min for capturing exposure but remains a weak indirect marker.
13_24h_r_vent_mode_simv_max,0.02,"SIMV use can proxy ongoing respiratory failure/sedation needs and overall illness severity, which indirectly relates to AKI risk. As a ventilator-mode binary and not a renal/hemodynamic marker, it should remain low."
0_12h_r_vent_mode_simv_min,0.01,"Early post-op ventilator mode is heavily driven by routine anesthesia/ICU practice and is weakly linked to renal outcomes. In the 0–12h epoch, transient management choices are especially non-specific for AKI."
13_24h_r_vent_mode_simv_min,0.02,"Persistent SIMV requirement into 13–24h may reflect delayed recovery and higher acuity, indirectly increasing AKI risk. Still non-specific and likely collinear with other severity markers."
0_12h_r_vent_mode_simv_measured,0.01,Measurement frequency reflects documentation/monitoring behavior rather than physiology and is not a mechanistic driver of AKI. In the immediate 0–12h period it is particularly routine.
13_24h_r_vent_mode_simv_measured,0.02,"More frequent recording may weakly proxy clinician concern/instability, but it remains a behavioral feature rather than a renal predictor. Keep below 0.05 to avoid over-weighting monitoring intensity."
25_36h_r_vent_mode_simv_measured,0.03,"Closer to the outcome window, frequent ventilator-mode documentation may indicate ongoing critical illness and instability that can predispose to AKI. Still a behavioral proxy, so it should remain low."
0_12h_r_vent_mode_spontaneous_mean,0.02,"Spontaneous mode early may indicate faster recovery and less severe illness, indirectly associated with lower AKI risk. However, in 0–12h this is often protocol-driven and non-specific."
13_24h_r_vent_mode_spontaneous_mean,0.03,"Being on spontaneous ventilation in 13–24h can reflect improving trajectory and lower overall severity, indirectly lowering AKI risk. It is still not a direct renal/hemodynamic marker."
0_12h_r_vent_mode_spontaneous_max,0.02,"Any time spent on spontaneous mode in the first 12h may reflect early extubation readiness and lower acuity, indirectly related to AKI risk. As an early, non-renal process measure, keep conservative."
13_24h_r_vent_mode_spontaneous_max,0.03,"Time on spontaneous mode during 13–24h suggests clinical stabilization, which is indirectly protective against AKI. Not mechanistic and likely collinear with other recovery indicators."
0_12h_r_vent_mode_spontaneous_min,0.01,Minimum spontaneous-mode indicator in 0–12h is largely determined by immediate post-op ventilation practices and sedation. It provides little specific information about renal perfusion or injury.
13_24h_r_vent_mode_spontaneous_min,0.02,"Failure to achieve spontaneous mode at any point in 13–24h may indicate ongoing respiratory failure and higher severity, indirectly increasing AKI risk. Still non-specific for kidney injury."
0_12h_r_vent_mode_spontaneous_measured,0.01,This is a monitoring/documentation frequency feature rather than a physiologic driver of AKI. In 0–12h it is routine and should be near-minimal.
13_24h_r_vent_mode_spontaneous_measured,0.02,"More frequent documentation may weakly reflect instability or clinician attention, but it is not a direct predictor of creatinine rise. Keep low to avoid capturing practice-pattern noise."
25_36h_r_vent_mode_spontaneous_measured,0.03,"Nearer to hour 60, frequent ventilator documentation can proxy ongoing critical illness, which correlates with AKI risk. Still behavioral and should remain <0.05."
0_12h_arterial_line_map_mean,0.05,"Mean arterial pressure relates to renal perfusion, but the 0–12h average is often influenced by transient post-bypass vasoplegia and active titration. Extremes or later-epoch hypotension would be more informative than an early mean, so cap to limit collinearity."
13_24h_arterial_line_map_mean,0.05,"Sustained MAP relates to renal perfusion, but mean is less sensitive than hypotensive extremes for AKI risk; capped to reduce collinearity with MAP_min."
25_36h_arterial_line_map_mean,0.05,"Later sustained MAP may reflect ongoing perfusion adequacy, but hypotensive nadirs are more mechanistically linked to ischemic AKI; capped to avoid redundancy with MAP_min."
0_12h_arterial_line_map_max,0.01,"Hypertensive peaks are not a primary driver of post-cardiac surgery AKI compared with hypotension/low perfusion, and early post-op variability is common."
13_24h_arterial_line_map_max,0.01,MAP maxima are weakly related to AKI pathophysiology; renal injury risk is more tied to low MAP and shock states.
25_36h_arterial_line_map_max,0.01,High MAP episodes are not a direct biomarker or established trigger for AKI in this setting; low MAP is more informative.
0_12h_arterial_line_map_min,0.08,"Hypotensive nadir reflects acute renal hypoperfusion/ischemia risk, but in the immediate 0–12h post-op period transient lows are common; conservatively scored per epoch cap."
13_24h_arterial_line_map_min,0.16,Low MAP during the trajectory phase suggests persistent or recurrent hypoperfusion and is a strong hemodynamic risk factor for subsequent AKI.
25_36h_arterial_line_map_min,0.22,Late hypotensive nadir is a leading indicator of ongoing renal hypoperfusion close to the outcome window and is strongly predictive of creatinine rise/AKI.
0_12h_arterial_line_map_measured,0.01,"Measurement frequency mainly reflects monitoring intensity rather than physiology; arterial lines are routine post-cardiac surgery, especially early."
13_24h_arterial_line_map_measured,0.02,"More frequent MAP documentation may weakly proxy instability/acuity, but it is not a direct mechanism and should remain low."
25_36h_arterial_line_map_measured,0.03,"Continued frequent MAP measurements later may indicate ongoing hemodynamic concern, but it remains an indirect behavioral proxy rather than a renal injury marker."
0_12h_diet_type_npo_mean,0.01,NPO status is standard immediately after cardiac surgery and has no specific mechanistic link to AKI beyond general illness severity.
13_24h_diet_type_npo_mean,0.01,Ongoing NPO may reflect slower recovery but is nonspecific and not an established predictor of creatinine rise.
25_36h_diet_type_npo_mean,0.02,"Persistent NPO later can weakly proxy complications/critical illness, but it is indirect and not kidney-specific."
0_12h_diet_type_npo_max,0.01,Being NPO at any point in the first 12 hours is expected post-op and provides minimal discriminatory value for AKI risk.
13_24h_diet_type_npo_max,0.01,"NPO at any time in 13–24h is common and nonspecific; it does not directly reflect renal perfusion, nephrotoxicity, or kidney injury."
25_36h_diet_type_npo_max,0.03,"Still being NPO at 25–36h can be a proxy for ongoing critical illness, intubation, or hemodynamic instability, which indirectly increases AKI risk. Diet status itself is not a renal biomarker, so keep low."
0_12h_diet_type_npo_min,0.005,NPO in the immediate 0–12h post-cardiac surgery is routine and poorly discriminates AKI risk. This window is dominated by transient perioperative practices.
13_24h_diet_type_npo_min,0.01,"Remaining NPO in 13–24h may reflect slower recovery or ongoing support needs, indirectly associated with AKI. Still largely practice-driven and nonspecific."
25_36h_diet_type_npo_min,0.03,"Persistent NPO by 25–36h can indicate continued critical illness or inability to extubate, which correlates with higher AKI risk via illness severity. Not mechanistically causal, so modest probability."
0_12h_diet_type_npo_measured,0.005,Measurement frequency reflects documentation/ordering behavior rather than physiology and is expected to be routine early post-op. Weak proxy for acuity in this epoch.
13_24h_diet_type_npo_measured,0.01,"More frequent diet-status recording may weakly track ICU complexity, but it is not a direct AKI driver. Keep below the behavioral-proxy cap."
25_36h_diet_type_npo_measured,0.02,"Increased documentation of NPO status later may reflect ongoing instability or procedures, indirectly linked to AKI risk. Still a behavioral proxy and nonspecific."
0_12h_diet_type_diet_mean,0.005,Average diet status in 0–12h is largely determined by standard post-op protocols (often NPO) and adds little AKI-specific signal. Mean aggregation further dilutes any acute relevance.
13_24h_diet_type_diet_mean,0.01,"Diet advancement in 13–24h may reflect recovery trajectory, indirectly associated with lower AKI risk. Mean aggregation is nonspecific and practice-driven."
25_36h_diet_type_diet_mean,0.02,"Sustained ability to take diet by 25–36h can indicate clinical stability and lower illness severity, indirectly relating to AKI risk. Still not a renal perfusion or injury marker."
0_12h_diet_type_diet_max,0.005,Any diet given in 0–12h is uncommon and mostly reflects local practice rather than renal physiology. Early epoch limits prognostic value for AKI.
13_24h_diet_type_diet_max,0.02,"Achieving diet at any point in 13–24h may indicate earlier stabilization and less severe illness, indirectly lowering AKI risk. Not mechanistic, so keep low."
25_36h_diet_type_diet_max,0.03,"Having diet at any point in 25–36h is a proxy for recovery (extubation, fewer procedures), which correlates with lower AKI risk. Still indirect and susceptible to practice variation."
0_12h_diet_type_diet_min,0.005,Minimum diet status in 0–12h is typically NPO for nearly all patients and provides minimal discrimination for AKI. Redundant with other diet indicators.
13_24h_diet_type_diet_min,0.01,"Minimum diet status in 13–24h mainly captures whether the patient ever remained NPO, a nonspecific severity proxy. Limited AKI-specific mechanistic relevance."
25_36h_diet_type_diet_min,0.03,"Minimum diet status in 25–36h (e.g., still NPO at some point) can reflect ongoing instability or procedures, indirectly associated with AKI. Diet variables remain weak predictors compared with hemodynamics/labs."
0_12h_diet_type_diet_measured,0.005,Diet documentation frequency is a care-process marker and has no direct physiologic link to renal perfusion or tubular injury. Early post-op ordering patterns are highly variable and weakly informative for AKI.
13_24h_diet_type_diet_measured,0.005,"Measurement frequency reflects clinician workflow rather than kidney injury biology. At most it weakly proxies overall acuity, so keep very low to preserve sparsity."
25_36h_diet_type_diet_measured,0.01,"Later diet-related documentation may correlate with recovery vs ongoing critical illness, but remains an indirect process-of-care signal. Not a specific predictor of creatinine rise."
0_12h_diet_type_other_mean,0.005,Diet type in the immediate post-op window is largely driven by routine NPO/advancement practices and does not mechanistically predict AKI. Any association would be confounded by illness severity.
13_24h_diet_type_other_mean,0.01,"Diet advancement delays can reflect slower recovery and higher acuity, which may correlate with AKI risk, but the link is indirect. Mean aggregation further dilutes any signal."
25_36h_diet_type_other_mean,0.02,"By 25–36h, inability to advance diet may indicate persistent instability or complications that can accompany AKI, but it is still nonspecific. Keep low as an indirect severity proxy."
0_12h_diet_type_other_max,0.005,"A binary extreme indicator for an 'other' diet category is not a physiologic insult and is unlikely to causally relate to AKI. In the immediate post-op period, diet status is especially protocol-driven."
13_24h_diet_type_other_max,0.01,"Presence of an 'other' diet category may weakly reflect atypical clinical course, but remains nonspecific for renal injury. Use a low score to avoid overfitting to documentation artifacts."
25_36h_diet_type_other_max,0.02,"Later persistence of an atypical diet order could track ongoing critical illness, which can co-occur with AKI, but it is not a direct predictor. Kept low to maintain sparsity."
0_12h_diet_type_other_min,0.005,The minimum of a binary diet-category indicator is not clinically meaningful for AKI prediction and adds redundancy with other diet encodings. No direct renal relevance.
13_24h_diet_type_other_min,0.005,Binary minimum provides little interpretable information beyond absence of the category and is not mechanistically linked to AKI. Cap low to reduce collinearity with other diet features.
25_36h_diet_type_other_min,0.005,"As a redundant encoding of diet-category absence, this is unlikely to add predictive value for creatinine ratio. Not a physiologic marker of kidney injury."
0_12h_diet_type_other_measured,0.005,Frequency of documenting an 'other' diet type is a behavioral/process variable rather than a renal risk factor. Early post-op documentation intensity is noisy and confounded.
13_24h_diet_type_other_measured,0.005,Ordering/documentation frequency is not a direct driver of AKI and is heavily influenced by unit practices. Keep very low to avoid spurious associations.
25_36h_diet_type_other_measured,0.01,"Later repeated diet-related documentation may reflect ongoing complexity of care, but remains an indirect proxy at best. Not specific enough to merit higher inclusion probability."
0_12h_r_cardiac_regularity_regular_mean,0.03,"Cardiac rhythm regularity can indirectly relate to renal perfusion (e.g., atrial fibrillation/irregular rhythm reducing effective cardiac output), but in 0–12h many rhythm changes are transient post-op. Mean aggregation is less informative than extremes or sustained hemodynamic measures, so keep low."
13_24h_r_cardiac_regularity_regular_mean,0.01,Average time in regular rhythm is not a direct renal perfusion marker and is largely redundant with irregularity indicators. Any association with AKI is indirect via hemodynamic instability.
25_36h_r_cardiac_regularity_regular_mean,0.02,"Persistent regular rhythm late may reflect overall stability, but it is an indirect proxy and not a kidney-specific driver. Prefer irregularity extremes for capturing clinically meaningful insults."
0_12h_r_cardiac_regularity_regular_max,0.005,Being regular at any point in the immediate post-op window is common and not informative for AKI risk. Early period is noisy and transient by anesthesia/CPB effects.
13_24h_r_cardiac_regularity_regular_max,0.005,A maximum indicating any regular rhythm during 13–24h provides little discrimination and is not mechanistically linked to AKI. Redundant with other rhythm summaries.
25_36h_r_cardiac_regularity_regular_max,0.01,Any regular rhythm in the 25–36h window is expected in many patients and does not capture hypotension/low output episodes that drive AKI. Limited incremental value versus irregularity measures.
0_12h_r_cardiac_regularity_regular_min,0.01,"A minimum suggesting periods without regular rhythm may reflect arrhythmia, but in 0–12h this is often transient and treatment-related. Indirect link to AKI through hemodynamic effects only."
13_24h_r_cardiac_regularity_regular_min,0.03,Sustained absence of regular rhythm during 13–24h can indicate ongoing arrhythmia with potential renal hypoperfusion. Still indirect and better captured by irregularity extremes.
25_36h_r_cardiac_regularity_regular_min,0.05,"Prolonged lack of regular rhythm close to the outcome window may signal persistent AF/arrhythmia and reduced effective cardiac output, increasing AKI risk. Kept modest due to indirectness and collinearity with irregularity features."
0_12h_r_cardiac_regularity_regular_measured,0.005,Measurement frequency reflects monitoring/documentation rather than physiology and is unlikely to causally relate to AKI. Early post-op monitoring is routine.
13_24h_r_cardiac_regularity_regular_measured,0.01,"More frequent rhythm documentation may reflect acuity, but it is a weak behavioral proxy and non-specific for renal injury. Capped to maintain sparsity."
25_36h_r_cardiac_regularity_regular_measured,0.02,"Increased monitoring late could indicate instability prompting closer observation, which may correlate with AKI risk. Still a non-physiologic proxy and kept <0.05."
0_12h_r_cardiac_regularity_irregular_mean,0.05,"Average irregular rhythm early may reflect post-op AF, which can reduce cardiac output and renal perfusion, but 0–12h is confounded by transient perioperative factors. Mean is also less informative than extremes for acute insults."
13_24h_r_cardiac_regularity_irregular_mean,0.08,"Persistent irregular rhythm in the trajectory phase suggests ongoing AF/arrhythmia with potential sustained hemodynamic compromise, increasing AKI risk. Mean captures burden but may dilute short severe episodes."
25_36h_r_cardiac_regularity_irregular_mean,0.12,"High irregular rhythm burden close to hour 60 can indicate persistent AF/instability and reduced renal perfusion, a meaningful AKI risk factor. Not definitive because the renal effect is mediated through hemodynamics and treatment."
0_12h_r_cardiac_regularity_irregular_max,0.06,"Any occurrence of irregular rhythm in 0–12h may indicate early post-op AF, which can precipitate hypotension and renal hypoperfusion. Scored conservatively due to early-window transience and commonality."
13_24h_r_cardiac_regularity_irregular_max,0.1,Occurrence of irregular rhythm during 13–24h is a recognized postoperative complication associated with hemodynamic instability and higher AKI risk. Max is preferred over mean for capturing clinically relevant episodes.
25_36h_r_cardiac_regularity_irregular_max,0.06,"Sustained/peak irregular rhythm late (e.g., AF with RVR) can reduce cardiac output and renal perfusion, increasing AKI risk. Use max as the most relevant aggregation for acute hemodynamic insult in the closest window."
0_12h_r_cardiac_regularity_irregular_min,0.01,"Early postoperative rhythm irregularity is common and often transient after cardiac surgery, with weaker linkage to later creatinine rise. Min is also less clinically meaningful than presence/peak burden for AKI mechanisms."
13_24h_r_cardiac_regularity_irregular_min,0.02,"Irregular rhythm in the trajectory phase may reflect evolving instability, but min is not the best summary of arrhythmia burden for renal hypoperfusion risk. Kept low to avoid redundancy with more informative aggregations."
25_36h_r_cardiac_regularity_irregular_min,0.03,"Late irregular rhythm could contribute to renal hypoperfusion, but the minimum value is a weak representation of clinically relevant arrhythmia burden. Prefer max over min for capturing acute hemodynamic compromise."
0_12h_r_cardiac_regularity_irregular_measured,0.01,Measurement frequency mainly reflects monitoring/clinical attention rather than a direct physiologic driver of AKI. In the immediate post-op window it is especially nonspecific.
13_24h_r_cardiac_regularity_irregular_measured,0.02,"More frequent documentation may indicate concern for instability, but it remains a behavioral proxy and not a renal injury mechanism. Capped to maintain sparsity."
25_36h_r_cardiac_regularity_irregular_measured,0.03,"Increased monitoring late may correlate with clinical deterioration, which can precede AKI, but it is still indirect and confounded by care patterns. Kept <0.05 per measurement-frequency rule."
0_12h_r_cardiac_regularity_other_mean,0.01,"""Other"" rhythm categories are heterogeneous and the mean over the immediate post-op period is unlikely to capture a specific AKI-relevant insult. Early window effects are also often transient."
13_24h_r_cardiac_regularity_other_mean,0.01,"Averaged presence of an unspecified ""other"" rhythm is nonspecific and not an established predictor of renal injury. Kept minimal to avoid adding noise/collinearity."
25_36h_r_cardiac_regularity_other_mean,0.02,"Late abnormal rhythms could reflect instability, but the ""other"" category is too nonspecific and mean aggregation dilutes acute events. Low importance to preserve sparsity."
0_12h_r_cardiac_regularity_other_max,0.01,"Peak occurrence of an unspecified ""other"" rhythm early after surgery is common and poorly specific for renal hypoperfusion or nephrotoxic exposure. Conservative scoring in 0–12h."
13_24h_r_cardiac_regularity_other_max,0.02,"If ""other"" rhythm reflects significant arrhythmia it could relate to hemodynamic compromise, but heterogeneity limits interpretability. Max is preferred over mean/min but remains weak overall."
25_36h_r_cardiac_regularity_other_max,0.03,"Peak late abnormal rhythm could signal hemodynamic instability closer to the outcome window, which can contribute to AKI. Still capped low due to nonspecific ""other"" grouping."
0_12h_r_cardiac_regularity_other_min,0.01,Minimum value of a heterogeneous rhythm label in the immediate post-op period is not clinically interpretable for AKI risk. Likely redundant/noisy.
13_24h_r_cardiac_regularity_other_min,0.01,Min aggregation for an unspecified rhythm category provides little mechanistic information about renal perfusion or injury. Kept at weak-evidence level.
25_36h_r_cardiac_regularity_other_min,0.01,"Even in the closest window, the minimum of a nonspecific rhythm category is unlikely to capture the relevant hemodynamic insult for AKI. Prefer max-based features if any rhythm signal exists."
0_12h_r_cardiac_regularity_other_measured,0.01,Measurement frequency of an irregularity label is a weak behavioral proxy for acuity and is nonspecific for renal hypoperfusion. Early post-op rhythm documentation is common and transient in the first 12h.
13_24h_r_cardiac_regularity_other_measured,0.02,"More frequent documentation of abnormal cardiac regularity may reflect ongoing instability/arrhythmia management, which can indirectly affect renal perfusion. Still a nonspecific ordering/recording proxy and capped low."
25_36h_r_cardiac_regularity_other_measured,0.03,Persistent concern for rhythm irregularity closer to hour 60 can indicate hemodynamic instability that may contribute to AKI risk. However it remains a measurement-frequency proxy rather than a physiologic biomarker.
0_12h_r_heart_rate_source_monitor_pulse_ox_mean,0.03,"Mean heart rate in the immediate post-bypass period is often influenced by pain, temperature, and inotropes and is not a direct AKI driver. Tachycardia can correlate with low effective circulating volume but is indirect."
13_24h_r_heart_rate_source_monitor_pulse_ox_mean,0.04,"Sustained abnormal mean heart rate during the trajectory phase may reflect ongoing shock, arrhythmia, or inadequate resuscitation affecting renal perfusion. Still indirect and less informative than extremes or direct hemodynamic measures."
25_36h_r_heart_rate_source_monitor_pulse_ox_mean,0.05,Persistently elevated mean heart rate closer to the outcome can signal ongoing stress/low stroke volume states that predispose to AKI. Capped to limit collinearity with HR extremes which better capture acute insults.
0_12h_r_heart_rate_source_monitor_pulse_ox_max,0.05,"Early extreme tachycardia can indicate acute pain, bleeding, or low cardiac output that may reduce renal perfusion, but is common and transient in the first 12h. As an extreme it is more relevant than the mean, within the 0_12h cap."
13_24h_r_heart_rate_source_monitor_pulse_ox_max,0.08,"Episodes of marked tachycardia in 13–24h may reflect atrial fibrillation with RVR or ongoing hemodynamic stress, which can worsen renal perfusion. Extremes are more pathologic than averages and can precede AKI."
25_36h_r_heart_rate_source_monitor_pulse_ox_max,0.1,"Late-window extreme tachycardia is a stronger indicator of ongoing instability (e.g., low cardiac output, sepsis, arrhythmia) that can precipitate AKI. Still indirect compared with direct renal biomarkers, so kept modest."
0_12h_r_heart_rate_source_monitor_pulse_ox_min,0.04,"Bradycardic episodes immediately post-op can reduce cardiac output and renal perfusion, but are often transient and treatment-related (sedation, pacing). As an extreme it has some relevance but limited in the first 12h."
13_24h_r_heart_rate_source_monitor_pulse_ox_min,0.06,"Bradycardia in the trajectory phase may indicate conduction disease, excessive beta-blockade, or pacing issues leading to low cardiac output and renal hypoperfusion. Extremes are more informative than mean HR for AKI risk."
25_36h_r_heart_rate_source_monitor_pulse_ox_min,0.08,"Late bradycardia episodes closer to hour 60 can be a leading indicator of low cardiac output states that predispose to AKI. Still an indirect marker, so not scored as a strong direct predictor."
0_12h_r_heart_rate_source_monitor_pulse_ox_measured,0.01,Heart rate measurement frequency is routine ICU monitoring and does not specifically indicate impending AKI. Behavioral proxy only and should remain very low.
13_24h_r_heart_rate_source_monitor_pulse_ox_measured,0.01,Ongoing HR measurement frequency largely reflects standard monitoring rather than renal risk. It adds little beyond the HR values themselves.
25_36h_r_heart_rate_source_monitor_pulse_ox_measured,0.01,"Even late, HR measurement frequency is standard-of-care and not a specific signal for AKI. Keep minimal to avoid noise and redundancy."
0_12h_r_heart_rate_source_apical_mean,0.01,"Apical mean HR is largely redundant with monitor-derived HR and offers no additional mechanistic link to AKI. To reduce collinearity with other HR aggregates, keep very low."
13_24h_r_heart_rate_source_apical_mean,0.02,"Sustained tachycardia can reflect stress/low cardiac output and higher AKI risk, but mean HR is nonspecific and often treatment-related post-op. Capped to limit redundancy versus extreme HR features."
25_36h_r_heart_rate_source_apical_mean,0.03,"Persistent abnormal HR closer to hour 60 may indicate ongoing hemodynamic stress that can impair renal perfusion, but it remains an indirect marker. Mean aggregation is less informative than extremes for acute insults."
0_12h_r_heart_rate_source_apical_max,0.04,"Early postoperative tachycardia may signal bleeding, pain, or low output that can contribute to renal hypoperfusion, but this window is highly confounded by anesthesia/CPB effects. Conservative scoring per 0–12h cap."
13_24h_r_heart_rate_source_apical_max,0.06,"Tachycardia in the trajectory phase can reflect evolving shock, sepsis, or low cardiac output, which are established AKI risk contexts. Max better captures acute stress than mean, so it is favored among HR summaries."
25_36h_r_heart_rate_source_apical_max,0.08,"Late tachycardia is a closer leading indicator of ongoing hemodynamic compromise and catecholamine requirement, both associated with AKI after cardiac surgery. Max captures episodic instability more directly than mean."
0_12h_r_heart_rate_source_apical_min,0.03,"Bradycardia can reduce cardiac output and renal perfusion, but in the immediate post-op period it is often transient or pacing/medication-related. Conservative scoring due to early-window confounding."
13_24h_r_heart_rate_source_apical_min,0.05,"Bradycardic episodes during 13–24h may indicate conduction issues or excessive beta-blockade with potential low output, indirectly increasing AKI risk. Min is more relevant than mean for capturing low-perfusion episodes."
25_36h_r_heart_rate_source_apical_min,0.06,Late bradycardia may reflect persistent conduction disease or low-output physiology that can compromise renal perfusion. Min aggregation captures potentially clinically meaningful low-HR episodes.
0_12h_r_heart_rate_source_apical_measured,0.01,"Measurement frequency mainly reflects monitoring intensity rather than a renal mechanism, and HR is routinely measured post-cardiac surgery. Not a specific indicator of impending AKI."
13_24h_r_heart_rate_source_apical_measured,0.01,More frequent HR documentation is largely standard ICU practice and a weak proxy for acuity. Limited incremental value for predicting creatinine rise.
25_36h_r_heart_rate_source_apical_measured,0.02,"Increased measurement frequency could weakly reflect clinician concern for instability, but it remains a behavioral proxy and nonspecific for AKI. Kept <0.05 per rule."
0_12h_r_heart_rate_source_peripheral_mean,0.01,Peripheral-source mean HR adds little physiologic information beyond other HR summaries and is highly confounded immediately post-op. Capped to avoid collinearity with apical HR features.
13_24h_r_heart_rate_source_peripheral_mean,0.01,Peripheral mean HR is redundant with apical HR measures and provides no clearer link to renal perfusion than extremes. Kept very low to reduce collinearity.
25_36h_r_heart_rate_source_peripheral_mean,0.01,"Peripheral mean HR is a nonspecific, redundant hemodynamic marker relative to apical HR extremes. Minimal incremental signal for AKI prediction."
0_12h_r_heart_rate_source_peripheral_max,0.01,Peripheral max HR is redundant with apical max HR and early post-op tachycardia is common and transient. Low importance to prevent collinearity.
13_24h_r_heart_rate_source_peripheral_max,0.02,"Tachycardia can indicate evolving instability, but peripheral-source max is largely duplicative of apical max and thus offers limited additional predictive value. Kept <0.05 to reduce redundancy."
25_36h_r_heart_rate_source_peripheral_max,0.005,Peripheral HR source is a documentation/monitoring modality rather than a physiologic driver of AKI; it mainly reflects monitoring setup.
0_12h_r_heart_rate_source_peripheral_min,0.003,"In the immediate post-op window, HR source selection is routine and not mechanistically linked to renal injury; likely reflects device availability."
13_24h_r_heart_rate_source_peripheral_min,0.004,Monitoring source choice is an indirect proxy for acuity at best and is not a known predictor of creatinine rise.
25_36h_r_heart_rate_source_peripheral_min,0.005,"Even close to the outcome window, peripheral HR source indicates measurement method rather than hemodynamic compromise affecting kidney perfusion."
0_12h_r_heart_rate_source_peripheral_measured,0.01,Measurement frequency is a behavioral proxy for monitoring intensity and is not a physiologic mechanism; early post-op monitoring is common for most patients.
13_24h_r_heart_rate_source_peripheral_measured,0.015,"More frequent peripheral HR documentation may weakly reflect instability/closer nursing attention, but remains nonspecific for AKI risk."
25_36h_r_heart_rate_source_peripheral_measured,0.02,"Increased monitoring frequency late may correlate with clinical concern or instability that can accompany evolving AKI, but it is still indirect and nonspecific."
0_12h_r_oxygen_device_mechanical_mean,0.03,"Need for mechanical ventilation reflects illness severity and potential hemodynamic/oxygenation stress, but in the first 12h it is often routine after cardiac surgery."
13_24h_r_oxygen_device_mechanical_mean,0.06,"Persistent mechanical ventilation into 13–24h suggests delayed recovery/greater severity (e.g., shock, pulmonary edema), which is associated with higher AKI risk."
25_36h_r_oxygen_device_mechanical_mean,0.12,"Ongoing mechanical ventilation at 25–36h is a strong severity marker and often coexists with low cardiac output/vasopressor needs and fluid overload, increasing AKI risk."
0_12h_r_oxygen_device_mechanical_max,0.02,Any mechanical ventilation exposure is common immediately post-op; the max indicator adds limited AKI-specific information beyond routine care in this epoch.
13_24h_r_oxygen_device_mechanical_max,0.05,"Any requirement for mechanical ventilation during 13–24h indicates complications or slower stabilization, indirectly increasing AKI risk."
25_36h_r_oxygen_device_mechanical_max,0.08,Mechanical ventilation at any point in 25–36h is a meaningful marker of ongoing critical illness and correlates with higher likelihood of subsequent creatinine rise.
0_12h_r_oxygen_device_mechanical_min,0.01,The minimum mechanical-ventilation indicator is hard to interpret clinically and is largely driven by routine extubation timing in the immediate post-op period.
13_24h_r_oxygen_device_mechanical_min,0.02,This aggregation is less clinically informative than mean/max for capturing persistent ventilatory dependence; keep low to reduce collinearity.
25_36h_r_oxygen_device_mechanical_min,0.03,"Minimum is a weaker representation than mean/max of ongoing ventilation; persistent dependence is better captured by mean/max, so this is kept low for collinearity control."
0_12h_r_oxygen_device_mechanical_measured,0.02,Measurement frequency of mechanical ventilation is mainly a care-intensity proxy rather than a direct AKI mechanism. Early (0–12h) ventilation is common post-cardiac surgery and weakly discriminative for later creatinine rise.
13_24h_r_oxygen_device_mechanical_measured,0.03,"More frequent documentation/orders around mechanical ventilation may reflect ongoing instability and higher illness severity, indirectly increasing AKI risk. Still a behavioral proxy and kept <0.05."
25_36h_r_oxygen_device_mechanical_measured,0.04,"Persistent attention to mechanical ventilation late (25–36h) can indicate prolonged respiratory failure/shock physiology associated with renal hypoperfusion. Remains an indirect proxy, so capped below 0.05."
0_12h_r_oxygen_device_none_mean,0.01,Being on no oxygen immediately post-op is uncommon and largely reflects routine extubation timing rather than renal physiology. Mean over 0–12h is also less informative than an extreme state.
13_24h_r_oxygen_device_none_mean,0.02,"Average time on no oxygen in 13–24h may reflect recovery trajectory and lower overall severity, indirectly linked to lower AKI risk. As a mean aggregation, it is less specific and kept low."
25_36h_r_oxygen_device_none_mean,0.03,"Sustained no-oxygen requirement by 25–36h suggests clinical stability and less multi-organ dysfunction, indirectly associated with lower AKI risk. Mean aggregation is still nonspecific, so modest weight."
0_12h_r_oxygen_device_none_max,0.02,"Any period of no oxygen in the immediate 0–12h window may indicate early extubation and stability, indirectly lowering AKI risk. Early post-op variability is high, so conservative scoring."
13_24h_r_oxygen_device_none_max,0.04,"Achieving no oxygen at any point in 13–24h reflects improving cardiopulmonary status and less shock burden, indirectly protective for kidneys. Max captures the clinically meaningful milestone better than mean."
25_36h_r_oxygen_device_none_max,0.05,"Reaching no oxygen in 25–36h is a strong marker of recovery and lower ongoing critical illness, indirectly associated with less AKI. Capped at 0.05 to avoid redundancy with related oxygen-device summaries."
0_12h_r_oxygen_device_none_min,0.01,The minimum of a binary 'none' indicator is typically 0 for most patients and provides little discrimination. It does not capture a renal insult mechanism and is likely redundant.
13_24h_r_oxygen_device_none_min,0.01,Minimum of the 'none' indicator remains uninformative (often 0) and does not represent a physiologic trigger for AKI. Kept at weak-evidence level.
25_36h_r_oxygen_device_none_min,0.01,Minimum of a binary 'none' oxygen device variable is generally non-discriminative and not mechanistically linked to AKI. Retained at minimal importance.
0_12h_r_oxygen_device_none_measured,0.01,Measurement frequency for 'no oxygen device' is documentation behavior and not a physiologic driver of AKI. In 0–12h it is especially routine and weakly informative.
13_24h_r_oxygen_device_none_measured,0.02,"More frequent recording of oxygen-device status may reflect closer monitoring in sicker patients, indirectly linked to AKI risk. Still a behavioral proxy and kept <0.05."
25_36h_r_oxygen_device_none_measured,0.02,"Late frequent documentation may indicate ongoing respiratory/ICU complexity, indirectly associated with AKI. As a measured feature, it remains low importance."
0_12h_r_oxygen_device_low_flow_mean,0.03,"Average low-flow oxygen use in 0–12h reflects early respiratory support needs and overall illness severity, indirectly related to AKI via hypoxia/hemodynamic stress. Mean aggregation and early epoch limit its specificity and score."
13_24h_r_oxygen_device_low_flow_mean,0.02,"Low-flow oxygen use is a nonspecific marker of postoperative respiratory support and overall illness severity, with only an indirect link to AKI risk. Mean use is also less informative than escalation to higher support."
25_36h_r_oxygen_device_low_flow_mean,0.03,"Persistent need for low-flow oxygen late (25–36h) may reflect ongoing cardiopulmonary dysfunction and higher acuity, indirectly increasing AKI risk via hypoperfusion/congestion. Still nonspecific and weaker than hemodynamic/renal markers."
0_12h_r_oxygen_device_low_flow_max,0.01,Early (0–12h) oxygen device status is heavily influenced by routine post-op extubation/weaning practices and is not a direct AKI driver. Max adds little mechanistic information for renal injury.
13_24h_r_oxygen_device_low_flow_max,0.02,"Max low-flow oxygen use in 13–24h is a weak proxy for respiratory compromise and overall severity, which can correlate with AKI. It remains nonspecific and less informative than high-flow/ventilation or hemodynamics."
25_36h_r_oxygen_device_low_flow_max,0.03,"Late (25–36h) maximal low-flow oxygen requirement may indicate persistent pulmonary edema/heart failure physiology, indirectly associated with renal congestion and AKI. However, it is still a coarse, non-renal marker."
0_12h_r_oxygen_device_low_flow_min,0.005,Minimum low-flow oxygen use early post-op largely reflects routine periods off oxygen or documentation patterns rather than renal-relevant physiology. No meaningful direct link to AKI.
13_24h_r_oxygen_device_low_flow_min,0.005,Minimum low-flow oxygen use is not a plausible causal factor for AKI and is dominated by care processes (brief room-air trials). Provides little prognostic value for creatinine rise.
25_36h_r_oxygen_device_low_flow_min,0.005,Minimum low-flow oxygen use late is primarily a marker of intermittent weaning rather than organ hypoperfusion or nephrotoxicity. Weak/no mechanistic connection to AKI.
0_12h_r_oxygen_device_low_flow_measured,0.01,Measurement frequency reflects documentation/monitoring intensity rather than physiology and is common immediately post-op. It is not a specific indicator of impending AKI.
13_24h_r_oxygen_device_low_flow_measured,0.02,"More frequent recording may weakly proxy higher acuity or respiratory instability, which can correlate with AKI risk. Still primarily a behavioral/documentation feature and nonspecific."
25_36h_r_oxygen_device_low_flow_measured,0.02,"Increased measurement frequency late may indicate ongoing instability and closer monitoring, indirectly associated with AKI. As a behavioral proxy, it should remain low-weight."
0_12h_r_oxygen_device_high_flow_mean,0.04,"High-flow oxygen early can indicate significant respiratory failure or pulmonary edema, indirectly linked to AKI via low cardiac output/hypoxemia. In 0–12h this is often transient and influenced by immediate post-op management, so kept conservative."
13_24h_r_oxygen_device_high_flow_mean,0.06,"Ongoing high-flow requirement in 13–24h suggests persistent cardiopulmonary dysfunction and higher severity, which is associated with AKI risk through hypoperfusion and venous congestion. Mean use is still less specific than hemodynamic/renal variables."
25_36h_r_oxygen_device_high_flow_mean,0.08,"Persistent high-flow oxygen at 25–36h is a stronger marker of unresolved pulmonary edema/heart failure physiology and overall critical illness, which increases AKI risk. Still indirect and not a renal biomarker."
0_12h_r_oxygen_device_high_flow_max,0.05,"Any escalation to high-flow in the immediate 0–12h window can reflect an acute respiratory insult and higher perioperative stress, indirectly increasing AKI risk. Capped due to early-window transience and non-specificity."
13_24h_r_oxygen_device_high_flow_max,0.08,"Max high-flow use in 13–24h captures episodes of respiratory decompensation, which can accompany low cardiac output or fluid overload states linked to AKI. As an extreme marker, it is more informative than the mean but remains indirect."
25_36h_r_oxygen_device_high_flow_max,0.03,"Need for high-flow oxygen late (25–36h) can proxy cardiopulmonary dysfunction and higher illness severity, which may correlate with renal hypoperfusion. It is indirect and nonspecific for AKI."
0_12h_r_oxygen_device_high_flow_min,0.01,"Early postoperative oxygen device status is heavily influenced by routine extubation/weaning practices and transient anesthesia effects. It has weak, nonspecific linkage to subsequent creatinine rise."
13_24h_r_oxygen_device_high_flow_min,0.02,Persistent need for high-flow oxygen in the trajectory phase may reflect ongoing cardiopulmonary compromise and systemic stress that can contribute to AKI risk. Still an indirect marker rather than a renal mechanism.
25_36h_r_oxygen_device_high_flow_min,0.03,"Ongoing requirement for high-flow oxygen close to the outcome window suggests unresolved respiratory/cardiac dysfunction and higher severity, which can be associated with AKI. Indirect and not kidney-specific."
0_12h_r_oxygen_device_high_flow_measured,0.01,Measurement frequency mainly reflects documentation/monitoring behavior in the immediate postoperative period rather than physiology. It is not a direct driver of renal injury.
13_24h_r_oxygen_device_high_flow_measured,0.02,"More frequent recording may indicate clinician concern or instability, but it remains a behavioral proxy with substantial practice-pattern noise. Weak indirect association with AKI at best."
25_36h_r_oxygen_device_high_flow_measured,0.03,"Increased monitoring late may reflect ongoing instability and higher acuity, which can correlate with AKI risk. Still a behavioral proxy and should remain low to avoid over-weighting documentation intensity."
0_12h_r_heart_block_type_degree_1_measured,0.01,First-degree AV block is usually benign and measurement frequency reflects ECG surveillance rather than renal physiology. Immediate postoperative conduction findings are often transient and weakly related to AKI.
13_24h_r_heart_block_type_degree_1_measured,0.01,Ongoing documentation of first-degree block is unlikely to meaningfully affect renal perfusion or AKI risk. This is primarily a monitoring artifact.
25_36h_r_heart_block_type_degree_1_measured,0.01,Late measurement of first-degree block remains clinically nonspecific and not a known AKI driver. Frequency of notation is more about monitoring than pathophysiology.
0_12h_r_heart_block_type_degree_23_measured,0.03,"Higher-grade AV block can indicate perioperative myocardial injury and potential low cardiac output, which can reduce renal perfusion, but early postoperative occurrences may be transient. As a measured (frequency) variable, it remains an indirect proxy."
13_24h_r_heart_block_type_degree_23_measured,0.04,"Persistent or recurrent high-grade block in the trajectory phase may signal hemodynamic compromise and need for pacing/pressors, increasing AKI risk. Still limited by being a measurement-frequency proxy rather than a direct hemodynamic value."
25_36h_r_heart_block_type_degree_23_measured,0.05,High-grade block close to hour 60 can be a meaningful marker of ongoing cardiac dysfunction and renal hypoperfusion risk. Kept at the plausible/indirect cap because it is a 'measured' feature and not a direct biomarker.
0_12h_r_heart_block_type_bundle_branch_block_measured,0.01,Bundle branch block often reflects baseline conduction disease or perioperative changes without direct renal implications. Measurement frequency is primarily surveillance-related and weakly tied to AKI.
13_24h_r_heart_block_type_bundle_branch_block_measured,0.01,Ongoing BBB documentation is not a direct determinant of renal perfusion and is largely a monitoring artifact. Any association with AKI would be indirect via overall cardiac disease severity.
25_36h_r_heart_block_type_bundle_branch_block_measured,0.02,"Late BBB measurement may weakly proxy cardiac pathology severity, which can correlate with AKI risk, but it is nonspecific. As a measured-frequency feature, it should remain low."
0_12h_ionized_calcium_mean,0.01,"Mean ionized calcium in the immediate post-op window is usually driven by transfusion/citrate and replacement protocols and is not a primary AKI driver. To reduce collinearity, extremes are more informative than the mean."
13_24h_ionized_calcium_mean,0.02,"Persistent calcium derangements may reflect ongoing critical illness, but the mean is a weak indirect marker for AKI risk. Extremes better capture clinically relevant hypocalcemia episodes."
25_36h_ionized_calcium_mean,0.03,"Later sustained abnormalities can correlate with severity of illness and transfusion burden, indirectly relating to AKI. Still not a direct renal perfusion marker, and mean is less informative than minima."
0_12h_ionized_calcium_max,0.01,"Transient hypercalcemia early after surgery is uncommon and typically iatrogenic, with little direct linkage to AKI. Early epoch also contains many reversible perturbations."
13_24h_ionized_calcium_max,0.01,Higher maxima generally reflect supplementation and are not established predictors of postoperative AKI. Provides limited incremental information beyond other severity markers.
25_36h_ionized_calcium_max,0.01,Late hypercalcemia is not a typical mechanistic driver of AKI in this setting and is often treatment-related. Low expected prognostic value for creatinine rise.
0_12h_ionized_calcium_min,0.05,"Hypocalcemia minima can reflect citrate load from transfusion/CPB and greater physiologic stress, which may track with AKI risk. Capped due to early epoch and indirect mechanism."
13_24h_ionized_calcium_min,0.06,"Ongoing low ionized calcium may indicate persistent critical illness, transfusion, or metabolic derangement associated with worse outcomes including AKI. Min is preferred over mean/max for pathology capture."
25_36h_ionized_calcium_min,0.08,"Late hypocalcemia minima may signal continued instability and higher illness severity, which correlates with subsequent creatinine rise. Still indirect, but most informative calcium aggregation in the closest window."
0_12h_ionized_calcium_measured,0.01,Measurement frequency mainly reflects monitoring intensity after surgery rather than renal pathophysiology. Early post-op labs are routine and weakly discriminatory.
13_24h_ionized_calcium_measured,0.02,"More frequent checks may indicate clinician concern or ongoing instability, indirectly associated with AKI risk. Still primarily a behavior/acuity proxy and kept <0.05."
25_36h_ionized_calcium_measured,0.03,"In the later window, repeated calcium testing can reflect persistent ICU acuity and ongoing transfusion/electrolyte management, which may co-occur with AKI. Remains a non-physiologic proxy so kept low."
0_12h_magnesium_mean,0.01,Mean magnesium early post-op is heavily influenced by routine replacement and CPB-related shifts and is not a direct AKI predictor. Extremes would be more relevant than the mean.
13_24h_magnesium_mean,0.02,"Sustained magnesium abnormalities can reflect severity of illness, but mean values are weak and nonspecific for AKI prediction. Prefer extremes to reduce redundancy."
25_36h_magnesium_mean,0.03,"Later mean magnesium may correlate with ongoing renal handling and critical illness, but it is still an indirect and nonspecific marker for creatinine rise. Kept low to maintain sparsity."
0_12h_magnesium_max,0.01,Early magnesium maxima are usually iatrogenic from supplementation and do not reliably indicate impending AKI. Immediate post-op period is noisy with transient electrolyte corrections.
13_24h_magnesium_max,0.02,"Hypermagnesemia can reflect reduced renal clearance or supplementation, but it is an indirect and nonspecific AKI signal. Max is less informative than low Mg for arrhythmia/instability and is often iatrogenic."
25_36h_magnesium_max,0.04,"Later hypermagnesemia may indicate impaired renal excretion closer to the outcome window, but remains nonspecific and confounded by replacement/infusions. Kept low to avoid over-weighting electrolyte management."
0_12h_magnesium_min,0.03,"Early hypomagnesemia is common post-CPB and may correlate with illness severity and arrhythmias, indirectly affecting renal perfusion. In the immediate 0–12h period it is often transient and treatment-driven."
13_24h_magnesium_min,0.04,"Persistent low magnesium can be a marker of ongoing diuresis, poor nutrition, or severity of illness, indirectly linked to AKI risk. Still not a direct renal biomarker and frequently corrected."
25_36h_magnesium_min,0.05,"Later hypomagnesemia may reflect ongoing losses/diuretic exposure and overall instability, which can accompany evolving AKI. Capped at 0.05 because magnesium is not a primary AKI driver and is collinear with other severity markers."
0_12h_magnesium_measured,0.01,Measurement frequency mainly reflects routine post-op electrolyte monitoring rather than renal pathophysiology. Early post-cardiac surgery labs are protocolized.
13_24h_magnesium_measured,0.02,"More frequent checks may indicate ongoing electrolyte replacement or higher acuity, but is a weak behavioral proxy. Not a direct predictor of creatinine rise."
25_36h_magnesium_measured,0.03,"Increased monitoring later may reflect clinician concern or instability, modestly associated with impending AKI. Still a nonspecific process measure, so kept <0.05."
0_12h_base_excess_mean,0.03,"Average base excess early is influenced by CPB, ventilation, and transfusion and is often transient. Mean smooths acute hypoperfusion episodes that are more relevant to AKI."
13_24h_base_excess_mean,0.05,"Sustained metabolic acidosis can reflect ongoing hypoperfusion/shock and is associated with AKI risk, but mean may dilute clinically important nadirs. Kept modest to reduce redundancy with min."
25_36h_base_excess_mean,0.08,"Persistently negative base excess closer to hour 60 suggests ongoing tissue hypoperfusion or renal acid retention, both linked to AKI. Mean can capture sustained derangement in this later window, but is still less specific than the minimum."
0_12h_base_excess_max,0.01,Alkalosis (high base excess) is not a typical trigger for AKI and often reflects ventilation/bicarbonate administration. Max is unlikely to capture renal-injury physiology.
13_24h_base_excess_max,0.01,Higher base excess generally reflects alkalemia or buffering rather than hypoperfusion-related AKI risk. Provides little incremental prognostic value.
25_36h_base_excess_max,0.01,Later alkalosis is usually iatrogenic or respiratory-related and is not a direct AKI mechanism. Max is not the relevant extreme for renal hypoperfusion.
0_12h_base_excess_min,0.08,"The most negative base excess captures acute metabolic acidosis from hypoperfusion/lactate burden, a plausible driver of renal ischemia. In 0–12h it is common post-CPB, so capped by epoch."
13_24h_base_excess_min,0.14,"A low (more negative) base excess in 13–24h suggests persistent metabolic acidosis and ongoing shock/low-flow states, which are strong AKI risk factors. Minimum best captures the injurious extreme compared with mean/max."
25_36h_base_excess_min,0.12,"More negative base excess (metabolic acidosis) in the 25–36h window can reflect ongoing hypoperfusion/shock or lactic acidosis, which is strongly associated with subsequent AKI after cardiac surgery. The minimum captures the worst insult better than mean/max."
0_12h_base_excess_measured,0.02,Measurement frequency mainly reflects clinician concern and routine post-op ABG monitoring rather than a direct physiologic driver of AKI. Early (0–12h) testing is common after CPB and is weakly specific.
13_24h_base_excess_measured,0.03,"More frequent base excess checks may indicate instability or concern for shock/acidosis, indirectly linked to AKI risk. Still largely a behavior/acuity proxy and capped <0.05."
25_36h_base_excess_measured,0.04,"Increased ABG/base excess monitoring late (25–36h) can signal persistent hemodynamic/metabolic derangements that precede AKI. Nonetheless it is not a physiologic biomarker itself, so kept <0.05."
0_12h_direct_bilirubin_measured,0.01,Direct bilirubin measurement frequency is mostly routine or reflects hepatic evaluation and is not a direct AKI mechanism. In the immediate post-op window it is particularly nonspecific.
13_24h_direct_bilirubin_measured,0.01,"Ordering frequency for direct bilirubin is a weak proxy for illness severity (e.g., cholestasis/hemolysis workup) and has limited specificity for AKI. Kept very low to maintain sparsity."
25_36h_direct_bilirubin_measured,0.02,"Late increased bilirubin testing may reflect evolving multiorgan dysfunction, which can co-occur with AKI, but remains an indirect behavioral marker. Therefore capped well below 0.05."
0_12h_wbc_mean,0.02,Average WBC early after surgery is heavily influenced by surgical stress and steroids and is poorly specific for infection-related AKI. Mean is also less informative than extremes for acute inflammatory insults.
13_24h_wbc_mean,0.03,"Persistently elevated mean WBC may suggest ongoing inflammation/infection that can contribute to AKI risk, but is indirect and nonspecific. Mean aggregation is de-emphasized versus max/min."
25_36h_wbc_mean,0.04,"Sustained leukocytosis by 25–36h can indicate infection/SIRS and higher illness severity, which are associated with AKI. Still indirect and less informative than extremes, so kept <0.05."
0_12h_wbc_max,0.03,"Peak WBC in the first 12h may reflect acute stress response and is not strongly predictive of AKI in isolation. Extreme is preferred over mean, but early timing limits specificity (cap conservative)."
13_24h_wbc_max,0.05,"A higher WBC maximum in 13–24h may better capture emerging infection/SIRS than the mean and can precede AKI via sepsis-associated mechanisms. Still an indirect predictor, so capped at 0.05."
25_36h_wbc_max,0.07,A high WBC maximum close to the outcome window can indicate evolving infection/SIRS and greater risk of sepsis-associated AKI or multiorgan dysfunction. Max captures acute inflammatory spikes better than mean/min.
0_12h_wbc_min,0.01,Low WBC early post-op is uncommon and often reflects dilutional effects or baseline hematologic issues rather than a direct AKI pathway. Early timing further reduces interpretability.
13_24h_wbc_min,0.02,"Leukopenia can be a marker of severe infection or bone marrow suppression, indirectly associated with worse outcomes including AKI, but is rare and nonspecific. Kept low for sparsity."
25_36h_wbc_min,0.03,"Late leukopenia may signal severe sepsis or critical illness, which can be associated with AKI, but remains an indirect and low-prevalence marker. Therefore assigned a small inclusion probability."
0_12h_wbc_measured,0.01,"Measurement frequency mainly reflects clinician concern and routine post-op monitoring rather than a direct AKI mechanism, especially in the immediate post-CPB period."
13_24h_wbc_measured,0.015,"More frequent WBC checks may proxy evolving infection/SIRS severity, which can contribute to AKI, but remains an indirect behavioral marker."
25_36h_wbc_measured,0.02,"Increased WBC monitoring closer to hour 60 can indicate suspected sepsis/inflammation that raises AKI risk, but it is still not a physiologic biomarker."
0_12h_prothrombin_time_mean,0.02,Average PT early after surgery is often transiently abnormal from CPB/hemodilution and is only indirectly related to renal hypoperfusion or bleeding risk.
25_36h_prothrombin_time_mean,0.04,"Persistently prolonged PT later may reflect hepatic dysfunction, ongoing critical illness, or bleeding/transfusion burden that can worsen renal perfusion, but mean is less informative than extremes."
0_12h_prothrombin_time_max,0.05,Marked PT prolongation can signal coagulopathy/bleeding risk and severe systemic illness that may contribute to AKI; capped to limit redundancy and because early abnormalities are common post-op.
25_36h_prothrombin_time_max,0.08,"A high PT maximum in the 25–36h window suggests significant coagulopathy/organ dysfunction or ongoing bleeding/transfusion needs, which are established correlates of subsequent AKI."
0_12h_prothrombin_time_min,0.01,Low/normal PT is not a plausible driver of AKI and provides little prognostic information in the immediate post-op period.
25_36h_prothrombin_time_min,0.01,The minimum PT value is generally non-informative for AKI risk compared with prolonged PT extremes.
0_12h_prothrombin_time_measured,0.01,PT measurement frequency reflects routine post-cardiac surgery practice and clinician behavior rather than a direct renal injury pathway.
13_24h_prothrombin_time_measured,0.015,"More frequent PT checks may indicate concern for bleeding/coagulopathy and higher acuity, but remains an indirect proxy and should be kept low for sparsity."
25_36h_prothrombin_time_measured,0.02,"Increased PT monitoring closer to the outcome may reflect ongoing instability/bleeding risk associated with AKI, but it is not a physiologic marker."
0_12h_nucleated_red_blood_cells_mean,0.02,"NRBCs can reflect hypoxemia, inflammation, or severe physiologic stress, which may relate to AKI, but early post-op values are often nonspecific and mean dilutes extremes."
13_24h_nucleated_red_blood_cells_mean,0.04,"Sustained NRBC presence suggests ongoing critical illness/hypoxia that can impair renal perfusion, but mean remains an indirect severity marker."
25_36h_nucleated_red_blood_cells_mean,0.05,Persistent NRBCs in the 25–36h window indicate ongoing systemic stress/hypoxemia associated with higher AKI risk; capped because extremes would be more pathologic if available.
0_12h_nucleated_red_blood_cells_max,0.05,"A high NRBC maximum can indicate acute severe hypoxia/stress, which can contribute to renal ischemia, but early post-op derangements are common so kept conservative."
13_24h_nucleated_red_blood_cells_max,0.03,"Elevated NRBCs can reflect systemic stress/hypoxemia/inflammation after surgery, which may correlate with multiorgan dysfunction including AKI, but it is indirect and nonspecific."
25_36h_nucleated_red_blood_cells_max,0.04,"Persistently high NRBCs closer to the outcome may indicate ongoing hypoperfusion or severe illness, indirectly increasing AKI risk, but it is not a renal-specific marker."
0_12h_nucleated_red_blood_cells_min,0.005,A low/normal NRBC minimum in the immediate post-op period is not mechanistically linked to AKI and is largely uninformative.
13_24h_nucleated_red_blood_cells_min,0.005,"NRBC minimum does not capture the pathologic signal (which would be elevation), so it has little relevance for AKI prediction."
25_36h_nucleated_red_blood_cells_min,0.005,Minimum NRBC values are not indicative of physiologic insult and add little beyond other severity markers.
0_12h_nucleated_red_blood_cells_measured,0.01,Measurement frequency mainly reflects ordering behavior/acuity rather than renal physiology; early post-op labs are often routine.
13_24h_nucleated_red_blood_cells_measured,0.02,"More frequent checks may reflect clinician concern for deterioration, which can correlate with AKI risk, but remains an indirect behavioral proxy."
25_36h_nucleated_red_blood_cells_measured,0.03,"Increased measurement frequency in the 25–36h window may signal escalating concern for hypoxemia/hemolysis/severity, indirectly associated with AKI, but still non-specific."
0_12h_glucose_mean,0.02,"Stress hyperglycemia is associated with worse outcomes and may correlate with AKI risk, but early post-op glucose is heavily influenced by surgery/insulin protocols; mean is less informative than extremes."
13_24h_glucose_mean,0.03,"Sustained dysglycemia during the trajectory phase may reflect ongoing stress/inflammation and is modestly associated with AKI, but remains indirect."
25_36h_glucose_mean,0.04,"Persistently elevated average glucose closer to hour 60 can indicate ongoing critical illness and is modestly linked to AKI risk, though not a direct renal biomarker."
0_12h_glucose_max,0.05,"Acute hyperglycemic spikes can reflect severe stress response and are more informative than mean in this window; however, immediate post-op derangements are common, so importance is capped."
13_24h_glucose_max,0.06,Higher glucose peaks in 13–24h may indicate persistent stress/catecholamine exposure and correlate with AKI risk; max captures the insult better than mean.
25_36h_glucose_max,0.08,Late hyperglycemic extremes may reflect ongoing shock/infection/high-dose vasopressors or steroids and are more predictive of subsequent AKI than averages.
0_12h_glucose_min,0.02,"Hypoglycemia can occur with insulin therapy and is a marker of instability, but it is not a primary driver of AKI and is often iatrogenic early post-op."
13_24h_glucose_min,0.03,"Lower glucose minima may indicate overtreatment or reduced reserve and correlate with severity, but the link to AKI is indirect and modest."
25_36h_glucose_min,0.03,"Hypoglycemia can reflect critical illness severity and is associated with worse outcomes, but it is not a direct driver/biomarker of AKI. Minimum values capture acute insult better than mean/max for this purpose."
0_12h_glucose_measured,0.01,Measurement frequency mainly reflects monitoring intensity/acuity rather than renal physiology. Early (0–12h) post-op testing is routine after cardiac surgery and weakly specific for impending AKI.
13_24h_glucose_measured,0.02,"More frequent glucose checks may indicate instability (vasopressors/insulin infusions), but remains a behavioral proxy and not a renal mechanism. Kept low to avoid over-weighting care-pattern signals."
25_36h_glucose_measured,0.03,"Increased late glucose monitoring can signal ongoing critical illness and treatment intensity closer to the AKI outcome window, but it is still indirect. Capped <0.05 per measurement-frequency rule."
0_12h_platelets_mean,0.02,Thrombocytopenia after CPB is common and often transient; mean values in the immediate window are less informative than extremes. Platelet trends can correlate with inflammation/bleeding but are indirect for AKI.
13_24h_platelets_mean,0.03,"Persistently lower platelets may reflect ongoing inflammation, sepsis, or bleeding/transfusion burden that can contribute to AKI risk, but mean is still a smoothed measure. Kept low due to collinearity with min."
25_36h_platelets_mean,0.04,"Sustained thrombocytopenia closer to hour 60 can mark ongoing systemic illness associated with AKI, but platelet count is not a direct renal biomarker. Mean is capped to reduce redundancy versus platelet_min."
0_12h_platelets_max,0.01,High platelet values are not a typical trigger for AKI and are often clinically uninformative post-op. Max adds redundancy without capturing a known AKI mechanism.
13_24h_platelets_max,0.01,Platelet maxima do not reflect a recognized pathophysiologic pathway to AKI in this setting. Retained at minimal importance to avoid collinearity with other platelet summaries.
25_36h_platelets_max,0.01,Elevated platelet peaks are not a meaningful predictor of renal injury compared with thrombocytopenia or hemodynamic variables. Max aggregation is unlikely to capture AKI-relevant pathology.
0_12h_platelets_min,0.06,"Early platelet nadir can reflect CPB-related consumption/bleeding and systemic inflammatory response, which correlate with postoperative organ dysfunction including AKI. Conservative scoring due to the 0–12h epoch cap and transient post-op effects."
13_24h_platelets_min,0.08,"A low platelet nadir in the trajectory phase suggests persistent consumption/inflammation or evolving sepsis/bleeding, which increases AKI risk via hypoperfusion and inflammatory injury. Min is preferred over mean/max to capture the relevant insult."
25_36h_platelets_min,0.12,"Late thrombocytopenia (nadir) is a stronger marker of ongoing critical illness (e.g., sepsis, DIC, bleeding/transfusion) that is associated with subsequent AKI. This extreme value is more informative than mean/max and is closest to the hour-60 creatinine outcome."
0_12h_platelets_measured,0.01,Platelet measurement frequency is largely protocol-driven early after cardiac surgery and reflects monitoring rather than renal pathophysiology. Weak specificity for AKI risk.
13_24h_platelets_measured,0.02,"More frequent platelet checks may indicate concern for bleeding or coagulopathy, indirectly linked to AKI through shock/transfusion, but remains a care-pattern proxy. Kept <0.05 per rule."
25_36h_platelets_measured,0.03,"Late frequent platelet monitoring can signal ongoing bleeding/coagulopathy or sepsis workup, which are associated with AKI, but it is still indirect and behavior-driven. Capped below 0.05 to maintain sparsity."
0_12h_mean_corpuscular_hemoglobin_mean,0.01,Mean corpuscular hemoglobin (MCH) is not mechanistically linked to renal perfusion or tubular injury; perioperative shifts are usually dilutional/hematologic. Early (0–12h) values are especially nonspecific for later AKI.
13_24h_mean_corpuscular_hemoglobin_mean,0.01,MCH mean is not an established predictor of postoperative AKI and mainly reflects RBC indices rather than kidney injury. Any association would be indirect (anemia/bleeding) and better captured by hemoglobin/hematocrit.
25_36h_mean_corpuscular_hemoglobin_mean,0.01,"Even close to the outcome window, MCH mean remains a weak, indirect marker with minimal physiologic linkage to creatinine rise. Prefer more direct hemodynamic, urine output, or renal labs for AKI prediction."
0_12h_mean_corpuscular_hemoglobin_max,0.01,An extreme high MCH is rarely clinically meaningful in the acute postoperative ICU setting and does not indicate renal hypoperfusion or nephrotoxicity. In the immediate post-op period it is likely noise or lab variability.
13_24h_mean_corpuscular_hemoglobin_max,0.01,MCH max has no strong pathophysiologic connection to AKI; extremes are not known triggers of renal injury. Any signal would be confounded by transfusion/hemoconcentration rather than kidney function.
25_36h_mean_corpuscular_hemoglobin_max,0.01,"Late-window MCH max remains a weak, non-specific hematologic index and is not a direct biomarker of AKI. Collinearity with other RBC indices further limits value."
0_12h_mean_corpuscular_hemoglobin_min,0.01,"Low MCH reflects chronic microcytosis/iron deficiency more than acute renal risk, and is not a recognized driver of postoperative AKI. Immediate post-op changes are typically dilutional and nonspecific."
13_24h_mean_corpuscular_hemoglobin_min,0.01,MCH min is not an established AKI predictor; anemia-related risk is better represented by hemoglobin/hematocrit and bleeding/transfusion variables. Thus it provides little incremental information.
25_36h_mean_corpuscular_hemoglobin_min,0.01,"Low MCH near 36h is still an indirect, chronic hematologic marker with minimal causal linkage to creatinine rise. It is unlikely to add predictive value beyond more direct physiologic features."
0_12h_mean_corpuscular_hemoglobin_measured,0.01,"Measurement frequency mainly reflects ordering patterns (CBC frequency) and routine post-cardiac surgery monitoring rather than specific AKI concern. Per rules, behavioral proxies are kept very low."
13_24h_mean_corpuscular_hemoglobin_measured,0.01,CBC/MCH measurement count is largely standard ICU practice and not specific to impending AKI. It is a weak acuity proxy and should be minimized to avoid spurious associations.
25_36h_mean_corpuscular_hemoglobin_measured,0.02,"More frequent CBCs late may reflect ongoing instability/bleeding or clinician concern, which can correlate with AKI risk indirectly. Still, it is a behavioral proxy and should remain <0.05."
0_12h_sodium_mean,0.03,"Early postoperative sodium mean can reflect fluid balance, hemodilution, and neurohormonal stress, which are indirectly related to AKI risk. However, 0–12h derangements are often transient, so importance is conservative."
13_24h_sodium_mean,0.04,"Sustained dysnatremia in the trajectory phase may indicate ongoing fluid/renal handling issues and severity of illness, indirectly increasing AKI risk. Mean is less informative than extremes but may capture persistent imbalance."
25_36h_sodium_mean,0.05,"Closer to hour 60, sodium mean may reflect evolving renal concentrating defects and fluid management challenges associated with AKI risk. Still an indirect marker, so capped at the plausible-link range."
0_12h_sodium_max,0.05,"Hypernatremia extremes can indicate free-water deficit, aggressive diuresis, or high sodium load, which may accompany hypoperfusion and AKI risk. In the immediate 0–12h window it is often iatrogenic/transient, so kept modest and within the 0.10 cap."
13_24h_sodium_max,0.03,"Hypernatremia can reflect dehydration/free-water deficit or high osmotic load, which may worsen renal perfusion, but it is an indirect and nonspecific AKI signal. Capped to limit redundancy with other sodium summaries."
25_36h_sodium_max,0.05,"Later hypernatremia may indicate ongoing volume/free-water imbalance or aggressive diuresis, plausibly associated with AKI risk. Still indirect and nonspecific, so kept low."
0_12h_sodium_min,0.02,"Early postoperative hyponatremia is common from hemodilution/fluids and is usually transient, with weak direct linkage to AKI. Conservative scoring due to the 0–12h epoch."
13_24h_sodium_min,0.03,"Hyponatremia in the trajectory phase may reflect persistent fluid overload or neurohormonal stress, indirectly associated with worse outcomes including AKI. Not a direct renal biomarker."
25_36h_sodium_min,0.05,"Persistent or worsening hyponatremia closer to outcome can mark ongoing fluid overload/low effective arterial volume, which can contribute to renal hypoperfusion. Still indirect, so capped at plausible-link range."
0_12h_sodium_measured,0.01,Measurement frequency mainly reflects routine ICU lab cadence and clinician behavior rather than renal physiology. Early period labs are commonly frequent post-cardiac surgery.
13_24h_sodium_measured,0.02,"More frequent sodium checks may indicate concern for dysnatremia/volume status, but it is a weak behavioral proxy for acuity rather than a mechanism for AKI. Kept <0.05 per rule."
25_36h_sodium_measured,0.03,"Increased sodium monitoring late may reflect ongoing instability (diuresis, hypertonic therapy, free-water management) that can co-occur with AKI risk. Still a behavioral proxy, so kept low."
0_12h_teg_platelet_aggregation_measured,0.01,"Ordering TEG platelet aggregation primarily reflects bleeding/coagulopathy evaluation and transfusion planning, not kidney injury mechanisms. Early postoperative testing is common and nonspecific for AKI."
13_24h_teg_platelet_aggregation_measured,0.02,"Continued TEG platelet aggregation testing suggests ongoing bleeding/coagulopathy management, which may correlate with severity of illness but is not a direct AKI predictor. Kept low as a behavioral proxy."
25_36h_teg_platelet_aggregation_measured,0.03,"Late TEG platelet aggregation measurement may indicate persistent bleeding/transfusion needs that can contribute to hemodynamic stress and AKI risk, but remains indirect. Scored low to maintain sparsity."
0_12h_mean_corpuscular_hemoglobin_concentration_mean,0.01,MCHC is not a recognized driver or early marker of postoperative AKI and is largely unrelated to renal perfusion. Early postoperative shifts are typically dilutional and nonspecific.
13_24h_mean_corpuscular_hemoglobin_concentration_mean,0.01,"Average MCHC in this window has minimal physiologic connection to AKI compared with hemodynamics, creatinine, or urine output. Likely reflects anemia/dilution rather than renal injury."
25_36h_mean_corpuscular_hemoglobin_concentration_mean,0.01,"Even close to outcome, MCHC is not a clinically meaningful predictor of AKI in cardiac surgery patients. Any association would be incidental or confounded."
0_12h_mean_corpuscular_hemoglobin_concentration_max,0.01,"Extreme MCHC values are more suggestive of lab artifact or red cell morphology issues than renal injury, and do not capture a known AKI pathway. Conservative scoring in the immediate postoperative epoch."
13_24h_mean_corpuscular_hemoglobin_concentration_max,0.01,"Maximum MCHC remains a weak, nonspecific hematology metric without established linkage to postoperative AKI. Capped low to avoid adding noise/collinearity with MCHC mean."
25_36h_mean_corpuscular_hemoglobin_concentration_max,0.01,"MCHC extremes are not a direct driver of renal perfusion or tubular injury; changes usually reflect RBC indices/hemoconcentration artifacts. Prefer hematocrit/hemoglobin measures for oxygen delivery and dilutional effects, so keep very low to avoid redundancy."
0_12h_mean_corpuscular_hemoglobin_concentration_min,0.01,Early postoperative MCHC minima are unlikely to causally relate to AKI and are often transient/lab-variation in the immediate post-CPB period. Not a recognized AKI predictor.
13_24h_mean_corpuscular_hemoglobin_concentration_min,0.01,"MCHC is an indirect RBC index with weak mechanistic linkage to AKI compared with hemodynamics, urine output, or creatinine/BUN. Keep minimal to maintain sparsity."
25_36h_mean_corpuscular_hemoglobin_concentration_min,0.01,"Even close to the outcome window, MCHC minima are not an established marker of renal hypoperfusion or nephrotoxic exposure. Any signal is likely collinear with hematocrit/volume status."
0_12h_mean_corpuscular_hemoglobin_concentration_measured,0.01,Measurement frequency mainly reflects ordering behavior and routine CBC monitoring after surgery rather than impending AKI. Cap low per the _measured rule.
13_24h_mean_corpuscular_hemoglobin_concentration_measured,0.01,CBC ordering frequency in this phase is a weak proxy for acuity and not specific to renal injury. Unlikely to add independent predictive value.
25_36h_mean_corpuscular_hemoglobin_concentration_measured,0.02,"More frequent CBCs late may reflect bleeding/instability, which can secondarily affect renal perfusion, but it remains nonspecific and behavior-driven. Keep below 0.05."
0_12h_hematocrit_mean,0.03,"Average hematocrit early post-CPB reflects hemodilution/transfusion and oxygen-carrying capacity, which can influence renal oxygen delivery. However, early values are often transient, so conservative scoring."
13_24h_hematocrit_mean,0.04,Sustained anemia/hemodilution during the trajectory phase can contribute to renal hypoxia and correlate with bleeding/transfusion burden. Still indirect compared with hemodynamic extremes.
25_36h_hematocrit_mean,0.05,"Persistently low or high hematocrit near 36h may reflect ongoing anemia or hemoconcentration/volume depletion, both relevant to renal perfusion. Mean is less informative than extremes, so capped at 0.05 for collinearity control."
0_12h_hematocrit_max,0.02,"Early hematocrit maxima may reflect hemoconcentration but are commonly influenced by perioperative fluid shifts and transfusion. Extremes here are less reliable for AKI prediction, so keep low."
13_24h_hematocrit_max,0.03,"Higher hematocrit can indicate hemoconcentration from diuresis/third spacing and relative hypovolemia, potentially reducing renal perfusion. Still an indirect marker and less important than minima."
25_36h_hematocrit_max,0.06,"Late hemoconcentration can signal volume depletion or aggressive diuresis, both associated with prerenal azotemia and AKI risk in older post-cardiac surgery patients. As an extreme closer to outcome, it can carry modest predictive value."
0_12h_hematocrit_min,0.06,"Marked early anemia/hemodilution can reduce renal oxygen delivery and may reflect bleeding/CPB-related hemodilution. Despite early-window conservatism, the minimum captures the insult better than the mean/max."
13_24h_hematocrit_min,0.1,"Low hematocrit in the trajectory phase suggests persistent anemia/ongoing bleeding or dilution, which is associated with renal hypoxia and higher AKI risk. The minimum is the most pathophysiologically relevant aggregation among hematocrit summaries."
25_36h_hematocrit_min,0.14,"Late low hematocrit indicates ongoing anemia/bleeding or hemodilution near the outcome window, plausibly worsening renal oxygen delivery and correlating with severity of illness. As the most relevant extreme closest to Hour 60, it merits the highest hematocrit-related inclusion probability."
0_12h_hematocrit_measured,0.02,Measurement frequency mainly reflects postoperative monitoring/transfusion evaluation rather than renal physiology. Early (0–12h) ordering is routine after cardiac surgery and weakly specific for AKI risk.
13_24h_hematocrit_measured,0.02,"Ordering frequency may reflect ongoing bleeding/anemia management and overall acuity, but is not a direct AKI mechanism. Keep low to avoid over-weighting practice-pattern effects."
25_36h_hematocrit_measured,0.03,"More frequent hematocrit checks later may indicate persistent instability/bleeding or transfusion needs that can contribute to renal hypoperfusion, but remains an indirect proxy. Still capped <0.05 as a behavioral feature."
0_12h_absolute_basophil_count_mean,0.005,Basophil counts have no established relationship to postoperative AKI and are largely irrelevant to renal perfusion or nephrotoxicity. Mean values in the immediate postoperative window are especially nonspecific.
13_24h_absolute_basophil_count_mean,0.005,No meaningful physiologic link between basophil count and AKI risk in this context. Mean aggregation adds redundancy without capturing a known insult.
0_12h_absolute_basophil_count_max,0.005,Transient leukocyte differential fluctuations after surgery are common and basophil maxima are not a recognized AKI trigger or biomarker. Extreme value does not add clinically relevant signal here.
13_24h_absolute_basophil_count_max,0.005,Basophil maxima are not an established predictor of renal injury; any association would be incidental. Keep very low to maintain sparsity.
0_12h_absolute_basophil_count_min,0.005,"Basophil minima are not mechanistically tied to renal hypoperfusion, tubular injury, or nephrotoxin exposure. Early postoperative changes are nonspecific."
13_24h_absolute_basophil_count_min,0.005,No established AKI relevance for basophil minima; likely noise/collinearity with other CBC components. Maintain minimal inclusion probability.
0_12h_absolute_basophil_count_measured,0.01,"CBC differentials are typically bundled and measured routinely post-op, so frequency is not a strong marker of AKI concern. Behavioral proxy only, capped very low."
13_24h_absolute_basophil_count_measured,0.01,Repeat CBC ordering may reflect general acuity but is not specific to impending AKI. Keep low as a measurement-frequency feature.
25_36h_absolute_basophil_count_measured,0.015,"Later repeated CBCs may indicate ongoing complications (infection/bleeding) that can secondarily increase AKI risk, but this remains indirect. Still kept <0.05 per measurement-frequency rule."
0_12h_percent_lymphocytes_mean,0.02,"Lymphopenia can reflect surgical stress/inflammation and overall severity, which may correlate with AKI risk indirectly. Mean in 0–12h is nonspecific and capped conservatively."
13_24h_percent_lymphocytes_mean,0.03,"Persistent lymphopenia in the trajectory phase may better reflect ongoing systemic inflammation or infection risk, indirectly associated with AKI. Mean aggregation remains indirect and modest."
0_12h_percent_lymphocytes_max,0.01,A high lymphocyte percentage early is not a known AKI trigger and is often driven by relative neutrophil shifts. Extreme (max) here is unlikely to capture relevant renal pathology.
13_24h_percent_lymphocytes_max,0.015,Max lymphocyte percentage is not an established AKI predictor; any signal would be indirect via illness phenotype. Kept low to avoid redundancy with mean and other inflammatory markers.
0_12h_percent_lymphocytes_min,0.01,Lymphocyte percentage is a nonspecific inflammatory/stress marker and not a direct driver of postoperative AKI. Early post-op values are often transient and weakly informative for creatinine rise.
13_24h_percent_lymphocytes_min,0.02,"Persistent lymphopenia may reflect ongoing stress/inflammation or infection risk, which can indirectly relate to AKI. Still nonspecific and not a primary renal perfusion marker."
0_12h_percent_lymphocytes_measured,0.01,Measurement frequency mainly reflects ordering behavior and routine CBC monitoring after surgery rather than renal pathophysiology. Weak proxy for acuity in this immediate post-op window.
13_24h_percent_lymphocytes_measured,0.02,"More frequent CBCs can indicate clinician concern for complications (bleeding/infection) that may co-occur with AKI, but it remains an indirect behavioral signal. Kept low to avoid over-weighting practice patterns."
25_36h_percent_lymphocytes_measured,0.03,"In the later window, increased lab monitoring may reflect evolving instability or suspected infection/sepsis, which can precede AKI. Still a nonspecific behavioral proxy and should remain low."
0_12h_random_vancomycin_level_measured,0.02,"Ordering a vancomycin level suggests exposure to a potentially nephrotoxic drug, but this is an indirect proxy (not dose or level). In the immediate post-op period it is often protocol-driven."
13_24h_random_vancomycin_level_measured,0.03,"Vancomycin monitoring may indicate ongoing therapy and concern for toxicity, which can contribute to AKI risk. Still a measurement/behavior feature rather than a direct biomarker."
25_36h_random_vancomycin_level_measured,0.04,"Later vancomycin level checks may reflect continued exposure and tighter monitoring due to renal function concerns, making it a slightly stronger AKI risk proxy. Remains capped as an indirect indicator."
0_12h_vancomycin_trough_measured,0.02,"Trough monitoring implies vancomycin use and potential nephrotoxicity, but the act of measuring is not itself causal. Early post-op troughs are frequently routine and weakly predictive."
13_24h_vancomycin_trough_measured,0.03,Continued trough monitoring suggests ongoing vancomycin exposure where nephrotoxicity becomes more plausible. Still an indirect proxy and should remain low for sparsity.
25_36h_vancomycin_trough_measured,0.04,"In the closest window to outcome, trough monitoring may reflect concern for accumulating drug in the setting of declining renal clearance. Nonetheless it is a behavioral marker and not the trough value itself."
0_12h_o2_saturation_mean,0.03,"Sustained hypoxemia can worsen renal medullary oxygenation and contribute to AKI, but early post-op oxygenation is often transiently affected by anesthesia/ventilation. Mean is less sensitive than extremes for acute insults."
13_24h_o2_saturation_mean,0.05,Ongoing lower oxygen saturation in the trajectory phase may indicate pulmonary dysfunction and systemic hypoxia that can contribute to renal injury. Mean captures sustained exposure but remains an indirect AKI driver.
25_36h_o2_saturation_mean,0.08,"Persistently reduced oxygenation closer to hour 60 can reflect ongoing cardiopulmonary failure and impaired oxygen delivery, increasing AKI risk. Mean saturation here can represent sustained hypoxic burden relevant to renal perfusion."
0_12h_o2_saturation_max,0.01,Maximum oxygen saturation largely reflects supplemental oxygen/ventilator settings and is rarely pathologic. It provides little information about hypoxic insult relevant to AKI and is collinear with mean.
13_24h_o2_saturation_max,0.01,High maximum saturation is not a trigger for AKI and mainly reflects oxygen therapy rather than physiology. Kept minimal to avoid redundancy with mean saturation measures.
25_36h_o2_saturation_max,0.005,"Maximum SpO2 is usually near-normal with supplemental oxygen and is not a specific driver of renal hypoperfusion. Minima better capture clinically relevant hypoxemic insults, so this is down-weighted for collinearity."
0_12h_o2_saturation_min,0.04,"Early postoperative hypoxemia can contribute to systemic stress and renal ischemia, but 0–12h abnormalities are often transient after CPB/anesthesia. Capped conservatively due to the early epoch."
13_24h_o2_saturation_min,0.06,"Persistent or recurrent hypoxemia in the trajectory phase may reflect pulmonary dysfunction and ongoing impaired oxygen delivery, which can worsen AKI risk. Still indirect compared with hemodynamics and renal labs."
25_36h_o2_saturation_min,0.08,"Later hypoxemia closer to the outcome window is a stronger leading indicator of inadequate oxygen delivery and critical illness severity, both associated with AKI. Min captures the acute insult better than mean/max."
0_12h_o2_saturation_measured,0.01,Measurement frequency mainly reflects monitoring intensity rather than a renal mechanism. In the immediate post-op period it is routine and weakly informative for AKI.
13_24h_o2_saturation_measured,0.015,"More frequent checks may indicate instability or clinician concern, but it remains a behavioral proxy and is nonspecific for AKI. Kept low to avoid over-weighting monitoring practices."
25_36h_o2_saturation_measured,0.02,"Increased monitoring late may signal deterioration, which correlates with AKI risk, but it is still indirect and practice-dependent. Scored below 0.05 per measurement-frequency rule."
0_12h_alanine_aminotransferase_mean,0.01,ALT reflects hepatic injury rather than renal function; early post-op averages are nonspecific and often influenced by transient perioperative factors. Mean is also less informative than extremes for acute ischemic injury.
0_12h_alanine_aminotransferase_max,0.03,"An early ALT spike can indicate hypoperfusion/ischemic hepatitis from low-flow states, which can co-occur with renal ischemia. However, in 0–12h it is often transient and indirect for AKI, so kept low."
0_12h_alanine_aminotransferase_min,0.005,ALT minima are not clinically meaningful for AKI risk and add collinearity without capturing pathology. Down-weighted in favor of max if ALT is used at all.
0_12h_alanine_aminotransferase_measured,0.01,Ordering frequency reflects clinician concern or routine post-op labs rather than a direct renal mechanism. Early after surgery it is commonly protocolized and weakly predictive.
13_24h_alanine_aminotransferase_measured,0.015,"More frequent ALT checks may indicate suspected shock liver or complications, indirectly associated with AKI risk. Still a behavioral proxy and nonspecific, so kept <0.05."
25_36h_alanine_aminotransferase_measured,0.02,"Late repeated ALT testing can signal ongoing hypoperfusion or multi-organ dysfunction, which correlates with AKI. Nonetheless it is practice-driven and indirect, so remains low."
0_12h_bun_mean,0.06,"BUN is a kidney-related marker influenced by perfusion, catabolism, and volume status; early elevations can suggest prerenal physiology. Capped by the 0–12h epoch limit and because it is less specific than creatinine/urine output."
13_24h_bun_mean,0.12,Sustained BUN elevation in the trajectory phase suggests ongoing prerenal azotemia or evolving renal dysfunction and is more informative than immediate post-op values. Mean is acceptable here as BUN changes are less spiky than hemodynamics.
25_36h_bun_mean,0.18,"BUN closer to hour 60 is a strong leading indicator of evolving renal dysfunction and correlates with subsequent creatinine rise. While not fully specific, it is a direct kidney-related biomarker in the most relevant window."
0_12h_bun_max,0.05,"Higher BUN can reflect early renal hypoperfusion/catabolism, but in the immediate post-CPB period it is often transient and confounded by hemodilution and protein load. Capped to limit redundancy with later epochs."
13_24h_bun_max,0.08,Persistently elevated BUN in the trajectory phase can indicate evolving renal dysfunction or ongoing hypoperfusion. Less direct than creatinine but provides supportive signal.
25_36h_bun_max,0.12,Late-window BUN elevation is closer to the hour-60 creatinine outcome and can reflect developing azotemia from AKI or sustained low renal perfusion. Max captures the worst insult better than mean/min.
0_12h_bun_min,0.01,Low BUN is not a typical driver or marker of AKI and is often influenced by hemodilution and fluid administration postoperatively. Minimal prognostic value for creatinine rise.
13_24h_bun_min,0.01,BUN minima are generally not informative for AKI risk compared with elevations. Likely reflects dilutional effects rather than renal injury.
25_36h_bun_min,0.01,Low BUN late is not a recognized predictor of AKI and is more consistent with dilution or low protein intake. Provides little incremental information beyond BUN max.
0_12h_bun_measured,0.02,Measurement frequency reflects clinician concern/acuity rather than physiology and is common post-cardiac surgery. Weak proxy for impending AKI in this early window.
13_24h_bun_measured,0.03,"More frequent BUN checks may indicate concern for renal dysfunction or instability, but remains a behavioral signal with substantial practice-pattern noise. Kept low for sparsity."
25_36h_bun_measured,0.04,Late increased monitoring can correlate with suspected AKI and may add small predictive value as a clinician-response marker. Still capped <0.05 as non-physiologic.
0_12h_amylase_measured,0.01,Amylase testing is not directly related to renal perfusion or AKI after cardiac surgery and usually reflects evaluation for pancreatitis/abdominal pathology. Behavioral signal with weak link to creatinine rise.
13_24h_amylase_measured,0.01,Ordering amylase is not a standard AKI marker and is unlikely to add specific prognostic information for creatinine_ratio. Kept at minimal importance.
25_36h_amylase_measured,0.01,Amylase measurement frequency/value is not a recognized predictor of postoperative AKI and is typically unrelated to renal injury mechanisms. Minimal expected contribution.
0_12h_blood_ph_mean,0.03,"Acidemia can accompany low cardiac output and poor perfusion, but early postoperative pH is heavily influenced by ventilation and CPB-related metabolic shifts. Mean smooths extremes, so kept low."
13_24h_blood_ph_mean,0.06,"Sustained acidemia during the trajectory phase can indicate ongoing hypoperfusion/shock, which increases AKI risk. Mean pH captures persistent derangement but is less specific than lactate/hemodynamics."
25_36h_blood_ph_mean,0.1,"Persistently low pH close to the outcome suggests ongoing systemic hypoperfusion or severe illness, both strongly associated with subsequent AKI. Mean is acceptable here as sustained acid-base disturbance is clinically meaningful."
0_12h_blood_ph_max,0.01,"Alkalemia (high pH) is not a typical trigger for AKI and often reflects ventilator management rather than renal pathology. Also redundant with pH mean, so minimized."
13_24h_blood_ph_max,0.02,Alkalemia is not a typical driver of AKI; pH extremes matter more on the acidemic side. Max pH is also less informative than pH minima for hypoperfusion/lactic acidosis.
25_36h_blood_ph_max,0.03,Late alkalemia may reflect ventilation/diuresis but is not a direct AKI mechanism. Kept low to avoid redundancy with more pathologic acidemia markers.
0_12h_blood_ph_min,0.08,"Early postoperative acidemia can reflect low cardiac output, hypoperfusion, and lactic acidosis, which increase AKI risk. Capped by the 0–12h epoch maximum and transient CPB-related derangements."
13_24h_blood_ph_min,0.12,"Persistent/worsening acidemia in the trajectory phase suggests ongoing shock or inadequate perfusion, a recognized contributor to AKI. More informative than mean/max pH for renal ischemic risk."
25_36h_blood_ph_min,0.18,Late acidemia close to the outcome window is a strong indicator of ongoing hypoperfusion/critical illness and correlates with subsequent creatinine rise. Min pH captures acute insults better than mean/max.
0_12h_blood_ph_measured,0.02,Measurement frequency mainly reflects clinician concern/acuity rather than physiology. Early frequent ABGs are common post-cardiac surgery and are not specific for impending AKI.
13_24h_blood_ph_measured,0.03,"More ABG checks may indicate instability (ventilation/hemodynamics), indirectly associated with AKI risk. Still a behavioral proxy, so kept <0.05."
25_36h_blood_ph_measured,0.04,"Late frequent ABGs can signal ongoing instability/shock, which is associated with AKI risk. Nonetheless it is a proxy for severity of illness, so capped below 0.05."
0_12h_cholesterol_measured,0.005,Cholesterol testing is not mechanistically linked to acute postoperative AKI and is rarely actionable in this window. Ordering is typically routine/non-ICU driven.
13_24h_cholesterol_measured,0.005,"Cholesterol measurement does not reflect renal perfusion, nephrotoxicity, or kidney injury in the ICU course. Likely unrelated to creatinine trajectory."
25_36h_cholesterol_measured,0.005,Late cholesterol testing remains non-specific and not a marker of AKI risk. Included at minimal probability for sparsity.
0_12h_absolute_lymphocyte_count_mean,0.02,Lymphopenia can reflect stress/inflammation but is not a direct AKI predictor compared with hemodynamics and renal labs. Mean value is also less informative than extremes for acute illness.
13_24h_absolute_lymphocyte_count_mean,0.03,"Sustained lymphopenia may correlate with severity of illness and systemic inflammation, indirectly linked to AKI. Mean aggregation is kept low to reduce collinearity with min/max."
0_12h_absolute_lymphocyte_count_max,0.01,Higher lymphocyte counts are not a known trigger for AKI and are unlikely to add prognostic value. Max is less pathologically meaningful than low counts.
13_24h_absolute_lymphocyte_count_max,0.01,Max lymphocyte count is not clinically tied to renal hypoperfusion or nephrotoxic exposure. Kept minimal to avoid redundancy with more relevant physiologic features.
0_12h_absolute_lymphocyte_count_min,0.04,"Early lymphopenia may indicate stress response/inflammation and higher illness severity, which can accompany AKI risk. Min is the most plausible aggregation, but early epoch effects are often transient so kept low."
13_24h_absolute_lymphocyte_count_min,0.02,"Lymphopenia can reflect physiologic stress/inflammation after surgery, which is only indirectly related to AKI risk. Use is limited and not a direct renal perfusion or injury marker."
0_12h_absolute_lymphocyte_count_measured,0.01,Measurement frequency mainly reflects ordering behavior/acuity rather than renal physiology. Early (0–12h) ordering is common post-op and not specific for impending AKI.
13_24h_absolute_lymphocyte_count_measured,0.02,"More frequent CBC differentials may indicate ongoing concern for infection/inflammation, which can contribute to AKI indirectly. Still primarily a behavioral proxy and not kidney-specific."
25_36h_absolute_lymphocyte_count_measured,0.03,"Persistent need to recheck lymphocytes later may signal evolving sepsis/complications that raise AKI risk. Nonetheless it remains an ordering-intensity proxy, so kept <0.05."
0_12h_gluccose_measured,0.01,Glucose checks are routine in immediate post-cardiac surgery care and reflect protocolized monitoring. Measurement presence is not a direct predictor of creatinine rise.
13_24h_gluccose_measured,0.02,"Continued glucose monitoring may reflect insulin infusion/instability and overall illness severity, indirectly linked to AKI. Still a behavioral/protocol marker rather than a mechanism."
25_36h_gluccose_measured,0.03,"Ongoing glucose checks at 25–36h can indicate persistent critical illness or tight glycemic control needs, which correlates with AKI risk indirectly. Kept low because it is not physiologic glucose level."
0_12h_ck_measured,0.02,"CK ordering early may reflect concern for muscle injury/rhabdomyolysis, which can cause AKI, but this is uncommon and nonspecific post-op. As a measured-frequency feature and in 0–12h, it is down-weighted."
13_24h_ck_measured,0.03,"Repeated CK checks may indicate suspected rhabdomyolysis/ischemia, a plausible AKI contributor. Still an ordering proxy and not the CK value itself."
25_36h_ck_measured,0.04,"Late CK monitoring suggests ongoing concern for rhabdomyolysis or tissue ischemia, which can precede AKI. Remains <0.05 because it reflects clinician suspicion rather than direct renal injury."
0_12h_egfr_mean,0.05,"Early postoperative eGFR reflects renal function but is often transiently affected by hemodilution and perioperative shifts; predictive value is limited in the immediate window. Also collinear with later eGFR, so capped to reduce redundancy."
13_24h_egfr_mean,0.1,"eGFR in the trajectory phase captures whether renal function is recovering or worsening after surgery, which is relevant to later creatinine rise. Mean is acceptable here but still less informative than the closest (25–36h) window."
25_36h_egfr_mean,0.22,eGFR at 25–36h is a near-term functional marker of evolving renal impairment and strongly predicts creatinine at 60h. Sustained reduction over this window is clinically consistent with developing AKI.
0_12h_egfr_max,0.01,"A higher (max) eGFR is not a pathologic trigger for AKI and is less informative than low eGFR. Additionally, it is collinear with eGFR_mean and provides little incremental signal."
13_24h_egfr_max,0.01,Max eGFR does not capture renal injury; low values are the clinically relevant direction. Kept minimal to avoid redundancy with eGFR_mean.
25_36h_egfr_max,0.01,Max eGFR in the leading-indicator window is not a marker of AKI risk and is dominated by low/mean renal function measures. Scored minimal to prevent collinearity with eGFR_mean.
0_12h_egfr_min,0.1,"Early low eGFR reflects reduced renal filtration from perioperative hypoperfusion/CPB effects and is an early AKI signal. In the immediate 0–12h window it can be transient, so capped per epoch rule."
13_24h_egfr_min,0.18,Persistently low nadir eGFR in the trajectory phase suggests evolving renal dysfunction beyond immediate postoperative noise. This is a strong direct predictor but capped by the 13–24h maximum.
25_36h_egfr_min,0.35,Low nadir eGFR closest to hour 60 is a near-direct biomarker of impaired filtration and strongly anticipates a higher creatinine_ratio. This window is the most proximal leading indicator of AKI progression.
0_12h_egfr_measured,0.02,Measurement frequency mainly reflects clinician concern and routine postoperative lab protocols rather than physiology. In the immediate period it is especially driven by standard monitoring.
13_24h_egfr_measured,0.03,"More frequent eGFR/chemistry checks can indicate concern for renal dysfunction or instability, but remains a behavioral proxy. Kept low to avoid over-weighting practice-pattern effects."
25_36h_egfr_measured,0.04,"Increased testing late may reflect emerging AKI prompting closer monitoring, but it is still not a mechanistic driver. Scored just under the cap for measured features."
0_12h_ldh_measured,0.005,LDH ordering frequency is a nonspecific marker of acuity (hemolysis/ischemia workup) and not kidney-specific. Early postoperative ordering is often routine or driven by other complications.
13_24h_ldh_measured,0.005,LDH measurement frequency remains a nonspecific clinician-behavior signal with weak linkage to AKI prediction. Any association is likely confounded by overall illness severity.
25_36h_ldh_measured,0.01,"Late LDH checks may occur with suspected hemolysis/ischemia that can contribute to AKI, but the signal is indirect and practice-pattern dependent. Kept very low for sparsity."
0_12h_inr_mean,0.02,Average INR early is influenced by CPB/heparin reversal and transfusion practices and is not a direct AKI driver. Mean is also less informative than extremes for acute coagulopathy/bleeding risk.
25_36h_inr_mean,0.03,"Sustained INR elevation can correlate with hepatic dysfunction/bleeding/transfusion and overall severity, indirectly affecting renal perfusion. Mean is still less specific than INR extremes, so kept low."
0_12h_inr_max,0.05,"Peak INR may capture significant coagulopathy/bleeding risk leading to hypotension/transfusion and renal hypoperfusion. In 0–12h it is often procedure-related, so conservative and capped for collinearity vs mean/min."
25_36h_inr_max,0.07,"Late peak INR suggests ongoing coagulopathy or hepatic dysfunction and may track with complications that predispose to AKI (bleeding, shock, transfusion). Max is the most relevant aggregation among INR summaries."
0_12h_inr_min,0.005,Low INR is generally not a trigger for AKI and often reflects reversal/normalization rather than pathology. Min adds little beyond other INR summaries.
25_36h_inr_min,0.005,Low INR late is not mechanistically linked to renal injury and is typically clinically reassuring. Provides minimal incremental prognostic value for creatinine_ratio.
0_12h_inr_measured,0.02,INR check frequency early is largely protocolized after cardiac surgery and reflects monitoring intensity more than renal physiology. Any association with AKI is indirect via overall instability.
13_24h_inr_measured,0.03,INR ordering frequency reflects bleeding/anticoagulation monitoring and overall acuity rather than renal physiology. In the 13–24h window it is only an indirect proxy for complications that could secondarily affect kidney perfusion.
25_36h_inr_measured,0.04,"More frequent INR checks late may indicate ongoing instability (bleeding, hepatic dysfunction, anticoagulation issues) that can correlate with AKI risk, but it is not a direct renal marker. Kept <0.05 as a behavioral/acuity proxy."
0_12h_percent_eosinophils_mean,0.01,Eosinophil percentage is not a typical driver or early marker of post-cardiac surgery AKI; early postoperative values are often nonspecific. Mean aggregation further dilutes any signal.
13_24h_percent_eosinophils_mean,0.01,Sustained eosinophil percentage is rarely informative for ischemic/ATN-type AKI after cardiac surgery. Mean value is nonspecific and not an established predictor.
0_12h_percent_eosinophils_max,0.02,"A transient eosinophil spike could weakly suggest drug reaction/atheroembolic phenomena, but this is uncommon and nonspecific immediately post-op. Capped low and conservative for the 0–12h epoch."
13_24h_percent_eosinophils_max,0.03,"Later eosinophil peaks could weakly reflect inflammatory/drug-related processes that can accompany renal injury, but evidence is limited in this setting. Extreme is preferred over mean/min but remains low importance."
0_12h_percent_eosinophils_min,0.01,Low eosinophil percentage is common with stress response and has no specific mechanistic link to AKI. Minimum adds little clinically relevant information.
13_24h_percent_eosinophils_min,0.01,Minimum eosinophil percentage mainly reflects stress leukogram dynamics and is not predictive of renal tubular injury. Not a recognized AKI risk factor.
0_12h_percent_eosinophils_measured,0.01,Measurement frequency reflects lab ordering patterns (CBC differentials) and routine postoperative monitoring rather than renal pathophysiology. Early period is especially nonspecific.
13_24h_percent_eosinophils_measured,0.01,CBC differential frequency is largely standard-of-care and not a targeted AKI surveillance test. As a behavioral proxy it provides minimal incremental signal.
25_36h_percent_eosinophils_measured,0.02,"More frequent differentials late could indicate concern for infection/drug reaction, which can co-occur with AKI, but it remains an indirect acuity marker. Kept below 0.05 per measured-feature rule."
0_12h_ldl_cholesterol_measured,0.005,LDL testing is unrelated to acute renal perfusion/injury and is not part of AKI evaluation post-cardiac surgery. Ordering is typically incidental and non-prognostic.
13_24h_ldl_cholesterol_measured,0.005,"LDL measurement does not reflect hemodynamics, nephrotoxicity, or renal function trajectory in the ICU. Provides no meaningful AKI signal."
25_36h_ldl_cholesterol_measured,0.005,LDL ordering late remains clinically disconnected from AKI mechanisms and is unlikely to be driven by impending renal failure. Treated as noise.
0_12h_mean_corpuscular_volume_mean,0.02,"MCV reflects chronic anemia/nutritional status and transfusion effects, which are at best indirect correlates of postoperative risk. Mean aggregation and early postoperative variability limit specificity for AKI."
13_24h_mean_corpuscular_volume_mean,0.03,"Persistently abnormal MCV may proxy chronic comorbidity/frailty and transfusion burden, indirectly associated with complications including AKI. Still not a direct renal predictor, so kept low."
25_36h_mean_corpuscular_volume_mean,0.01,MCV reflects red cell size and chronic anemia/nutrition rather than acute renal perfusion or tubular injury; weak mechanistic link to AKI.
0_12h_mean_corpuscular_volume_max,0.01,Transient perioperative MCV fluctuations are usually dilutional/transfusion-related and not a direct driver of postoperative AKI; early epoch capped.
13_24h_mean_corpuscular_volume_max,0.01,MCV extremes in this window are more reflective of transfusion/volume shifts than kidney injury risk; minimal incremental prognostic value.
25_36h_mean_corpuscular_volume_max,0.02,"Late MCV elevation may proxy transfusion burden or ongoing inflammation, but remains an indirect and nonspecific marker for AKI."
0_12h_mean_corpuscular_volume_min,0.01,Low MCV suggests chronic microcytosis/iron deficiency and is not an acute hemodynamic insult causing AKI; early epoch capped.
13_24h_mean_corpuscular_volume_min,0.01,MCV nadir is unlikely to capture a renal-relevant physiologic trigger; largely reflects baseline hematology and dilution.
25_36h_mean_corpuscular_volume_min,0.02,Persistently low MCV may correlate with chronic comorbidity/frailty but is not an established predictor of postoperative creatinine rise.
0_12h_mean_corpuscular_volume_measured,0.01,Measurement frequency mainly reflects routine CBC ordering in the immediate postoperative period rather than specific AKI concern; capped per rule.
13_24h_mean_corpuscular_volume_measured,0.01,CBC/MCV rechecks are common ICU practice and are not a targeted response to impending AKI; behavioral proxy with low specificity.
25_36h_mean_corpuscular_volume_measured,0.02,"More frequent CBCs may indicate overall acuity/bleeding/transfusion needs, indirectly associated with AKI risk, but still nonspecific."
0_12h_mean_platelet_volume_mean,0.02,"Mean platelet volume can reflect inflammation/platelet activation after CPB, but links to AKI are indirect and early postoperative changes are common."
13_24h_mean_platelet_volume_mean,0.03,"Sustained platelet activation/inflammation may correlate with systemic illness severity and microvascular dysfunction, modestly related to AKI risk."
25_36h_mean_platelet_volume_mean,0.05,"Later elevated MPV may better reflect ongoing inflammatory/thrombotic milieu and illness severity, which can contribute to renal hypoperfusion/microthrombi; still indirect."
0_12h_mean_platelet_volume_max,0.03,"MPV spikes may indicate acute platelet activation from surgery/CPB, but this is common and not a direct renal biomarker; early epoch capped."
13_24h_mean_platelet_volume_max,0.04,"Higher MPV extremes may better capture inflammatory activation than the mean, but remains a nonspecific severity marker for AKI."
25_36h_mean_platelet_volume_max,0.06,"Late MPV extremes may signal ongoing systemic inflammation/consumption and microvascular dysfunction, plausibly associated with subsequent creatinine rise; chosen over mean to reduce collinearity."
0_12h_mean_platelet_volume_min,0.01,Mean platelet volume is not a direct marker of renal perfusion or tubular injury; any association with AKI is weak and nonspecific. Early post-op values are often transiently affected by inflammation and hemodilution.
13_24h_mean_platelet_volume_min,0.01,MPV has no established causal link to postoperative AKI and is largely a nonspecific inflammatory/hematologic signal. Not expected to add predictive value beyond core hemodynamic and renal markers.
25_36h_mean_platelet_volume_min,0.02,"Later MPV abnormalities could reflect ongoing inflammation or platelet activation, but this remains an indirect and weak correlate of AKI risk. Low priority for a sparse model."
0_12h_mean_platelet_volume_measured,0.01,Measurement frequency mainly reflects routine lab ordering patterns rather than renal pathophysiology. In the immediate post-op window it is especially protocol-driven.
13_24h_mean_platelet_volume_measured,0.01,"Ordering frequency is a behavioral proxy and MPV is typically bundled with CBCs, limiting specificity for impending AKI. Unlikely to add independent signal."
25_36h_mean_platelet_volume_measured,0.02,"More frequent CBCs may indicate clinical concern/instability, but it is nonspecific and not kidney-directed. Keep low to avoid overfitting to practice patterns."
0_12h_lactate_mean,0.05,"Elevated lactate reflects global hypoperfusion/low cardiac output which can contribute to renal ischemia, but early post-CPB lactate is often transient. Mean is less informative than extremes for acute insult."
13_24h_lactate_mean,0.08,"Persistently elevated lactate in the trajectory phase suggests ongoing shock or inadequate perfusion, increasing AKI risk. Mean captures sustained hypoperfusion but is still less specific than peak lactate."
0_12h_lactate_max,0.1,"Peak lactate in the immediate post-op period captures the severity of acute hypoperfusion/oxygen debt, a known contributor to ischemic AKI. Capped by the 0–12h maximum score rule."
13_24h_lactate_max,0.18,"A high lactate peak during 13–24h strongly indicates ongoing or recurrent hypoperfusion/shock, which is closely linked to subsequent AKI. Max is preferred over mean/min to reduce collinearity and capture insult severity."
0_12h_lactate_min,0.01,Minimum lactate mainly reflects best perfusion state and is not a trigger for AKI. Adds little beyond max/mean and is prone to redundancy.
13_24h_lactate_min,0.01,Low lactate values are not mechanistically linked to AKI and are less informative than elevated peaks. Keep minimal to avoid collinearity with lactate max/mean.
0_12h_lactate_measured,0.02,"More frequent lactate checks may reflect clinician concern for shock, but in early post-cardiac surgery it is often protocolized. Behavioral proxy only, so keep low."
13_24h_lactate_measured,0.04,"Increased lactate monitoring in 13–24h can indicate persistent instability or concern for low output, indirectly associated with AKI risk. Still nonspecific and should remain <0.05."
25_36h_lactate_measured,0.04,"Frequent lactate measurement late suggests ongoing hemodynamic concern and may correlate with impending organ dysfunction, including AKI. However it reflects practice patterns rather than a physiologic mechanism."
0_12h_alkaline_phosphatase_mean,0.01,Alkaline phosphatase is primarily a hepatobiliary/bone marker and is not an established predictor of postoperative AKI. Early post-op changes are nonspecific and unlikely to add renal prognostic value.
0_12h_alkaline_phosphatase_max,0.01,Alkaline phosphatase is a hepatobiliary/bone marker and is not a direct driver or early biomarker of postoperative AKI. Early postoperative fluctuations are common and nonspecific for renal perfusion injury.
0_12h_alkaline_phosphatase_min,0.01,Low alkaline phosphatase has no established mechanistic link to renal hypoperfusion or tubular injury in this setting. Likely reflects baseline variation or dilution rather than AKI risk.
0_12h_alkaline_phosphatase_measured,0.01,Measurement frequency mainly reflects ordering behavior and routine postoperative lab panels rather than kidney physiology. In the immediate 0–12h window it is especially nonspecific for impending AKI.
13_24h_alkaline_phosphatase_measured,0.01,Ordering alkaline phosphatase in 13–24h is more related to liver/cholestasis evaluation than renal injury prediction. As a behavioral proxy it provides little incremental AKI signal.
25_36h_alkaline_phosphatase_measured,0.02,"Later ordering could reflect evolving multiorgan dysfunction workup, which can correlate indirectly with AKI risk, but remains nonspecific. Kept low to avoid over-weighting a non-renal test-ordering proxy."
0_12h_red_cell_distribution_width_mean,0.02,"RDW is an indirect marker of chronic illness/inflammation and has weak associations with adverse outcomes, but it is not a direct AKI predictor. Early postoperative values are confounded by hemodilution and transfusion."
13_24h_red_cell_distribution_width_mean,0.03,"Persistently elevated RDW may reflect frailty/inflammation and correlate with complications including AKI, but the link is indirect. Mean is less informative than extremes and is capped to limit redundancy."
25_36h_red_cell_distribution_width_mean,0.04,"In the closest window to outcome, sustained RDW elevation may act as a proxy for ongoing illness severity and transfusion burden, indirectly relating to AKI risk. Still not mechanistic, so kept low."
0_12h_red_cell_distribution_width_max,0.03,"An early RDW spike can reflect transfusion/hemolysis or marked anisocytosis, which may track with physiologic stress but is not a direct renal insult. Conservative scoring due to 0–12h transient perioperative effects."
13_24h_red_cell_distribution_width_max,0.04,"Higher RDW extremes may better capture acute transfusion/hemolysis/inflammatory stress than the mean and can correlate with worse postoperative trajectories. Association with AKI remains indirect, so kept <0.05."
25_36h_red_cell_distribution_width_max,0.05,"Late RDW extremes may reflect ongoing bleeding/transfusion or systemic inflammation, which can accompany renal hypoperfusion and AKI. Max is preferred over mean/min for capturing acute stress, but remains an indirect predictor."
0_12h_red_cell_distribution_width_min,0.01,Low RDW is not a recognized risk factor for AKI and is generally clinically uninformative. Min adds redundancy without capturing a plausible renal injury mechanism.
13_24h_red_cell_distribution_width_min,0.01,RDW minimum does not represent a pathologic extreme relevant to renal perfusion or nephrotoxicity. Provides little incremental prognostic information for AKI.
25_36h_red_cell_distribution_width_min,0.01,"Even in the later window, RDW minimum is not mechanistically linked to AKI and is unlikely to improve prediction beyond other severity markers. Kept at weak-evidence level."
0_12h_red_cell_distribution_width_measured,0.01,RDW measurement frequency is largely driven by routine CBC ordering after cardiac surgery rather than targeted concern for AKI. As a behavioral proxy in 0–12h it is not informative.
13_24h_red_cell_distribution_width_measured,0.01,"CBC frequency may reflect general acuity/bleeding surveillance but is not specific to renal injury risk. To avoid overfitting to ordering patterns, importance is kept minimal."
25_36h_red_cell_distribution_width_measured,0.01,Measurement frequency mainly reflects clinician ordering behavior rather than a renal mechanism. RDW ordering is not a specific leading indicator of AKI in this context.
0_12h_chloride_mean,0.02,"Hyperchloremia can contribute to renal vasoconstriction and AKI risk, but early post-op values are often transient and dilutional. Mean is less informative than extremes for acute insult."
13_24h_chloride_mean,0.03,Sustained hyperchloremia may reflect ongoing high-chloride fluid exposure and acid-base disturbance that can worsen renal perfusion. Mean remains less specific than extremes.
25_36h_chloride_mean,0.04,"Later sustained chloride elevation may indicate continued chloride-rich resuscitation and metabolic acidosis risk, plausibly contributing to AKI. Still, mean is somewhat redundant versus max/min for capturing insult."
0_12h_chloride_max,0.05,"Peak chloride can capture acute hyperchloremic exposure from large-volume saline/CPB prime, which is plausibly linked to AKI. In the immediate 0–12h window, derangements are common and less prognostic."
13_24h_chloride_max,0.06,A higher peak chloride during the trajectory phase may reflect ongoing chloride load and acid-base stress associated with AKI risk. Max better captures the potentially harmful exposure than mean.
25_36h_chloride_max,0.08,"Persistent or late peak hyperchloremia close to the outcome can indicate continued high-chloride resuscitation and metabolic acidosis, both associated with worse renal outcomes. Max is the most pathology-relevant aggregation among chloride summaries."
0_12h_chloride_min,0.01,Low chloride is not a typical direct driver of post-cardiac surgery AKI compared with hyperchloremia and hemodynamic factors. Early minima are often dilutional and nonspecific.
13_24h_chloride_min,0.01,"Hypochloremia is generally a weak and indirect marker (e.g., diuretics/free water) and not a primary AKI predictor. Min is less clinically relevant than max for chloride-related renal risk."
25_36h_chloride_min,0.01,Later low chloride remains a nonspecific finding and is not an established trigger for AKI in this setting. It is likely redundant with other volume/diuretic markers not provided here.
0_12h_chloride_measured,0.02,"More frequent chloride checks reflect ICU monitoring intensity rather than kidney injury physiology. Early post-op labs are routine after cardiac surgery, limiting specificity for impending AKI."
13_24h_chloride_measured,0.03,"Increased measurement frequency may weakly proxy evolving instability or acid-base management, but remains largely behavioral. It is not a direct mechanistic predictor of creatinine rise."
25_36h_chloride_measured,0.04,"More frequent chloride testing closer to hour 60 may indicate clinician concern about fluid/acid-base issues that can accompany AKI. Still, it is an indirect behavioral signal and should remain low."
0_12h_hdl_cholesterol_measured,0.0,HDL measurement is unrelated to acute renal perfusion or tubular injury in the immediate post-op ICU course. Ordering is typically routine/lipid-related and not AKI-directed.
13_24h_hdl_cholesterol_measured,0.0,HDL testing frequency does not reflect AKI physiology or standard AKI surveillance. It is unlikely to be ordered due to renal concerns.
25_36h_hdl_cholesterol_measured,0.0,"HDL measurement remains clinically disconnected from near-term postoperative creatinine rise. As a behavioral feature, it provides no meaningful AKI signal here."
0_12h_percent_neutrophils_mean,0.01,Average neutrophil percentage in the immediate post-op window is a nonspecific inflammation marker and not a direct driver of AKI. Mean is also less informative than extremes for acute physiologic insult.
13_24h_percent_neutrophils_mean,0.02,"Persistent systemic inflammation may correlate with complications (e.g., infection/SIRS) that can contribute to AKI, but neutrophil % is indirect and nonspecific. Mean aggregation further dilutes signal."
0_12h_percent_neutrophils_max,0.03,"A high peak neutrophil % may reflect acute stress response or early infection risk, which can indirectly increase AKI risk. In 0–12h this is often transient post-CPB, so keep conservative."
13_24h_percent_neutrophils_max,0.04,A higher peak neutrophil % in the trajectory phase may indicate evolving inflammatory/infectious complications that can worsen renal perfusion. Still indirect and not kidney-specific.
0_12h_percent_neutrophils_min,0.01,Low neutrophil % is not a typical mechanistic predictor of post-cardiac surgery AKI. Likely reflects dilutional effects or lab variability early post-op.
13_24h_percent_neutrophils_min,0.01,Minimum neutrophil % remains nonspecific and is not an established AKI predictor. Other hemodynamic and renal labs are more proximal.
0_12h_percent_neutrophils_measured,0.01,Measurement frequency mainly reflects ordering behavior and routine post-op labs rather than renal pathophysiology. Early post-op CBC monitoring is common standard care.
13_24h_percent_neutrophils_measured,0.02,"More frequent CBCs may reflect clinician concern for infection/instability, which can be associated with AKI risk, but it is a weak behavioral proxy. Cap low to avoid over-weighting practice patterns."
25_36h_percent_neutrophils_measured,0.03,"Increased measurement frequency closer to outcome may indicate ongoing instability or suspected infection/sepsis, which can precipitate AKI. Still a behavioral proxy and should remain <0.05."
0_12h_albumin_mean,0.03,"Lower albumin can reflect hemodilution, capillary leak, and poorer physiologic reserve, which are associated with AKI risk. Mean in 0–12h is influenced by fluids/CPB and is less specific than a nadir."
0_12h_albumin_max,0.01,Higher albumin is generally not a trigger for AKI and the maximum is not clinically meaningful for renal injury risk. Also redundant with other albumin summaries.
0_12h_albumin_min,0.07,"Albumin nadir early post-op can capture severity of hemodilution/capillary leak and is associated with worse outcomes including AKI. In 0–12h it is still partly transient, so keep below the 0.10 cap."
0_12h_albumin_measured,0.01,Albumin measurement frequency is largely driven by routine post-op panels and ordering habits. It is not a direct physiologic marker of AKI risk.
13_24h_albumin_measured,0.02,"More frequent albumin checks may indicate concern for ongoing leak, nutrition, or volume status, indirectly linked to AKI risk. Still primarily a behavioral proxy and should remain low."
25_36h_albumin_measured,0.03,"Closer to hour 60, repeated albumin testing may reflect persistent critical illness/volume management complexity associated with AKI. Nonetheless it is an ordering-behavior feature and capped <0.05."
0_12h_triglycerides_measured,0.01,Triglyceride testing is not a standard AKI predictor post-cardiac surgery and is usually unrelated to renal perfusion. Measurement likely reflects nutrition/propofol monitoring rather than kidney injury.
13_24h_triglycerides_measured,0.01,Triglyceride testing frequency mainly reflects clinician behavior and is not mechanistically linked to postoperative AKI. In this epoch it is unlikely to add specific prognostic value for creatinine rise.
25_36h_triglycerides_measured,0.01,Ordering triglycerides is not a direct marker of renal perfusion or tubular injury and is typically unrelated to AKI prediction. Measurement frequency is a weak proxy for acuity and should remain very low.
0_12h_hemoglobin_mean,0.03,"Lower hemoglobin can reduce oxygen delivery and contribute to renal ischemia, but early post-op averages are heavily confounded by hemodilution/transfusion. Mean is also less informative than nadir for ischemic risk in this window."
13_24h_hemoglobin_mean,0.04,"Sustained anemia may contribute to impaired renal oxygen delivery during the trajectory phase, but mean remains a smoothed measure and is collinear with min/max. Use low weight relative to nadir hemoglobin."
25_36h_hemoglobin_mean,0.05,"Persistent anemia closer to the outcome can reflect ongoing bleeding/hemodilution and reduced oxygen delivery, plausibly increasing AKI risk. However, mean is still less pathophysiologically specific than the minimum value."
0_12h_hemoglobin_max,0.01,"High hemoglobin is not a typical driver of postoperative AKI and may reflect hemoconcentration or transfusion. To avoid redundancy, prioritize hemoglobin_min over hemoglobin_max for renal ischemia risk."
13_24h_hemoglobin_max,0.01,Hemoglobin maxima are not a recognized trigger for AKI in this context and are often influenced by transfusion practices. Collinear with other hemoglobin summaries and low mechanistic relevance.
25_36h_hemoglobin_max,0.01,A high hemoglobin value late post-op is not a direct predictor of creatinine rise and is less informative than anemia/nadir. Keep minimal to reduce collinearity with hemoglobin_min/mean.
0_12h_hemoglobin_min,0.08,"Nadir hemoglobin captures acute anemia and reduced oxygen delivery during the immediate post-op period, which can precipitate renal ischemia. Still capped conservatively due to early post-CPB/transfusion confounding and epoch limit."
13_24h_hemoglobin_min,0.12,"Ongoing or worsening anemia in the trajectory phase is a more meaningful signal of inadequate oxygen delivery and illness severity, both associated with AKI. Minimum better captures the ischemic insult than mean/max."
25_36h_hemoglobin_min,0.18,"Late nadir hemoglobin is a strong leading indicator of persistent anemia/bleeding and impaired oxygen delivery close to the creatinine outcome, increasing risk of renal hypoxic injury. Minimum is the most pathophysiologically relevant aggregation among hemoglobin summaries."
0_12h_hemoglobin_measured,0.02,"More frequent hemoglobin checks reflect clinician concern for bleeding/instability rather than a direct renal mechanism. In the immediate post-op period, frequent labs are common and nonspecific."
13_24h_hemoglobin_measured,0.03,"Increased measurement frequency may indicate ongoing bleeding, transfusion needs, or hemodynamic instability, indirectly associated with AKI risk. Still primarily a behavioral proxy and should remain <0.05."
25_36h_hemoglobin_measured,0.04,"Frequent hemoglobin monitoring late post-op can signal persistent instability/bleeding and higher acuity, which correlates with AKI risk. Nonetheless it is not a physiologic biomarker and should stay low."
0_12h_teg_fibrinogen_activity_measured,0.01,"TEG fibrinogen testing reflects bleeding/coagulopathy evaluation and is not directly linked to renal tubular injury. Measurement presence is a weak, nonspecific proxy for complexity of care."
13_24h_teg_fibrinogen_activity_measured,0.02,"Ordering TEG fibrinogen in this phase may indicate ongoing coagulopathy/bleeding and higher severity, indirectly associated with AKI. As a measurement-frequency proxy without direct renal mechanism, keep very low."
25_36h_teg_fibrinogen_activity_measured,0.01,"TEG fibrinogen testing frequency mainly reflects bleeding/coagulopathy evaluation rather than renal perfusion or nephrotoxicity. Any AKI link is indirect (severity of illness/transfusion), so keep very low."
0_12h_activated_clotting_time_mean,0.01,ACT reflects anticoagulation management during/after bypass and is not a direct AKI driver. Mean values are also less informative than extremes for acute insults and are in the immediate post-op window.
0_12h_activated_clotting_time_max,0.03,"Very high ACT may indicate prolonged heparin effect/CPB complexity and greater operative stress, which can correlate with AKI risk. Still indirect and in 0–12h, so conservative."
0_12h_activated_clotting_time_min,0.02,"Low ACT could suggest inadequate anticoagulation or heparin reversal dynamics, but links to AKI are weak and confounded by procedural factors. Early window limits predictive value."
0_12h_activated_clotting_time_measured,0.01,"Measurement frequency is a care-process marker (monitoring anticoagulation) rather than physiology. In 0–12h it is routine post-CPB, so minimal AKI signal."
13_24h_activated_clotting_time_measured,0.01,"ACT checks in this phase usually reflect ongoing anticoagulation management (e.g., heparin infusions) and clinician behavior. Not a direct renal injury marker."
25_36h_activated_clotting_time_measured,0.02,"Later ACT monitoring may indicate ongoing bleeding/thrombosis concerns or continued anticoagulation, which can correlate with complicated courses. Still a behavioral proxy, so kept <0.05."
0_12h_aspartate_aminotransferase_mean,0.02,"AST elevation can reflect hepatic/ischemic injury and global hypoperfusion, indirectly associated with AKI. Mean is less sensitive than peak for acute ischemic insult and early window is noisy."
0_12h_aspartate_aminotransferase_max,0.06,"Peak AST early after surgery can signal ischemic hepatitis or severe systemic hypoperfusion, which is mechanistically linked to renal ischemia and AKI. Capped by 0–12h maximum score constraint."
0_12h_aspartate_aminotransferase_min,0.01,Minimum AST is not clinically meaningful for AKI risk and largely reflects baseline/measurement variability. No plausible mechanistic link.
0_12h_aspartate_aminotransferase_measured,0.01,AST measurement frequency reflects clinician monitoring for liver injury/hemolysis rather than kidney injury. Routine post-op labs make this a weak proxy.
13_24h_aspartate_aminotransferase_measured,0.02,"More frequent AST checks may indicate concern for ongoing shock or organ dysfunction, which can co-occur with AKI. Still primarily a behavioral marker, so kept low."
25_36h_aspartate_aminotransferase_measured,0.03,"Continued AST monitoring late may reflect persistent organ injury/instability, which increases AKI risk. As a measurement-frequency proxy, it remains <0.05."
0_12h_total_protein_mean,0.01,"Total protein is influenced by hemodilution, nutrition, and fluid shifts and is not a direct AKI predictor. Mean values in the immediate post-op period are especially confounded by fluids/CPB."
0_12h_total_protein_max,0.01,Higher total protein early is usually not a renal injury signal and may reflect hemoconcentration or lab variability. No established direct relationship to postoperative AKI.
0_12h_total_protein_min,0.03,"Low total protein can reflect hemodilution/capillary leak and may correlate with aggressive fluid resuscitation and illness severity, indirectly linked to AKI. Still nonspecific and early, so conservative."
0_12h_total_protein_measured,0.01,Measurement frequency mainly reflects ordering behavior rather than renal physiology. Total protein checks are not a standard early AKI marker post-cardiac surgery.
13_24h_total_protein_measured,0.01,Ordering frequency is a weak proxy for acuity and not specific to kidney injury. Total protein is rarely used to guide AKI risk in this setting.
25_36h_total_protein_measured,0.02,"More frequent testing may reflect clinician concern for nutrition/oncotic status or capillary leak, but it is still nonspecific for AKI. Keep low to avoid over-weighting behavioral proxies."
0_12h_hemoglobin_a1c_measured,0.01,HbA1c measurement indicates diabetes assessment but is not an acute physiologic driver of postoperative AKI. In the immediate 0–12h window it is largely unrelated to evolving creatinine rise.
13_24h_hemoglobin_a1c_measured,0.01,HbA1c ordering is a chronic-risk assessment and not a direct predictor of near-term creatinine change. Measurement presence is a weak behavioral signal.
25_36h_hemoglobin_a1c_measured,0.01,"Even close to outcome, HbA1c testing reflects baseline metabolic risk rather than acute renal perfusion/toxicity. Not specific enough for sparse inclusion."
0_12h_co2_mean,0.03,"Mean bicarbonate/total CO2 reflects overall acid–base status but is often transiently affected by CPB, fluids, and ventilation early post-op. Extremes are more informative than averages for AKI-related hypoperfusion."
13_24h_co2_mean,0.04,"Persistently low mean CO2 can indicate ongoing metabolic acidosis from hypoperfusion/sepsis, which correlates with AKI risk. Still cap because mean is collinear with min and less specific."
25_36h_co2_mean,0.05,Sustained metabolic acidosis closer to hour 60 can track worsening shock/renal dysfunction and may precede creatinine rise. Keep at the plausible-link cap since min better captures the insult.
0_12h_co2_max,0.01,"High CO2 (metabolic alkalosis) is not a typical trigger for AKI and is often iatrogenic (diuretics, transfusion, ventilation). Not a strong mechanistic link in the immediate post-op period."
13_24h_co2_max,0.01,Elevated CO2 is generally nonspecific and less related to renal hypoperfusion than low CO2. Prefer the minimum as the pathology-capturing aggregation.
25_36h_co2_max,0.02,"Later alkalosis may reflect aggressive diuresis/volume contraction, which can contribute to prerenal azotemia, but the association is indirect. Keep low to avoid redundancy with other hemodynamic/diuretic features."
0_12h_co2_min,0.06,"Low CO2 captures acute metabolic acidosis from hypoperfusion/lactate burden, a plausible early contributor to AKI. Conservative due to common transient derangements in the first 12 hours (max 0.10)."
13_24h_co2_min,0.12,"A low CO2 minimum in the trajectory phase suggests persistent metabolic acidosis and ongoing systemic stress, which is more predictive of subsequent AKI than early transient changes. Extremes better capture the insult than means."
25_36h_co2_min,0.18,"Low CO2 close to the outcome is a strong leading indicator of ongoing hypoperfusion/sepsis and may reflect evolving renal dysfunction before creatinine peaks. As an extreme value, it best captures the pathologic signal among CO2 aggregations."
0_12h_co2_measured,0.02,More frequent CO2 checks reflect ICU acuity/ventilation and acid–base management rather than a direct renal mechanism. In 0–12h this is largely routine post-cardiac surgery monitoring.
13_24h_co2_measured,0.02,Measurement frequency mainly reflects clinician concern/ventilation management rather than a direct AKI mechanism. In the 13–24h window it may weakly proxy evolving instability but is nonspecific.
25_36h_co2_measured,0.03,"More frequent CO2 checks closer to hour 60 can indicate ongoing respiratory/hemodynamic instability and higher acuity, which correlates with AKI risk. Still a behavioral proxy, not a physiologic driver."
0_12h_bnp_measured,0.02,"Ordering BNP early post-op is largely driven by concern for heart failure/volume status but is common and nonspecific immediately after surgery. As a measured/binary ordering signal, it is only an indirect AKI proxy."
13_24h_bnp_measured,0.03,"BNP ordering in the trajectory phase may reflect suspected cardiac dysfunction/venous congestion, which can worsen renal perfusion. Still primarily a clinician-behavior marker and not a direct renal biomarker."
25_36h_bnp_measured,0.04,"Late BNP ordering may indicate persistent/worsening congestion or low-output state, both linked to cardiorenal AKI risk. Remains an indirect proxy and should stay low for sparsity."
0_12h_pco2_mean,0.02,Average PCO2 in the immediate post-op period is heavily influenced by ventilator settings/anesthesia and is often transient. Mean values are less informative than extremes for acute insult and are weakly linked to AKI.
13_24h_pco2_mean,0.03,"Sustained hypercapnia can reflect ongoing hypoventilation and acidosis that may impair hemodynamics, but mean PCO2 is still an indirect marker. Cap to reduce redundancy with max/min."
25_36h_pco2_mean,0.04,"Persistent abnormal ventilation/acid-base status closer to outcome can correlate with severity of illness and renal hypoperfusion risk. Mean aggregation is less pathophysiologically specific than extremes, so kept low."
0_12h_pco2_max,0.05,"Episodes of marked hypercapnia can cause acidosis and pulmonary vasoconstriction with downstream hemodynamic effects, but early post-op spikes are common and often iatrogenic. As an extreme it is more relevant than mean in this epoch but capped by 0–12h limit."
13_24h_pco2_max,0.06,"Significant hypercapnic episodes during 13–24h may indicate respiratory failure or shock physiology, which increases AKI risk via hypoperfusion and acidosis. Extreme values are more informative than mean, but still indirect."
25_36h_pco2_max,0.08,"Late hypercapnic extremes suggest ongoing respiratory failure and systemic acidosis, correlating with higher illness severity and renal hypoperfusion risk. Chosen over mean to capture acute insults and reduce collinearity."
0_12h_pco2_min,0.03,"Hypocapnia episodes may reflect hyperventilation and can reduce cerebral/renal blood flow via vasoconstriction, but early post-op values are often ventilator-driven. Less compelling than hypercapnia for AKI prediction."
13_24h_pco2_min,0.04,Marked hypocapnia in this phase may indicate overventilation or compensation for metabolic acidosis; association with AKI is indirect. Kept below max to prioritize the more plausible insult signal.
25_36h_pco2_min,0.05,"Late hypocapnia can accompany sepsis/shock with high minute ventilation or compensation for metabolic acidosis, both linked to AKI risk. Still an indirect marker and less specific than direct renal/hemodynamic variables."
0_12h_pco2_measured,0.02,Frequent PCO2 checks immediately post-op are routine for ventilated cardiac surgery patients and mainly reflect standard monitoring. As a measurement-count proxy it has minimal specific AKI signal.
13_24h_pco2_measured,0.03,"More frequent PCO2 measurements in 13–24h may indicate difficulty weaning or instability, which correlates with AKI risk through overall severity. Still a behavioral proxy and kept low for sparsity."
25_36h_pco2_measured,0.02,Measurement frequency mainly reflects clinician concern/ventilation management rather than a direct renal mechanism. Could weakly proxy overall instability but is nonspecific for AKI.
0_12h_indirect_bilirubin_measured,0.01,"Ordering indirect bilirubin early post-op is usually routine or liver/hemolysis evaluation and is not a direct AKI driver. As a measured/behavioral feature in the immediate period, it has minimal specific prognostic value for creatinine rise."
13_24h_indirect_bilirubin_measured,0.02,"More frequent bilirubin checks may indicate concern for hemolysis/hepatic dysfunction after bypass, which can correlate with illness severity. Still a behavioral proxy and nonspecific for renal injury."
25_36h_indirect_bilirubin_measured,0.03,"Late continued bilirubin monitoring can reflect ongoing hemolysis/hepatic congestion and higher acuity, which may co-occur with AKI. Remains indirect and should stay low as a measured feature."
0_12h_calcium_mean,0.02,"Mean calcium in the immediate post-op window is influenced by transfusion/citrate and albumin shifts and is not a primary AKI driver. To reduce collinearity, extremes are more informative than the mean."
13_24h_calcium_mean,0.03,Sustained calcium abnormalities may reflect ongoing critical illness but are not established predictors of AKI. Prefer extremes over mean for capturing clinically relevant derangements.
25_36h_calcium_mean,0.04,"Later average calcium may weakly track severity (e.g., persistent hypocalcemia with massive transfusion/critical illness), but it is still indirect for AKI. Extremes are more pathophysiologically relevant than the mean."
0_12h_calcium_max,0.02,"Transient hypercalcemia early post-op is uncommon and usually treatment-related, with limited direct linkage to AKI. Early epoch also contains many reversible perturbations."
13_24h_calcium_max,0.03,Higher calcium peaks may reflect supplementation or metabolic shifts but are not a typical causal pathway for post-cardiac surgery AKI. Kept low to avoid redundancy with other calcium summaries.
25_36h_calcium_max,0.04,"Late hypercalcemia can be associated with dehydration/diuresis or supplementation and may correlate with hemodynamic stress, but evidence for direct AKI prediction is weak. Included slightly higher due to temporal proximity."
0_12h_calcium_min,0.05,"Hypocalcemia is common after bypass/transfusion (citrate) and can contribute to hypotension/low cardiac output, indirectly affecting renal perfusion. In the immediate window it is often transient, so capped low."
13_24h_calcium_min,0.06,"Persistent or recurrent hypocalcemia may signal ongoing transfusion, critical illness, or hemodynamic fragility that can worsen renal perfusion. Minimum is the most relevant calcium aggregation for capturing this risk."
25_36h_calcium_min,0.08,"Late hypocalcemia (nadir) can indicate ongoing instability or massive transfusion effects and may contribute to low cardiac output/hypotension, increasing AKI risk. Minimum best captures the potentially harmful extreme close to the outcome."
0_12h_calcium_measured,0.02,Frequency of calcium checks early post-op is largely protocolized (post-bypass/transfusion monitoring) and not specific for impending AKI. Behavioral proxy only.
13_24h_calcium_measured,0.03,"More frequent calcium monitoring may reflect ongoing transfusion/instability, which can correlate with AKI risk, but it remains nonspecific. Kept <0.05 per measured-feature rule."
25_36h_calcium_measured,0.04,"Continued frequent calcium checks late may indicate persistent critical illness or ongoing blood product use, indirectly associated with AKI. Still a behavioral proxy and therefore kept low."
0_12h_partial_thromboplastin_time_mean,0.01,PTT reflects anticoagulation/coagulopathy rather than renal perfusion; early post-op values are often transient from bypass/heparin. Mean adds collinearity and is less informative than extremes.
25_36h_partial_thromboplastin_time_mean,0.02,"Persistently abnormal PTT may indicate ongoing anticoagulation, bleeding risk, or hepatic dysfunction that can indirectly relate to AKI risk, but it is not a direct renal predictor. Mean is less pathophysiologically specific than extremes."
0_12h_partial_thromboplastin_time_max,0.03,"Very high early PTT can reflect excess heparin effect or coagulopathy with bleeding/transfusion needs, which can indirectly contribute to AKI. In the immediate 0–12h window this is common and nonspecific, so kept low."
25_36h_partial_thromboplastin_time_max,0.05,"Markedly elevated PTT closer to outcome may signal ongoing bleeding/anticoagulation or critical illness severity that can worsen renal perfusion. Still an indirect marker, so capped at plausible-indirect range."
0_12h_partial_thromboplastin_time_min,0.005,Low PTT is not a typical driver of postoperative AKI and may reflect lab/assay variation or reduced anticoagulation. Minimal mechanistic link to creatinine rise.
25_36h_partial_thromboplastin_time_min,0.005,Low PTT later is not a recognized predictor of AKI and has weak physiologic connection to renal injury. Likely reflects anticoagulation management rather than kidney stress.
0_12h_partial_thromboplastin_time_measured,0.01,Measurement frequency mainly reflects monitoring/anticoagulation protocols after surgery rather than renal physiology. Early ordering is routine and not specific for impending AKI.
13_24h_partial_thromboplastin_time_measured,0.02,"More frequent PTT checks may indicate ongoing anticoagulation titration or bleeding concern, a weak proxy for acuity that can correlate with AKI risk. Still primarily behavioral and nonspecific."
25_36h_partial_thromboplastin_time_measured,0.03,"Continued frequent PTT monitoring late may reflect persistent instability (bleeding, ECMO/heparin, thrombosis concern) that can co-occur with AKI. As a behavioral proxy, kept <0.05."
0_12h_absolute_monocyte_count_mean,0.005,Monocyte count is a nonspecific inflammation marker and not an established early predictor of cardiac-surgery AKI. Mean in the immediate post-op period is heavily confounded by stress response.
13_24h_absolute_monocyte_count_mean,0.01,"Sustained inflammation may correlate with illness severity and AKI risk, but monocyte count is indirect and weak compared with hemodynamics/renal labs. Mean aggregation adds redundancy."
0_12h_absolute_monocyte_count_max,0.01,"A high early monocyte peak may reflect systemic inflammatory response to bypass, which can contribute to AKI risk indirectly. Early peaks are common and nonspecific, so low weight."
13_24h_absolute_monocyte_count_max,0.02,"Higher monocyte peaks during the trajectory phase may indicate ongoing inflammation/infection risk, indirectly associated with AKI. Still not a direct renal marker, so capped low."
0_12h_absolute_monocyte_count_min,0.005,Low monocyte counts are not a typical mechanistic driver of postoperative AKI and may reflect dilutional effects or lab variability. Weak prognostic value for creatinine rise.
13_24h_absolute_monocyte_count_min,0.005,Monocyte nadir has limited established relationship to AKI after cardiac surgery. Likely reflects nonspecific hematologic changes rather than renal injury.
0_12h_absolute_monocyte_count_measured,0.005,"CBC differential frequency is largely protocolized post-op and reflects monitoring intensity rather than kidney physiology. As a behavioral proxy, it is not specific for AKI risk."
13_24h_absolute_monocyte_count_measured,0.01,Measurement frequency mainly reflects clinician concern/inflammation workup rather than a direct AKI mechanism. Weak and nonspecific signal for creatinine rise.
25_36h_absolute_monocyte_count_measured,0.02,"More frequent CBC differentials late may reflect evolving sepsis/complications that can contribute to AKI, but it remains an indirect behavioral proxy. Keep low to avoid over-weighting ordering patterns."
0_12h_phosphorus_mean,0.03,"Phosphorus can rise with reduced GFR or cell breakdown, but early post-op values are often transient and dilutional. Mean is less sensitive than extremes for early renal insult."
13_24h_phosphorus_mean,0.05,"Sustained phosphorus elevation can reflect impaired renal clearance and correlates with AKI risk, but mean is still less specific than a peak value. Moderate indirect predictor in this trajectory window."
25_36h_phosphorus_mean,0.08,Persistently higher phosphorus closer to hour 60 can indicate evolving reduction in GFR and is clinically consistent with impending creatinine rise. Mean captures sustained impairment but is less specific than max.
0_12h_phosphorus_max,0.06,"An early phosphorus spike may signal acute renal hypoperfusion or rhabdomyolysis/hemolysis after surgery/CPB, which can precede AKI. Conservative due to immediate post-op volatility (0–12h cap)."
13_24h_phosphorus_max,0.1,"A higher peak phosphorus during 13–24h is more suggestive of impaired renal excretion than the mean and can precede creatinine rise. Still not definitive alone, but an established risk marker."
25_36h_phosphorus_max,0.18,"Late peak hyperphosphatemia is a strong leading indicator of reduced GFR and impending creatinine increase. Extremes best capture the pathologic signal, so this is prioritized over mean/min."
0_12h_phosphorus_min,0.01,"Low phosphorus is more often due to shifts, nutrition/insulin effects, or dilution rather than AKI physiology. Not a typical trigger or marker for creatinine rise."
13_24h_phosphorus_min,0.01,Hypophosphatemia is not a direct predictor of AKI and is usually unrelated to renal hypoperfusion injury. Minimal relevance for creatinine_ratio.
25_36h_phosphorus_min,0.01,Low phosphorus late is not a recognized driver of postoperative AKI and is generally nonspecific. Keep very low to maintain sparsity.
0_12h_phosphorus_measured,0.01,"Ordering frequency reflects monitoring intensity rather than renal physiology, especially immediately post-op when labs are routine. Weak proxy for AKI risk."
13_24h_phosphorus_measured,0.02,"More frequent phosphorus checks may indicate concern for renal dysfunction or electrolyte derangements, but it is still an indirect behavioral signal. Cap low per measured-feature rule."
25_36h_phosphorus_measured,0.03,"Late repeated phosphorus testing can reflect clinician suspicion of evolving AKI and may correlate with worsening course. Still not mechanistic, so kept <0.05."
0_12h_absolute_neutrophil_count_mean,0.02,Neutrophilia early is common from surgical stress/CPB inflammation and is nonspecific for renal injury. Mean value in 0–12h is unlikely to add independent AKI prediction.
13_24h_absolute_neutrophil_count_mean,0.04,"Persistently elevated neutrophils may reflect infection/systemic inflammation that can contribute to AKI via sepsis/hemodynamic effects, but it is indirect. Mean is less informative than clinical shock markers, so kept low."
0_12h_absolute_neutrophil_count_max,0.03,"Early postoperative neutrophilia reflects inflammatory response to surgery/CPB and may correlate with illness severity, but is not a direct AKI driver. In the 0–12h window it is often transient and nonspecific."
13_24h_absolute_neutrophil_count_max,0.04,"Persistently high neutrophils can indicate ongoing inflammation/infection and higher acuity, which indirectly increases AKI risk. Still an indirect marker rather than a renal-specific predictor."
0_12h_absolute_neutrophil_count_min,0.01,Low neutrophil counts are not a typical mechanistic trigger for postoperative AKI and are uncommon immediately after surgery. Limited prognostic value for creatinine rise.
13_24h_absolute_neutrophil_count_min,0.01,Neutropenia is not an established predictor of AKI in this context and more often reflects hematologic issues or medications. Weak link to renal perfusion or tubular injury.
0_12h_absolute_neutrophil_count_measured,0.02,Measurement frequency mainly reflects routine postoperative lab ordering and clinician monitoring rather than physiology. In 0–12h it is standard-of-care and weakly informative.
13_24h_absolute_neutrophil_count_measured,0.03,"More frequent CBC differentials may reflect concern for infection/instability, which can co-occur with AKI risk. Still a behavioral proxy and should remain low."
25_36h_absolute_neutrophil_count_measured,0.04,"Increased measurement frequency closer to the outcome may indicate evolving complications (infection, shock) that raise AKI risk. Nonetheless it is indirect and prone to practice-pattern confounding."
0_12h_troponin_measured,0.02,"Troponin ordering early after cardiac surgery is common and often protocolized, so frequency is a weak proxy for myocardial injury. Any AKI link is indirect via low cardiac output/hypoperfusion."
13_24h_troponin_measured,0.03,"Repeated troponins in this phase may signal concern for perioperative MI or ongoing hemodynamic compromise, which can contribute to renal hypoperfusion. Still a behavioral marker and not renal-specific."
25_36h_troponin_measured,0.04,"Continued troponin monitoring late suggests suspected myocardial injury/low output state, an established contributor to AKI risk. As a measurement-frequency feature it remains capped low."
0_12h_po2_mean,0.02,"Average PaO2 in the immediate postoperative period is heavily influenced by ventilator settings and transient physiology. Hypoxemia can worsen renal ischemia, but mean PaO2 is a blunt, nonspecific marker."
13_24h_po2_mean,0.03,"Sustained oxygenation deficits may reflect pulmonary dysfunction and overall severity, indirectly increasing AKI risk. Mean PaO2 is less informative than extremes for acute insults."
25_36h_po2_mean,0.04,"Persistently low average PaO2 closer to hour 60 can indicate ongoing hypoxemia and critical illness, which can contribute to renal injury. Still indirect and less specific than hemodynamic/renal labs."
0_12h_po2_max,0.01,"High PaO2 peaks are usually iatrogenic (high FiO2) and not a recognized driver of postoperative AKI. As an extreme, hyperoxia has uncertain renal impact and is not a strong predictor."
13_24h_po2_max,0.01,PaO2 maxima largely reflect ventilator management rather than pathology and have weak evidence for predicting AKI. Limited mechanistic link to creatinine rise.
25_36h_po2_max,0.01,Late PaO2 peaks remain primarily treatment-driven and do not capture a clear AKI-triggering insult. Minimal expected incremental value for predicting creatinine_ratio.
0_12h_po2_min,0.03,"Low PaO2 can reflect hypoxemia and overall cardiopulmonary instability that may contribute to renal ischemia, but early post-op hypoxemia is often transient and treated promptly."
13_24h_po2_min,0.04,"Persistent hypoxemia into the trajectory phase may indicate ongoing respiratory/cardiac dysfunction and higher illness severity, indirectly increasing AKI risk via reduced oxygen delivery."
25_36h_po2_min,0.06,"Later sustained or recurrent hypoxemia closer to the outcome window can signal ongoing low oxygen delivery and shock physiology, which can worsen renal tubular injury risk."
0_12h_po2_measured,0.01,"Measurement frequency mainly reflects monitoring intensity and clinician concern rather than a direct physiologic driver of AKI, especially in the immediate post-op period."
13_24h_po2_measured,0.02,"More frequent PaO2 checks may proxy respiratory instability/acuity, but remains an indirect behavioral signal and is collinear with actual oxygenation values."
25_36h_po2_measured,0.03,"Increased testing late may indicate ongoing instability and escalation of care, modestly associated with AKI risk but not mechanistic."
0_12h_potassium_mean,0.02,"Average potassium early is influenced by perioperative shifts, transfusions, and treatment; it is a weak indirect marker of renal handling and severity in this window."
13_24h_potassium_mean,0.03,"Mean potassium may reflect evolving renal excretion impairment, but averages are less sensitive than extremes for detecting early AKI-related hyperkalemia."
25_36h_potassium_mean,0.05,"Later mean potassium can reflect sustained impaired renal clearance and ongoing catabolism, but is still less specific than peak potassium for AKI signal."
0_12h_potassium_max,0.06,"Peak potassium captures acute hyperkalemia episodes that can accompany early renal hypoperfusion or hemolysis; however, immediate post-CPB effects and treatment limit specificity."
13_24h_potassium_max,0.1,"Hyperkalemia peaks in this phase more plausibly reflect impaired renal excretion and worsening physiology, making it a stronger AKI-associated signal than the mean."
25_36h_potassium_max,0.16,"Late peak potassium is a strong indicator of reduced renal clearance and impending/established AKI, and is temporally close to the creatinine outcome."
0_12h_potassium_min,0.01,Hypokalemia is more often driven by diuretics/insulin shifts and is not a typical direct marker of AKI; early post-op values are frequently iatrogenic.
13_24h_potassium_min,0.01,"Low potassium remains a weak and nonspecific signal for AKI compared with hyperkalemia, and often reflects treatment effects rather than renal failure."
25_36h_potassium_min,0.01,Later hypokalemia is still not a direct AKI biomarker and is commonly related to diuresis or replacement strategies rather than intrinsic renal injury.
0_12h_potassium_measured,0.02,"More frequent potassium checks may indicate instability (arrhythmias, acid-base issues, renal concern), but it is a behavioral proxy and should be kept low to avoid redundancy with potassium values."
13_24h_potassium_measured,0.02,"Measurement frequency mainly reflects clinician concern/monitoring intensity rather than a direct AKI mechanism. Some association is plausible if rising K prompts repeat checks, but keep low to avoid behavioral confounding."
25_36h_potassium_measured,0.03,"Closer to the 60h creatinine outcome, frequent potassium checks may signal evolving renal dysfunction or instability. Still a behavioral proxy, so capped below 0.05."
0_12h_total_bilirubin_mean,0.02,"Average bilirubin early after surgery is a nonspecific marker of hepatic congestion/hemolysis and illness severity, with only indirect links to AKI. Mean is also less informative than extremes for acute insult."
0_12h_total_bilirubin_max,0.05,"Early peak bilirubin can reflect hemolysis from CPB or hepatic hypoperfusion/congestion, which correlates with systemic hypoperfusion and AKI risk. In the 0–12h epoch, cap conservatively."
0_12h_total_bilirubin_min,0.01,Minimum bilirubin is not clinically meaningful for AKI prediction and largely reflects baseline/normal values. Weak physiologic linkage.
0_12h_total_bilirubin_measured,0.01,How often bilirubin is checked is primarily practice-pattern/acuity signaling and not a renal mechanism. Early post-op labs are often routine.
13_24h_total_bilirubin_measured,0.02,"Repeat bilirubin testing in this phase may indicate concern for ongoing hemolysis or hepatic dysfunction, indirectly associated with AKI risk. Still a behavioral proxy, so kept low."
25_36h_total_bilirubin_measured,0.03,"Later repeated bilirubin checks may reflect persistent organ dysfunction and higher illness severity closer to the outcome window. Nonetheless it is not a direct biomarker of AKI, so capped <0.05."
0_12h_rbc_count_mean,0.02,"Mean RBC count early post-op reflects hemodilution/bleeding/transfusion context, which can relate indirectly to renal hypoperfusion. Mean is less specific than nadir for ischemic risk."
13_24h_rbc_count_mean,0.03,"Sustained anemia/hemodilution during the trajectory phase can contribute to reduced oxygen delivery and AKI risk, but is indirect and confounded by transfusion/fluids. Keep modest."
25_36h_rbc_count_mean,0.04,"Persistently low RBC count closer to hour 60 may indicate ongoing anemia/bleeding and reduced oxygen delivery, plausibly increasing AKI risk. Still indirect and collinear with min, so kept <0.05."
0_12h_rbc_count_max,0.01,High RBC count is rarely a driver of AKI in this setting and often reflects hemoconcentration or measurement variability. Not a typical post-cardiac surgery AKI predictor.
13_24h_rbc_count_max,0.01,Maximum RBC count is not a meaningful marker for renal injury risk compared with anemia/nadir. Likely reflects transfusion or hemoconcentration without direct AKI linkage.
25_36h_rbc_count_max,0.01,Peak RBC count late is not a recognized trigger for AKI and is less informative than anemia-related measures. Kept minimal to avoid redundancy.
0_12h_rbc_count_min,0.05,"Early nadir RBC count captures acute anemia/hemodilution from bleeding/CPB, which can reduce renal oxygen delivery and contribute to AKI risk. Conservative cap due to immediate post-op transience (0–12h)."
13_24h_rbc_count_min,0.07,"Nadir RBC count in 13–24h reflects whether anemia persists beyond the immediate operative period, which is more prognostic for impaired oxygen delivery and AKI risk. More informative than mean/max, so scored higher within epoch limits."
25_36h_rbc_count_min,0.06,Low RBC count (anemia/hemodilution or bleeding) can worsen renal oxygen delivery and is associated with postoperative AKI risk. The minimum in the 25–36h window best captures clinically relevant nadir anemia close to the outcome.
0_12h_rbc_count_measured,0.01,Measurement frequency mainly reflects monitoring intensity/transfusion workup rather than a direct AKI mechanism. Early (0–12h) ordering is routine after cardiac surgery and is weakly specific for impending AKI.
13_24h_rbc_count_measured,0.02,"More frequent RBC checks may indicate ongoing bleeding/hemodynamic instability, which can relate indirectly to AKI risk, but it remains a behavioral proxy. Cap kept low to avoid over-weighting monitoring patterns."
25_36h_rbc_count_measured,0.03,"Late frequent RBC monitoring can signal persistent bleeding/transfusion needs and higher illness severity, indirectly increasing AKI risk. Still a utilization marker rather than physiology, so kept <0.05."
0_12h_d_dimer_measured,0.01,"Ordering D-dimer early is nonspecific and often protocolized or driven by thrombotic concern rather than renal injury. As a measured/ordered indicator in 0–12h, it has minimal direct linkage to creatinine rise."
13_24h_d_dimer_measured,0.02,"D-dimer ordering may reflect concern for thrombosis/PE or inflammatory coagulopathy, which can correlate with severity and AKI risk indirectly. However it is not a direct renal biomarker and remains a behavioral proxy."
25_36h_d_dimer_measured,0.03,"Late D-dimer ordering may indicate evolving thrombotic/inflammatory complications and higher acuity, which can contribute to renal hypoperfusion or microthrombi indirectly. Still not mechanistic for AKI and capped <0.05."
0_12h_teg_activated_clotting_time_measured,0.01,"TEG ACT measurement early is common after cardiopulmonary bypass to guide heparin reversal and transfusion, not kidney-specific. As a measured feature in 0–12h it provides little incremental AKI prediction."
13_24h_teg_activated_clotting_time_measured,0.02,"Continued TEG ACT monitoring may reflect ongoing coagulopathy/bleeding requiring transfusion, indirectly associated with AKI. It remains a monitoring-intensity proxy and is kept low."
25_36h_teg_activated_clotting_time_measured,0.03,"Late TEG ACT measurement suggests persistent coagulopathy/bleeding management and higher severity, which can relate indirectly to AKI via hypotension/transfusion burden. Still a utilization marker, so <0.05."
0_12h_percent_immature_granulocyte_mean,0.02,"Immature granulocytes reflect systemic inflammation/stress, which can contribute to AKI risk, but early postoperative inflammation is common and often transient. Mean is less informative than extremes for acute inflammatory surges."
13_24h_percent_immature_granulocyte_mean,0.03,Sustained inflammation in the trajectory phase can be associated with complications (infection/SIRS) that increase AKI risk. Mean remains a smoothed marker and is less specific than maxima.
0_12h_percent_immature_granulocyte_max,0.05,"A high early peak immature granulocyte percentage may indicate an exaggerated inflammatory response, which is linked to postoperative organ dysfunction including AKI. In 0–12h this is capped and preferred over mean/min as the most pathologic signal."
13_24h_percent_immature_granulocyte_max,0.07,"A higher peak in 13–24h suggests ongoing/worsening inflammation or early infection, which is more prognostic for later AKI than immediate postoperative changes. Max is favored over mean/min to reduce collinearity and capture the insult."
0_12h_percent_immature_granulocyte_min,0.01,The minimum immature granulocyte percentage is not a plausible driver or marker of AKI and mainly reflects baseline/measurement noise. Also redundant given max/mean options.
13_24h_percent_immature_granulocyte_min,0.01,Low nadir immature granulocytes is not clinically informative for AKI risk and is largely redundant with other aggregations. Kept at minimal importance to avoid collinearity.
0_12h_percent_immature_granulocyte_measured,0.005,Measurement frequency of immature granulocytes mainly reflects clinician concern for infection/inflammation rather than a direct AKI mechanism. Early post-op ordering is common and nonspecific.
13_24h_percent_immature_granulocyte_measured,0.01,"More frequent checks may indicate evolving sepsis/SIRS, which can contribute to AKI, but this is an indirect behavioral proxy. Keep low to avoid over-weighting practice-pattern effects."
25_36h_percent_immature_granulocyte_measured,0.02,"In the closest window to outcome, repeated ordering can signal clinical deterioration (possible infection/shock) that raises AKI risk. Still indirect and should remain <0.05."
0_12h_teg_fibrinolysis_measured,0.005,TEG fibrinolysis testing reflects bleeding/coagulopathy management and is not a direct predictor of renal injury. In the immediate post-op period it is often protocol-driven.
13_24h_teg_fibrinolysis_measured,0.01,"Repeat TEG may indicate ongoing bleeding/transfusion needs, which can secondarily affect renal perfusion, but remains an indirect proxy. Limited specificity for AKI."
25_36h_teg_fibrinolysis_measured,0.015,Late TEG ordering may reflect persistent coagulopathy/bleeding requiring interventions that can worsen renal perfusion. Still not a renal biomarker and should stay low.
0_12h_creatinine_ratio_mean,0.05,Early postoperative creatinine changes can reflect hemodilution and transient peri-CPB effects; mean adds smoothing and collinearity with max. Cap to avoid redundancy and because 0–12h is less prognostic.
13_24h_creatinine_ratio_mean,0.1,"A sustained rise in creatinine ratio during the trajectory phase suggests evolving AKI, but mean is less sensitive than extremes and is collinear with max. Moderate importance within epoch cap."
25_36h_creatinine_ratio_mean,0.2,Creatinine ratio close to hour 60 is a strong direct predictor of subsequent creatinine ratio and AKI progression. Mean in this window captures sustained renal dysfunction and is highly prognostic.
0_12h_creatinine_ratio_max,0.08,"An early peak creatinine ratio may indicate acute renal insult, but immediate post-op values can be noisy from fluid shifts and CPB effects. Still, extremes are more informative than mean in this window."
13_24h_creatinine_ratio_max,0.18,A peak creatinine ratio in 13–24h is a strong indicator of worsening renal function beyond transient perioperative changes. Extremes better capture clinically meaningful AKI signal than mean.
25_36h_creatinine_ratio_max,0.45,A high peak creatinine ratio in the 25–36h window is a near-direct biomarker of established AKI and strongly predicts the hour-60 creatinine ratio. This is the most proximal and pathophysiologically specific signal available.
0_12h_creatinine_ratio_min,0.01,Low creatinine ratio early is often due to hemodilution and does not indicate protection from AKI. The minimum is generally less informative for renal injury than the maximum.
13_24h_creatinine_ratio_min,0.01,The minimum creatinine ratio mainly reflects dilution/recovery moments and is not a trigger for AKI. Adds collinearity without capturing the injury signal.
25_36h_creatinine_ratio_min,0.02,"A low minimum late may reflect intermittent dilution or partial recovery, but AKI prediction is driven by elevations rather than minima. Keep low to prioritize max/mean signals."
0_12h_creatinine_ratio_measured,0.02,"More frequent creatinine checks can reflect clinician concern for renal dysfunction, but it is a behavioral proxy and early post-op labs are often routine. Keep <0.05 per measurement-frequency rule."
13_24h_creatinine_ratio_measured,0.03,Measurement frequency reflects clinician concern and monitoring intensity rather than renal physiology. It may weakly proxy evolving instability/AKI suspicion but should remain low to avoid behavioral confounding.
25_36h_creatinine_ratio_measured,0.04,"Closer to the 60h outcome, more frequent creatinine checks can indicate emerging renal dysfunction or hemodynamic issues. Still a utilization signal (not a biomarker), so kept <0.05."
0_12h_x25_percent_albumin_dose_total_12h,0.03,"Hyperoncotic albumin is often given for hypotension/low oncotic pressure and may correlate with shock/third spacing, indirectly relating to AKI risk. In the immediate post-op window this is often routine/resuscitative and nonspecific (capped conservatively)."
13_24h_x25_percent_albumin_dose_total_12h,0.05,"Ongoing need for 25% albumin in the trajectory phase can indicate persistent vasoplegia/capillary leak and aggressive volume management, which can accompany renal hypoperfusion. Still indirect and treatment-driven, so capped at 0.05."
25_36h_x25_percent_albumin_dose_total_12h,0.08,"Late requirement for 25% albumin suggests persistent hemodynamic/oncotic derangements and continued resuscitation, which are associated with AKI after cardiac surgery. This is a stronger leading indicator but remains indirect (therapy marker)."
0_12h_albumin_5_percent_dose_total_12h,0.02,5% albumin is a common early post-op volume expander and mainly reflects resuscitation practice rather than a specific AKI mechanism. Early period effects are often transient and nonspecific.
13_24h_albumin_5_percent_dose_total_12h,0.03,Continued colloid resuscitation may indicate ongoing hypotension/third spacing that can contribute to renal hypoperfusion. However it is largely a treatment proxy and not a direct predictor.
25_36h_albumin_5_percent_dose_total_12h,0.05,"Late need for volume expansion can reflect persistent hemodynamic compromise and fluid shifts, which are associated with AKI risk. Still indirect and potentially collinear with other resuscitation/hemodynamic variables, so kept low."
0_12h_acetaminophen_codeine_dose_total_12h,0.005,Analgesic use is not a meaningful physiologic driver of AKI in this context; codeine/acetaminophen are not typical nephrotoxins at usual doses. Primarily reflects pain management.
13_24h_acetaminophen_codeine_dose_total_12h,0.005,Ongoing use mainly indicates analgesia needs and does not directly affect renal perfusion or tubular injury. Any association would be confounded by illness severity and care patterns.
25_36h_acetaminophen_codeine_dose_total_12h,0.005,Not a recognized predictor of post-cardiac surgery AKI; largely unrelated to renal pathophysiology. Kept at minimal importance for sparsity.
0_12h_acetaminophen_dose_total_12h,0.005,Acetaminophen is not nephrotoxic at standard dosing and does not meaningfully predict AKI after cardiac surgery. Reflects routine post-op analgesia/antipyresis.
13_24h_acetaminophen_dose_total_12h,0.005,Routine medication with minimal mechanistic link to AKI; any signal would be indirect and confounded. Kept very low.
25_36h_acetaminophen_dose_total_12h,0.005,No strong physiologic relationship to AKI risk; primarily a marker of symptom control. Minimal inclusion probability to maintain sparsity.
0_12h_allopurinol_dose_total_12h,0.01,Allopurinol use reflects underlying gout/hyperuricemia and chronic comorbidity rather than acute renal injury risk in the ICU. Not a typical perioperative AKI driver (kept very low).
13_24h_allopurinol_dose_total_12h,0.01,Continuation of home allopurinol is not a direct predictor of AKI and is often held/variable by practice. Any association would be indirect via comorbidity and thus weak.
25_36h_allopurinol_dose_total_12h,0.01,Allopurinol use is usually for gout/hyperuricemia and is not a typical perioperative driver of AKI after cardiac surgery. Dose in this window is more reflective of chronic medication continuation than renal perfusion injury.
0_12h_aminocaproic_acid_dose_total_12h,0.01,"Aminocaproic acid is an antifibrinolytic used to reduce bleeding and is not a direct nephrotoxin. In the immediate post-op period it has weak, indirect association with AKI at most."
13_24h_aminocaproic_acid_dose_total_12h,0.01,Continued antifibrinolytic exposure is not an established predictor of postoperative AKI. Any association would be confounded by bleeding severity and transfusion needs rather than direct renal injury.
25_36h_aminocaproic_acid_dose_total_12h,0.02,"Late use may proxy ongoing bleeding/complex course, which can contribute indirectly to renal hypoperfusion. Still not a primary or direct AKI mechanism."
0_12h_amiodarone_dose_total_12h,0.02,"Amiodarone itself is not typically nephrotoxic, but early use may indicate postoperative arrhythmia and hemodynamic instability. Given the 0–12h window, effects are often transient and confounded."
13_24h_amiodarone_dose_total_12h,0.03,Ongoing amiodarone use can reflect persistent atrial/ventricular arrhythmias with reduced cardiac output and renal perfusion. This is an indirect but plausible link to later creatinine rise.
25_36h_amiodarone_dose_total_12h,0.05,"In the 25–36h leading window, amiodarone dosing may better capture sustained arrhythmia/low-output physiology that predisposes to AKI. Still indirect and not a renal biomarker, so kept low for sparsity."
0_12h_amlodipine_dose_total_12h,0.01,Amlodipine is a chronic antihypertensive and is rarely a key determinant of acute postoperative renal injury. Early administration is more about medication reconciliation than AKI pathophysiology.
13_24h_amlodipine_dose_total_12h,0.01,Continuation of amlodipine has minimal direct relationship to renal perfusion compared with ICU hemodynamics and vasopressor needs. Any effect is weak and confounded by baseline hypertension management.
25_36h_amlodipine_dose_total_12h,0.02,"Late resumption may indicate hemodynamic stability, which could correlate with lower AKI risk, but this is an indirect signal. Not a strong predictor of creatinine_ratio."
0_12h_ampicillin_dose_total_12h,0.01,Ampicillin is not a common cause of AKI in this setting and early dosing usually reflects prophylaxis or empiric coverage. Weak and nonspecific association with renal outcomes.
13_24h_ampicillin_dose_total_12h,0.02,"Antibiotic use may proxy suspected infection/sepsis, which can contribute to AKI, but ampicillin itself is not strongly nephrotoxic. Association is indirect and likely confounded."
25_36h_ampicillin_dose_total_12h,0.03,"In the 25–36h window, ongoing antibiotics can indicate evolving infection/inflammation and hemodynamic stress that increases AKI risk. Still an indirect marker rather than a direct renal insult."
0_12h_angiotensin_ii_dose_total_12h,0.08,"Angiotensin II use indicates vasodilatory shock and severe hemodynamic compromise, a known driver of renal hypoperfusion and AKI. In 0–12h this may be transient post-CPB, so capped below 0.10."
13_24h_angiotensin_ii_dose_total_12h,0.15,Requirement for angiotensin II at 13–24h suggests persistent vasoplegia/shock with high AKI risk due to sustained renal hypoperfusion and inflammatory injury. This is a strong severity-of-illness signal.
25_36h_angiotensin_ii_dose_total_12h,0.22,"Ongoing angiotensin II at 25–36h implies refractory shock close to the outcome window, strongly predicting subsequent creatinine rise. Persistent shock is a direct pathway to ischemic tubular injury and AKI."
0_12h_apixaban_dose_total_12h,0.01,Apixaban exposure is not a direct driver of postoperative AKI; dosing mainly reflects anticoagulation strategy/bleeding risk. In the immediate 0–12h window it is unlikely to add specific signal for creatinine rise.
13_24h_apixaban_dose_total_12h,0.02,"Ongoing DOAC use may weakly proxy clinical stability and renal dosing considerations, but it is not nephrotoxic. Limited indirect association with AKI risk."
25_36h_apixaban_dose_total_12h,0.03,"Later apixaban dosing can reflect clinician comfort with hemostasis and renal function (dose adjustments/holding), providing a small indirect signal. Still not a mechanistic predictor of AKI."
0_12h_aspirin_dose_total_12h,0.01,Low-dose aspirin is standard post-cardiac surgery and is not typically nephrotoxic at antiplatelet doses. Early administration is routine and offers minimal AKI-specific information.
13_24h_aspirin_dose_total_12h,0.01,Continued aspirin use is largely protocol-driven and not a renal perfusion marker. Weak/no direct link to postoperative creatinine trajectory.
25_36h_aspirin_dose_total_12h,0.01,Aspirin at typical doses does not meaningfully predict AKI after cardiac surgery. Any association would be confounded by routine care patterns.
0_12h_atorvastatin_dose_total_12h,0.02,"Statins may have modest anti-inflammatory/pleiotropic effects and are generally kidney-safe; early dosing is often routine. In 0–12h, limited incremental predictive value for AKI."
13_24h_atorvastatin_dose_total_12h,0.03,"Continuation of statin therapy may weakly reflect overall stability and lower systemic inflammation, but evidence for AKI prediction is indirect. Small inclusion probability appropriate."
25_36h_atorvastatin_dose_total_12h,0.04,"Later statin administration could weakly correlate with recovery trajectory and reduced inflammatory injury, but it is not a direct biomarker. Kept low to maintain sparsity."
0_12h_bisacodyl_dose_total_12h,0.005,Bisacodyl use reflects bowel regimen practices rather than renal physiology. No meaningful mechanistic link to AKI.
13_24h_bisacodyl_dose_total_12h,0.005,Laxative administration is routine ICU care and not informative for renal perfusion or tubular injury. Any association would be incidental.
25_36h_bisacodyl_dose_total_12h,0.005,Bowel regimen use does not predict creatinine rise and is largely protocol-driven. Minimal relevance to AKI risk.
0_12h_bivalirudin_dose_total_12h,0.03,"Bivalirudin use often indicates HIT concern or complex anticoagulation needs, which can correlate with higher acuity and complications. Indirect association only, and early window is capped conservatively."
13_24h_bivalirudin_dose_total_12h,0.05,"Ongoing bivalirudin may signal persistent critical illness, thrombosis/bleeding complexity, and potential hemodynamic instability that can contribute to AKI. Still primarily a proxy rather than a direct renal marker."
25_36h_bivalirudin_dose_total_12h,0.06,Continued need for bivalirudin closer to outcome can reflect sustained high acuity and complications that predispose to renal hypoperfusion. Modest predictive value but not definitive.
0_12h_bumetanide_dose_total_12h,0.08,"Loop diuretic requirement early after surgery can indicate volume overload, venous congestion, or low cardiac output states that are linked to AKI risk. In 0–12h it is informative but capped due to immediate postoperative confounding."
13_24h_bumetanide_dose_total_12h,0.08,"Loop diuretic requirement in the trajectory phase can reflect volume overload/venous congestion or diuretic resistance, both associated with AKI risk after cardiac surgery. Less direct than urine output/creatinine but clinically informative."
25_36h_bumetanide_dose_total_12h,0.12,"Nearer to the outcome window, escalating bumetanide dose often signals persistent congestion or worsening renal perfusion/diuretic resistance, which correlates with subsequent creatinine rise. Still an indirect marker rather than a biomarker."
0_12h_calcium_acetate_dose_total_12h,0.01,Calcium acetate is a phosphate binder and typically reflects chronic kidney disease management rather than acute postoperative renal injury. In the immediate post-op window it is not a mechanistic driver of AKI.
13_24h_calcium_acetate_dose_total_12h,0.02,"Use may indicate underlying CKD/mineral bone disease, a baseline AKI risk factor, but it is not a direct predictor of acute creatinine change. Medication ordering is also practice-pattern dependent."
25_36h_calcium_acetate_dose_total_12h,0.03,"Continued phosphate binder use can proxy pre-existing CKD, which increases susceptibility to postoperative AKI, but it does not directly cause creatinine rise. Kept low to avoid over-weighting a chronic-care medication."
0_12h_calcium_carbonate_dose_total_12h,0.01,Calcium carbonate is commonly used for supplementation/antacid or as a binder and has no strong direct link to acute postoperative AKI. Early post-op administration is often routine.
13_24h_calcium_carbonate_dose_total_12h,0.02,"May weakly reflect CKD-related binder use or electrolyte management, but it is not a recognized driver or early marker of AKI. High confounding by indication and routine care."
25_36h_calcium_carbonate_dose_total_12h,0.03,"Could serve as a mild proxy for underlying CKD/mineral metabolism issues, which increases AKI vulnerability, but remains indirect and non-specific. Therefore kept below 0.05 for sparsity."
0_12h_calcium_chloride_dose_total_12h,0.05,"Calcium chloride is often given during/after bypass for hemodynamic support and to treat hypocalcemia; it can correlate with severity of shock/transfusion, which impacts renal perfusion. In 0–12h, derangements are common so capped conservatively."
13_24h_calcium_chloride_dose_total_12h,0.06,"Ongoing need for calcium chloride beyond the immediate post-op period may indicate persistent hemodynamic instability or massive transfusion physiology, both linked to AKI risk. Still an indirect severity marker."
25_36h_calcium_chloride_dose_total_12h,0.08,"Late requirement suggests continued instability/vasoplegia management or ongoing transfusion-related derangements, which can impair renal perfusion and predict creatinine rise. Not a renal biomarker, so kept moderate."
0_12h_calcium_gluconate_dose_total_12h,0.04,"Calcium gluconate use early post-op often reflects electrolyte correction and illness severity rather than direct renal injury. Immediate post-op variability is high, so importance is limited."
13_24h_calcium_gluconate_dose_total_12h,0.05,"Continued calcium replacement can indicate ongoing critical illness, transfusion/citrate load, or instability that may contribute to renal hypoperfusion. Association is indirect and non-specific."
25_36h_calcium_gluconate_dose_total_12h,0.06,"Late calcium replacement may track persistent critical illness or ongoing transfusion/metabolic issues, which are associated with AKI risk. Still a proxy variable, so kept below established hemodynamic predictors."
0_12h_carvedilol_dose_total_12h,0.01,"Beta-blocker administration early post-op is usually continuation of chronic therapy and not a direct determinant of AKI. It may be held in shock, making interpretation highly confounded."
13_24h_carvedilol_dose_total_12h,0.02,"Resumption/withholding of carvedilol can reflect hemodynamic stability, but it is an indirect and practice-dependent signal rather than a mechanistic AKI predictor. Kept low for sparsity."
25_36h_carvedilol_dose_total_12h,0.02,"Beta-blockade can contribute to lower cardiac output or hypotension in susceptible patients, indirectly affecting renal perfusion. In ICU post-op settings it more often reflects chronic therapy/resumption than an AKI driver."
0_12h_cefepime_dose_total_12h,0.01,"Cefepime is not a common direct nephrotoxin; dosing early post-op mainly reflects empiric infection coverage. The 0–12h window is also dominated by transient perioperative changes, so predictive value for later creatinine rise is weak."
13_24h_cefepime_dose_total_12h,0.02,"Ongoing broad-spectrum antibiotics may proxy evolving infection/sepsis, which can precipitate AKI via inflammation and hemodynamic instability. Cefepime itself is not strongly nephrotoxic, so the link is indirect."
25_36h_cefepime_dose_total_12h,0.03,"Continued cefepime closer to the outcome can indicate persistent infection/clinical deterioration, a recognized AKI risk context. The medication is still an indirect marker rather than a direct renal injury mechanism."
0_12h_ceftriaxone_dose_total_12h,0.01,Ceftriaxone has minimal intrinsic nephrotoxicity and early administration is typically routine prophylaxis/empiric therapy. It provides little specific signal for subsequent AKI in the immediate post-op period.
13_24h_ceftriaxone_dose_total_12h,0.01,"Use may reflect infection workup/treatment, but ceftriaxone is not a strong AKI driver and is often chosen for non-renal reasons. Thus it is a weak indirect proxy at best."
25_36h_ceftriaxone_dose_total_12h,0.02,"Antibiotic continuation in the 25–36h window can signal ongoing infection/inflammation, which increases AKI risk. Ceftriaxone itself is rarely nephrotoxic, so importance remains low."
0_12h_clonidine_dose_total_12h,0.01,"Clonidine can lower sympathetic tone and blood pressure, but early post-op dosing is uncommon and often reflects sedation/analgesia strategy rather than renal risk. Any AKI association would be indirect via hypotension."
13_24h_clonidine_dose_total_12h,0.02,"If clonidine is used for agitation/withdrawal or hypertension control, it may correlate with overall instability and potential hypotension affecting renal perfusion. Still, it is not an established AKI predictor."
25_36h_clonidine_dose_total_12h,0.03,"Closer to hour 60, clonidine exposure could contribute to sustained lower MAP in frail elderly patients, indirectly worsening renal perfusion. More often it is a management choice, so it remains a low-probability feature."
0_12h_clopidogrel_dose_total_12h,0.01,Clopidogrel is not nephrotoxic and does not directly affect renal perfusion. Early post-op use mainly reflects antiplatelet strategy rather than AKI pathophysiology.
13_24h_clopidogrel_dose_total_12h,0.01,"Continuation indicates cardiovascular management and bleeding/thrombosis considerations, not renal injury mechanisms. Any association with AKI would be confounded and weak."
25_36h_clopidogrel_dose_total_12h,0.01,Clopidogrel has no direct link to creatinine rise; it is unlikely to add predictive value beyond hemodynamics and renal labs. Therefore it should be kept very low for sparsity.
0_12h_colchicine_dose_total_12h,0.01,"Colchicine is not a typical cause of AKI at standard doses; early use may relate to pericarditis prophylaxis/treatment. Renal effects are mainly relevant in pre-existing CKD with toxicity, which is indirect here."
13_24h_colchicine_dose_total_12h,0.02,"Use may indicate inflammatory complications (e.g., pericarditis) and overall illness burden, which can correlate with AKI risk. Colchicine itself is not a strong renal insult, so importance remains low."
25_36h_colchicine_dose_total_12h,0.02,"Ongoing colchicine closer to the outcome may reflect persistent inflammation and higher acuity, indirectly associated with AKI. Direct nephrotoxicity is uncommon, so inclusion probability should stay low."
0_12h_d10_lr_dose_total_12h,0.01,"D10 in lactated Ringer’s is primarily a maintenance/caloric fluid choice and is not a direct AKI driver. In the immediate 0–12h post-op window, its use is common and weakly specific for renal injury."
13_24h_d10_lr_dose_total_12h,0.02,Ongoing need for dextrose-containing balanced crystalloid may reflect nutrition/insulin management rather than renal perfusion. Only an indirect link via overall fluid strategy and illness severity.
25_36h_d10_lr_dose_total_12h,0.03,"Later continued D10 LR could correlate with persistent ICU complexity and fluid administration patterns, which can relate to AKI risk through congestion/hemodilution. Still nonspecific and not a nephrotoxic exposure."
0_12h_d10w_dose_total_12h,0.01,D10W use early post-op is typically for hypoglycemia prevention/treatment and does not directly affect renal tubular injury. In 0–12h it is common and poorly discriminative for later creatinine rise.
13_24h_d10w_dose_total_12h,0.03,"D10W volume may act as a proxy for metabolic instability or insulin therapy needs, indirectly associated with severity of illness. It is not a direct hemodynamic or nephrotoxic mechanism for AKI."
25_36h_d10w_dose_total_12h,0.04,Persistent D10W requirement closer to the outcome may reflect ongoing critical illness and fluid exposure that can contribute to renal congestion. Association is indirect and expected to be weak.
0_12h_d5_0_45ns_dose_total_12h,0.03,"Hypotonic saline with dextrose is a maintenance fluid; large volumes could contribute to overall fluid balance and hemodilution but not direct AKI. Early post-op fluid choices are often protocolized, limiting specificity."
13_24h_d5_0_45ns_dose_total_12h,0.03,"Use in the trajectory phase may reflect ongoing maintenance needs and cumulative fluid exposure, which can relate to AKI via venous congestion. Still a nonspecific marker compared with hemodynamics/renal labs."
25_36h_d5_0_45ns_dose_total_12h,0.04,"Later maintenance fluid administration may correlate with positive fluid balance and congestion, which can worsen renal function after cardiac surgery. The link remains indirect and modest."
0_12h_d5_lr_dose_total_12h,0.02,"D5 LR is generally a maintenance/balanced fluid choice and not a direct AKI trigger. In the immediate post-bypass period, its administration is common and weakly predictive."
13_24h_d5_lr_dose_total_12h,0.03,"Continued balanced crystalloid with dextrose may reflect ongoing fluid needs and overall resuscitation strategy, indirectly tied to AKI through fluid overload. Not a direct biomarker or nephrotoxin."
25_36h_d5_lr_dose_total_12h,0.05,"In the 25–36h window, higher maintenance/resuscitation fluid volumes can contribute to venous congestion and renal dysfunction after cardiac surgery. Still indirect and should remain low to preserve sparsity."
0_12h_d5_ns_dose_total_12h,0.03,"D5 normal saline can contribute to chloride load and acid-base effects, which have been associated with AKI risk, but early post-op use is often routine. The immediate 0–12h period is noisy and transient."
13_24h_d5_ns_dose_total_12h,0.04,Ongoing chloride-rich fluid exposure may modestly increase AKI risk via hyperchloremia/renal vasoconstriction and reflects continued fluid administration. Association is plausible but not strong.
25_36h_d5_ns_dose_total_12h,0.05,"Closer to hour 60, continued chloride-rich maintenance/resuscitation may better capture cumulative exposure and fluid strategy linked to AKI. Still an indirect predictor compared with direct renal/hemodynamic markers."
0_12h_d50w_dose_total_12h,0.01,D50W is typically given as bolus treatment for hypoglycemia and has no direct renal toxicity. In the immediate post-op window it is an episodic metabolic-management marker with weak AKI specificity.
13_24h_d50w_dose_total_12h,0.02,D50W use is usually a response to hypoglycemia or insulin therapy rather than a direct AKI driver; it may weakly proxy illness severity. In the 13–24h window it has limited mechanistic linkage to creatinine rise.
25_36h_d50w_dose_total_12h,0.03,"Later D50W requirement can reflect ongoing metabolic instability or aggressive insulin therapy, indirectly marking higher acuity. Still not a direct renal perfusion/nephrotoxin signal, so kept low for sparsity."
0_12h_d5w_dose_total_12h,0.01,D5W is common postoperative maintenance fluid and does not directly predict renal injury. Early (0–12h) fluid choices are often protocolized and transient.
13_24h_d5w_dose_total_12h,0.02,"Ongoing D5W may reflect free-water needs or hypernatremia management, which is only indirectly related to AKI risk. Not a primary determinant of renal hypoperfusion or nephrotoxicity."
25_36h_d5w_dose_total_12h,0.03,"Persistent D5W use closer to outcome may weakly indicate dysnatremia management or evolving fluid strategy, indirectly associated with severity. It is not a direct biomarker or established AKI trigger."
0_12h_dialysate_infusion_dose_total_12h,0.1,"Dialysate infusion implies renal replacement therapy (or preparation for it), which strongly correlates with significant renal dysfunction. Capped at 0.10 due to the 0–12h epoch maximum."
13_24h_dialysate_infusion_dose_total_12h,0.2,Dialysate infusion in the 13–24h trajectory phase indicates ongoing RRT needs and is a strong direct predictor of subsequent creatinine elevation. This is close to a definitive marker of severe AKI physiology.
25_36h_dialysate_infusion_dose_total_12h,0.6,"Dialysate infusion at 25–36h is essentially evidence of established severe AKI requiring RRT, making a high creatinine_ratio at 60h very likely. This is a near-definitive indicator rather than an indirect risk factor."
0_12h_dilaudid_pca_dose_total_12h,0.01,"Opioid PCA dosing primarily reflects analgesia needs and nursing practice, not renal perfusion or nephrotoxicity. Early postoperative dosing is routine and weakly informative for AKI."
13_24h_dilaudid_pca_dose_total_12h,0.01,PCA opioid dose is not an established predictor of AKI and is heavily confounded by pain control strategy and extubation status. Any association with AKI would be indirect at best.
25_36h_dilaudid_pca_dose_total_12h,0.02,"Higher PCA use later may weakly proxy complications limiting mobilization or respiratory status, but it is not mechanistically linked to renal injury. Kept low to avoid adding noise."
0_12h_hydromorphone_dose_total_12h,0.01,Systemic hydromorphone dosing is common post-cardiac surgery and does not directly affect kidney perfusion or tubular injury. Early dosing is largely protocol-driven.
13_24h_hydromorphone_dose_total_12h,0.02,"Ongoing opioid requirement may correlate with overall illness severity or delayed recovery, but it is not a primary AKI driver. Thus only a small inclusion probability."
25_36h_hydromorphone_dose_total_12h,0.03,"Later opioid dosing can indirectly reflect complications or prolonged critical illness, which may co-occur with AKI. Still non-specific and not a direct biomarker, so kept low."
0_12h_dobutamine_dose_total_12h,0.08,Dobutamine use indicates low cardiac output/cardiogenic shock physiology that can reduce renal perfusion and precipitate AKI. Limited by the 0–12h epoch cap and early transient post-bypass support.
13_24h_dobutamine_dose_total_12h,0.15,"Continued dobutamine requirement at 13–24h suggests persistent low-output state and renal hypoperfusion risk, an established driver of postoperative AKI. Stronger signal than immediate post-op support but capped by epoch maximum."
25_36h_dobutamine_dose_total_12h,0.12,"Ongoing dobutamine requirement at 25–36h suggests low cardiac output/cardiogenic shock physiology, which directly reduces renal perfusion and increases AKI risk. Dose intensity can proxy severity of hemodynamic compromise close to the 60h creatinine outcome."
0_12h_docusate_dose_total_12h,0.005,Docusate is routine bowel regimen and has no meaningful physiologic link to renal perfusion or nephrotoxicity. Early post-op use mainly reflects standard ICU care.
13_24h_docusate_dose_total_12h,0.005,Bowel regimen use is not mechanistically related to AKI and is largely protocol-driven. It provides minimal prognostic information for creatinine rise.
25_36h_docusate_dose_total_12h,0.005,Docusate administration does not affect kidney function and is not a marker of hemodynamic instability. Any association would be incidental.
0_12h_dopamine_dose_total_12h,0.06,"Dopamine use in the immediate 0–12h period can indicate hypotension/low output requiring vasoactive support, which can contribute to renal hypoperfusion. However, early post-bypass instability is common and transient, so predictive value is limited."
13_24h_dopamine_dose_total_12h,0.1,"Continued dopamine requirement at 13–24h suggests persistent shock/low cardiac output rather than transient post-op effects, increasing AKI risk via reduced renal blood flow. It is an established hemodynamic risk marker."
25_36h_dopamine_dose_total_12h,0.16,Vasoactive dependence at 25–36h is a strong leading indicator of ongoing hemodynamic compromise and renal hypoperfusion close to the 60h creatinine measurement. Higher doses generally reflect greater severity and higher AKI risk.
0_12h_enoxaparin_dose_total_12h,0.01,Enoxaparin is not typically nephrotoxic and early post-op dosing is driven by VTE prophylaxis protocols. It has little direct relationship to subsequent creatinine rise.
13_24h_enoxaparin_dose_total_12h,0.01,Use mainly reflects prophylaxis decisions and mobility/bleeding risk rather than renal injury mechanisms. Any association with AKI would be indirect and weak.
25_36h_enoxaparin_dose_total_12h,0.02,Later enoxaparin use may weakly reflect clinical stability (able to anticoagulate) but is not a direct AKI driver. Predictive value for creatinine_ratio is likely minimal.
0_12h_ephedrine_sulfate_dose_total_12h,0.03,"Ephedrine boluses suggest perioperative hypotension/vasoplegia, which can transiently reduce renal perfusion. In the immediate 0–12h window this is common and often short-lived, limiting specificity for AKI."
13_24h_ephedrine_sulfate_dose_total_12h,0.04,"Ephedrine use beyond the immediate post-op period may indicate ongoing hypotensive episodes, which can contribute to renal ischemia. Still, it is a nonspecific marker compared with continuous vasoactive requirements."
25_36h_ephedrine_sulfate_dose_total_12h,0.05,"Need for ephedrine at 25–36h implies intermittent hypotension/vasoplegia close to outcome timing, plausibly increasing AKI risk via renal hypoperfusion. As a binary/bolus marker it remains less informative than continuous pressor/inotrope dosing."
0_12h_esmolol_dose_total_12h,0.01,Esmolol use typically reflects tachyarrhythmia or rate control and is not directly nephrotoxic. In the immediate post-op period it is common and not specific for renal injury.
13_24h_esmolol_dose_total_12h,0.02,"May indirectly indicate atrial fibrillation or hemodynamic management complexity, which can correlate with illness severity, but the link to AKI is weak. Not a primary driver of creatinine rise."
25_36h_esmolol_dose_total_12h,0.03,"Ongoing need for rate control late post-op can signal persistent arrhythmia/low effective cardiac output, indirectly affecting renal perfusion. Still a nonspecific and secondary predictor compared with direct hemodynamic support variables."
0_12h_etomidate_dose_total_12h,0.01,Etomidate is not nephrotoxic and peri-induction use has no direct mechanistic link to AKI; any association would be confounded by illness severity. Early (0–12h) exposure is common and transient.
13_24h_etomidate_dose_total_12h,0.01,Ongoing etomidate use is uncommon and would mainly reflect sedation practice rather than renal physiology. No established direct relationship with postoperative creatinine rise.
25_36h_etomidate_dose_total_12h,0.01,"Late etomidate dosing is a weak, nonspecific marker of continued critical illness/sedation needs rather than a driver of AKI. Not a recognized nephrotoxin or renal perfusion determinant."
0_12h_ezetimibe_dose_total_12h,0.005,Ezetimibe has minimal acute hemodynamic or nephrotoxic effects; perioperative continuation is routine. Unlikely to influence creatinine trajectory in the immediate postoperative window.
13_24h_ezetimibe_dose_total_12h,0.005,Represents chronic lipid therapy continuation and is not an AKI risk factor. Any signal would be indirect and highly confounded.
25_36h_ezetimibe_dose_total_12h,0.005,Late administration reflects medication reconciliation rather than renal injury mechanisms. No meaningful expected effect on creatinine_ratio.
0_12h_famotidine_dose_total_12h,0.01,Famotidine is standard stress-ulcer prophylaxis and not a typical cause of AKI; dose may be adjusted for renal function but early dosing is routine. Weak indirect link at most.
13_24h_famotidine_dose_total_12h,0.015,"Continued famotidine may weakly reflect renal-dose adjustment practices, but it is not a driver of AKI. Mostly standard ICU care with limited prognostic value."
25_36h_famotidine_dose_total_12h,0.02,"Later dosing could indirectly reflect clinician awareness of renal function (dose reduction/holding), but remains a weak proxy rather than a causal factor. Kept low to maintain sparsity."
0_12h_fentanyl_pca_dose_total_12h,0.01,Opioid analgesia is not directly nephrotoxic; any association with AKI would be via hypotension/respiratory effects and confounding by pain/surgery severity. Early postoperative use is common.
13_24h_fentanyl_pca_dose_total_12h,0.015,"Higher PCA requirements may correlate with ongoing stress/complications but is an indirect, nonspecific marker. Limited direct mechanistic link to renal perfusion or tubular injury."
25_36h_fentanyl_pca_dose_total_12h,0.02,"Persistent high opioid needs may track with prolonged critical illness and immobility, indirectly associated with AKI risk, but remains nonspecific. Not a direct biomarker or nephrotoxin."
0_12h_fentanyl_dose_total_12h,0.02,"High fentanyl dosing can contribute to hypotension/bradycardia in susceptible patients, indirectly affecting renal perfusion, but effects are usually modest and confounded. Conservative scoring due to 0–12h epoch cap."
13_24h_fentanyl_dose_total_12h,0.03,"Ongoing IV fentanyl requirements may reflect continued ventilation/instability, indirectly linked to AKI risk through severity and hemodynamics. Still nonspecific and not a primary AKI predictor."
25_36h_fentanyl_dose_total_12h,0.04,"Late high fentanyl dosing can be a proxy for prolonged mechanical ventilation and critical illness, which correlate with AKI, but it is not causal or specific. Kept <0.05 to prioritize more direct renal/hemodynamic features elsewhere."
0_12h_flutacisone_nasal_spray_dose_total_12h,0.001,Intranasal fluticasone has negligible systemic absorption and no meaningful relationship to renal perfusion or AKI. Likely medication reconciliation noise.
13_24h_flutacisone_nasal_spray_dose_total_12h,0.005,Intranasal corticosteroid dosing has no meaningful physiologic link to renal perfusion or postoperative AKI risk. Use is typically unrelated to hemodynamic instability or nephrotoxicity.
25_36h_flutacisone_nasal_spray_dose_total_12h,0.005,Intranasal fluticasone is not nephrotoxic and does not reflect renal perfusion status. Its administration is generally incidental to AKI trajectory.
0_12h_folic_acid_dose_total_12h,0.005,Folic acid supplementation is not a driver of AKI and is usually routine or chronic therapy continuation. In the immediate post-op window it provides little prognostic information for creatinine rise.
13_24h_folic_acid_dose_total_12h,0.005,Folic acid use is not mechanistically linked to postoperative renal injury and is unlikely to track clinical deterioration. It mainly reflects baseline supplementation practices.
25_36h_folic_acid_dose_total_12h,0.005,Folic acid dosing does not affect renal perfusion or tubular injury and is not a recognized AKI predictor. Continued administration is typically unrelated to evolving kidney dysfunction.
0_12h_furosemide_dose_total_12h,0.06,"Loop diuretic use early post-op can reflect attempts to manage oliguria/volume overload and may correlate with hemodynamic stress, but the 0–12h period is noisy and transient. It is an indirect marker rather than a direct AKI biomarker."
13_24h_furosemide_dose_total_12h,0.09,"Diuretic requirement in the trajectory phase may indicate persistent congestion, low effective circulating volume, or oliguria prompting treatment, all associated with AKI risk. Still indirect and confounded by clinician practice."
25_36h_furosemide_dose_total_12h,0.12,"Ongoing or escalating furosemide closer to the outcome can signal worsening fluid overload or poor urine output management, both linked to subsequent creatinine rise. It remains a treatment/response marker rather than a definitive renal injury measure."
0_12h_gabapentin_dose_total_12h,0.01,Gabapentin is not typically nephrotoxic in the acute setting and is mainly an analgesic adjunct. Early post-op dosing is unlikely to predict AKI beyond general illness severity.
13_24h_gabapentin_dose_total_12h,0.01,"Gabapentin use generally reflects pain regimen rather than renal perfusion or tubular injury. Dose adjustments may occur with renal dysfunction, but this is inconsistent and weak as a predictor."
25_36h_gabapentin_dose_total_12h,0.02,"Later gabapentin dosing could weakly reflect renal-dose adjustment behavior, but this is variable and not a primary AKI signal. Overall association with creatinine_ratio is likely minimal."
0_12h_guaifenesin_dose_total_12h,0.005,Guaifenesin is not nephrotoxic and does not influence renal hemodynamics. Use is unrelated to postoperative AKI pathophysiology.
13_24h_guaifenesin_dose_total_12h,0.005,Expectorant administration is incidental and not linked to kidney injury mechanisms or perfusion. It is unlikely to add predictive value for creatinine rise.
25_36h_guaifenesin_dose_total_12h,0.005,Guaifenesin use does not track renal function or hemodynamic compromise. Any association with AKI would be spurious.
0_12h_half_normal_saline_dose_total_12h,0.04,"Early hypotonic fluid administration may relate to resuscitation strategy and overall fluid balance, which can influence renal perfusion, but immediate post-op fluids are highly protocolized. Thus it is only an indirect and conservative predictor in 0–12h."
13_24h_half_normal_saline_dose_total_12h,0.05,"Continued IV fluid administration in 13–24h may reflect ongoing hemodynamic needs or attempts to support renal perfusion, indirectly relating to AKI risk. However, fluid type/volume is confounded by practice patterns and other resuscitation fluids."
25_36h_half_normal_saline_dose_total_12h,0.03,"IV fluid choice/amount can influence renal perfusion and chloride load, but 0.45% saline is not a strong independent AKI driver compared with hemodynamics and urine output. Dose may reflect clinician response to volume status rather than direct kidney injury."
0_12h_heparin_dose_total_12h,0.01,"Heparin dosing is primarily related to anticoagulation strategy and procedures (e.g., CPB/lines) rather than renal perfusion. Early post-op dosing is common and not a specific AKI predictor (and 0–12h window is capped low)."
13_24h_heparin_dose_total_12h,0.02,"Ongoing heparin may proxy for complications (e.g., mechanical support, thrombosis prophylaxis intensity), but it is not mechanistically linked to AKI in most cases. Any association is indirect and confounded by illness severity."
25_36h_heparin_dose_total_12h,0.03,"Later heparin use can indicate persistent critical illness or device-related anticoagulation needs, which correlate with AKI risk. Still, it is an indirect marker rather than a direct renal insult."
0_12h_hydralazine_dose_total_12h,0.01,"Hydralazine use reflects blood pressure management; hypotension-related AKI is better captured by direct MAP/vasopressor features than by this medication. In the immediate 0–12h period, dosing is often transient and non-specific."
13_24h_hydralazine_dose_total_12h,0.02,"Antihypertensive treatment may signal hemodynamic lability, but hydralazine itself is not a known nephrotoxin and does not directly predict AKI. Association is likely indirect via overall instability."
25_36h_hydralazine_dose_total_12h,0.03,"Need for ongoing afterload reduction later post-op may reflect persistent hypertension/heart failure physiology that can affect renal perfusion. Still, it is a weak, indirect predictor compared with direct hemodynamic and renal markers."
0_12h_hydrocodone_acetaminophen_dose_total_12h,0.01,Opioid/acetaminophen analgesia is routine post-op care and not a specific AKI driver at typical doses. Any link would be indirect (sedation/hypoventilation) and weak.
13_24h_hydrocodone_acetaminophen_dose_total_12h,0.01,"Continued oral analgesic use mainly reflects pain control and ability to take enteral meds, not renal injury risk. Acetaminophen is generally kidney-safe at standard dosing."
25_36h_hydrocodone_acetaminophen_dose_total_12h,0.01,Later dosing remains a non-specific marker of pain management and recovery trajectory rather than renal perfusion or nephrotoxicity. Weak expected relationship with creatinine rise.
0_12h_hydrocortisone_dose_total_12h,0.03,"Hydrocortisone early post-op may indicate vasoplegia/shock treatment, which is associated with AKI risk, but the medication is not a direct biomarker. In 0–12h, this is common and capped conservatively."
13_24h_hydrocortisone_dose_total_12h,0.06,"Ongoing steroid use in the trajectory phase can signal persistent vasoplegia or refractory shock requiring pressors, a known AKI risk context. Still indirect and confounded by severity of illness."
25_36h_hydrocortisone_dose_total_12h,0.1,"Hydrocortisone use close to the outcome suggests ongoing shock/vasoplegia and high vasopressor burden, which strongly predisposes to renal hypoperfusion and AKI. Acts as a severity-of-shock proxy rather than a direct renal marker."
0_12h_hypertonic_saline_dose_total_12h,0.02,Hypertonic saline use is uncommon and may reflect severe hyponatremia or intracranial concerns; it can affect osmolarity and volume status but is not a typical AKI driver. Early window capped low.
13_24h_hypertonic_saline_dose_total_12h,0.03,"Continued hypertonic saline suggests ongoing significant electrolyte/osmolar management and higher acuity, which can correlate with AKI risk. Mechanistic link remains indirect."
25_36h_hypertonic_saline_dose_total_12h,0.04,"Late hypertonic saline use may indicate persistent critical derangements and aggressive fluid/electrolyte manipulation, which can accompany AKI-prone states. Still a weak predictor compared with direct renal/hemodynamic variables."
0_12h_ibuprofen_dose_total_12h,0.06,"NSAIDs can reduce renal prostaglandin-mediated afferent arteriolar dilation and worsen renal perfusion, increasing AKI risk, especially in elderly post-cardiac surgery patients. Early (0–12h) exposure is relevant but capped due to immediate post-op confounding."
13_24h_ibuprofen_dose_total_12h,0.08,Ongoing NSAID exposure during the trajectory phase can contribute to persistent renal hypoperfusion and AKI risk. Still a moderate predictor and capped for this epoch.
25_36h_ibuprofen_dose_total_12h,0.12,NSAID dosing closer to the outcome window is a stronger leading indicator of potentially nephrotoxic exposure when renal reserve may already be stressed. Higher doses may plausibly associate with rising creatinine ratio.
0_12h_inhaled_acetylcysteine_dose_total_12h,0.01,Inhaled acetylcysteine is used for airway secretion management and has no direct renal perfusion or nephrotoxic effect. Any association would be indirect via illness severity.
13_24h_inhaled_acetylcysteine_dose_total_12h,0.01,Primarily reflects pulmonary toilet/airway management rather than kidney injury mechanisms. Weak indirect link at most.
25_36h_inhaled_acetylcysteine_dose_total_12h,0.01,Continued inhaled mucolytic use is not a known driver or biomarker of AKI. Likely unrelated to creatinine rise except through nonspecific severity confounding.
0_12h_inhaled_arformoterol_dose_total_12h,0.01,Inhaled LABA therapy reflects COPD/asthma management and does not directly affect renal perfusion or nephrotoxicity. Any relationship to AKI would be indirect and weak.
13_24h_inhaled_arformoterol_dose_total_12h,0.01,Ongoing bronchodilator use is not an established AKI predictor and mainly indicates pulmonary comorbidity. Minimal expected signal for creatinine ratio.
25_36h_inhaled_arformoterol_dose_total_12h,0.01,Not mechanistically linked to postoperative AKI; reflects respiratory treatment needs rather than renal injury. Kept very low for sparsity.
0_12h_inhaled_budesonide_dose_total_12h,0.01,Inhaled corticosteroids have minimal systemic absorption and are not typical contributors to AKI. Use mainly indicates chronic lung disease management.
13_24h_inhaled_budesonide_dose_total_12h,0.01,Not a direct renal risk factor or biomarker; association would be via comorbidity/severity only. Expected predictive value is very low.
25_36h_inhaled_budesonide_dose_total_12h,0.01,Continued inhaled steroid therapy is unlikely to influence creatinine trajectory after cardiac surgery. Weak indirect link at most.
0_12h_inhaled_levalbuterol_dose_total_12h,0.01,Short-acting bronchodilator use is not nephrotoxic and does not directly reflect renal perfusion status. Any signal would be nonspecific (respiratory distress/acuity).
13_24h_inhaled_levalbuterol_dose_total_12h,0.01,Primarily a marker of bronchospasm/respiratory therapy needs rather than kidney injury. Very limited expected association with creatinine ratio.
25_36h_inhaled_levalbuterol_dose_total_12h,0.01,Not an established AKI predictor; reflects pulmonary management. Kept minimal to avoid adding noise to a sparse renal-focused model.
0_12h_inhaled_sodium_chloride_dose_total_12h,0.01,"Inhaled saline is used for airway humidification/secretions and has no meaningful renal mechanism. Any association with AKI would be indirect and weak, especially in the immediate post-op window."
13_24h_inhaled_sodium_chloride_dose_total_12h,0.005,Nebulized saline is primarily for airway hygiene and has no meaningful systemic hemodynamic or nephrotoxic effect. Any association would be indirect via respiratory care intensity rather than kidney injury.
25_36h_inhaled_sodium_chloride_dose_total_12h,0.005,"Inhaled saline does not directly affect renal perfusion or tubular injury risk. At most it reflects ongoing pulmonary secretion management, not AKI pathophysiology."
0_12h_inhlaed_levalbuterol_dose_total_12h,0.005,"Inhaled beta-agonist use reflects bronchospasm/airflow limitation and is not a direct AKI driver. Early post-op dosing is common and transient, with minimal systemic impact at typical inhaled doses."
13_24h_inhlaed_levalbuterol_dose_total_12h,0.01,"Ongoing need for bronchodilator may weakly proxy respiratory failure severity and catecholamine exposure, which can correlate with overall illness. It is still an indirect and nonspecific predictor of AKI."
25_36h_inhlaed_levalbuterol_dose_total_12h,0.015,"Persistent bronchodilator requirement closer to hour 60 may indicate ongoing respiratory compromise and higher overall acuity, indirectly increasing AKI risk. However, levalbuterol itself is not nephrotoxic and has limited systemic effect when inhaled."
0_12h_insulin_glargine_dose_total_12h,0.01,Basal insulin use mainly reflects diabetes management rather than acute renal hypoperfusion or nephrotoxicity. In the immediate post-op window it is often protocol-driven and not specific for AKI risk.
13_24h_insulin_glargine_dose_total_12h,0.015,"Basal insulin requirement can proxy underlying diabetes and stress hyperglycemia, which are associated with worse outcomes including AKI. Still, it is indirect and confounded by glycemic protocols."
25_36h_insulin_glargine_dose_total_12h,0.02,"Continued basal insulin use may reflect persistent metabolic stress/diabetes severity closer to the outcome window, modestly associated with AKI risk. It remains a nonspecific marker rather than a direct renal insult."
0_12h_insulin_levemir_dose_total_12h,0.01,Detemir dosing is a diabetes treatment signal and not a direct mechanism for postoperative AKI. Early dosing is commonly protocolized and weakly informative.
13_24h_insulin_levemir_dose_total_12h,0.015,"Basal insulin requirement may indicate diabetes/stress hyperglycemia, which correlates with postoperative complications including AKI. The link is indirect and heavily confounded by ICU glycemic management."
25_36h_insulin_levemir_dose_total_12h,0.02,"Ongoing basal insulin needs in the 25–36h window may reflect sustained stress response and comorbidity burden, modestly increasing AKI risk. It is not a direct biomarker of renal injury."
0_12h_insulin_lispro_dose_total_12h,0.015,"Short-acting insulin dose reflects stress hyperglycemia and diabetes, which are associated with worse postoperative outcomes. In the immediate 0–12h period, dosing is often reactive/protocol-driven and only indirectly related to AKI."
13_24h_insulin_lispro_dose_total_12h,0.03,"Higher prandial/correction insulin needs can indicate persistent stress hyperglycemia and illness severity, which are associated with AKI risk. Still, it is an indirect proxy rather than a causal renal factor."
25_36h_insulin_lispro_dose_total_12h,0.04,"Persistent or escalating correction insulin requirements closer to hour 60 may track ongoing systemic stress/inflammation and severity of critical illness, modestly predicting AKI. The association is indirect and confounded by nutrition and insulin protocols."
0_12h_insulin_regular_infusion_dose_total_12h,0.03,"Need for insulin infusion suggests significant stress hyperglycemia and higher acuity, which correlates with postoperative AKI risk. In the immediate post-op window, however, infusion use is common and not specific, so importance is capped low."
13_24h_insulin_regular_infusion_dose_total_12h,0.05,"Ongoing insulin infusion at 13–24h indicates persistent severe hyperglycemia/critical illness, which is associated with AKI after cardiac surgery. It remains an indirect severity marker rather than a direct renal biomarker."
25_36h_insulin_regular_infusion_dose_total_12h,0.04,"Insulin infusion dose is an indirect marker of stress hyperglycemia/critical illness severity, which correlates with AKI risk but is not a direct renal mechanism. Dose is also heavily protocol-driven, so keep low for sparsity."
0_12h_iopamidol_contrast_dose_total_12h,0.08,"Iodinated contrast can precipitate or worsen AKI, especially in elderly post-cardiac surgery patients, but early (0–12h) exposure may be confounded by perioperative imaging and transient hemodynamics. Capped by the early-epoch maximum."
13_24h_iopamidol_contrast_dose_total_12h,0.12,"Contrast exposure in the trajectory phase is a meaningful nephrotoxic insult and may reflect ongoing complications requiring imaging. Still not definitive alone, but stronger than the immediate postoperative window."
25_36h_iopamidol_contrast_dose_total_12h,0.18,Late (25–36h) contrast exposure is a strong leading indicator for subsequent creatinine rise by hour 60 due to contrast-associated nephropathy and concurrent instability prompting imaging. This is one of the more direct modifiable AKI risks among listed features.
0_12h_ipratropium_bromide_dose_total_12h,0.005,Inhaled ipratropium has no meaningful direct effect on renal perfusion or nephrotoxicity; use mainly reflects pulmonary care. Early postoperative use is common and nonspecific.
13_24h_ipratropium_bromide_dose_total_12h,0.005,Bronchodilator use is not a recognized driver of AKI and is largely unrelated to creatinine trajectory. At most it weakly proxies respiratory disease severity.
25_36h_ipratropium_bromide_dose_total_12h,0.01,"Continued bronchodilator requirement may indicate ongoing respiratory compromise and illness severity, but the medication itself is not nephrotoxic. Keep very low to avoid adding nonspecific severity proxies."
0_12h_ipratropium_albuterol_dose_total_12h,0.005,Nebulized ipratropium/albuterol is not directly linked to AKI; any association would be via nonspecific critical illness severity. Early postoperative administration is common and not predictive.
13_24h_ipratropium_albuterol_dose_total_12h,0.005,Ongoing bronchodilator use is a weak proxy for pulmonary issues but does not mechanistically predict renal injury. Maintain minimal inclusion probability for sparsity.
25_36h_ipratropium_albuterol_dose_total_12h,0.01,"Persistent need for bronchodilators may correlate with prolonged ventilation/complications, indirectly increasing AKI risk, but the signal is weak and confounded. Not a primary renal predictor."
0_12h_iron_dose_total_12h,0.005,Iron administration is not a typical cause of AKI in this setting and is usually related to anemia management rather than renal perfusion. Early dosing is unlikely to inform creatinine rise.
13_24h_iron_dose_total_12h,0.005,Iron use reflects anemia/bleeding management and is not an established AKI predictor. Any association would be indirect and confounded by transfusion/illness severity.
25_36h_iron_dose_total_12h,0.01,"Late iron administration may indicate ongoing anemia management, but it is not nephrotoxic and has weak linkage to AKI. Keep low to prioritize direct hemodynamic/nephrotoxic features."
0_12h_isosorbide_mononitrate_dose_total_12h,0.01,"Nitrates can lower blood pressure and potentially reduce renal perfusion, but postoperative use is variable and often held; early period is highly confounded. Weak indirect link only."
13_24h_isosorbide_mononitrate_dose_total_12h,0.02,"Ongoing nitrate therapy may contribute to hypotension or reflect ischemic heart disease management, which can indirectly affect renal perfusion. Still a modest, non-specific predictor."
25_36h_isosorbide_mononitrate_dose_total_12h,0.03,"In the late window, nitrate use could signal persistent ischemia/afterload management and risk of hypotension impacting kidney perfusion. Association remains indirect and medication decisions are clinician-driven, so keep low."
0_12h_k_phos_dose_total_12h,0.03,Phosphate/potassium repletion is an indirect marker of electrolyte derangements and ICU intensity rather than a causal AKI driver. Early (0–12h) dosing is often routine post-op and weakly predictive.
13_24h_k_phos_dose_total_12h,0.04,"Ongoing need for K/Phos repletion may reflect evolving renal dysfunction, diuretic use, or shifts from nutrition/insulin, but remains indirect. Trajectory window gives slightly more signal than immediate post-op."
25_36h_k_phos_dose_total_12h,0.05,"Persistent electrolyte replacement closer to outcome can correlate with renal handling abnormalities or aggressive diuresis, but is still not a direct AKI biomarker. Kept low to avoid over-weighting treatment proxies."
0_12h_ketamine_dose_total_12h,0.01,Ketamine is not typically nephrotoxic and is mainly an analgesia/sedation choice. In the immediate post-op period it reflects practice variation more than renal risk.
13_24h_ketamine_dose_total_12h,0.01,"Continued ketamine use may indicate difficult pain control or hemodynamic considerations, but has no established direct link to AKI. Predictive value for creatinine rise is minimal."
25_36h_ketamine_dose_total_12h,0.01,Later ketamine dosing remains primarily a sedation/analgesia marker without strong renal mechanistic relevance. Any association with AKI would be confounded by illness severity.
0_12h_lactated_ringers_dose_total_12h,0.04,"Early crystalloid volume can contribute to hemodilution and fluid overload, which may worsen renal congestion, but 0–12h resuscitation is often routine after cardiac surgery. Conservative scoring due to transient perioperative fluid shifts."
13_24h_lactated_ringers_dose_total_12h,0.06,"Ongoing crystalloid requirement in the trajectory phase may reflect persistent vasoplegia/low effective circulating volume, both relevant to renal perfusion. Still indirect and confounded by overall resuscitation strategy."
25_36h_lactated_ringers_dose_total_12h,0.08,"Continued fluid administration closer to hour 60 can indicate ongoing shock or attempts to treat oliguria, both associated with subsequent creatinine rise. Volume loading may also worsen venous congestion, a recognized AKI pathway post-cardiac surgery."
0_12h_lactulose_dose_total_12h,0.01,Lactulose use is typically for constipation/encephalopathy prophylaxis and has no direct renal perfusion or nephrotoxic effect. Immediate post-op administration is weakly related to AKI risk.
13_24h_lactulose_dose_total_12h,0.01,"Lactulose remains a supportive care medication; any link to AKI would be via dehydration from diarrhea, which is uncommon/variable in ICU dosing. Overall predictive value is low."
25_36h_lactulose_dose_total_12h,0.02,"Later lactulose could contribute to volume depletion if significant stool output occurs, which can affect renal perfusion, but this is inconsistent and usually monitored. Kept low as an indirect and confounded signal."
0_12h_levothyroxine_dose_total_12h,0.01,Levothyroxine is chronic replacement therapy and not an acute determinant of postoperative renal injury. Early dosing reflects home-med continuation rather than AKI physiology.
13_24h_levothyroxine_dose_total_12h,0.01,Continuation of thyroid replacement has minimal short-term impact on renal perfusion compared with hemodynamics and nephrotoxins. Not an established AKI predictor.
25_36h_levothyroxine_dose_total_12h,0.01,Later levothyroxine dosing remains a maintenance medication with negligible acute effect on creatinine trajectory. Any association would be incidental.
0_12h_lidocaine_patch_dose_total_12h,0.01,"Topical lidocaine has minimal systemic absorption and no meaningful nephrotoxicity. Use reflects pain management preference rather than renal risk, especially in the immediate post-op window."
13_24h_lidocaine_patch_dose_total_12h,0.005,Topical lidocaine patch dosing has no meaningful physiologic link to renal perfusion or nephrotoxicity in this context. Use mainly reflects analgesia practice rather than AKI risk.
25_36h_lidocaine_patch_dose_total_12h,0.005,Topical lidocaine exposure is unlikely to affect kidney function or creatinine trajectory. More indicative of pain management than renal injury.
0_12h_lidocaine_dose_total_12h,0.01,Systemic lidocaine is not a typical driver of postoperative AKI; dosing is usually for analgesia/antiarrhythmic use. Early (0–12h) use is common and not specific for later creatinine rise.
13_24h_lidocaine_dose_total_12h,0.01,"Systemic lidocaine dose is not an established AKI predictor and is more related to arrhythmia/pain control. Any association would be indirect via illness severity, so keep low to preserve sparsity."
25_36h_lidocaine_dose_total_12h,0.015,"Later need for systemic lidocaine may weakly proxy ongoing arrhythmia/instability, which can correlate with renal hypoperfusion. Still not a direct nephrotoxin or renal biomarker."
0_12h_lisinopril_dose_total_12h,0.03,"ACE inhibitors can reduce glomerular filtration pressure (efferent dilation) and worsen creatinine in hypovolemia/low perfusion states. In the immediate 0–12h post-op period they are often held and effects are confounded, so conservative scoring."
13_24h_lisinopril_dose_total_12h,0.06,"If ACE inhibitor is given in the trajectory phase, it may contribute to reduced GFR in patients with marginal renal perfusion after cardiac surgery. Still an indirect/moderate risk factor rather than a definitive predictor."
25_36h_lisinopril_dose_total_12h,0.09,"ACE inhibitor exposure closer to the outcome window can precipitate or unmask AKI when renal perfusion is tenuous, increasing creatinine ratio. This is a recognized medication-related risk factor but not a direct biomarker."
0_12h_losartan_dose_total_12h,0.03,"ARBs can lower intraglomerular pressure and worsen creatinine during perioperative hypotension or volume depletion. Early post-op administration is uncommon and highly confounded, so keep low."
13_24h_losartan_dose_total_12h,0.06,ARBs given during 13–24h may contribute to decreased GFR in patients not fully hemodynamically recovered. Association is plausible but not strongly specific for AKI.
25_36h_losartan_dose_total_12h,0.09,"ARBs closer to hour 60 can meaningfully affect creatinine by reducing filtration pressure in susceptible patients (elderly, post-cardiac surgery). Established medication-related AKI risk factor, though not definitive alone."
0_12h_magnesium_sulfate_dose_total_12h,0.01,Magnesium sulfate replacement is common after cardiac surgery and is not a typical cause of AKI. Dose mainly reflects electrolyte management rather than renal injury.
13_24h_magnesium_sulfate_dose_total_12h,0.015,"Ongoing magnesium sulfate dosing may weakly reflect arrhythmia prophylaxis or electrolyte derangements, but it is not a direct renal insult. Any link to AKI is indirect via overall acuity."
25_36h_magnesium_sulfate_dose_total_12h,0.02,"Later magnesium sulfate dosing could weakly proxy persistent critical illness or renal handling changes, but it is not an established AKI predictor. Keep low to avoid overfitting."
0_12h_magnesium_dose_total_12h,0.01,Non-sulfate magnesium supplementation is routine and not nephrotoxic at typical doses. Early post-op replacement is common and nonspecific for later creatinine rise.
13_24h_magnesium_dose_total_12h,0.015,"Continued magnesium supplementation may reflect ongoing electrolyte abnormalities or care intensity rather than kidney injury. Only a weak, indirect association with AKI risk."
25_36h_magnesium_dose_total_12h,0.02,Magnesium replacement is common post-cardiac surgery and is not a direct AKI driver; dose may weakly proxy illness severity/arrhythmia management. Only an indirect link to renal dysfunction via reduced clearance or overall acuity.
0_12h_melatonin_dose_total_12h,0.005,Melatonin use is largely for sleep/delirium prevention and has no established causal relationship with postoperative AKI. In the immediate 0–12h window it is especially unlikely to reflect renal trajectory.
13_24h_melatonin_dose_total_12h,0.005,Primarily reflects sleep/delirium management rather than renal perfusion or nephrotoxicity. At most a weak proxy for ICU course complexity.
25_36h_melatonin_dose_total_12h,0.005,Still a non-nephrotoxic supportive medication with minimal mechanistic link to AKI. May weakly correlate with delirium/ICU stay but not creatinine rise.
0_12h_meropenem_dose_total_12h,0.03,"Broad-spectrum antibiotics can indicate suspected infection/sepsis, which increases AKI risk, but meropenem itself is not a classic nephrotoxin. Early (0–12h) use is a conservative, indirect severity marker."
13_24h_meropenem_dose_total_12h,0.05,"Ongoing meropenem suggests persistent infection concern or clinical deterioration, which can contribute to AKI via inflammation and hemodynamic instability. Still indirect and not specific for renal injury."
25_36h_meropenem_dose_total_12h,0.07,"In the 25–36h leading window, continued broad-spectrum coverage more strongly signals evolving sepsis/complications that commonly precipitate AKI. Drug exposure itself is usually not the primary mechanism, but the indication is prognostic."
0_12h_methocarbamol_dose_total_12h,0.005,Muscle relaxant/analgesic adjunct without a strong nephrotoxic profile. Use mainly reflects pain/spasm management rather than renal risk.
13_24h_methocarbamol_dose_total_12h,0.005,No established association with postoperative AKI; dosing is driven by comfort measures. Minimal physiologic linkage to creatinine rise.
25_36h_methocarbamol_dose_total_12h,0.005,Continued use remains a supportive medication with little relevance to renal perfusion or tubular injury. Any association would be confounding by overall ICU course.
0_12h_methylene_blue_dose_total_12h,0.08,"Methylene blue use typically indicates vasoplegic shock after cardiopulmonary bypass, a hemodynamic state strongly linked to renal hypoperfusion. In 0–12h it is relevant but capped due to transient immediate postoperative instability."
13_24h_methylene_blue_dose_total_12h,0.12,"Need for methylene blue beyond the immediate period suggests persistent/refractory vasoplegia and ongoing low effective perfusion pressure, increasing AKI risk. This is a stronger trajectory marker than early use."
25_36h_methylene_blue_dose_total_12h,0.18,"Late requirement for methylene blue implies severe ongoing vasoplegia/shock close to the outcome window, a direct pathway to ischemic ATN and creatinine rise. Strong leading indicator of hemodynamic collapse affecting kidneys."
0_12h_metoclopramide_dose_total_12h,0.005,Antiemetic/prokinetic use is routine and not mechanistically linked to AKI. In the immediate postoperative window it provides little prognostic renal information.
13_24h_metoclopramide_dose_total_12h,0.005,Reflects nausea/feeding intolerance management rather than renal injury or perfusion. No established predictive value for postoperative creatinine rise.
25_36h_metoclopramide_dose_total_12h,0.005,Still a supportive GI medication with minimal relationship to AKI risk. Any association would likely be non-causal and weak.
0_12h_metoprolol_dose_total_12h,0.01,Beta-blocker dose is not a direct AKI driver; early post-op dosing mainly reflects rate control and routine cardiac management. Any renal effect is indirect via hemodynamics and is confounded by illness severity.
13_24h_metoprolol_dose_total_12h,0.02,"May indirectly relate to cardiac output/need for rate control, which can influence renal perfusion, but it is not an established AKI predictor. Dose is highly confounded by arrhythmias and clinician preference."
25_36h_metoprolol_dose_total_12h,0.03,"Later beta-blocker dosing can reflect ongoing hemodynamic stability vs low-output states, which may affect kidney perfusion. Still an indirect marker and not nephrotoxic, so keep low for sparsity."
0_12h_metronidazole_dose_total_12h,0.005,Metronidazole is not typically nephrotoxic and early use reflects infection prophylaxis/coverage rather than renal injury. Minimal mechanistic link to creatinine rise.
13_24h_metronidazole_dose_total_12h,0.01,"Continued antibiotic coverage may correlate with suspected infection/abdominal source, which can increase AKI risk via sepsis, but this is indirect. Not a primary renal risk medication."
25_36h_metronidazole_dose_total_12h,0.02,"Later metronidazole use may proxy evolving infection/sepsis risk, which can precipitate AKI, but remains nonspecific. Keep low to avoid over-weighting treatment-choice confounding."
0_12h_midazolam_dose_total_12h,0.01,Sedation dose is not a direct renal biomarker; early post-op use is routine for ventilation and comfort. Any AKI association is indirect through hypotension/ventilation severity.
13_24h_midazolam_dose_total_12h,0.02,"Ongoing sedation may indicate prolonged mechanical ventilation and higher acuity, which can correlate with AKI risk. Still a behavioral/acuity proxy rather than a causal renal factor."
25_36h_midazolam_dose_total_12h,0.03,"Persistent sedation closer to hour 60 can reflect ongoing critical illness and hemodynamic instability that predispose to AKI. Remains indirect and confounded, so keep modest."
0_12h_midodrine_dose_total_12h,0.03,"Midodrine use suggests vasoplegia or difficulty weaning IV vasopressors, which can relate to renal hypoperfusion risk. In the immediate post-op window this is common/transient, so conservative."
13_24h_midodrine_dose_total_12h,0.06,"Need for midodrine in the trajectory phase suggests persistent hypotension/vasoplegia, an established risk context for AKI via reduced renal perfusion. Still a treatment proxy, not a direct biomarker."
25_36h_midodrine_dose_total_12h,0.1,"Continued midodrine late (25–36h) indicates ongoing hemodynamic support needs close to the outcome window, consistent with sustained renal perfusion risk. This can be a meaningful marker of persistent shock physiology."
0_12h_milrinone_dose_total_12h,0.05,"Milrinone use reflects low cardiac output/right ventricular dysfunction; renal perfusion can be compromised in these states. Early post-op inotrope use is common and transient, so cap low."
13_24h_milrinone_dose_total_12h,0.1,"Ongoing inotrope requirement in the trajectory phase suggests persistent low-output physiology, an established AKI risk factor after cardiac surgery. Dose may correlate with severity of cardiac dysfunction affecting renal blood flow."
25_36h_milrinone_dose_total_12h,0.16,"Persistent milrinone requirement close to hour 60 strongly indicates ongoing low cardiac output/venous congestion risk, both tightly linked to postoperative AKI. Also relevant because milrinone is renally cleared and dosing may reflect renal dysfunction trajectory."
0_12h_minocycline_dose_total_12h,0.005,Minocycline is not a typical nephrotoxin in this context and early administration mainly reflects antimicrobial choice rather than renal injury. Weak and nonspecific link to creatinine changes.
13_24h_minocycline_dose_total_12h,0.01,Minocycline is not a typical peri-cardiac-surgery nephrotoxin and is rarely a primary driver of AKI. Use mainly reflects infection treatment rather than renal perfusion status.
25_36h_minocycline_dose_total_12h,0.02,"Later antibiotic exposure may correlate with evolving infection/sepsis risk, which can contribute to AKI, but minocycline itself is not a strong AKI predictor. Any signal is indirect and likely confounded by illness severity."
0_12h_morphine_dose_total_12h,0.02,"Opioid dose is an indirect marker of pain/sedation needs and can contribute to hypotension, but it is not a direct AKI driver. In the immediate 0–12h post-op period, dosing is routine and transient."
13_24h_morphine_dose_total_12h,0.03,"Ongoing opioid requirement may reflect complications or hemodynamic instability that can affect renal perfusion, but the relationship is indirect. Not a specific or established predictor of creatinine rise."
25_36h_morphine_dose_total_12h,0.04,"Persistent opioid needs closer to the outcome can proxy ongoing critical illness and potential hypotension, which may worsen renal perfusion. Still indirect and nonspecific for AKI."
0_12h_nicardipine_dose_total_12h,0.03,"Nicardipine use reflects postoperative hypertension management; excessive vasodilation could reduce renal perfusion pressure, but this is usually titrated and transient early post-op. In 0–12h, it is common and not strongly predictive."
13_24h_nicardipine_dose_total_12h,0.05,Continued antihypertensive infusion may indicate persistent hemodynamic lability; renal perfusion can be sensitive to low MAP in older patients. Association with AKI is plausible but indirect.
25_36h_nicardipine_dose_total_12h,0.07,"In the 25–36h window, ongoing nicardipine suggests sustained BP management issues that can impact renal perfusion pressure and autoregulation in the elderly. Still not a direct biomarker, but more temporally relevant."
0_12h_nitroglycerin_dose_total_12h,0.03,"Nitroglycerin is often used for ischemia/afterload control and can lower preload/MAP, potentially reducing renal perfusion. Early post-op use is common and may be transient, limiting specificity for AKI."
13_24h_nitroglycerin_dose_total_12h,0.05,"Ongoing nitrate infusion may reflect persistent cardiac dysfunction/ischemia and hemodynamic instability, which can contribute to renal hypoperfusion. The link is indirect and confounded by cardiac severity."
25_36h_nitroglycerin_dose_total_12h,0.07,"Closer to hour 60, continued nitroglycerin can indicate ongoing low-output/ischemic physiology and vasodilation that may compromise renal perfusion. This is a plausible hemodynamic risk marker but not definitive."
0_12h_normal_saline_dose_total_12h,0.04,"Early crystalloid volume reflects resuscitation needs; both hypovolemia and fluid overload can affect renal outcomes, but 0–12h volumes are heavily protocol-driven. Signal is indirect and noisy immediately post-op."
13_24h_normal_saline_dose_total_12h,0.06,"Continued saline administration may indicate ongoing hypotension/third spacing or attempts to support perfusion, which relates to AKI risk. Still indirect and confounded by overall fluid strategy and bleeding."
25_36h_normal_saline_dose_total_12h,0.09,"In the 25–36h window, ongoing crystalloid requirement can reflect persistent hemodynamic compromise or evolving AKI management (e.g., oliguria prompting fluids). This is a more temporally proximal, clinically relevant marker of renal perfusion stress."
0_12h_nystatin_dose_total_12h,0.005,Nystatin is minimally systemically absorbed and not nephrotoxic; it has no meaningful physiologic link to AKI. Use is largely routine prophylaxis/treatment for mucocutaneous fungal issues.
13_24h_nystatin_dose_total_12h,0.005,Nystatin exposure remains clinically unrelated to renal perfusion or tubular injury. It is unlikely to add predictive value for creatinine_ratio beyond noise.
25_36h_nystatin_dose_total_12h,0.005,Oral/topical nystatin is not nephrotoxic and usually reflects routine antifungal prophylaxis rather than renal perfusion or injury.
0_12h_ondansetron_dose_total_12h,0.005,Ondansetron has no meaningful direct link to AKI; early postoperative use mainly reflects nausea prophylaxis in the immediate post-op period.
13_24h_ondansetron_dose_total_12h,0.005,Antiemetic dosing is not a renal injury mechanism and is more reflective of symptoms/care patterns than kidney perfusion.
25_36h_ondansetron_dose_total_12h,0.005,Continued ondansetron use does not directly predict creatinine rise; it is unlikely to add independent signal for AKI risk.
0_12h_oxycodone_dose_total_12h,0.01,Opioid dosing is not directly nephrotoxic; any association with AKI would be indirect (sedation/hypoventilation/hypotension) and confounded by pain severity.
13_24h_oxycodone_dose_total_12h,0.015,"Higher opioid needs may correlate with illness severity and reduced mobility, but it is an indirect and nonspecific marker for AKI risk."
25_36h_oxycodone_dose_total_12h,0.02,"Persistent opioid requirement can be a weak proxy for ongoing stress/complications, but it is not a primary driver of postoperative AKI."
0_12h_pantoprazole_dose_total_12h,0.005,Pantoprazole is commonly given for stress ulcer prophylaxis; acute dosing in the first 12 hours is routine and not a strong AKI predictor.
13_24h_pantoprazole_dose_total_12h,0.005,PPI exposure is not an acute hemodynamic or nephrotoxic driver in this timeframe; it mainly reflects standard ICU prophylaxis.
25_36h_pantoprazole_dose_total_12h,0.005,Continued pantoprazole use is unlikely to provide independent signal for creatinine rise at 60 hours in post-cardiac surgery patients.
0_12h_phenylephrine_dose_total_12h,0.06,"Need for vasopressor support reflects perioperative vasoplegia/hypotension risk, which can reduce renal perfusion; however early post-CPB use is common and transient (capped by epoch)."
13_24h_phenylephrine_dose_total_12h,0.12,"Ongoing vasopressor requirement in the trajectory phase suggests persistent shock/low effective renal perfusion, an established risk factor for AKI."
25_36h_phenylephrine_dose_total_12h,0.18,"Vasopressor need close to the outcome window is a strong indicator of ongoing hemodynamic instability and renal hypoperfusion, increasing risk of creatinine rise."
0_12h_phos_na_k_dose_total_12h,0.02,Phosphate replacement early after surgery is common and nonspecific; it may weakly reflect electrolyte shifts but is not a direct AKI marker (capped by epoch).
13_24h_phos_na_k_dose_total_12h,0.03,"Continued phosphate supplementation can indicate ongoing metabolic derangements or refeeding/diuresis effects, but links to AKI are indirect and confounded."
25_36h_phos_na_k_dose_total_12h,0.04,"Later phosphate replacement may weakly track renal handling/electrolyte abnormalities or severity of illness, but it is not a definitive biomarker of AKI."
0_12h_piperacilin_tazobactam_dose_total_12h,0.02,"Piperacillin-tazobactam is not a classic direct nephrotoxin but can be associated with AKI in some contexts (e.g., severe illness, combination exposures). In the immediate 0–12h post-op window it mostly reflects empiric infection coverage rather than renal injury trajectory."
13_24h_piperacilin_tazobactam_dose_total_12h,0.03,"Ongoing broad-spectrum antibiotics may proxy evolving infection/sepsis risk, which can precipitate AKI via hemodynamic/inflammatory mechanisms. Still indirect and confounded by indication, so kept low."
25_36h_piperacilin_tazobactam_dose_total_12h,0.04,"Antibiotic continuation closer to hour-60 can indicate persistent infection/instability, which increases AKI risk. Remains an indirect marker rather than a renal biomarker, so capped low for sparsity."
0_12h_plasmalyte_dose_total_12h,0.03,"Crystalloid volume relates to perfusion support and fluid balance, which can influence renal perfusion, but early post-CPB resuscitation is common and nonspecific. In 0–12h it is heavily protocol-driven, so conservative scoring."
13_24h_plasmalyte_dose_total_12h,0.04,"Continued crystalloid needs may reflect ongoing vasoplegia/third spacing and risk for renal hypoperfusion or congestion. Still indirect and collinear with other hemodynamic/fluid features, so low."
25_36h_plasmalyte_dose_total_12h,0.05,"Late crystalloid requirement can signal persistent hemodynamic issues and may contribute to fluid overload/venous congestion affecting kidneys. Association is plausible but not specific, so kept at the indirect-link cap."
0_12h_polyethylene_glycol_dose_total_12h,0.005,Polyethylene glycol is a bowel regimen and has no meaningful physiologic link to postoperative AKI. Use is routine ICU care and not predictive of creatinine rise.
13_24h_polyethylene_glycol_dose_total_12h,0.005,Bowel regimen administration is unrelated to renal perfusion or nephrotoxicity in this setting. It mainly reflects routine care practices.
25_36h_polyethylene_glycol_dose_total_12h,0.005,"Polyethylene glycol dosing does not mechanistically predict AKI after cardiac surgery. Any association would be incidental, so minimal inclusion probability."
0_12h_potassium_chloride_dose_total_12h,0.03,"Potassium repletion can indirectly reflect shifts from diuretics, insulin therapy, or early renal handling changes, but is nonspecific in the immediate post-op period. Early electrolyte replacement is common and protocolized."
13_24h_potassium_chloride_dose_total_12h,0.04,"Ongoing potassium supplementation may indicate diuretic use or evolving renal dysfunction affecting potassium balance. Still an indirect proxy with substantial confounding, so low."
25_36h_potassium_chloride_dose_total_12h,0.05,"Closer to hour-60, potassium replacement patterns may better reflect renal tubular handling and treatment intensity (e.g., diuresis vs declining function). Remains indirect and collinear with labs/diuretics, so capped at 0.05."
0_12h_dexmedetomidine_dose_total_12h,0.01,Dexmedetomidine primarily reflects sedation strategy; its hemodynamic effects (bradycardia/hypotension) are usually managed and not a primary AKI driver. In 0–12h it is common and weakly informative.
13_24h_dexmedetomidine_dose_total_12h,0.015,"Continued sedation may proxy prolonged ventilation/illness severity, which can correlate with AKI risk. The link is indirect and confounded by indication, so kept very low."
25_36h_dexmedetomidine_dose_total_12h,0.02,"Persistent dexmedetomidine use late may indicate ongoing critical illness and potential hemodynamic lability, indirectly increasing AKI risk. Not a direct nephrotoxin or biomarker, so low."
0_12h_prednisone_dose_total_12h,0.01,Prednisone is not a typical direct cause of AKI; perioperative steroids more often reflect inflammation/prophylaxis practices. In the immediate post-op window it is weakly related to creatinine trajectory.
13_24h_prednisone_dose_total_12h,0.02,"Systemic steroids are not a typical direct driver of early post-cardiac-surgery AKI; any effect is indirect (hemodynamics, inflammation, glycemic effects). In this mid window, dose more reflects treatment decisions than renal physiology."
25_36h_prednisone_dose_total_12h,0.03,"Later steroid exposure could correlate with ongoing inflammatory complications or vasopressor-refractory shock, indirectly increasing AKI risk. Still not a direct nephrotoxin or renal biomarker, so kept low for sparsity."
0_12h_propofol_dose_total_12h,0.03,"Propofol dose is mainly a proxy for sedation depth and may relate indirectly to hypotension/vasopressor needs, which can affect renal perfusion. Immediate post-op period is highly confounded and transient, so conservative scoring."
13_24h_propofol_dose_total_12h,0.04,"Ongoing propofol requirement may indicate prolonged ventilation/instability and potential hypotension exposure, indirectly linked to AKI. Not a direct renal insult, so capped low to avoid over-weighting sedation practices."
25_36h_propofol_dose_total_12h,0.05,"Continued propofol late may reflect persistent critical illness and hemodynamic vulnerability that can precede AKI. Still largely a care-pattern proxy rather than a kidney-specific predictor, so kept at the plausible-link cap."
0_12h_protamine_dose_total_12h,0.02,Protamine use is routine after cardiopulmonary bypass and is not a specific predictor of AKI; adverse reactions are uncommon and episodic. Early window also has high confounding from standard post-op protocols.
13_24h_protamine_dose_total_12h,0.01,Protamine administration beyond the immediate post-bypass period is uncommon and usually reflects procedural workflow rather than renal pathophysiology. Weak and nonspecific link to AKI.
25_36h_protamine_dose_total_12h,0.01,Late protamine exposure is rare and more indicative of re-intervention/bleeding management than a direct renal mechanism. Any association with AKI would be indirect and better captured by hemodynamics/bleeding variables.
0_12h_quetiapine_dose_total_12h,0.01,Quetiapine is used for agitation/delirium and has no meaningful direct nephrotoxic effect in this context. Early post-op use is largely practice-driven and not kidney-specific.
13_24h_quetiapine_dose_total_12h,0.02,"May proxy delirium/critical illness severity and prolonged ICU course, which can correlate with AKI risk. The relationship is indirect and nonspecific, so kept low."
25_36h_quetiapine_dose_total_12h,0.03,"Later quetiapine use can reflect ongoing delirium/ventilation and overall severity, indirectly associated with AKI. Not a direct renal predictor, so remains low for sparsity."
0_12h_rocuronium_dose_total_12h,0.02,"Neuromuscular blockade mainly reflects ventilation strategy and procedural needs; it does not directly cause AKI. Any association is indirect via illness severity and ventilation/hemodynamic management, so conservative in the early window."
13_24h_rocuronium_dose_total_12h,0.03,"Ongoing paralysis suggests severe respiratory failure or ventilator dyssynchrony and higher acuity, which can correlate with AKI. Still indirect and practice-dependent, so capped low."
25_36h_rocuronium_dose_total_12h,0.04,"Late continued neuromuscular blockade is a marker of persistent critical illness and potential hemodynamic stress, indirectly increasing AKI risk. Not kidney-specific, so kept below 0.05."
0_12h_rosuvastatin_dose_total_12h,0.01,Statin continuation is routine and not a strong acute predictor of post-op AKI; rhabdomyolysis-related AKI is rare and not captured by dose alone. Early window is highly protocolized.
13_24h_rosuvastatin_dose_total_12h,0.01,Ongoing rosuvastatin dosing reflects chronic therapy continuation rather than renal perfusion or injury. Weak and nonspecific relationship to creatinine rise in this setting.
25_36h_rosuvastatin_dose_total_12h,0.01,Statins are not a typical direct driver of postoperative AKI; dose variation mainly reflects chronic therapy continuation. Rare rhabdomyolysis-related AKI is possible but uncommon in this setting.
0_12h_senna_docusate_dose_total_12h,0.005,Bowel regimen use is routine ICU care and has no meaningful physiologic link to renal perfusion or tubular injury. Early postoperative administration is not informative for AKI risk.
13_24h_senna_docusate_dose_total_12h,0.005,Primarily reflects constipation prophylaxis and nursing practice rather than kidney injury mechanisms. Weak/none association with creatinine rise.
25_36h_senna_docusate_dose_total_12h,0.005,Continued bowel regimen is standard and not a renal biomarker. Any association would be indirect (overall recovery/feeding) and weak.
0_12h_senna_dose_total_12h,0.005,Routine laxative use does not predict AKI; it is not linked to renal hypoperfusion or nephrotoxicity. In the immediate 0–12h window it is especially non-informative.
13_24h_senna_dose_total_12h,0.005,Represents supportive care rather than renal physiology. Minimal expected relationship with creatinine_ratio.
25_36h_senna_dose_total_12h,0.005,Ongoing laxative dosing is not a known AKI risk factor or biomarker. Any signal would be confounding by general illness trajectory and should be kept very low for sparsity.
0_12h_sevelamer_carbonate_dose_total_12h,0.03,"Sevelamer use suggests hyperphosphatemia and/or advanced CKD/ESRD, which increases risk of postoperative creatinine rise. In 0–12h it is still an indirect marker and capped conservatively."
13_24h_sevelamer_carbonate_dose_total_12h,0.04,"Continued phosphate binder use indicates underlying CKD or significant hyperphosphatemia, both associated with worse renal reserve and AKI susceptibility. Still an indirect proxy rather than a direct injury marker."
25_36h_sevelamer_carbonate_dose_total_12h,0.05,"In the closest window, sevelamer use may reflect persistent hyperphosphatemia/renal dysfunction and limited renal reserve, increasing likelihood of elevated creatinine_ratio. It remains a treatment proxy, not a direct biomarker."
0_12h_simethicone_dose_total_12h,0.005,Simethicone is a benign GI medication without nephrotoxic effects or hemodynamic implications. Use is routine and not predictive of AKI.
13_24h_simethicone_dose_total_12h,0.005,Reflects GI symptom management rather than renal physiology or perfusion. No established link to postoperative creatinine rise.
25_36h_simethicone_dose_total_12h,0.005,Not mechanistically related to AKI and unlikely to add prognostic value. Any association would be spurious/confounded.
0_12h_sodium_bicarbonate_dose_total_12h,0.06,"Bicarbonate administration often reflects metabolic acidosis, hyperkalemia, or resuscitation needs, which can accompany hypoperfusion and early kidney stress. In 0–12h derangements are common/transient, so score is conservative and capped."
13_24h_sodium_bicarbonate_dose_total_12h,0.1,Ongoing need for bicarbonate in the trajectory phase suggests persistent acidosis or renal dysfunction and correlates with severity of illness and AKI risk. Still a treatment proxy rather than a direct renal biomarker.
25_36h_sodium_bicarbonate_dose_total_12h,0.14,"In the leading-indicator window, bicarbonate requirement suggests persistent metabolic acidosis/uremia or ongoing shock physiology, both strongly associated with subsequent creatinine rise. It is not definitive alone but is a meaningful severity/renal dysfunction signal."
0_12h_tpn_dose_total_12h,0.01,"TPN use early post-op is mainly a marker of nutrition strategy/illness complexity rather than a direct AKI mechanism. In the immediate 0–12h window it has weak, nonspecific linkage to creatinine rise."
13_24h_tpn_dose_total_12h,0.02,"Ongoing TPN may reflect prolonged critical illness and higher complication burden, which can correlate with AKI risk indirectly. Still not a primary renal perfusion/nephrotoxin driver."
25_36h_tpn_dose_total_12h,0.03,"TPN by 25–36h can indicate delayed recovery or inability to feed, indirectly tracking severity and inflammation that may accompany AKI. Remains an indirect proxy rather than a causal predictor."
0_12h_tamsulosin_dose_total_12h,0.005,Tamsulosin is not nephrotoxic and has minimal relevance to renal perfusion in this context. Use is typically unrelated to post-cardiac surgery AKI pathophysiology.
13_24h_tamsulosin_dose_total_12h,0.005,Continued tamsulosin dosing is generally for urinary retention/BPH management and does not predict intrinsic renal injury. Any association with creatinine change would be incidental.
25_36h_tamsulosin_dose_total_12h,0.005,"Tamsulosin remains clinically orthogonal to AKI mechanisms (perfusion, nephrotoxins, inflammation). At most it reflects urinary retention management, not renal dysfunction."
0_12h_tramadol_dose_total_12h,0.01,"Tramadol is not a typical nephrotoxin; dosing mainly reflects analgesia needs. Early post-op dosing has weak, nonspecific association with AKI risk."
13_24h_tramadol_dose_total_12h,0.015,"Higher analgesic requirements may correlate with complications or prolonged ventilation, indirectly linked to AKI risk. Tramadol itself is not a strong causal driver of creatinine rise."
25_36h_tramadol_dose_total_12h,0.02,"Persistent opioid/analgesic use can be a proxy for ongoing illness severity and reduced mobility, indirectly associated with AKI. Still lacks direct renal injury mechanism compared with hemodynamics/nephrotoxins."
0_12h_tranexamic_acid_dose_total_12h,0.02,"Tranexamic acid is used for bleeding control and may proxy surgical complexity/bleeding risk, which can relate to hypotension/transfusion and AKI indirectly. In 0–12h it is common and not a direct AKI biomarker."
13_24h_tranexamic_acid_dose_total_12h,0.03,"Use beyond the immediate OR period may indicate ongoing bleeding or re-exploration risk, which can worsen renal perfusion. Still an indirect marker rather than a direct nephrotoxic exposure."
25_36h_tranexamic_acid_dose_total_12h,0.04,"Late TXA use suggests persistent bleeding/instability, which can contribute to renal hypoperfusion and AKI risk. Association is plausible but remains indirect and uncommon."
0_12h_vancomycin_dose_total_12h,0.05,"Vancomycin is a recognized nephrotoxin, but early perioperative dosing is often prophylactic and exposure duration is short. In the 0–12h window, cap importance due to timing and common use."
13_24h_vancomycin_dose_total_12h,0.08,"Continued vancomycin suggests treatment-level exposure and higher cumulative nephrotoxic risk, especially in older patients. This is an established AKI risk factor though not definitive alone."
25_36h_vancomycin_dose_total_12h,0.12,"Vancomycin exposure close to the outcome window increases likelihood of nephrotoxic contribution to rising creatinine, particularly with critical illness and potential concomitant insults. Stronger relevance in 25–36h as a leading indicator."
0_12h_vasopressin_dose_total_12h,0.08,"Vasopressin use indicates vasoplegia/shock requiring pressors, a key pathway to renal hypoperfusion and AKI after cardiac surgery. In 0–12h derangements are common, so importance is limited by the early epoch cap."
13_24h_vasopressin_dose_total_12h,0.08,Ongoing vasopressin requirement suggests persistent vasoplegia/shock and risk of renal hypoperfusion. In the 13–24h trajectory phase it is informative but less proximal than 25–36h.
25_36h_vasopressin_dose_total_12h,0.14,"Vasopressin use close to the outcome window is a strong marker of refractory shock/vasoplegia and impaired renal perfusion, increasing AKI risk. More proximal (25–36h) dosing is more predictive than earlier epochs."
0_12h_warfarin_dose_total_12h,0.005,Warfarin dosing early post-op is not a direct driver of AKI and is often protocol-driven. Any association with creatinine change is likely confounded by indication rather than renal physiology.
13_24h_warfarin_dose_total_12h,0.005,Warfarin is not nephrotoxic in the acute perioperative window and does not reflect renal perfusion status. Post-op dosing mainly reflects anticoagulation strategy rather than impending AKI.
25_36h_warfarin_dose_total_12h,0.005,Warfarin dose remains an indirect care-process variable with weak mechanistic linkage to AKI over this timeframe. Any signal would be non-specific and likely redundant with illness severity markers.
0_12h_heparin_line_flush_dose_total_12h,0.003,Heparin line flush dosing is routine ICU maintenance and not a meaningful determinant of renal injury. It provides little physiologic information about kidney perfusion or tubular injury.
13_24h_heparin_line_flush_dose_total_12h,0.003,Line flush heparin is standard-of-care and largely unrelated to AKI pathophysiology. Variation typically reflects line management rather than renal risk.
25_36h_heparin_line_flush_dose_total_12h,0.003,Heparin flush dose is not a nephrotoxin and does not capture hemodynamic compromise. It is unlikely to add predictive value beyond other severity indicators.
0_12h_urine_output_total_12h,0.1,"Early oliguria can be an initial marker of renal hypoperfusion after bypass, but it is often transient in the immediate post-op period. Still, very low urine output is a direct early AKI signal, capped by the 0–12h epoch limit."
13_24h_urine_output_total_12h,0.18,Persistently low urine output in 13–24h suggests failure to recover from perioperative insult and is a strong predictor of subsequent creatinine rise. It reflects evolving AKI and/or ongoing hypoperfusion.
25_36h_urine_output_total_12h,0.35,"Oliguria in the 25–36h window is a direct, proximal biomarker of evolving AKI and strongly predicts creatinine elevation by hour 60. It captures both renal dysfunction and ongoing hemodynamic/volume issues."
0_12h_norepinephrine_equivalent_dose_total_12h,0.08,"High vasopressor needs immediately post-op indicate shock/low effective renal perfusion, but early requirements can be transient after anesthesia/CPB. Predictive value is therefore conservative and capped by the 0–12h limit."
13_24h_norepinephrine_equivalent_dose_total_12h,0.12,Continued norepinephrine requirement in 13–24h suggests persistent circulatory failure and higher AKI risk via renal hypoperfusion and venous congestion. It is an established severity marker but less definitive than urine output.
25_36h_norepinephrine_equivalent_dose_total_12h,0.18,"Vasopressor dependence close to hour 60 is a strong indicator of ongoing shock and impaired renal perfusion, increasing likelihood of creatinine rise. More proximal dosing is more informative than earlier epochs."
