value,importance,reason
age,0.03,"Within an 80+ cohort, incremental age adds limited additional signal, but frailty/renal reserve generally worsen with age and can modestly increase AKI risk."
gender,0.01,Sex has inconsistent and generally small independent association with post-cardiac surgery AKI once comorbidities and hemodynamics are accounted for.
race_caucasian,0.01,Race category is not a direct physiologic driver of AKI and is largely a proxy for social/healthcare factors; limited incremental predictive value for creatinine ratio.
race_black,0.02,"May correlate with baseline CKD burden and creatinine generation, but is not a direct perioperative AKI mechanism; modest potential association."
race_asian,0.01,Not a direct mechanistic predictor of AKI; any association is likely mediated through comorbidities and baseline renal function.
race_native_am,0.01,Not a direct physiologic predictor of postoperative AKI; potential effects are indirect via comorbidity patterns and access to care.
race_native_pacific,0.01,Not a direct mechanistic predictor of AKI; likely minimal incremental value beyond comorbidities and perioperative course.
race_other,0.01,Heterogeneous category with no direct physiologic link to AKI; minimal expected predictive contribution.
ethnicity,0.01,Ethnicity is not a direct driver of renal hypoperfusion or nephrotoxicity; any association is indirect and typically small.
height_cm,0.01,Height has no direct relationship to AKI risk; body size effects are better captured by weight/BSA and perioperative physiology.
weight_kg,0.03,"Higher weight can proxy obesity/metabolic risk and influence dosing/volume status, which may indirectly affect renal perfusion and AKI risk."
family_history_premature_cardiac_death,0.005,Family history is not mechanistically linked to postoperative renal hypoperfusion or nephrotoxic exposure; minimal relevance for AKI prediction.
diabetes,0.08,"Diabetes is an established risk factor for postoperative AKI via microvascular disease and reduced renal reserve, especially after cardiopulmonary bypass."
diab_ctrl,0.03,"Poor glycemic control can worsen endothelial dysfunction and infection risk, indirectly increasing AKI risk, but is less predictive than perioperative hemodynamics and renal labs."
pre_op_dyslipidemia,0.01,Dyslipidemia is not a direct AKI driver; any association is indirect through atherosclerotic burden and comorbidities.
hypertension,0.06,Hypertension is an established AKI risk factor reflecting chronic vascular/renal changes and susceptibility to perioperative hypotension-related renal hypoperfusion.
endocarditis_history,0.03,"Prior endocarditis can be associated with chronic inflammation, embolic phenomena, and complex re-operations that may increase perioperative AKI risk, but it is not a direct renal biomarker."
chronic_lung_disease,0.03,"Chronic lung disease can contribute to hypoxemia/hypercapnia and higher ventilatory/vasopressor needs, indirectly worsening renal perfusion; association is modest and nonspecific."
pre_op_home_oxygen,0.04,"Home oxygen is a marker of severe chronic cardiopulmonary disease and frailty, which correlates with postoperative hemodynamic instability and AKI risk, but remains indirect."
bronchodilator_therapy,0.01,Bronchodilator use mainly reflects obstructive lung disease management and has no specific mechanistic link to postoperative creatinine rise beyond general illness severity.
pre_op_sleep_apnea,0.02,"Sleep apnea is associated with cardiometabolic disease and intermittent hypoxemia, which may increase perioperative risk, but it is not a strong standalone predictor of AKI after cardiac surgery."
pneumonia,0.05,"Perioperative pneumonia increases systemic inflammation, hypoxemia, and vasopressor exposure, which can precipitate AKI; still an indirect predictor relative to hemodynamics and renal labs."
iv_drug_abuse,0.01,"IV drug use may correlate with infections and comorbidities, but it is not a consistent direct driver of postoperative renal hypoperfusion or nephrotoxin exposure in this setting."
depression,0.01,Depression is not physiologically linked to AKI and mainly serves as a nonspecific comorbidity marker with limited predictive value for creatinine trajectory.
alcohol,0.02,"Alcohol use can be associated with liver disease, malnutrition, and hemodynamic vulnerability, but its relationship to postoperative AKI is indirect and heterogeneous."
liver_dis,0.08,"Liver disease increases risk of perioperative hypotension, vasodilation, inflammation, and hepatorenal physiology, making AKI more likely after major cardiac surgery."
imm_supp,0.05,"Immunosuppression increases infection risk and may correlate with nephrotoxic exposures (e.g., calcineurin inhibitors) and higher acuity, but is not itself a direct renal injury marker."
mediast_rad,0.02,"Prior mediastinal radiation can indicate complex cardiac pathology and reoperative risk, which may indirectly increase AKI risk, but the link is weak compared with hemodynamics and renal labs."
cancer,0.03,"Cancer is a marker of frailty, inflammation, and potential nephrotoxic therapies, modestly increasing AKI susceptibility but not a direct predictor of postoperative creatinine rise."
peripheral_artery_disease,0.07,"Peripheral artery disease reflects systemic atherosclerosis and microvascular disease, which is associated with reduced renal reserve and higher AKI risk after cardiac surgery."
pre_op_thoracic_aorta_disease,0.06,"Thoracic aortic disease often implies more complex surgery (longer bypass/cross-clamp, embolic risk) and greater hemodynamic stress, increasing AKI risk indirectly."
syncope,0.01,"Syncope is a nonspecific symptom and does not directly reflect renal perfusion, nephrotoxin exposure, or established AKI risk pathways in the postoperative ICU course."
unresponsive_state_history,0.01,History of unresponsiveness is not a direct renal perfusion or nephrotoxin exposure marker; any association with AKI is indirect via overall frailty/illness severity.
cerebrovascular_disease,0.03,"Cerebrovascular disease reflects systemic atherosclerosis and vascular stiffness, which can correlate with poorer renal reserve and perioperative hypoperfusion risk, but it is not a strong standalone AKI predictor."
pre_op_hemoglobin,0.08,"Preoperative anemia reduces oxygen delivery and increases transfusion likelihood, both associated with postoperative AKI after cardiac surgery."
total_albumin_before_surgery,0.06,"Hypoalbuminemia is a marker of malnutrition/inflammation and lower oncotic pressure, associated with worse postoperative outcomes including AKI, though not kidney-specific."
total_bilirubin_before_surgery,0.04,Elevated bilirubin suggests hepatic dysfunction/congestion and higher perioperative risk; AKI linkage is plausible via venous congestion and multi-organ dysfunction but is indirect.
a1c_lvl,0.07,"Higher HbA1c reflects diabetes severity and microvascular disease, which reduces renal reserve and increases susceptibility to perioperative AKI."
pre_op_heparin_induced_thrombocytopenia_antibodies,0.01,HIT antibodies mainly affect anticoagulation strategy and thrombosis risk; any relationship to AKI is uncommon and indirect in this context.
meld_scr,0.12,"Higher MELD (including creatinine component) captures combined hepatic dysfunction and baseline renal vulnerability, both strongly associated with postoperative AKI risk."
bnp,0.09,"Elevated BNP indicates heart failure/volume overload and venous congestion, which can impair renal perfusion and is associated with cardiorenal AKI after cardiac surgery."
five_m_walk_test,0.02,"Poor walk test performance reflects frailty and limited physiologic reserve, which may correlate with complications including AKI but is not a direct renal mechanism."
previous_cardiovascular_intervention,0.03,Prior interventions indicate advanced cardiovascular disease and potential contrast exposure history; AKI association is plausible but nonspecific.
previous_coronary_bypass_graft,0.04,"Redo/complex coronary disease history can imply higher surgical complexity and hemodynamic instability risk, modestly increasing AKI risk."
previous_surgery_cardiac_value,0.04,"Prior cardiac surgery suggests higher operative complexity and adhesions with potential for longer bypass time and instability, indirectly increasing AKI risk."
previous_percutaneous_coronary_intervention,0.03,Prior PCI is a marker of coronary disease burden; AKI linkage is indirect and largely mediated by comorbidity and perioperative hemodynamics.
previous_percutaneous_coronary_intervention_this_episode_of_care,0.05,"Recent PCI in the same episode may imply recent contrast exposure and acute coronary syndrome physiology, both of which can increase susceptibility to postoperative AKI."
previous_percutaneous_coronary_intervention_stent,0.02,Presence of a stent mainly reflects coronary disease history and antiplatelet management; it has limited direct mechanistic connection to AKI.
time_since_previous_cardiac_intervention,0.02,"May proxy overall cardiovascular disease burden and surgical complexity, which can indirectly affect renal perfusion risk. Not a direct perioperative driver of AKI compared with hemodynamics and nephrotoxins."
past_cardiac_interventions,0.03,"Prior interventions suggest advanced CAD/valvular disease and potentially more complex redo surgery, indirectly increasing AKI risk. Still nonspecific relative to immediate postoperative perfusion and renal biomarkers."
pre_op_ace_inhibitor_within_48_hours,0.07,"ACE inhibitors can blunt efferent arteriolar tone and predispose to perioperative hypotension/renal hypoperfusion, especially in elderly patients. This is a recognized perioperative AKI risk modifier but not definitive alone."
pre_op_adp_inhibitor_within_5_days,0.02,Primarily relates to bleeding/transfusion risk rather than direct nephrotoxicity. Any AKI association is indirect via hemodynamic instability and transfusion exposure.
pre_op_amiodarone,0.01,Amiodarone is not a typical direct nephrotoxin and has weak direct linkage to postoperative AKI. It mainly reflects arrhythmia history rather than renal perfusion status.
pre_op_anticoagulants,0.02,Anticoagulants mainly influence bleeding risk and perioperative management; AKI linkage is indirect through hypotension/transfusion. Not a primary mechanistic predictor of creatinine rise.
pre_op_aspirin,0.01,Low-dose aspirin has minimal direct nephrotoxicity and is common standard-of-care in cardiac patients. Any AKI signal is weak and confounded by indication.
pre_op_beta_blockers,0.02,"Beta-blockers can contribute to bradycardia/low cardiac output in some contexts, but overall are routine therapy and not a strong AKI predictor. Association is indirect via hemodynamics."
pre_op_beta_blocker_therapy_for_2_weeks,0.01,Chronic beta-blocker use is common and mainly reflects baseline cardiac disease management. It has no strong direct mechanistic link to postoperative creatinine ratio.
pre_op_calcium_channel_blocker_therapy_for_2_weeks,0.01,Chronic CCB therapy is not a recognized direct AKI driver in cardiac surgery. Any relationship is indirect and likely confounded by comorbidity patterns.
pre_op_glycoprotein_inhibitor,0.02,"Often indicates recent ACS/high-risk PCI and increases bleeding/transfusion risk, which can secondarily affect renal perfusion. Not a direct renal injury marker."
pre_op_inotropic_agents,0.09,"Pre-op inotrope requirement signals low cardiac output/cardiogenic shock physiology, a well-established risk factor for renal hypoperfusion and postoperative AKI. Stronger prognostic value than most medication-history variables."
pre_op_lipid_lowering_med,0.01,Statins/lipid-lowering therapy are not direct AKI triggers and are ubiquitous in this population. Any protective/harmful effect is small relative to perioperative hemodynamics.
pre_op_long_acting_nitrate_therapy_for_2_weeks,0.01,Reflects angina management and CAD severity but does not directly predict renal injury. Indirect association is weak compared with perfusion and nephrotoxin exposures.
pre_op_iv_nitrates,0.04,"IV nitrates suggest active ischemia/heart failure and can contribute to hypotension, indirectly increasing AKI risk. Still nonspecific and less predictive than direct low-output markers."
pre_op_other_antianginal_therapy_for_2_weeks,0.01,Broad antianginal therapy history is a nonspecific proxy for CAD burden. It has weak direct mechanistic linkage to postoperative creatinine rise.
pre_op_steroid_usage,0.03,"Chronic steroids can reflect frailty/immunosuppression and may worsen infection risk and glycemic control, indirectly increasing AKI risk. Not a direct renal perfusion marker, so kept low for sparsity."
pre_op_thrombin_inhibitor_within_24_hours,0.01,Primarily affects bleeding/transfusion needs rather than renal perfusion directly. Any AKI association is indirect and inconsistent.
pre_op_warfarin_within_5_days,0.01,Warfarin exposure mainly influences perioperative bleeding and transfusion; renal effects are indirect. Warfarin-related nephropathy is uncommon and not a typical driver in this setting.
pre_op_factor_xa_inhibitor_within_5_days,0.01,DOAC exposure is chiefly relevant to bleeding management; links to postoperative AKI are indirect. Not a strong physiologic predictor of creatinine rise.
pre_op_thrombin_inhibitor_within_5_days,0.01,"Similar to other anticoagulants, this is more about bleeding/transfusion than kidney injury mechanisms. Weak and indirect relationship to postoperative creatinine ratio."
pre_op_lipid_lowering_med_is_statin,0.02,"Statins may be modestly protective via anti-inflammatory effects, but evidence for predicting AKI after cardiac surgery is mixed. More a comorbidity/health-status marker than a direct predictor."
cardiac_catheterization_performed,0.05,"Recent catheterization can imply contrast exposure and higher baseline cardiovascular complexity, both associated with AKI risk. Still indirect without timing/contrast dose, so capped low."
cor_anat_dis_known,0.02,"Known coronary disease reflects vascular burden and potential low cardiac output risk, indirectly related to renal hypoperfusion. Not specific enough to strongly predict creatinine ratio."
number_of_diseased_coronary_vessels,0.04,"Greater coronary disease burden correlates with operative complexity and risk of postoperative low-output states that can precipitate AKI. Association is indirect and confounded, so kept below 0.05."
aortic_valve_disease,0.03,"Severe aortic valve disease can predispose to perioperative hemodynamic instability and low renal perfusion. However, it is not a direct biomarker and overlaps with other cardiac severity measures."
mitral_valve_disease,0.03,"Mitral disease can be associated with pulmonary hypertension/low forward flow and higher surgical complexity, indirectly increasing AKI risk. Not a direct renal injury indicator."
tricuspid_valve_disease,0.06,"Tricuspid disease/right-sided failure can cause venous congestion and elevated renal venous pressure, a recognized contributor to AKI. This is a more kidney-relevant hemodynamic phenotype than other valve lesions."
pulmonic_valve_disease,0.01,"Pulmonic valve disease is uncommon and usually not a primary determinant of postoperative renal perfusion in adult cardiac surgery. Weak, nonspecific link to AKI."
n_past_cardiac_surgeries,0.05,"Redo sternotomy often increases operative time/complexity and risk of bleeding/transfusion and low-output states, which can contribute to AKI. Still an indirect proxy rather than a physiologic renal marker."
status,0.01,"Without clear clinical definition (e.g., elective vs emergent), this variable is hard to interpret mechanistically for AKI prediction. Treated as weak evidence to avoid spurious inclusion."
current_case_canceled,0.0,Case cancellation is an administrative/operational outcome and does not reflect postoperative renal physiology. No meaningful link to creatinine ratio at 60 hours.
operative_approach_converted,0.06,"Conversion (e.g., minimally invasive to open) is a marker of intraoperative complexity/complications, often associated with longer ischemic time, bleeding, and hemodynamic instability that increase AKI risk."
robotic,0.01,Robotic approach mainly reflects surgical technique and case selection; it has no direct physiologic linkage to postoperative renal injury beyond correlated factors.
op_cab,0.03,"CABG is associated with AKI risk via CPB exposure and perioperative hemodynamic shifts, but this binary label is a coarse proxy and overlaps with other operative severity markers."
op_valve,0.04,"Valve surgery can carry higher AKI risk due to longer bypass/cross-clamp times and postoperative low cardiac output, but procedure type alone is indirect and collinear with other severity indicators."
other_cardiac_procedure_completed,0.03,"Additional cardiac procedures suggest greater operative complexity and inflammatory/ischemic burden, indirectly increasing AKI risk."
a_fib_proc,0.01,AF ablation/maze procedures add operative time but are not a primary driver of renal hypoperfusion or nephrotoxicity; effect is mostly indirect.
aort_proc,0.08,"Aortic procedures are strongly associated with AKI due to prolonged CPB, hypothermia/circulatory arrest, embolic risk, and higher rates of postoperative shock."
other_non_cardiac_procedure_done,0.02,"Concurrent non-cardiac procedures may reflect complexity and longer anesthesia time, but the relationship to AKI is nonspecific and heterogeneous."
appropriate_antibiotic_selection,0.01,Appropriate prophylactic antibiotic choice is standard-of-care and not a direct determinant of early postoperative creatinine rise; nephrotoxicity is not captured by this appropriateness flag.
appropriate_antibiotic_administration_timing,0.01,Timing of prophylactic antibiotics primarily affects surgical site infection risk rather than early AKI physiology; limited direct relevance to creatinine ratio at 60h.
antibiotic_discontinuation_ordered,0.01,Discontinuation orders reflect protocol adherence and clinician behavior more than renal perfusion or nephrotoxic exposure intensity.
additional_intraoperative_prophylactic_antibiotic_dose,0.02,"Redosing is a proxy for longer operations or blood loss, which can correlate with AKI risk, but it is indirect and not a renal biomarker."
operative_lowest_core_temperature,0.07,"Lower nadir temperature can indicate deeper hypothermia/complex CPB strategies (e.g., circulatory arrest) associated with systemic hypoperfusion and higher AKI risk."
operative_lowest_hemoglobin,0.1,"Intraoperative anemia reduces renal oxygen delivery and is linked to postoperative AKI, especially in elderly patients with limited renal reserve."
high_intra_glu,0.03,"Perioperative hyperglycemia is associated with stress response and worse outcomes, but its link to AKI is indirect compared with hemodynamics and oxygen delivery."
cardiopulmonary_coronary_perfused_used,0.02,"Use of specialized perfusion strategies may correlate with operative complexity, but the directionality and renal impact are heterogeneous and largely indirect."
arterial_cannulation_site_aortic,0.01,Aortic cannulation is common in routine CPB and is not independently predictive of renal injury beyond overall surgical complexity. Any AKI signal is better captured by CPB duration and circulatory arrest variables.
arterial_cannulation_site_femoral,0.03,Femoral arterial cannulation can reflect higher-risk or redo/emergent cases and may be associated with more atheroembolism or malperfusion risk. Still an indirect proxy and largely collinear with operative complexity.
arterial_cannulation_site_axillary,0.02,"Axillary cannulation often indicates complex aortic surgery and altered perfusion strategies, indirectly increasing AKI risk. The primary mechanistic drivers are better represented by CPB and arrest times."
arterial_cannulation_site_innominate,0.02,Innominate cannulation is typically used in complex arch/aortic procedures and may proxy for higher operative risk. It is not a direct renal perfusion biomarker.
arterial_cannulation_site_other,0.01,Other cannulation sites are heterogeneous and mainly reflect procedural variation rather than a consistent renal risk mechanism. Limited interpretability reduces predictive value.
venous_cannulation_site_femoral,0.02,Femoral venous cannulation can indicate minimally invasive or complex access scenarios and may correlate with case complexity. It has no direct physiologic linkage to renal tubular injury.
venous_cannulation_site_jugular,0.01,Jugular venous cannulation site choice is usually technical and not a known driver of postoperative AKI. Any association is likely confounded by procedure type.
venous_cannulation_site_right_atrial,0.01,Right atrial venous cannulation is standard for many CPB cases and does not independently predict AKI. Renal risk is better captured by perfusion time and hemodynamic instability.
venous_cannulation_site_left_atrial,0.01,"Left atrial venous cannulation is uncommon and procedure-specific, without a consistent mechanistic link to AKI. Likely reflects surgical approach rather than renal insult."
venous_cannulation_site_pulmonary,0.01,Pulmonary venous cannulation is rare and primarily technical/procedural. It is not an established predictor of postoperative renal dysfunction.
venous_cannulation_site_bicaval,0.02,Bicaval cannulation may be used in more complex intracardiac procedures and can proxy for longer CPB or more inflammation. Still indirect and typically dominated by CPB duration effects.
venous_cannulation_site_other,0.01,This category is heterogeneous and unlikely to encode a consistent renal risk pathway. Any signal is likely noise or confounding by procedure type.
cardiopulmonary_bypass_time,0.18,"Longer CPB time is a strong, well-established risk factor for AKI via inflammation, hemolysis, nonpulsatile flow, and renal hypoperfusion. It also correlates with operative complexity and transfusion/vasopressor needs."
circulatory_arrest,0.12,"Use of circulatory arrest indicates major aortic/arch surgery with higher risk of global hypoperfusion and ischemia-reperfusion injury, increasing AKI risk. It is a strong marker of severe physiologic stress even if duration is captured separately."
deep_hypothermic_circulatory_arrest_time,0.2,"Longer DHCA time directly increases risk of systemic ischemia and subsequent renal ischemia-reperfusion injury, a potent mechanism for postoperative AKI. Duration provides more granular risk than the binary arrest indicator."
cerebral_perfusion_utilized,0.03,Cerebral perfusion strategies are primarily neuroprotective and reflect complex arch surgery; renal implications are indirect through overall perfusion management. Any association with AKI is likely mediated by arrest/CPB duration and case complexity.
cerebral_perfusion_time,0.03,"Longer selective cerebral perfusion time is a proxy for complex/prolonged aortic surgery and cardiopulmonary bypass exposure, which increases systemic inflammation and renal hypoperfusion risk. It is indirect (brain-focused) and partly collinear with other duration metrics."
intraop_circulatory_arrest_time,0.12,"Circulatory arrest implies profound global hypoperfusion/ischemia and typically longer bypass/complexity, which are established drivers of postoperative AKI. Duration is clinically meaningful and less redundant than cerebral monitoring variables."
aortic_occlusion,0.02,"Aortic occlusion indicates major aortic manipulation and potential embolic/ischemic burden, but as a binary flag it is a coarse proxy for complexity. Much of its signal is captured better by clamp/arrest times and transfusion needs."
aortic_cross_clamp_time,0.1,"Cross-clamp time is a well-established marker of operative complexity and ischemic/inflammatory burden during cardiac surgery, correlating with AKI risk. It is a stronger, more direct duration metric than cerebral oximetry use."
cerebral_oximetry_used,0.01,Use of cerebral oximetry reflects monitoring preference and case type rather than a physiologic insult causing AKI. It is not a direct renal perfusion marker and is likely confounded by institutional practice.
diffuse_aortic_calcification,0.04,"Diffuse aortic calcification reflects advanced atherosclerosis and higher risk of embolization and perioperative hemodynamic instability, which can contribute to AKI. The link is plausible but indirect and confounded by overall comorbidity burden."
assessment_of_ascending_aorta_arch,0.01,Documentation of aortic assessment is largely procedural/behavioral and does not itself represent a renal insult. It mainly reflects standard operative evaluation and is weakly informative for AKI.
aorta_plaque_assessment,0.01,Plaque assessment is a documentation/assessment variable and not a physiologic driver of renal injury. Any association would be indirect via case complexity and is better captured by operative times and transfusions.
aortic_condition_altered_plan,0.05,"An altered surgical plan due to aortic condition suggests unexpected complexity and potentially longer bypass, more hemodynamic perturbations, and embolic risk, all associated with AKI. Still indirect and heterogeneous, so capped to avoid over-weighting."
intraop_blood_products_refused,0.01,Refusal of blood products is not a physiologic mechanism for AKI and is rare; any effect would be mediated through anemia/hypoperfusion but is highly confounded. Treat as weak evidence.
intraop_blood_products_received,0.08,"Receiving blood products is a marker of bleeding, hemodilution, and operative complexity, and transfusion is associated with postoperative AKI via inflammation and microcirculatory effects. This is an established but nonspecific risk factor."
intraop_red_blood_cells_transfused,0.09,"RBC transfusion volume correlates with bleeding/anemia and is consistently associated with AKI after cardiac surgery, likely via inflammatory and storage-lesion effects plus severity confounding. More specific than the aggregate blood-products variable."
intraop_fresh_frozen_plasma_transfused,0.04,"FFP transfusion indicates coagulopathy/bleeding and higher surgical complexity, which can accompany hypotension and renal hypoperfusion. Association with AKI is plausible but less consistent and more confounded than RBCs."
intraop_platelets_transfused,0.04,"Platelet transfusion suggests significant bleeding or platelet dysfunction (often with prolonged bypass), both linked to higher AKI risk. It is an indirect severity marker and typically collinear with other transfusion measures."
intraop_cryoprecipitate_transfused,0.03,"Cryoprecipitate use reflects severe bleeding/hypofibrinogenemia and complex surgery, which can be associated with renal hypoperfusion and inflammation. It is relatively infrequent and largely a severity proxy."
intra_clot_fact,0.02,"Intraoperative clotting factor administration indicates coagulopathy/bleeding severity and complex operative course, indirectly increasing AKI risk through shock/transfusion burden. It is heterogeneous and overlaps with other transfusion indicators."
intraop_received_amino_captroic_acid,0.01,Antifibrinolytic use is not a direct renal insult and is usually driven by bleeding risk rather than kidney perfusion. Any AKI association is indirect via transfusion/bleeding severity and should be kept low for sparsity.
intraop_received_tranexamic_acid,0.01,Tranexamic acid is not typically nephrotoxic; its use mainly reflects bleeding prophylaxis. Any relationship to AKI is indirect and confounded by surgical complexity.
intraop_transesophageal_echocardiogram_performed,0.01,TEE performance is standard in many cardiac surgeries and reflects monitoring practice rather than renal physiology. It has no direct mechanistic link to postoperative creatinine rise.
post_repair_aortic_insufficiency,0.05,"Residual aortic regurgitation can reduce effective forward flow and contribute to low cardiac output, indirectly worsening renal perfusion. However, it is an indirect marker and often mild/managed, so keep modest."
post_repair_mitral_insufficiency,0.05,"Residual MR can drive pulmonary congestion and low effective cardiac output, which can impair renal perfusion. It is a plausible but indirect AKI risk marker."
post_repair_tricuspid_insufficiency,0.08,"TR is closely tied to elevated right-sided pressures and venous congestion, which is a recognized contributor to cardiorenal syndrome and postoperative AKI. Residual TR can therefore be an established hemodynamic risk factor."
op_val_surg_input,0.03,"Valve surgery generally implies longer bypass/cross-clamp and higher hemodynamic complexity, which can increase AKI risk. Still, this is a coarse proxy and likely collinear with other severity markers."
a_fib_proc_surg_input,0.02,"Concomitant AF procedures may increase operative time and complexity, indirectly increasing AKI risk. The link is weak and largely confounded by overall surgical burden."
general_anesthesia_used,0.01,General anesthesia is nearly universal in cardiac surgery and provides little discrimination for AKI risk. It is not a specific renal risk factor in this context.
intraop_prothrombin_complex_concentrate_used,0.04,"PCC use signals major bleeding/coagulopathy and high-acuity surgery, which can be associated with hypotension/transfusion and AKI. The relationship is indirect and confounded, so keep below 0.05."
post_repair_aortic_mean_gradient,0.03,"Higher residual aortic gradients can reflect suboptimal valve hemodynamics and potential afterload/low output states, indirectly affecting renal perfusion. Typically a weaker predictor than direct perfusion/pressure measures."
post_repair_aortic_paravalvular_leak,0.04,"Paravalvular leak can cause hemolysis and/or reduced effective forward flow, potentially contributing to renal injury. Usually an indirect and variable contributor, so modest importance."
post_repair_mitral_mean_gradient,0.03,"Residual mitral stenosis/gradient may limit forward flow and contribute to congestion, indirectly affecting renal perfusion. Generally a weaker, indirect predictor compared with direct hemodynamic/lab markers."
post_repair_mitral_paravalvular_leak,0.04,"Mitral PVL can lead to hemolysis and heart failure physiology, both of which can worsen renal function. Still typically an indirect marker and not a definitive AKI driver."
post_repair_mitral_tricuspid_leak,0.05,"Combined residual AV valve regurgitation suggests persistent volume overload/low effective output and venous congestion, which can predispose to AKI. This is an indirect but clinically plausible risk indicator."
ejection_fraction_post_procedure,0.1,"Lower post-procedure EF is a strong indicator of low cardiac output risk, a key mechanism for postoperative renal hypoperfusion and AKI. It is an established hemodynamic predictor, though not kidney-specific."
pp_planed_pci,0.02,"Planned PCI mainly reflects coronary disease complexity and potential contrast exposure, but it is an indirect and inconsistent driver of postoperative AKI compared with direct hemodynamic/renal markers."
iabp,0.1,"Need for IABP indicates perioperative low cardiac output/cardiogenic shock physiology, which is an established risk factor for renal hypoperfusion and subsequent AKI."
cath_bas_assist,0.03,"Catheter-based assist suggests higher acuity and possible hemodynamic instability, but the relationship to creatinine rise is indirect and heterogeneous across devices/indications."
ecmo,0.2,"ECMO use is a strong marker of severe cardiopulmonary failure with high rates of renal hypoperfusion, inflammation/hemolysis, and fluid overload, all strongly linked to AKI."
bld_prod,0.1,"Blood product transfusion burden correlates with bleeding, inflammation, hemolysis, and hemodynamic instability; transfusions are an established postoperative AKI risk factor in cardiac surgery."
extubated_in_or,0.03,Extubation in the OR is a proxy for physiologic stability and lower illness severity; it is indirectly associated with lower AKI risk but not a direct renal mechanism.
re_intub,0.1,"Re-intubation reflects respiratory failure and clinical deterioration often accompanied by hypotension, higher vasopressor needs, and fluid shifts, which increase AKI risk."
icu_visit,0.01,ICU visit/transfer is largely standard postoperative workflow after cardiac surgery and provides little specific mechanistic information about renal injury risk.
postop_hemoglobin,0.05,Lower postoperative hemoglobin can reduce oxygen delivery and may reflect bleeding/transfusion needs; it has a plausible link to renal ischemia but is not a specific AKI biomarker.
postop_hct,0.03,Postoperative hematocrit overlaps strongly with hemoglobin and mainly reflects anemia/hemodilution; it is an indirect marker and adds limited independent AKI signal.
postop_intub,0.05,"Remaining intubated postoperatively is a proxy for higher acuity and potential hemodynamic/respiratory instability, indirectly increasing AKI risk."
prev_mi,0.05,"Prior MI indicates underlying ischemic cardiomyopathy risk and reduced cardiac reserve, which can predispose to low-output states and renal hypoperfusion postoperatively."
mi_when,0.02,"Timing of prior MI may correlate with cardiac reserve, but its incremental value beyond the presence of MI and perioperative hemodynamics is typically small for predicting AKI."
card_symp_time_of_adm,0.01,Symptom timing at admission is not directly linked to renal perfusion or nephrotoxic exposure and is unlikely to add meaningful AKI prediction beyond acuity/hemodynamics.
card_symp_time_of_surg,0.01,Symptom timing at surgery is a weak proxy for urgency and does not directly capture renal insult mechanisms; expected predictive value for creatinine rise is minimal.
anginal_class,0.03,"Angina class reflects coronary disease severity and functional limitation, which may relate indirectly to perioperative cardiac reserve, but it is not a direct predictor of postoperative AKI."
class_nyh,0.03,"Higher NYHA class reflects worse baseline cardiac reserve and propensity to low-output states post-op, indirectly increasing AKI risk. It is a coarse pre-op severity marker and not kidney-specific."
car_shock,0.18,"Cardiogenic shock implies profound renal hypoperfusion and venous congestion, both strong drivers of postoperative AKI. It is a direct hemodynamic collapse state closely linked to subsequent creatinine rise."
resusc,0.06,Need for resuscitation suggests perioperative instability (hypotension/bleeding/low flow) that can precipitate ischemic tubular injury. It is an established but nonspecific marker of severity.
arrhythmia,0.03,"Arrhythmias can reduce cardiac output and renal perfusion, but the umbrella term is heterogeneous and often transient/treated. Predictive value is indirect compared with shock or sustained hypotension."
recent_cardiac_arrhythmia_vtach_vfib,0.08,"VT/VF episodes indicate severe instability and potential low-flow periods that can cause renal ischemia. Still, effect depends on duration and hemodynamic impact, so it is not definitive alone."
recent_arrhyth_sss,0.01,Sick sinus syndrome mainly reflects conduction disease and pacing needs rather than renal perfusion injury. Any AKI association is weak and largely mediated by overall cardiac comorbidity.
recent_arrhyth_a_flutter,0.03,"Atrial flutter can impair cardiac output and contribute to congestion, but is often rate-controlled and less strongly linked to AKI than shock states. Thus it is an indirect predictor."
recent_arrhyth_second,0.02,"Second-degree AV block may cause bradycardia and reduced perfusion, but is frequently managed with pacing and may be transient. Association with AKI is plausible but weak."
recent_arrhyth_third,0.04,"Complete heart block can cause significant bradycardia/low output until paced, which can threaten renal perfusion. Predictive value is moderate but typically mitigated quickly with pacing."
arrhyth_p_paced,0.02,Being paced is more a marker of conduction disease and postoperative management than a direct renal insult. Any AKI link is indirect via underlying cardiac dysfunction.
heart_fail,0.09,"Heart failure is an established AKI risk factor via low forward flow and elevated venous pressures (cardiorenal physiology), especially after cardiac surgery. It meaningfully increases susceptibility to postoperative creatinine rise."
recent_arrhyth_atr_fib,0.04,"Atrial fibrillation can reduce effective cardiac output and is associated with postoperative complications and congestion, modestly increasing AKI risk. It is common and often controlled, so not highly specific."
pain_score_pre,0.005,Preoperative pain score has no direct physiologic linkage to renal perfusion or tubular injury. Any association would be confounded by overall illness or analgesic use and is weak.
intraop_cell_saver_volume,0.02,"Cell saver volume is a proxy for surgical blood loss/complexity and transfusion needs, which can correlate with inflammation and hypotension. However it is indirect and not a kidney-specific exposure."
total_heparin_before_bypass,0.01,Heparin dosing before bypass is largely protocol-driven and not a direct nephrotoxin. It has minimal mechanistic connection to postoperative creatinine rise.
total_protamine_before_or_exit,0.03,"Protamine can cause hypotension, pulmonary vasoconstriction, and hemodynamic instability in susceptible patients, which could secondarily impair renal perfusion. Dose is still an indirect and context-dependent predictor."
intra_visco_test,0.01,"Viscoelastic testing (e.g., TEG/ROTEM) reflects coagulation management rather than renal perfusion or nephrotoxicity. Any association with AKI would be indirect via bleeding/transfusion complexity."
vol_agent_used,0.02,Use of a volatile anesthetic is common and not a specific driver of postoperative AKI. It may weakly proxy case/anesthesia complexity but has no direct renal biomarker role.
volatile_agent_isoflurane,0.02,"Isoflurane choice is unlikely to directly affect creatinine rise compared with hemodynamics, bypass time, and nephrotoxins. Any effect would be indirect through blood pressure management."
volatile_agent_sevoflurane,0.03,"Sevoflurane has theoretical renal concerns (compound A) but clinically significant AKI signal in modern practice is weak, especially relative to perfusion/vasopressor exposure. Could modestly proxy anesthetic strategy."
volatile_agent_desflurane,0.02,"Desflurane selection is not an established AKI predictor; renal outcomes are dominated by perfusion pressure, congestion, and inflammatory/bypass effects. Likely reflects provider preference."
vol_agent_oth,0.01,Other volatile agents are heterogeneous and not mechanistically tied to AKI risk in a consistent way. This variable is more about documentation than renal physiology.
volatile_agent_used_pre_bypass,0.02,Pre-bypass volatile use is routine and not a direct determinant of postoperative creatinine trajectory. Any association would be confounded by overall anesthetic course and hemodynamics.
volatile_agent_used_during_bypass,0.03,"During-bypass anesthetic strategy may correlate with bypass management and inflammatory stress, but volatile use itself is not a strong AKI driver. At most a weak proxy for intraoperative course."
volatile_agent_used_post_bypass,0.03,"Post-bypass volatile use may correlate with hemodynamic instability and need for deeper anesthesia, indirectly relating to renal hypoperfusion risk. Still not a primary AKI predictor."
volatile_agent_used_for_maintenance,0.02,"Maintenance volatile use is standard practice and not specifically linked to AKI compared with perfusion pressure, vasopressors, and fluid balance. Limited incremental prognostic value."
intra_op_infusion_dexmedetomidine,0.03,"Dexmedetomidine can influence sympathetic tone and blood pressure, potentially affecting renal perfusion indirectly. Evidence for AKI prevention/causation is mixed, so relevance is low."
intraop_propofol_infusion,0.02,Propofol infusion mainly reflects anesthetic technique; renal impact is indirect via hypotension. Not an established independent predictor of postoperative creatinine rise.
intraop_midazolam_infusion,0.01,Midazolam infusion is not mechanistically linked to AKI and largely reflects sedation practice. Any association would be confounded by case complexity.
total_insulin_before_or_exit,0.05,"Higher insulin requirement can proxy perioperative hyperglycemia/stress response, which is associated with worse postoperative outcomes including AKI. It is indirect and confounded, so kept low."
pre_anesth_bp_sys,0.06,"Preoperative systolic BP reflects baseline hemodynamic reserve and chronic hypertension, which increases susceptibility to renal hypoperfusion during surgery. It is an established but nonspecific AKI risk factor."
pre_anesth_bp_dia,0.05,Diastolic BP relates to vascular tone and coronary/renal perfusion pressure and may reflect chronic hypertension/arterial stiffness in the elderly. Predictive value is plausible but indirect.
pre_anesth_hr,0.01,Pre-induction heart rate is a nonspecific marker of stress/pain and does not directly reflect renal perfusion or tubular injury risk once intra/post-op hemodynamics are accounted for.
pulmonary_artery_catheter_used,0.03,"Use of a PA catheter is a proxy for higher surgical/ICU acuity and anticipated hemodynamic instability, which can relate to AKI risk, but it is not a physiologic driver itself."
core_temp_max,0.02,"Peak core temperature may reflect inflammatory response or infection risk, but perioperative temperature extremes are not a primary established predictor of post-cardiac surgery AKI compared with perfusion/pressure variables."
nitric_ox_intraop,0.03,"Inhaled nitric oxide use suggests pulmonary hypertension/RV strain and potential low cardiac output states that can impair renal perfusion, but it is an indirect proxy rather than a direct AKI marker."
total_crystalloid_by_anesthesia_team,0.04,"Large crystalloid volumes can indicate bleeding/vasoplegia and contribute to venous congestion/hemodilution, which may worsen renal function, but volume given is confounded by case complexity."
total_synthetic_colloid_by_anesthesia_team,0.05,"Synthetic colloids (depending on agent) have been associated with AKI risk and are often used in sicker patients; still, intraop dosing is a proxy and may be collinear with overall resuscitation intensity."
total_5_percent_albumin_by_anesthesia_team,0.03,Albumin use reflects volume resuscitation strategy and oncotic support; it may correlate with hemodynamic instability but is not a direct nephrotoxic exposure or definitive AKI predictor.
gluc_trough_intraop,0.02,Intraoperative hypoglycemia/low glucose is not a typical direct driver of AKI; glycemic control relates more to overall illness severity than renal-specific injury mechanisms.
vasodil_intraop,0.04,"Intraoperative vasodilator use can signal hypertension management or afterload reduction; it may contribute to hypotension episodes affecting renal perfusion, but the relationship is indirect and confounded."
intra_proc_eeg,0.01,"Intra-procedural EEG monitoring reflects neurologic monitoring needs and case complexity, with no specific mechanistic link to postoperative creatinine rise."
intra_op_pre_tee,0.01,Pre-incision TEE is routine in many cardiac surgeries and mainly reflects standard monitoring rather than renal perfusion risk.
left_ventricular_ejection_fraction_estimate_pre_incision,0.08,"Reduced LVEF is an established risk factor for low cardiac output and renal hypoperfusion after cardiac surgery, increasing AKI risk."
rv_function_estimate_pre_incision,0.07,"RV dysfunction predisposes to elevated venous pressures and renal venous congestion with reduced effective renal perfusion, an established contributor to AKI."
mitral_valve_regurgitation_pre_incision,0.03,"Significant MR can reflect chronic heart failure physiology and perioperative hemodynamic instability, but its association with AKI is indirect and mediated through cardiac output/pressures."
mitral_stenosis_pre_incision,0.02,"Mitral stenosis may contribute to pulmonary hypertension and right-sided strain, but it is not a primary established predictor of postoperative AKI compared with direct hemodynamic measures."
aortic_valve_regurgitation_pre_incision,0.02,"Aortic regurgitation can affect perioperative hemodynamics, yet its link to AKI is indirect and typically weaker than global ventricular function or shock markers."
aortic_stenosis_regurgitation_pre_incision,0.03,"Significant valvular disease can predispose to perioperative low cardiac output and renal hypoperfusion, but it is an indirect and heterogeneous predictor once postoperative hemodynamics are known."
pre_ava_assessed,0.005,Whether aortic valve area was assessed reflects documentation/testing rather than a physiologic insult; it is not a direct AKI driver.
pre_tr,0.04,"Tricuspid regurgitation can indicate right-sided dysfunction and venous congestion, which can worsen renal perfusion pressure, but it remains an indirect predictor compared with postoperative CVP/pressors/urine output."
pre_pfo,0.005,Patent foramen ovale has no meaningful direct relationship to postoperative renal injury risk.
asc_ao_assessed,0.005,Assessment of the ascending aorta is a procedural/documentation variable and does not itself reflect renal perfusion or nephrotoxic exposure.
maximal_ascending_aortic_diameter,0.01,"Aortic size relates to surgical complexity but is not an established independent predictor of AKI compared with bypass time, hemodynamics, and renal labs."
maximal_ascending_aortic_atherosclerotic_thickness,0.02,"Aortic atherosclerosis may correlate with embolic burden and vascular disease, which can contribute to renal ischemia, but evidence is indirect for predicting creatinine rise."
ascending_aortic_atheroma_mobility,0.03,"Mobile atheroma increases risk of embolization during manipulation/CPB, plausibly including renal microembolization, but it is not a definitive AKI marker."
visualize_aortic_arch,0.005,Whether the arch was visualized is a workflow/documentation feature and not a physiologic determinant of postoperative creatinine change.
mx_arc_ath,0.02,"Arch atheroma burden may reflect systemic atherosclerosis and embolic risk, which can contribute to renal injury, but the link is indirect."
aortic_arch_atheroma_mobility,0.03,"Mobile arch atheroma suggests higher embolic potential during surgery, which can contribute to renal ischemic injury, though it remains a secondary predictor."
cpb_used,0.1,"Use of cardiopulmonary bypass is an established AKI risk factor via inflammation, hemolysis, nonpulsatile flow, and renal hypoperfusion; it is a key perioperative exposure."
retr_autol_prim,0.02,"Autologous priming/retrograde autologous priming may reduce hemodilution and transfusion needs, potentially affecting AKI risk, but effects are modest and context-dependent."
total_crystalloid_by_perfusion_team,0.04,"Higher intraoperative crystalloid can reflect hemodilution, capillary leak, and fluid overload, which may worsen renal congestion and AKI risk, but it is a nonspecific proxy for case complexity."
total_synthetic_colloid_by_perfusion_team,0.06,"Synthetic colloids (e.g., HES) are associated with AKI risk in critical illness and may contribute to renal tubular injury; intraoperative exposure is clinically relevant if present."
total_5_percent_albumin_by_perfusion_team,0.03,Albumin use reflects volume management and oncotic support; it may correlate with hemodynamic instability but is not a strong independent driver of AKI compared with perfusion and vasopressor needs.
hemofil_perf,0.22,Need for hemofiltration/perfusion support reflects severe perioperative renal dysfunction or fluid overload and is strongly associated with subsequent creatinine rise. It is a near-direct marker of early AKI severity/trajectory.
inotrop_wean_cpb,0.06,"Difficulty weaning inotropes off CPB suggests low cardiac output and renal hypoperfusion risk, an established AKI mechanism. However it is indirect and can be transient immediately post-bypass."
vasop_wean_cpb,0.07,"High vasopressor requirement to wean from CPB indicates vasoplegia/shock physiology and impaired renal perfusion pressure, increasing AKI risk. Still an indirect proxy rather than a renal biomarker."
intra_op_post_tee,0.01,Having a post-TEE is largely procedural/monitoring practice and does not directly quantify renal perfusion or injury. Any association is likely confounded by case complexity.
systolic_anterior_motion_mitral_valve_presence,0.03,"SAM can cause dynamic LVOT obstruction and hypotension, which could reduce renal perfusion. It is relatively uncommon and an indirect, situational contributor to AKI risk."
ret_cpb_ech,0.02,Return-to-CPB or CPB-related echo assessment reflects intraoperative instability/complexity that may correlate with AKI risk. It is an indirect proxy and not specific for renal injury.
left_ventricular_ejection_fraction_estimate_post_incision,0.05,Lower LVEF is an established risk factor for postoperative AKI via low cardiac output and venous congestion. Post-incision estimate is indirect and may not reflect postoperative hemodynamics.
post_rv_fx,0.08,"RV dysfunction can drive venous congestion and elevated renal venous pressure, a recognized pathway to AKI after cardiac surgery. It is a meaningful hemodynamic risk factor though not definitive alone."
intra_card_arr,0.05,Intraoperative arrhythmias can cause hypotension/low output episodes and renal hypoperfusion. Association is plausible but heterogeneous and often transient.
post_core_temp,0.02,"Postoperative hypothermia/rewarming relates to systemic stress and vasoconstriction but is not a primary driver of AKI compared with perfusion and congestion variables. Likely weak, nonspecific signal."
post_inr,0.04,"Elevated INR may reflect hepatic hypoperfusion, CPB-related coagulopathy, or massive transfusion—markers of severe illness that correlate with AKI risk. It is indirect and confounded by anticoagulation practices."
post_wbc,0.03,"Leukocytosis can indicate inflammation/infection and overall physiologic stress, which may contribute to AKI risk. It is nonspecific and weakly predictive compared with hemodynamics and renal markers."
post_plt,0.04,"Thrombocytopenia after CPB can reflect systemic inflammation/consumption and severity of illness, which correlates with AKI risk. It is indirect and not kidney-specific."
post_hct,0.06,"Low hematocrit/anemia reduces oxygen delivery and is associated with postoperative AKI, especially after CPB and transfusion-heavy courses. It is an established but moderate-strength risk factor."
post_fibrin,0.03,"Low fibrinogen suggests bleeding/consumption and severe operative stress, which can correlate with AKI through shock/transfusion pathways. It is indirect and not specific for renal injury."
post_lact,0.14,Elevated lactate is a strong marker of global hypoperfusion/low cardiac output and predicts organ dysfunction including AKI after cardiac surgery. It captures severity of shock physiology more directly than many other labs.
prop_post,0.01,Postoperative propofol exposure is not a direct driver of AKI; any association would be indirect via hypotension or illness severity. In a sparse linear model it is likely redundant with hemodynamic variables.
pain_score_pod3,0.01,Pain score on POD3 is temporally downstream/late relative to the 36h feature window and is not a physiologic mechanism for AKI. It may weakly reflect overall recovery but is nonspecific.
current_smoker,0.03,Smoking is associated with vascular disease and perioperative pulmonary complications that can indirectly worsen renal perfusion. However it is not a strong short-term predictor of creatinine rise after cardiac surgery compared with hemodynamics and renal labs.
former_smoker,0.02,Former smoking has a weaker and more heterogeneous relationship to acute postoperative AKI than current smoking. Any effect is largely mediated through comorbid vascular disease already captured elsewhere.
pre_op_arrhyth_a_fib_paroxysmal,0.04,Atrial fibrillation can contribute to perioperative hemodynamic instability and low cardiac output episodes that predispose to AKI. Paroxysmal AF is a modest risk marker but not a direct biomarker.
pre_op_arrhyth_a_fib_persistent,0.06,"Persistent AF more strongly reflects chronic atrial/ventricular dysfunction and risk of postoperative low output and congestion, which can impair renal perfusion. Still an established risk factor rather than a direct renal marker."
cardioplegia_delivery_antegrade,0.01,Antegrade cardioplegia delivery technique has no clear direct mechanistic link to renal injury. Any association would be confounded by procedure type/complexity.
cardioplegia_delivery_retrograde,0.01,Retrograde cardioplegia is primarily a surgical technique choice and is not a direct determinant of postoperative renal function. Potential links are indirect via operative complexity and bypass time.
cplegia_type_blood,0.01,"Blood vs crystalloid cardioplegia has limited and inconsistent direct association with postoperative AKI compared with perfusion pressure, bypass duration, and shock. Treat as weak/indirect at most."
cplegia_type_crystalloid,0.01,Crystalloid cardioplegia choice is not a direct renal insult and is largely a procedural preference. Any signal is likely confounded by case mix and operative factors.
heart_fail_tmg_acute,0.08,"Acute heart failure around surgery increases risk of renal hypoperfusion and venous congestion (cardiorenal syndrome), both key pathways to AKI. It is an established perioperative risk factor for creatinine rise."
heart_fail_tmg_chronic,0.07,"Chronic heart failure predisposes to low effective arterial blood volume and renal venous congestion, increasing susceptibility to postoperative AKI. It is a well-known baseline risk factor but not definitive alone."
heart_fail_type_systolic,0.08,"Systolic dysfunction is closely tied to low cardiac output states and need for vasoactive support, which are strongly linked to AKI after cardiac surgery. This is an established risk factor for subsequent creatinine increase."
heart_fail_type_diastolic,0.05,"Diastolic dysfunction can cause elevated filling pressures and congestion that impair renal function, but the relationship to AKI is generally weaker than systolic failure. Consider as plausible-to-established but not a direct predictor."
0_12h_pulse_oximetry_mean,0.02,"Early mean SpO2 in the immediate postoperative period is often transiently affected by ventilation/anesthesia and is a nonspecific marker for AKI. Hypoxemia can contribute to renal ischemia, but mean values in 0–12h are conservative and capped."
13_24h_pulse_oximetry_mean,0.03,"Persistently lower mean SpO2 in 13–24h may reflect ongoing respiratory failure and systemic hypoxia that can worsen renal injury. Still indirect and less informative than hemodynamics/renal labs, so kept low."
25_36h_pulse_oximetry_mean,0.02,"Sustained oxygenation may reflect overall cardiopulmonary stability, but mean SpO2 is a nonspecific and often artifact-prone proxy for renal perfusion. Extremes (hypoxemia episodes) are more mechanistically linked to AKI than averages."
0_12h_pulse_oximetry_max,0.005,High SpO2 is not a plausible driver of AKI and mainly reflects supplemental oxygen use. Early post-op values are heavily influenced by ventilation/FiO2 and are weakly informative for renal injury.
13_24h_pulse_oximetry_max,0.005,Maximum SpO2 largely reflects oxygen therapy rather than renal-relevant physiology. Provides little incremental signal for AKI risk.
25_36h_pulse_oximetry_max,0.005,Maximum SpO2 is not a marker of hypoxic insult and is minimally related to kidney injury. It is mostly determined by oxygen delivery settings.
0_12h_pulse_oximetry_min,0.06,"Hypoxemia episodes can worsen renal medullary oxygenation and correlate with hemodynamic/respiratory instability, plausibly increasing AKI risk. In the immediate 0–12h post-op window, transient derangements are common, so the score is capped conservatively."
13_24h_pulse_oximetry_min,0.08,Persistent or recurrent hypoxemia in the trajectory phase suggests ongoing instability and can contribute to renal ischemic stress. More informative than early post-op but still indirect for AKI.
25_36h_pulse_oximetry_min,0.12,"Late hypoxemia close to the outcome window is a stronger leading indicator of systemic compromise and reduced renal oxygen delivery. While not kidney-specific, it can meaningfully track risk of subsequent creatinine rise."
0_12h_pulse_oximetry_measured,0.01,Measurement frequency mainly reflects monitoring intensity and routine ICU practice rather than a renal mechanism. Early post-op continuous monitoring makes this a weak behavioral proxy.
13_24h_pulse_oximetry_measured,0.01,SpO2 measurement frequency is largely protocol-driven and not specific to AKI suspicion. Adds little beyond the physiologic values themselves.
25_36h_pulse_oximetry_measured,0.01,Continued frequent SpO2 checks may reflect acuity but is nonspecific and highly confounded by ventilation status. Kept low per behavioral-proxy rule.
0_12h_r_pulmonary_artery_pressure_mean_mean,0.03,"Mean PAP reflects RV afterload and cardiopulmonary status, which can indirectly affect renal perfusion via low cardiac output/venous congestion. In the immediate post-op period it is often transiently abnormal and less predictive."
13_24h_r_pulmonary_artery_pressure_mean_mean,0.05,Ongoing elevation in mean PAP may indicate RV dysfunction or pulmonary hypertension contributing to low forward flow and renal hypoperfusion. Still indirect and collinear with more informative extremes.
25_36h_r_pulmonary_artery_pressure_mean_mean,0.07,"Later sustained elevation in mean PAP can track persistent RV strain and systemic congestion that can worsen renal function. However, extremes are typically more reflective of acute hemodynamic insults than averages."
0_12h_r_pulmonary_artery_pressure_mean_max,0.08,"Acute spikes in mean PAP can signal RV failure, hypoxia/hypercapnia, or pulmonary vasoconstriction leading to reduced cardiac output and renal hypoperfusion. In 0–12h, abnormalities are common post-CPB so the score is conservatively capped."
13_24h_r_pulmonary_artery_pressure_mean_max,0.12,"Maximal PAP elevations during 13–24h suggest ongoing RV afterload crises and hemodynamic instability, which are established contributors to AKI risk. More informative than the mean due to capturing acute insults."
25_36h_r_pulmonary_artery_pressure_mean_max,0.16,"Late PAP spikes close to hour 60 can indicate persistent or worsening RV dysfunction and venous congestion/low output, both strongly linked to postoperative AKI. This extreme aggregation is preferred over mean to reduce collinearity and better capture pathologic episodes."
0_12h_r_pulmonary_artery_pressure_mean_min,0.02,"Low PA pressure can reflect low preload/low output states that may reduce renal perfusion, but early post-op values are often transient and treatment-driven. Also a less direct AKI driver than systemic perfusion pressure or venous congestion."
13_24h_r_pulmonary_artery_pressure_mean_min,0.03,Persistently low PA pressures in the trajectory phase can indicate ongoing low filling/low output physiology affecting renal perfusion. Still indirect and collinear with other hemodynamic markers.
25_36h_r_pulmonary_artery_pressure_mean_min,0.05,"In the leading-indicator window, low PA pressures may signal sustained low preload/low cardiac output contributing to renal hypoperfusion. Remains an indirect proxy compared with direct cardiac output/MAP measures."
0_12h_r_pulmonary_artery_pressure_mean_measured,0.01,"Measurement frequency mainly reflects monitoring intensity (e.g., PA catheter presence/acuity) rather than a physiologic mechanism of AKI. Early post-op monitoring is common and not specific."
13_24h_r_pulmonary_artery_pressure_mean_measured,0.02,"More frequent PA pressure documentation may indicate ongoing shock/instability prompting closer monitoring, which correlates with AKI risk. Still a behavioral proxy and non-specific."
25_36h_r_pulmonary_artery_pressure_mean_measured,0.03,"Continued frequent PA pressure measurements late may reflect persistent hemodynamic concern (e.g., low output/right heart failure) associated with AKI. Nonetheless it is not a direct physiologic marker."
0_12h_r_device_continuous_cardiac_index_measured,0.01,"Frequency of cardiac index measurement reflects device use/acuity rather than renal physiology. In the immediate post-op period, continuous monitoring is routine and weakly discriminative."
13_24h_r_device_continuous_cardiac_index_measured,0.02,"Ongoing continuous CI monitoring can indicate persistent instability/need for titration of inotropes, which is associated with AKI risk. Still a proxy variable and should remain low."
25_36h_r_device_continuous_cardiac_index_measured,0.03,"Continued CI monitoring close to outcome may signal unresolved low-output state or shock management, both linked to AKI. However, it is measurement behavior rather than a direct insult."
0_12h_r_central_venous_pressure_mean,0.03,"Elevated mean CVP reflects venous congestion and reduced renal perfusion gradient, a recognized AKI mechanism after cardiac surgery. In the first 12h it is often influenced by ventilation/fluids and transient."
13_24h_r_central_venous_pressure_mean,0.06,Sustained venous congestion during 13–24h is more prognostic for cardiorenal syndrome and postoperative AKI than immediate post-op values. Mean CVP captures ongoing congestion burden.
25_36h_r_central_venous_pressure_mean,0.12,"Persistently high CVP in the 25–36h window is a strong indicator of venous congestion/right heart dysfunction, reducing renal perfusion pressure and strongly associating with AKI. This is a clinically meaningful hemodynamic driver close to the 60h creatinine outcome."
0_12h_r_central_venous_pressure_max,0.05,"Peak CVP can capture acute congestion episodes that may impair renal perfusion, but early post-op spikes are common with ventilator changes and fluid resuscitation. To limit collinearity with mean CVP, keep modest."
13_24h_r_central_venous_pressure_max,0.08,"Higher CVP maxima in the trajectory phase may reflect episodic severe congestion/right ventricular failure, which is linked to AKI. Max adds some value beyond mean by capturing worst congestion."
25_36h_r_central_venous_pressure_max,0.16,"Severe CVP elevations close to outcome suggest significant venous congestion and impaired renal perfusion gradient, a strong postoperative AKI predictor. Max captures the worst hemodynamic insult in the most relevant window."
0_12h_r_central_venous_pressure_min,0.01,Low CVP minima are less specific for AKI and often reflect transient underfilling or measurement/ventilator effects early after surgery. Also largely redundant with other perfusion markers and fluid management variables.
13_24h_r_central_venous_pressure_min,0.06,"Low CVP can reflect relative hypovolemia/low preload and reduced renal perfusion during the trajectory phase, which can contribute to AKI risk. Capped below stronger late-window hemodynamic indicators."
25_36h_r_central_venous_pressure_min,0.1,"Persistently low CVP closer to the outcome can indicate ongoing underfilling/low effective circulating volume and impaired renal perfusion, increasing AKI risk. The minimum captures acute under-resuscitation better than mean/measured."
0_12h_r_central_venous_pressure_measured,0.01,"Measurement frequency mainly reflects monitoring intensity immediately post-op rather than a renal mechanism. Early post-bypass period is highly protocolized, limiting prognostic specificity."
13_24h_r_central_venous_pressure_measured,0.02,"More frequent CVP checks may reflect clinician concern for hemodynamic instability, indirectly related to AKI risk. Still primarily a behavior/acuity proxy and kept <0.05."
25_36h_r_central_venous_pressure_measured,0.03,"Increased CVP monitoring late may indicate ongoing shock/volume management complexity, which correlates with AKI risk. As a behavioral proxy (not physiology), it remains <0.05."
0_12h_r_fio2_mean,0.01,Average FiO2 in the immediate post-op window is heavily influenced by routine ventilator weaning practices and does not directly reflect renal perfusion. Any association with AKI is indirect via illness severity.
13_24h_r_fio2_mean,0.02,"Sustained higher oxygen requirement can indicate cardiopulmonary dysfunction and overall severity, indirectly increasing AKI risk. Mean is less informative than extremes for acute insults, so kept low."
25_36h_r_fio2_mean,0.03,Ongoing elevated FiO2 requirement closer to hour 60 suggests persistent respiratory/cardiac failure and higher systemic illness burden associated with AKI. Still an indirect marker and not kidney-specific.
0_12h_r_fio2_max,0.03,"A high FiO2 maximum early may reflect transient post-op hypoxemia or hemodynamic instability, indirectly linked to AKI via shock/hypoxia. Conservative scoring due to common transient derangements in 0–12h."
13_24h_r_fio2_max,0.04,"A high FiO2 spike during 13–24h can signal worsening pulmonary edema/low cardiac output states that correlate with AKI risk. Max better captures acute deterioration than mean, but remains indirect."
25_36h_r_fio2_max,0.05,"Late high FiO2 peaks suggest significant cardiopulmonary compromise near the outcome window, which is associated with renal hypoperfusion and AKI. Kept at the indirect-link cap because FiO2 is not a renal biomarker."
0_12h_r_fio2_min,0.005,Minimum FiO2 largely reflects ventilator weaning targets and may be low even in sick patients once stabilized. It has weak mechanistic linkage to AKI.
13_24h_r_fio2_min,0.005,Lower minimum FiO2 generally indicates better respiratory status and is not a direct driver of AKI. Limited prognostic value compared with maxima or hemodynamic variables.
25_36h_r_fio2_min,0.01,"Minimum FiO2 late may weakly reflect overall recovery vs persistent respiratory failure, but it is not kidney-specific. Any association with creatinine rise is indirect and small."
0_12h_r_fio2_measured,0.005,Frequency of FiO2 documentation is largely protocol-driven in the immediate post-op period and reflects charting/monitoring rather than AKI physiology. Therefore minimal predictive value.
13_24h_r_fio2_measured,0.01,"More frequent FiO2 recording may reflect ventilatory instability or clinician attention, indirectly associated with severity of illness. As a behavioral proxy, it is kept well below 0.05."
25_36h_r_fio2_measured,0.02,"Measurement frequency mainly reflects clinician concern/acuity rather than a direct renal mechanism. Higher monitoring may correlate with overall instability, but is nonspecific for AKI."
0_12h_r_vent_resp_rate_set_mean,0.01,Early post-op ventilator rate settings are largely protocolized and reflect respiratory management more than renal perfusion. Mean values also smooth transient events and add collinearity with extremes.
13_24h_r_vent_resp_rate_set_mean,0.02,"Persistently higher set rates can be a proxy for ongoing respiratory failure/acidosis and illness severity, indirectly linked to AKI risk. Mean aggregation is still nonspecific and collinear with max/min."
0_12h_r_vent_resp_rate_set_max,0.03,"A high maximum set rate may indicate acute hypercapnia/acidosis management or severe lung dysfunction, which can accompany hemodynamic stress. In the immediate 0–12h window this is often transient, so weight is conservative."
13_24h_r_vent_resp_rate_set_max,0.04,"A higher max set rate in 13–24h suggests failure to stabilize and possible ongoing acidosis/respiratory distress, indirectly associated with AKI via severity and catecholamine exposure. Still not a direct renal predictor."
0_12h_r_vent_resp_rate_set_min,0.01,Low minimum set rate is usually driven by sedation/weaning strategy and is not a recognized trigger for AKI. In 0–12h it is heavily influenced by routine post-op ventilation practices.
13_24h_r_vent_resp_rate_set_min,0.01,Minimum set rate mainly reflects ventilator strategy rather than renal perfusion or nephrotoxicity. It provides little specific prognostic information for creatinine rise.
0_12h_r_vent_resp_rate_set_measured,0.01,"Measurement frequency is a behavioral proxy and not a physiologic driver of AKI. In the immediate post-op period, frequent documentation is routine and poorly discriminative."
13_24h_r_vent_resp_rate_set_measured,0.01,More frequent recording may reflect ICU intensity but is nonspecific for renal injury. It should be kept low to avoid over-weighting documentation patterns.
25_36h_r_vent_resp_rate_set_measured,0.02,"Increased measurement frequency closer to outcome may indicate ongoing instability or ventilator adjustments, indirectly associated with AKI risk. Still primarily a clinician-behavior signal, not a renal biomarker."
0_12h_r_vent_tidal_volume_set_mean,0.01,Mean set tidal volume early post-op is protocol-driven (lung-protective ventilation) and not directly linked to renal perfusion. Mean aggregation is also redundant with max values.
13_24h_r_vent_tidal_volume_set_mean,0.02,"Persistently higher tidal volumes can reflect ventilatory strategy and lung mechanics, indirectly tied to systemic inflammation and severity. However, it remains a weak and nonspecific predictor for AKI."
25_36h_r_vent_tidal_volume_set_mean,0.03,"Later sustained tidal volume settings may reflect ongoing respiratory failure or reduced lung compliance, correlating with overall critical illness that predisposes to AKI. Still indirect and not kidney-specific."
0_12h_r_vent_tidal_volume_set_max,0.02,"A high maximum tidal volume may indicate episodes of non–lung-protective ventilation or ventilator dyssynchrony, which can contribute to inflammation and hemodynamic effects. In 0–12h this is often transient and protocol-related."
13_24h_r_vent_tidal_volume_set_max,0.04,"Higher max tidal volumes in 13–24h may signal ongoing difficult ventilation and systemic stress, indirectly increasing AKI risk. Max is preferred over mean to capture potentially injurious extremes while limiting collinearity."
25_36h_r_vent_tidal_volume_set_max,0.05,"In the 25–36h leading window, high maximum tidal volumes may reflect persistent severe respiratory mechanics or dyssynchrony with greater systemic inflammation and hemodynamic compromise, indirectly associated with AKI. Still not a direct renal biomarker, so capped at plausible-indirect strength."
0_12h_r_vent_tidal_volume_set_min,0.01,"Set tidal volume is not a direct driver of postoperative AKI; any association is indirect via lung mechanics and hemodynamics. Using the minimum set value adds little physiologic specificity for renal perfusion risk in this early, highly protocol-driven window."
13_24h_r_vent_tidal_volume_set_min,0.01,Minimum set tidal volume mainly reflects ventilator strategy rather than renal injury biology. Any link to AKI would be mediated and weak compared with direct hemodynamic/renal markers.
25_36h_r_vent_tidal_volume_set_min,0.02,"Persistently low set tidal volumes may reflect ongoing respiratory failure/ARDS severity, which can correlate with multi-organ dysfunction and AKI risk. Still indirect and largely protocolized, so kept low for sparsity."
0_12h_r_vent_tidal_volume_set_measured,0.005,Measurement frequency is a documentation/acuity proxy rather than a physiologic mechanism for AKI. In the immediate post-op period it is routine and not specific for impending renal dysfunction.
13_24h_r_vent_tidal_volume_set_measured,0.005,"How often tidal volume is recorded reflects workflow and ventilator management intensity, not kidney perfusion or nephrotoxicity. Weak and nonspecific for AKI prediction."
25_36h_r_vent_tidal_volume_set_measured,0.01,"More frequent ventilator adjustments/recording may indicate instability, which can co-occur with AKI, but remains an indirect behavioral signal. Capped low per measured-feature rule."
0_12h_r_vent_peep_mean,0.02,"Higher mean PEEP can reduce venous return and cardiac output, potentially lowering renal perfusion, but early post-op PEEP is often standardized and transient. Mean is also less sensitive than extremes for acute hemodynamic insult."
13_24h_r_vent_peep_mean,0.03,"Sustained higher PEEP during the trajectory phase may reflect ongoing hypoxemia/ARDS and can impair renal perfusion via reduced preload and increased intrathoracic pressure. Still indirect and averaged, so modest."
25_36h_r_vent_peep_mean,0.05,"Persistently elevated mean PEEP closer to the outcome can indicate significant respiratory failure and sustained hemodynamic compromise that increases AKI risk. Mean is less specific than max, so kept at the plausible/indirect cap."
0_12h_r_vent_peep_max,0.05,"A high PEEP maximum can mark an acute episode of severe hypoxemia or aggressive ventilatory support that may transiently reduce renal perfusion. Early post-op derangements are common, so conservatively scored within the 0_12h cap."
13_24h_r_vent_peep_max,0.07,"Higher PEEP maxima in this phase suggest worsening lung mechanics/hypoxemia and potential hemodynamic compromise, both associated with AKI in ICU patients. Extremes better capture acute insult than mean, so prioritized."
25_36h_r_vent_peep_max,0.1,"High PEEP maxima late (25–36h) can indicate severe ongoing respiratory failure requiring high intrathoracic pressures, which can reduce cardiac output and renal blood flow. As an extreme close to the outcome, it is a stronger indirect predictor of AKI."
0_12h_r_vent_peep_min,0.01,"Minimum PEEP is usually set by protocol (e.g., 5 cmH2O) and does not capture the pathologic episodes relevant to renal hypoperfusion. Provides little incremental AKI signal versus max."
13_24h_r_vent_peep_min,0.01,Low minimum PEEP is not a recognized trigger for AKI and is often a default setting. It is also collinear with other PEEP summaries and less informative than maxima.
25_36h_r_vent_peep_min,0.01,Minimum PEEP remains largely protocol-driven and does not reflect acute hemodynamic stressors that drive AKI. Kept minimal to avoid redundancy with more informative PEEP max features.
0_12h_r_vent_peep_measured,0.005,Frequency of PEEP documentation is a care-process marker and not a physiologic determinant of AKI. In the immediate post-op period it is routine and nonspecific for renal injury risk.
13_24h_r_vent_peep_measured,0.02,Measurement frequency mainly reflects clinician attention/acuity rather than a direct renal mechanism. Ventilator monitoring intensity is not a specific predictor of AKI.
25_36h_r_vent_peep_measured,0.03,"More frequent PEEP documentation may proxy ongoing respiratory failure/instability, which can correlate with shock and AKI risk, but it is indirect. As a _measured feature it remains capped low."
0_12h_r_vent_plateau_pressure_mean,0.02,Average plateau pressure early post-op is a nonspecific marker of lung mechanics and ventilator strategy. Early (0–12h) values are often transient and weakly linked to renal hypoperfusion.
13_24h_r_vent_plateau_pressure_mean,0.03,"Sustained higher plateau pressures can reflect worse lung compliance and higher intrathoracic pressures that may reduce venous return/renal perfusion, but the mean is less informative than extremes. Kept low to avoid collinearity with max/min."
0_12h_r_vent_plateau_pressure_max,0.05,"Peak plateau pressures can indicate acute high intrathoracic pressure episodes that may impair cardiac output and renal perfusion. In the immediate 0–12h period this is common and transient, so conservatively scored."
13_24h_r_vent_plateau_pressure_max,0.08,"Persistently high peak plateau pressures in the trajectory phase suggest ongoing poor compliance/ARDS physiology and higher intrathoracic pressures, which can contribute to reduced renal perfusion and AKI. Max is preferred over mean for capturing injurious episodes."
0_12h_r_vent_plateau_pressure_min,0.01,Minimum plateau pressure is not a plausible trigger for AKI and mostly reflects periods of lower ventilatory stress. Provides little incremental prognostic information.
13_24h_r_vent_plateau_pressure_min,0.01,Low plateau pressures are not mechanistically linked to AKI and are generally reassuring rather than harmful. Minimal expected predictive value.
0_12h_r_vent_plateau_pressure_measured,0.01,Frequency of plateau pressure measurement reflects monitoring practice rather than renal physiology. Early post-op ventilator checks are routine and not AKI-specific.
13_24h_r_vent_plateau_pressure_measured,0.02,"More frequent plateau pressure checks may indicate ventilatory difficulty, but remains an indirect behavioral proxy. Not specific enough to warrant higher inclusion."
25_36h_r_vent_plateau_pressure_measured,0.03,"Increased measurement frequency late may reflect persistent respiratory failure and higher overall illness severity, which correlates with AKI risk. Still capped because it is not a physiologic exposure."
0_12h_r_vent_minute_ventilation_mean,0.02,"Mean minute ventilation early post-op is influenced by sedation, temperature, and ventilator settings and is not a direct AKI driver. Early derangements are often transient."
13_24h_r_vent_minute_ventilation_mean,0.03,"Higher sustained minute ventilation can reflect metabolic acidosis/sepsis or increased dead space, which may correlate with shock and AKI, but it is indirect. Mean is less informative than extremes for acute insults."
0_12h_r_vent_minute_ventilation_max,0.04,"High peak minute ventilation may signal acute metabolic acidosis or ventilatory stress, which can accompany hypoperfusion states associated with AKI. In 0–12h it is common post-op, so conservatively scored."
13_24h_r_vent_minute_ventilation_max,0.06,"Peak minute ventilation in 13–24h may indicate evolving metabolic acidosis (e.g., lactic acidosis) or worsening lung disease, both associated with higher AKI risk via systemic illness/shock. Max is preferred over mean to capture clinically significant episodes."
0_12h_r_vent_minute_ventilation_min,0.01,Low minimum minute ventilation usually reflects sedation/controlled ventilation rather than a renal insult. Not a plausible direct predictor of creatinine rise.
13_24h_r_vent_minute_ventilation_min,0.03,"Low minute ventilation can reflect hypoventilation, sedation, or evolving respiratory failure, which may correlate with overall severity and renal hypoperfusion. As an indirect marker (and using a minimum), it has limited specificity for AKI."
0_12h_r_vent_minute_ventilation_measured,0.01,Measurement frequency mainly reflects monitoring intensity rather than a physiologic mechanism for AKI. Early (0–12h) ordering is routine post-cardiac surgery and is not specific for impending renal injury.
13_24h_r_vent_minute_ventilation_measured,0.02,"More frequent documentation may indicate ongoing instability or ventilator dependence, indirectly associated with AKI risk. Still primarily a behavioral/acuity proxy and not a direct renal predictor."
25_36h_r_vent_minute_ventilation_measured,0.03,"Persistent need for frequent ventilatory assessments late (25–36h) can signal ongoing critical illness and higher AKI risk. However, it remains a monitoring-intensity proxy rather than a causal renal marker."
0_12h_respiratory_therapy_o2_device_mean,0.01,Average oxygen device level in the immediate postoperative window is heavily influenced by routine extubation/weaning practices and is not specific for renal hypoperfusion. Mean aggregation further dilutes acute insults relevant to AKI.
13_24h_respiratory_therapy_o2_device_mean,0.02,"Higher average oxygen support may reflect persistent cardiopulmonary dysfunction and illness severity, indirectly linked to AKI. Mean device level is still a nonspecific surrogate."
25_36h_respiratory_therapy_o2_device_mean,0.03,"Sustained higher oxygen device requirements closer to outcome can indicate ongoing heart/lung failure and systemic hypoxia, which can worsen renal perfusion. As a mean and device-coded variable, it remains indirect."
0_12h_respiratory_therapy_o2_device_max,0.03,"Maximum oxygen device requirement captures acute respiratory compromise, which can accompany low cardiac output or shock states that predispose to AKI. In 0–12h this is often transient post-op, so importance is conservative."
13_24h_respiratory_therapy_o2_device_max,0.05,"A high maximum oxygen device requirement during 13–24h suggests failure to stabilize and greater severity of illness, which is associated with AKI. Max better captures episodic decompensation than mean/min, so it is preferred among device aggregations."
25_36h_respiratory_therapy_o2_device_max,0.07,"Late high oxygen device requirement (max) is a leading indicator of persistent cardiopulmonary failure and systemic hypoxemia, both associated with renal ischemia and AKI. Max is the most informative aggregation for acute deterioration."
0_12h_respiratory_therapy_o2_device_min,0.01,Minimum oxygen device requirement mainly reflects periods of stability or weaning and is not a trigger for AKI. In the immediate post-op window it is strongly protocol-driven.
13_24h_respiratory_therapy_o2_device_min,0.01,Minimum device level is a weak indicator of physiologic stress and is less informative than maxima for capturing decompensation relevant to AKI. It adds collinearity with other device summaries without clear added value.
25_36h_respiratory_therapy_o2_device_min,0.01,Minimum oxygen device requirement late is more reflective of best-case respiratory status than renal risk. It is unlikely to add predictive value beyond max/mean and is capped to reduce redundancy.
0_12h_respiratory_therapy_o2_device_measured,0.01,Frequency of documenting oxygen device is largely workflow-related and routine immediately after surgery. It is not a physiologic mechanism for AKI and is not specific for renal risk.
13_24h_respiratory_therapy_o2_device_measured,0.02,"More frequent respiratory therapy documentation may indicate ongoing respiratory instability and higher overall acuity, indirectly associated with AKI. Still primarily a behavioral proxy and thus kept low."
25_36h_respiratory_therapy_o2_device_measured,0.03,"Late frequent oxygen device assessments can reflect persistent respiratory failure and critical illness, which correlates with AKI risk. As a measurement-frequency feature, it remains nonspecific and is kept <0.05."
0_12h_r_chest_tube_output_mean,0.02,"Average chest tube output is an indirect marker of bleeding/transfusion and hemodynamic stress, but the mean blunts acute hemorrhage signals. Early (0–12h) values are often transient post-op, so predictive value for later AKI is limited."
13_24h_r_chest_tube_output_mean,0.02,"Persistently higher average drainage may reflect ongoing bleeding/inflammation and need for blood products, which can contribute to AKI risk indirectly. Mean aggregation is still less informative than extremes for acute insult."
25_36h_r_chest_tube_output_mean,0.03,Ongoing average chest tube output closer to the outcome may indicate continued bleeding or coagulopathy with downstream renal hypoperfusion risk. Still an indirect signal and less specific than hemodynamics/renal labs.
0_12h_r_chest_tube_output_max,0.06,"Peak early chest tube output can capture acute hemorrhage leading to hypotension, transfusion, and renal hypoperfusion. Capped by the 0–12h epoch maximum and because bleeding is an indirect (not renal-specific) driver."
13_24h_r_chest_tube_output_max,0.08,A high maximum output in 13–24h suggests ongoing bleeding/tamponade physiology risk and potential low-flow states that predispose to AKI. This is more informative than the mean because it captures acute episodes.
25_36h_r_chest_tube_output_max,0.1,"Late peak drainage (25–36h) is a leading indicator of continued bleeding or instability, increasing likelihood of renal hypoperfusion and transfusion-associated kidney injury. Max best captures clinically meaningful acute events."
0_12h_r_chest_tube_output_min,0.01,Minimum chest tube output is rarely a direct AKI predictor and may reflect routine low drainage rather than pathology. Low output can be due to tube position/clot and is nonspecific for renal risk.
13_24h_r_chest_tube_output_min,0.01,Minimum drainage remains nonspecific and is more influenced by measurement/tube factors than systemic perfusion. It provides little incremental information for AKI prediction.
25_36h_r_chest_tube_output_min,0.01,Low minimum output is not a reliable marker of hemodynamic compromise and is not mechanistically linked to AKI. Any association would be weak and confounded by tube function.
0_12h_r_chest_tube_output_measured,0.01,"Measurement frequency mainly reflects nursing/ICU workflow rather than physiology, especially immediately post-op when monitoring is routine. It is not a direct mechanism for AKI."
13_24h_r_chest_tube_output_measured,0.02,"More frequent documentation may weakly proxy concern for bleeding/instability, which can relate to AKI risk indirectly. Still primarily a behavioral/acuity marker and should remain low."
25_36h_r_chest_tube_output_measured,0.02,"Increased measurement frequency late may indicate ongoing concern for bleeding or deterioration, indirectly associated with AKI. As a behavioral proxy, it should be kept low."
0_12h_r_pap_systolic_mean,0.04,"Mean PAP reflects pulmonary hypertension/RV afterload and can correlate with low cardiac output and venous congestion affecting renal perfusion. In the immediate 0–12h period, values are often influenced by ventilation/CPB effects, so conservatively scored."
13_24h_r_pap_systolic_mean,0.06,"Sustained elevated PAP in 13–24h may indicate RV dysfunction and systemic venous congestion, which is associated with AKI after cardiac surgery. Mean is less sensitive than extremes but can reflect persistent physiology."
25_36h_r_pap_systolic_mean,0.1,"Persistently high PAP closer to hour 60 can signal ongoing RV failure/venous congestion and reduced effective renal perfusion pressure, a recognized AKI pathway. Mean may capture sustained congestion relevant to kidney injury."
0_12h_r_pap_systolic_max,0.08,"A high peak PAP early can reflect acute RV strain, hypoxia/hypercapnia, or pulmonary vasoconstriction leading to low forward flow and renal hypoperfusion. Scored higher than mean because extremes better capture acute hemodynamic insult, but capped by the 0–12h epoch limit."
13_24h_r_pap_systolic_max,0.03,"Elevated PAP systolic can reflect RV strain/volume overload and venous congestion, which can contribute to AKI, but it is indirect and often collinear with other hemodynamic markers. In the 13–24h epoch, treat as a modest trajectory signal."
25_36h_r_pap_systolic_max,0.05,"Persistently high PAP systolic closer to the outcome may indicate ongoing RV dysfunction and systemic venous congestion, plausibly worsening renal perfusion. Still an indirect marker and likely redundant with CVP/echo/vasopressor variables, so kept low."
0_12h_r_pap_systolic_min,0.02,"Low PAP systolic may reflect low pulmonary flow/low cardiac output states that can reduce renal perfusion, but immediate post-op values are often transient and treatment-related. Conservative scoring due to early epoch and indirectness."
13_24h_r_pap_systolic_min,0.04,"A low PAP systolic in this window can be a proxy for low cardiac output or hypovolemia, both associated with AKI risk. Still nonspecific and collinear with MAP/CI/vasopressor needs."
25_36h_r_pap_systolic_min,0.06,"Low PAP systolic late (25–36h) may indicate persistent low flow/low output physiology, a more relevant leading indicator for subsequent creatinine rise. Remains indirect, so not scored as a strong predictor."
0_12h_r_pap_systolic_measured,0.01,"Measurement frequency mainly reflects monitoring intensity (e.g., PA catheter presence/acuity) rather than a renal mechanism. Early post-op monitoring is routine, so it adds little specific AKI signal."
13_24h_r_pap_systolic_measured,0.02,"More frequent PAP documentation may indicate ongoing hemodynamic instability, but it is a behavioral proxy and highly confounded by device use and staffing. Kept below 0.05 per rule."
25_36h_r_pap_systolic_measured,0.03,"Continued frequent PAP measurements late may reflect persistent shock/instability prompting closer monitoring, which can correlate with AKI risk. Still a proxy variable and not a physiologic driver."
0_12h_r_pap_diastolic_mean,0.01,Mean PAP diastolic in the immediate post-op period is heavily influenced by transient ventilator/PEEP and volume shifts and is not a direct AKI driver. Also likely redundant with extremes and other hemodynamics.
13_24h_r_pap_diastolic_mean,0.02,"Sustained higher PAP diastolic can suggest elevated pulmonary vascular resistance or left-sided filling pressures, indirectly relating to congestion and AKI. Mean aggregation is less sensitive to acute insults than extremes, so kept low."
25_36h_r_pap_diastolic_mean,0.03,"A persistently elevated PAP diastolic closer to hour 60 may reflect ongoing congestion/RV afterload that can impair renal function via venous congestion. Mean is still less informative than max/min for acute physiology, limiting importance."
0_12h_r_pap_diastolic_max,0.03,"High PAP diastolic peaks can indicate acute pulmonary hypertension/left-sided congestion and potential RV strain, indirectly contributing to renal venous congestion. Early epoch values are often transient post-bypass, so conservative."
13_24h_r_pap_diastolic_max,0.05,"Peak PAP diastolic in 13–24h may better capture clinically meaningful congestion or rising pulmonary pressures than the mean. This can be associated with worse renal outcomes via venous congestion, but remains indirect."
25_36h_r_pap_diastolic_max,0.07,"Late peaks in PAP diastolic may signal persistent/worsening congestion or RV dysfunction near the outcome window, which is plausibly linked to AKI through renal venous hypertension and reduced perfusion gradient. Chosen over mean to reduce collinearity and capture extremes."
0_12h_r_pap_diastolic_min,0.01,Low PAP diastolic minima early post-op are nonspecific and often reflect transient low preload or ventilator effects rather than sustained renal hypoperfusion. Limited incremental AKI information in this epoch.
13_24h_r_pap_diastolic_min,0.03,"Low PAP diastolic minima may reflect low preload/low flow states that can contribute to renal hypoperfusion, but it is nonspecific and collinear with other shock markers. Moderate-low importance given trajectory window."
25_36h_r_pap_diastolic_min,0.06,"Low diastolic pulmonary artery pressure can reflect low RV preload/forward flow or vasodilatory shock, which may reduce renal perfusion and contribute to AKI. As an indirect hemodynamic marker (and less direct than MAP/CO), keep moderate weight."
0_12h_r_pap_diastolic_measured,0.01,Measurement frequency mainly reflects monitoring intensity rather than renal physiology. Early post-op ordering is routine in many CTICU patients and is not specific for impending AKI.
13_24h_r_pap_diastolic_measured,0.01,Counts of measurements are a behavioral proxy for acuity and are not a direct mechanism for AKI. Continued PAP monitoring may reflect severity but is nonspecific.
25_36h_r_pap_diastolic_measured,0.02,"More frequent PAP measurements late may indicate hemodynamic instability, which can correlate with AKI risk, but it remains an indirect clinician-behavior signal. Kept <0.05 per rules."
0_12h_pulse_mean,0.02,"Average heart rate in the immediate post-op window is often influenced by pain, pacing, and inotropes and is weakly specific for renal hypoperfusion. Mean is also less informative than extremes for acute insults."
13_24h_pulse_mean,0.03,"Sustained tachycardia can reflect ongoing shock, low stroke volume, or sepsis physiology that may predispose to AKI, but mean HR is still nonspecific. Capped low to avoid redundancy with max/min."
25_36h_pulse_mean,0.04,"Persistently elevated or depressed mean pulse closer to the outcome can indicate ongoing hemodynamic stress affecting renal perfusion. Still indirect and less informative than extremes, so kept low."
0_12h_pulse_max,0.04,"Early extreme tachycardia may signal bleeding, pain/agitation, or low cardiac output states that can reduce renal perfusion, but this period is highly transient post-op. Conservative scoring per 0–12h cap."
13_24h_pulse_max,0.06,"Max pulse during the trajectory phase can capture episodes of instability (e.g., shock/arrhythmia) that may contribute to renal ischemia. More informative than mean, but still indirect."
25_36h_pulse_max,0.08,"Late episodes of marked tachycardia can reflect ongoing low output, sepsis, or arrhythmia burden, all associated with AKI risk via impaired renal perfusion. Max captures acute insults better than mean."
0_12h_pulse_min,0.03,"Bradycardia early post-op is often pacing/medication related and not specific for renal injury, though severe bradycardia could reduce cardiac output. Conservative scoring given immediate post-op confounding."
13_24h_pulse_min,0.05,"Low minimum pulse may capture clinically significant bradyarrhythmias or excessive beta-blockade/pacing issues that can reduce renal perfusion. Still an indirect marker, so kept modest."
25_36h_pulse_min,0.06,Late bradycardic episodes closer to hour 60 may indicate conduction issues or low-output physiology that can impair renal blood flow. Minimum is more informative than mean for capturing these events.
0_12h_pulse_measured,0.01,Pulse measurement frequency reflects monitoring practices (often continuous) rather than a causal pathway to AKI. Not specific for renal risk.
13_24h_pulse_measured,0.01,Measurement count is a weak behavioral proxy and provides little incremental physiologic information for AKI prediction. Kept minimal to enforce sparsity.
25_36h_pulse_measured,0.01,"Even late, pulse measurement frequency is largely driven by ICU workflow and monitoring rather than renal pathophysiology. Not a specific predictor of creatinine rise."
0_12h_r_an_agents_o2_mean,0.01,Average inspired O2 concentration is not a direct driver of AKI and is heavily confounded by routine ventilator management early post-op. Any signal is indirect via illness severity and oxygenation strategy.
0_12h_r_an_agents_o2_max,0.03,"High FiO2 peaks can reflect acute hypoxemia/hemodynamic instability, which may contribute to renal hypoxia, but this is nonspecific. In the immediate 0–12h window it is often transient and protocol-driven."
0_12h_r_an_agents_o2_min,0.01,Low FiO2 minima usually reflect weaning rather than renal risk and has no clear mechanistic link to AKI. Early post-op values are dominated by ventilator practice patterns.
0_12h_r_an_agents_o2_measured,0.01,Measurement frequency mainly reflects monitoring intensity and workflow rather than renal physiology. It is not a specific indicator of impending AKI.
13_24h_r_an_agents_o2_measured,0.01,O2 documentation frequency is a behavioral/acuity proxy and not a mechanistic AKI predictor. Any association would be weak and confounded by overall instability.
25_36h_r_an_agents_o2_measured,0.02,"More frequent O2 recording late may indicate ongoing respiratory/hemodynamic instability, indirectly increasing AKI risk, but it remains nonspecific. Kept low because it is a monitoring artifact rather than physiology."
0_12h_r_an_agents_n2o_mean,0.005,"Nitrous oxide exposure is not an established contributor to postoperative AKI compared with hemodynamics, nephrotoxins, and perfusion. Early post-op use is uncommon and likely reflects anesthesia practice rather than renal risk."
0_12h_r_an_agents_n2o_max,0.005,Peak N2O concentration has no strong evidence linking it to renal hypoperfusion or tubular injury in this context. Any signal would be indirect and highly practice-dependent.
0_12h_r_an_agents_n2o_min,0.005,Minimum N2O is clinically uninformative for AKI risk and largely reflects whether the agent was used. No plausible direct renal mechanism.
0_12h_r_an_agents_n2o_measured,0.005,Frequency of N2O documentation is a workflow artifact and not a physiologic marker of renal injury. Unlikely to add predictive value beyond other severity indicators.
13_24h_r_an_agents_n2o_measured,0.005,N2O measurement frequency is not a recognized AKI risk factor and mainly reflects anesthesia/ventilator documentation patterns. Association with creatinine rise would be weak and confounded.
25_36h_r_an_agents_n2o_measured,0.005,Late N2O measurement is rare and would reflect practice rather than renal pathophysiology. Not expected to meaningfully predict creatinine_ratio.
0_12h_r_an_agents_air_mean,0.005,Mean delivered medical air fraction is essentially the complement of FiO2 and does not directly relate to renal perfusion or nephrotoxicity. Early post-op values are protocol-driven.
0_12h_r_an_agents_air_max,0.005,High air fraction (lower FiO2) peaks are not a known trigger for AKI and mostly reflect ventilator settings. Any relationship to renal outcomes would be indirect and weak.
0_12h_r_an_agents_air_min,0.005,Low air fraction (higher FiO2) minima duplicates FiO2 extremes and adds collinearity without clearer renal mechanism. Capped low to avoid redundancy.
0_12h_r_an_agents_air_measured,0.005,Air documentation frequency is a monitoring artifact and not a physiologic predictor of AKI. It is unlikely to capture clinician concern specific to renal injury.
13_24h_r_an_agents_air_measured,0.005,Measurement frequency of delivered air is a documentation/monitoring artifact and not a physiologic driver of AKI. At most it weakly proxies acuity/ventilation complexity.
25_36h_r_an_agents_air_measured,0.01,Still primarily a monitoring/behavioral proxy rather than a renal mechanism. Slightly higher only because later-epoch care intensity can correlate with evolving organ dysfunction.
0_12h_r_an_agents_isoflurane_mean,0.01,"Isoflurane exposure can affect blood pressure, but mean dose in the immediate post-op window is an indirect and highly confounded marker for renal hypoperfusion. Early epoch effects are often transient and dominated by surgical/CPB factors."
0_12h_r_an_agents_isoflurane_max,0.03,"A high peak volatile anesthetic dose may reflect episodes of deeper anesthesia and hypotension that can reduce renal perfusion. However, in 0–12h this is still indirect and confounded, so kept low."
0_12h_r_an_agents_isoflurane_min,0.005,Minimum isoflurane dose is not informative for renal injury risk and mainly reflects weaning/off periods. No direct mechanistic link to AKI.
0_12h_r_an_agents_isoflurane_measured,0.005,Measurement frequency reflects monitoring/documentation rather than a physiologic insult. Weak proxy for complexity only.
13_24h_r_an_agents_isoflurane_measured,0.005,Continued measurement count is a behavioral marker and not a renal risk factor. Any association would be via confounding by illness severity.
25_36h_r_an_agents_isoflurane_measured,0.01,"Later ongoing anesthetic monitoring may indicate prolonged ventilation/sedation and higher acuity, which can correlate with AKI risk. Still not a direct physiologic predictor, so capped <0.05."
0_12h_r_saturated_venous_o2_mean,0.03,"Mean SvO2 reflects global oxygen delivery/consumption balance and can relate to renal hypoperfusion, but early post-op values are often transient and treatment-responsive. Mean is less sensitive than minima for detecting hypoperfusion insults."
13_24h_r_saturated_venous_o2_mean,0.06,"Persistently low average SvO2 in the trajectory phase suggests ongoing low cardiac output or inadequate oxygen delivery, which increases AKI risk. Mean is still less specific than minima but more informative than in 0–12h."
0_12h_r_saturated_venous_o2_max,0.01,"High SvO2 peaks are generally not a trigger for AKI and may reflect high FiO2, sedation, or impaired extraction. Limited direct relevance to renal injury."
13_24h_r_saturated_venous_o2_max,0.01,Maximum SvO2 is not a recognized driver of AKI and is often influenced by ventilator/oxygen settings and sedation. Weak and nonspecific signal.
0_12h_r_saturated_venous_o2_min,0.1,"Low SvO2 nadirs indicate episodes of inadequate oxygen delivery/low cardiac output, a plausible trigger for renal ischemia. In 0–12h this is capped at 0.10 per epoch rule despite clinical relevance."
13_24h_r_saturated_venous_o2_min,0.18,"A low SvO2 minimum during 13–24h suggests persistent or recurrent low cardiac output/shock physiology, strongly linked to renal hypoperfusion and subsequent AKI. This extreme captures pathology better than mean/max, so it is prioritized."
0_12h_r_saturated_venous_o2_measured,0.01,Measurement frequency mainly reflects clinician concern and monitoring intensity rather than renal pathophysiology. Early post-op frequent checks are common and nonspecific.
13_24h_r_saturated_venous_o2_measured,0.02,"More frequent SvO2 checks can indicate concern for low cardiac output or shock, indirectly associated with AKI risk. Still a behavioral proxy, so kept <0.05."
25_36h_r_saturated_venous_o2_measured,0.03,"Measurement frequency reflects clinician concern about oxygen delivery/low output, which can precede renal hypoperfusion, but it is not a physiologic value itself. Kept <0.05 per measured-feature rule."
0_12h_r_maintenance_iv_volume_mean,0.02,Maintenance IV volume is a nonspecific proxy for fluid strategy and hemodynamic support; early post-op volumes are often protocolized and transient. Mean is also less informative than extremes for AKI risk.
13_24h_r_maintenance_iv_volume_mean,0.03,"Ongoing maintenance fluids may reflect evolving instability or attempts to optimize perfusion, indirectly related to AKI risk. Mean volume remains nonspecific and potentially collinear with max/min."
25_36h_r_maintenance_iv_volume_mean,0.04,"Closer to the outcome window, sustained maintenance fluid needs can indicate persistent vasoplegia/low effective circulating volume or attempts to treat oliguria. Still indirect and nonspecific, so kept low."
0_12h_r_maintenance_iv_volume_max,0.04,"A high maximum maintenance IV rate early may reflect acute hypotension/vasoplegia management, which can contribute to renal hypoperfusion. Conservative scoring due to immediate post-bypass transience and epoch cap."
13_24h_r_maintenance_iv_volume_max,0.05,"A higher peak maintenance IV rate in the trajectory phase may signal ongoing hemodynamic support needs and risk for renal hypoperfusion or fluid overload. Max is preferred over mean for capturing acute escalation, but remains indirect."
25_36h_r_maintenance_iv_volume_max,0.06,"Late peak maintenance IV rate can indicate persistent instability or attempts to augment renal perfusion in response to oliguria, both associated with AKI risk. Max captures escalation better than mean/min, so slightly higher."
0_12h_r_maintenance_iv_volume_min,0.01,Minimum maintenance IV rate is weakly related to AKI and may reflect routine titration rather than pathology. Also likely collinear with mean/max and not a clear insult marker.
13_24h_r_maintenance_iv_volume_min,0.01,Low minimum maintenance IV rate is not a reliable indicator of renal hypoperfusion and may reflect routine weaning or fluid restriction. Weak and collinear with other volume summaries.
25_36h_r_maintenance_iv_volume_min,0.02,"A very low minimum rate late could reflect aggressive fluid restriction/diuresis in a congested patient, which can contribute to prerenal AKI in some contexts. Still indirect and less informative than max."
0_12h_r_maintenance_iv_volume_measured,0.01,Frequency of documenting/ordering maintenance IV volume is largely routine in the immediate post-op period and not a physiologic driver. Kept very low per measured-feature rule.
13_24h_r_maintenance_iv_volume_measured,0.01,Measurement frequency mainly reflects documentation intensity rather than renal physiology. Not a strong behavioral marker specific to impending AKI.
25_36h_r_maintenance_iv_volume_measured,0.02,"More frequent adjustments/recording late may reflect clinician concern about volume status or oliguria, indirectly linked to AKI risk. Still a behavioral proxy, so kept <0.05."
0_12h_r_an_pap_systolic_measured,0.02,"Having PAP systolic measured suggests invasive monitoring for cardiopulmonary instability, which can relate to renal hypoperfusion, but it is not the PAP value. Early post-op monitoring is common, so conservative."
13_24h_r_an_pap_systolic_measured,0.03,"Continued PAP monitoring into 13–24h may indicate persistent RV dysfunction/PH or shock risk, which can impair renal perfusion. Still a measurement-presence proxy, so kept low."
25_36h_r_an_pap_systolic_measured,0.04,"Ongoing PAP monitoring late suggests unresolved hemodynamic complexity (e.g., RV failure, high filling pressures) associated with AKI risk via low forward flow/venous congestion. As a measured/presence feature, capped <0.05."
0_12h_r_an_pap_diastolic_measured,0.01,"Measurement frequency mainly reflects monitoring intensity rather than renal physiology. PAP diastolic measurement itself is not a direct AKI driver, and early post-op (0–12h) data are often transient."
13_24h_r_an_pap_diastolic_measured,0.01,"Ordering/recording frequency is a weak proxy for acuity and is not mechanistically linked to AKI. In the 13–24h window it may reflect instability, but remains nonspecific."
25_36h_r_an_pap_diastolic_measured,0.02,"More frequent PAP monitoring late may indicate ongoing shock/right heart failure, which can contribute to renal congestion, but this is still an indirect behavioral signal. Kept low per rule for _measured features."
0_12h_r_an_central_venous_pressure_measured,0.02,"CVP measurement frequency reflects clinician concern for volume status/hemodynamics rather than a direct renal insult. Immediate post-bypass period is noisy, so predictive value is limited."
13_24h_r_an_central_venous_pressure_measured,0.03,"Increased CVP monitoring can indicate evolving RV failure/volume overload management, which is associated with renal venous congestion and AKI risk. Still a nonspecific proxy, so capped low."
25_36h_r_an_central_venous_pressure_measured,0.04,"Late increased CVP monitoring may signal persistent hemodynamic difficulty (congestion/vasopressor titration) that often precedes AKI in cardiac surgery patients. Remains a behavioral proxy, so kept <0.05."
0_12h_r_an_etco2_mean,0.02,Mean EtCO2 is influenced by ventilation settings and perfusion but is not a specific AKI predictor. Early post-op values are often driven by anesthesia/ventilator management rather than renal perfusion.
13_24h_r_an_etco2_mean,0.03,"Sustained lower mean EtCO2 can reflect reduced cardiac output or increased dead space, indirectly relating to renal hypoperfusion. Mean is less sensitive than extremes, so kept low."
25_36h_r_an_etco2_mean,0.05,"Persistently abnormal mean EtCO2 closer to outcome may reflect ongoing low-flow state or severe pulmonary dead space, indirectly increasing AKI risk via hypoperfusion. Mean is still less specific than minima, so capped at 0.05 for collinearity control."
0_12h_r_an_etco2_max,0.01,High EtCO2 peaks are usually ventilatory/hypoventilation-related and not a typical AKI trigger. In the immediate post-op window this is especially nonspecific.
13_24h_r_an_etco2_max,0.01,EtCO2 maxima generally reflect transient hypoventilation or ventilator adjustments rather than renal perfusion. Limited mechanistic link to AKI.
25_36h_r_an_etco2_max,0.02,"Late EtCO2 peaks could reflect hypoventilation/hypercapnia with potential hemodynamic effects, but this is an indirect and weak AKI signal. Lower priority than EtCO2 minima for capturing low-flow states."
0_12h_r_an_etco2_min,0.06,"Low EtCO2 minima can indicate acute low cardiac output/poor pulmonary blood flow (or severe dead space), which can coincide with renal hypoperfusion. Conservative scoring due to early (0–12h) transient post-op physiology."
13_24h_r_an_etco2_min,0.12,"Low EtCO2 minima during the trajectory phase can signal persistent low-flow/shock physiology, a recognized pathway to postoperative AKI. Min is preferred over mean/max as the extreme capturing acute perfusion compromise."
25_36h_r_an_etco2_min,0.18,"Low EtCO2 minima closest to hour-60 outcome can be a strong indicator of ongoing low cardiac output or severe ventilation-perfusion mismatch, both associated with renal hypoperfusion and AKI. Chosen as the key EtCO2 aggregation to reduce collinearity with mean/max."
0_12h_r_an_etco2_measured,0.01,"EtCO2 measurement frequency reflects monitoring practices (e.g., intubation/ventilator status) rather than a direct renal mechanism. Per rules, _measured features should be very low unless highly specific for impending AKI."
13_24h_r_an_etco2_measured,0.01,Measurement frequency mainly reflects monitoring intensity rather than a renal mechanism. ETCO2 monitoring is routine in ventilated post-op patients and is not a specific AKI predictor.
25_36h_r_an_etco2_measured,0.01,Counts of ETCO2 measurements are a behavioral proxy and add little direct information about renal perfusion or injury. Keep low to avoid over-weighting monitoring practices.
0_12h_r_an_fio2_mean,0.02,"Higher oxygen requirement can correlate with cardiopulmonary dysfunction and illness severity, indirectly increasing AKI risk. In the immediate 0–12h post-op period this is often transient and nonspecific."
0_12h_r_an_fio2_max,0.05,"A high peak FiO2 may mark acute hypoxemia or hemodynamic instability, which can contribute to renal hypoperfusion. Use max over mean/min to capture acute insult, but cap due to early post-op transience (0–12h)."
0_12h_r_an_fio2_min,0.01,Minimum FiO2 largely reflects weaning/readiness rather than a pathologic trigger for AKI. It is less informative than FiO2 max for capturing acute respiratory compromise.
0_12h_r_an_fio2_measured,0.01,"Measurement frequency reflects ventilator management/monitoring rather than physiology driving AKI. In early post-op care, frequent FiO2 documentation is routine."
13_24h_r_an_fio2_measured,0.01,Number of FiO2 recordings is primarily a care-process variable and not a direct AKI mechanism. Keep low to reduce bias from documentation intensity.
25_36h_r_an_fio2_measured,0.01,FiO2 measurement count is not a physiologic marker of renal injury and mostly reflects ongoing ventilation/monitoring. Not expected to add independent predictive value beyond actual FiO2 levels.
0_12h_r_an_tidal_volume_mean,0.01,Mean tidal volume is largely protocol-driven (lung-protective ventilation) and not a direct AKI driver. Early post-op settings are often standardized and weakly informative.
13_24h_r_an_tidal_volume_mean,0.01,Average tidal volume reflects ventilator strategy more than evolving renal perfusion/injury. Any association with AKI is indirect via severity of illness and is likely weak.
25_36h_r_an_tidal_volume_mean,0.02,"Persistently higher tidal volumes may correlate with worse lung mechanics/inflammation and overall severity, indirectly linked to AKI. Still largely management-driven, so keep low."
0_12h_r_an_tidal_volume_max,0.03,"High peak tidal volumes can indicate ventilator dyssynchrony or non-protective ventilation, potentially contributing to systemic inflammation and hemodynamic effects that worsen AKI risk. In 0–12h this is often transient, so conservative scoring."
13_24h_r_an_tidal_volume_max,0.04,"A higher maximum tidal volume during the trajectory phase may reflect ongoing respiratory failure or poor ventilator tolerance, indirectly associated with AKI through severity and inflammation. Prefer max over mean/min to capture episodic non-protective ventilation."
25_36h_r_an_tidal_volume_max,0.05,"Late high peak tidal volumes may signal persistent respiratory failure or ventilator stress closer to the AKI outcome window, indirectly increasing AKI risk. Use max as the least collinear summary capturing acute excursions."
0_12h_r_an_tidal_volume_min,0.01,"Minimum tidal volume often reflects brief low settings during sedation/weaning or measurement artifacts, not a renal insult. Less clinically meaningful for AKI than maxima."
13_24h_r_an_tidal_volume_min,0.01,Low minimum tidal volumes are typically strategy- or weaning-related and not a known AKI trigger. Provides limited incremental information beyond other respiratory/hemodynamic variables.
25_36h_r_an_tidal_volume_min,0.02,"Low tidal volumes may reflect lung-protective ventilation or worsening pulmonary mechanics, which can correlate with overall critical illness and renal hypoperfusion, but it is not a direct AKI driver. Using the minimum captures an extreme but is still an indirect marker for kidney injury."
0_12h_r_an_tidal_volume_measured,0.01,"Measurement frequency is primarily a proxy for monitoring intensity rather than a physiologic mechanism for AKI. In the immediate post-op window, frequent ventilator documentation is routine and weakly informative for creatinine rise."
13_24h_r_an_tidal_volume_measured,0.01,"This reflects clinician monitoring behavior more than renal physiology. During the trajectory phase it may correlate with acuity, but the link to subsequent creatinine ratio is indirect and weak."
25_36h_r_an_tidal_volume_measured,0.02,"Closer to the outcome, increased measurement frequency can indicate ongoing respiratory instability and higher overall acuity, which may co-occur with AKI risk. Still, it is a behavioral proxy and not a direct renal predictor."
0_12h_r_an_abp_pulse_measured,0.01,ABP pulse measurement presence/frequency is largely standard ICU monitoring and does not directly encode hypotension burden. In the first 12 hours post-cardiac surgery it is nearly universal and minimally discriminative for AKI.
13_24h_r_an_abp_pulse_measured,0.01,"This is a monitoring proxy rather than a physiologic insult measure (e.g., MAP minima). Any association with AKI would be through nonspecific acuity and is weak."
25_36h_r_an_abp_pulse_measured,0.02,"Persistent need for invasive arterial monitoring later may indicate ongoing hemodynamic instability, which can increase AKI risk. However, as a measured/presence feature it remains an indirect proxy and should stay low."
0_12h_r_an_heart_rate_measured,0.01,Heart rate measurement frequency/presence is routine and not a direct marker of renal perfusion or injury. Early post-op monitoring intensity is expected and provides little incremental AKI signal.
13_24h_r_an_heart_rate_measured,0.01,This reflects documentation/monitoring rather than tachyarrhythmia burden or shock. Any link to AKI is indirect via illness severity and is weak.
25_36h_r_an_heart_rate_measured,0.02,"Ongoing intensive monitoring later may correlate with instability (arrhythmias, vasopressor needs) that can contribute to renal hypoperfusion. Still, as a measured feature it is a nonspecific proxy and kept low."
0_12h_r_an_abp_mean_measured,0.01,"Presence/frequency of MAP measurement is standard-of-care and does not quantify hypotension exposure, which is what drives AKI risk. In the immediate post-op period it is common and weakly predictive."
13_24h_r_an_abp_mean_measured,0.01,This is a behavioral proxy for monitoring rather than a physiologic measure of low MAP. The association with creatinine rise is therefore indirect and minimal.
25_36h_r_an_abp_mean_measured,0.02,"Continued close MAP monitoring near 36 hours may indicate ongoing hemodynamic concerns that can predispose to AKI. However, without actual MAP values, it remains a weak, nonspecific predictor."
0_12h_anesthesia_respirations_measured,0.01,Respiration measurement frequency is largely routine perioperative/ICU documentation and not a direct renal risk factor. Early post-op respiratory monitoring is expected and provides little AKI-specific information.
13_24h_anesthesia_respirations_measured,0.01,This is primarily a monitoring-intensity feature and does not capture hypoxemia/hypercapnia severity that might affect renal perfusion. Any relationship to AKI is indirect and weak.
25_36h_anesthesia_respirations_measured,0.02,"Persistent frequent respiratory assessments later may reflect ongoing respiratory failure and higher overall acuity, which can co-occur with AKI. As a measured feature, it remains a nonspecific proxy and is kept <0.05."
0_12h_anesthesia_pulse_oximetry_measured,0.005,Measurement frequency mainly reflects routine monitoring/acuity rather than a renal mechanism. In the immediate 0–12h post-op period it is near-universal and poorly discriminative for AKI risk.
13_24h_anesthesia_pulse_oximetry_measured,0.008,Ongoing pulse oximetry ordering is largely standard ICU care and not a direct driver of creatinine rise. Slightly higher than 0–12h only as a weak proxy for instability/continued high-acuity monitoring.
25_36h_anesthesia_pulse_oximetry_measured,0.01,"Persistent need for frequent oxygenation monitoring may weakly indicate ongoing cardiopulmonary instability that can impair renal perfusion. Still primarily a behavioral/monitoring proxy, not a kidney-specific predictor."
0_12h_r_tube_intake_measured,0.005,Tube intake documentation frequency is not mechanistically linked to AKI and is heavily influenced by feeding protocols and charting practices. Early post-op feeding decisions are variable and not specific for renal injury.
13_24h_r_tube_intake_measured,0.008,May weakly reflect overall recovery trajectory (ability to tolerate enteral intake) which correlates with lower illness severity. Still indirect and non-specific for renal perfusion or nephrotoxicity.
25_36h_r_tube_intake_measured,0.01,Continued inability/limited tube intake can be a weak marker of ongoing critical illness and hemodynamic/vasopressor needs that predispose to AKI. Remains an indirect proxy and should stay low for sparsity.
0_12h_r_maintenance_iv_bolus_volume_mean,0.02,Average bolus volume in the immediate post-op window is confounded by routine resuscitation and CPB-related shifts. Mean is less informative than extremes for renal hypoperfusion/overload and is capped to reduce collinearity.
0_12h_r_maintenance_iv_bolus_volume_max,0.06,"Large bolus requirements can indicate hypotension/low cardiac output states that threaten renal perfusion, a known AKI pathway. In 0–12h this is common and transient, so importance is conservatively limited (≤0.10)."
0_12h_r_maintenance_iv_bolus_volume_min,0.005,Minimum bolus volume is not clinically meaningful for AKI risk and largely reflects periods with no bolus given. It does not capture hypoperfusion or fluid overload pathology.
0_12h_r_maintenance_iv_bolus_volume_measured,0.01,Frequency of bolus documentation is a care-intensity proxy rather than a physiologic driver. Early post-op bolus ordering is routine and not specific for impending AKI.
13_24h_r_maintenance_iv_bolus_volume_measured,0.02,More frequent bolus administration in the trajectory phase can weakly indicate ongoing hemodynamic instability associated with AKI risk. Still a behavioral proxy and kept <0.05.
25_36h_r_maintenance_iv_bolus_volume_measured,0.03,Persistent bolus needs closer to the outcome may reflect continued low effective circulating volume/vasoplegia and renal hypoperfusion risk. Nonetheless it is an indirect proxy and remains below 0.05.
0_12h_r_pacemaker_mean,0.03,"Need for pacing early post-op can reflect conduction issues and potential low cardiac output, indirectly affecting renal perfusion. In 0–12h pacing is often transient after cardiac surgery, so importance is conservative."
13_24h_r_pacemaker_mean,0.06,"Ongoing pacing requirement in the trajectory phase suggests persistent conduction/contractility problems and possible low cardiac output, an established AKI risk factor. Mean pacing captures sustained dependence better than a single extreme."
25_36h_r_pacemaker_mean,0.1,"Persistent pacing dependence in the 25–36h window can indicate ongoing low cardiac output physiology and renal hypoperfusion, increasing AKI risk. This is a clinically meaningful hemodynamic marker though not kidney-specific."
0_12h_r_pacemaker_max,0.02,"A maximum/any pacing event in the immediate post-op period is common and may not indicate sustained low output. Mean dependence over later epochs is more informative, so this is kept low to reduce collinearity."
13_24h_r_pacemaker_max,0.03,"Need for pacing suggests conduction disease/low cardiac output episodes that can reduce renal perfusion, but it is an indirect marker and often transient post-op."
25_36h_r_pacemaker_max,0.05,"Persistent pacing requirement closer to the outcome can reflect ongoing low output or hemodynamic instability, which increases AKI risk, but remains indirect."
0_12h_r_pacemaker_min,0.01,Immediate post-op pacing is common after cardiac surgery and is not specific for renal hypoperfusion; weak standalone link to AKI in this early epoch.
13_24h_r_pacemaker_min,0.02,"Ongoing pacing in the trajectory phase may indicate continued cardiac dysfunction affecting renal blood flow, but is not a direct renal biomarker."
25_36h_r_pacemaker_min,0.04,"Continued pacing requirement in the leading-indicator window can correlate with persistent low cardiac output and renal hypoperfusion, modestly increasing AKI risk."
0_12h_r_pacemaker_measured,0.01,Measurement frequency reflects monitoring intensity rather than physiology; early post-op monitoring is routine and not specific for impending AKI.
13_24h_r_pacemaker_measured,0.02,"More frequent documentation may reflect clinician concern about instability, but it is a behavioral proxy and only weakly related to AKI risk."
25_36h_r_pacemaker_measured,0.03,"Increased monitoring late may indicate ongoing hemodynamic issues that can predispose to AKI, but remains non-mechanistic and should be kept low."
0_12h_r_sled_crrt_maintenance_blood_pump_rate_measured,0.04,"Any CRRT/SLED-related maintenance activity implies severe illness and possible early renal dysfunction, but in the immediate post-op window it may reflect prophylaxis/instability and is still a measurement proxy."
13_24h_r_sled_crrt_maintenance_blood_pump_rate_measured,0.05,"CRRT/SLED maintenance documentation suggests renal support or high acuity, which is associated with subsequent creatinine rise, but the feature is still frequency-based rather than delivered dose."
25_36h_r_sled_crrt_maintenance_blood_pump_rate_measured,0.05,"Late CRRT/SLED maintenance activity is a strong indicator of severe renal/hemodynamic derangement, but as a 'measured' proxy it should remain capped to limit behavioral confounding."
0_12h_r_an_agents_sevoflurane_measured,0.01,Sevoflurane exposure/recording is common perioperatively and not a strong independent driver of post-op AKI compared with perfusion and nephrotoxins.
13_24h_r_an_agents_sevoflurane_measured,0.01,Documentation frequency of sevoflurane after surgery is unlikely to be causally related to AKI and mainly reflects care processes.
25_36h_r_an_agents_sevoflurane_measured,0.01,"Continued sevoflurane documentation is uncommon and may reflect ongoing sedation/anesthesia needs, but it is not a direct renal risk marker."
0_12h_intravenous_intake_measured,0.01,Measurement frequency of IV intake reflects charting intensity; early post-op fluid administration is routine and not specific for AKI risk.
13_24h_intravenous_intake_measured,0.02,"More frequent intake measurement may indicate fluid management complexity/instability, but it is a behavioral proxy and only weakly predictive of creatinine rise."
25_36h_intravenous_intake_measured,0.03,Measurement frequency reflects clinician attention to fluid management/acuity rather than a direct renal mechanism. Could weakly proxy evolving hemodynamic instability or oliguria prompting closer I/O tracking.
0_12h_r_drain_output_measured,0.01,Drain output measurement frequency is largely routine post-cardiac surgery care and not a direct driver of AKI. Early (0–12h) values are especially confounded by immediate postoperative practices.
13_24h_r_drain_output_measured,0.01,"Ongoing drain monitoring is standard and the count of measurements is not physiologic. At most it weakly reflects concern for bleeding, but remains an indirect proxy."
25_36h_r_drain_output_measured,0.02,"More frequent drain checks late may indicate ongoing bleeding/tamponade concern with potential renal hypoperfusion, but it is still a behavioral proxy. Kept low to avoid over-weighting non-physiologic measurement intensity."
0_12h_slehs_r_arrival_time_measured,0.01,Arrival time documentation is administrative/operational and has no direct physiologic link to AKI. Any association would be incidental (workflow-related).
13_24h_slehs_r_arrival_time_measured,0.01,"Administrative timing variables do not capture renal perfusion, nephrotoxins, or kidney injury biology. Capped as no/weak evidence."
25_36h_slehs_r_arrival_time_measured,0.01,This is not a physiologic exposure and is unlikely to causally relate to creatinine rise. Retained at minimal importance for potential residual confounding only.
0_12h_cardiac_rythym_normal_sinus_mean,0.03,"Loss of sinus rhythm can correlate with low cardiac output and renal hypoperfusion, but early postoperative rhythm disturbances are common/transient. Mean over 0–12h also smooths brief but important episodes."
13_24h_cardiac_rythym_normal_sinus_mean,0.05,"Persistent non-sinus rhythm in the trajectory phase may reflect ongoing hemodynamic compromise affecting renal perfusion. Mean is still less specific than capturing worst episodes, so kept modest."
25_36h_cardiac_rythym_normal_sinus_mean,0.08,"Sustained absence of sinus rhythm closer to outcome can indicate ongoing low output/need for vasoactive support, increasing AKI risk. Mean rhythm status in this late window may reflect persistent instability."
0_12h_cardiac_rythym_normal_sinus_max,0.01,"A max for a binary 'normal sinus' mainly indicates that sinus rhythm occurred at least once, which is not informative for AKI risk. Also redundant with mean/min representations."
13_24h_cardiac_rythym_normal_sinus_max,0.01,Having any sinus rhythm during the window is not a meaningful marker of renal hypoperfusion risk. Max is a poor pathology-capturing aggregation here and is capped to reduce collinearity.
25_36h_cardiac_rythym_normal_sinus_max,0.01,Binary max is minimally informative (sinus rhythm at least once) and does not capture sustained arrhythmia burden relevant to AKI. Kept very low to avoid redundancy with mean/min.
0_12h_cardiac_rythym_normal_sinus_min,0.04,"Min for a binary variable captures whether the patient ever left sinus rhythm, which can reflect acute hemodynamic insult. In 0–12h this is common post-op, so conservatively scored."
13_24h_cardiac_rythym_normal_sinus_min,0.07,"Any episode of non-sinus rhythm in 13–24h may indicate ongoing instability and reduced renal perfusion reserve. Min better captures the clinically relevant extreme than mean/max, so it is prioritized."
25_36h_cardiac_rythym_normal_sinus_min,0.12,Any non-sinus rhythm episode in the 25–36h leading window can signal persistent low output/arrhythmia burden with downstream renal hypoperfusion and AKI risk. Min is the most pathology-relevant aggregation among the rhythm summaries.
0_12h_cardiac_rythym_normal_sinus_measured,0.01,Measurement frequency mainly reflects monitoring/acuity rather than a renal mechanism. Normal sinus documentation early post-op is common and not specific for AKI risk.
13_24h_cardiac_rythym_normal_sinus_measured,0.01,Counts of rhythm assessments are a behavioral proxy and add little mechanistic information for kidney injury. Any association with AKI would be indirect via overall illness severity.
25_36h_cardiac_rythym_normal_sinus_measured,0.01,Still primarily reflects monitoring intensity rather than perfusion or nephrotoxicity. Not a direct predictor of creatinine rise.
0_12h_cardiac_rythym_sinus_variant_mean,0.01,Sinus rhythm variants are not established drivers of renal hypoperfusion and are often transient post-op. Mean over the first 12h is unlikely to capture a specific AKI-triggering insult.
13_24h_cardiac_rythym_sinus_variant_mean,0.01,Average burden of sinus variant rhythm has weak and indirect linkage to AKI compared with blood pressure/vasopressors. Any effect would be mediated through hemodynamics not captured here.
25_36h_cardiac_rythym_sinus_variant_mean,0.02,"Persistent rhythm variability later may correlate with ongoing instability, but it is not a direct renal biomarker. Mean aggregation is also collinear with max/min indicators and less informative for acute insults."
0_12h_cardiac_rythym_sinus_variant_max,0.02,"Presence of any sinus variant episode early post-op may weakly reflect physiologic stress, but it is common and nonspecific. In the 0–12h epoch, transient arrhythmia-related effects on renal perfusion are hard to separate from routine post-bypass changes."
13_24h_cardiac_rythym_sinus_variant_max,0.03,"Any sinus variant episode during the trajectory phase could indicate ongoing instability, indirectly increasing AKI risk via reduced renal perfusion. Still a weak predictor compared with direct hemodynamic and renal lab features."
25_36h_cardiac_rythym_sinus_variant_max,0.04,Any rhythm abnormality closer to the outcome window may track persistent physiologic stress and potential low effective cardiac output. This remains an indirect marker and should stay low to avoid over-weighting non-specific rhythm labels.
0_12h_cardiac_rythym_sinus_variant_min,0.01,A minimum indicator for a binary rhythm state is not clinically interpretable as an AKI trigger and is likely redundant with max/mean. Early post-op rhythm labeling is noisy and transient.
13_24h_cardiac_rythym_sinus_variant_min,0.01,Min aggregation for a binary rhythm feature adds little beyond other summaries and is not mechanistically tied to kidney injury. Any association would be indirect and weak.
25_36h_cardiac_rythym_sinus_variant_min,0.01,This is largely redundant/collinear with other sinus-variant summaries and not a recognized AKI predictor. Does not capture a specific hemodynamic insult.
0_12h_cardiac_rythym_sinus_variant_measured,0.01,"Measurement frequency reflects clinician attention/monitoring rather than renal pathophysiology. In the immediate post-op period, frequent rhythm documentation is routine."
13_24h_cardiac_rythym_sinus_variant_measured,0.02,"More frequent rhythm assessments may indicate perceived instability, which can correlate with AKI risk, but this is a weak behavioral proxy. Kept low to avoid confounding by care intensity."
25_36h_cardiac_rythym_sinus_variant_measured,0.03,"Increased rhythm monitoring later may signal ongoing instability and higher illness severity, indirectly associated with AKI. Still not a direct physiologic driver, so capped low."
0_12h_cardiac_rythym_atrial_arrhythmia_mean,0.05,"Atrial arrhythmias can reduce effective cardiac output and renal perfusion and often prompt rate/rhythm control drugs that may affect hemodynamics. However, in the first 12h post-cardiac surgery they are common/transient, so the score is conservative and the mean is less informative than extremes."
13_24h_cardiac_rythym_atrial_arrhythmia_mean,0.03,"Atrial arrhythmias can reduce effective cardiac output and renal perfusion, indirectly increasing AKI risk. Use of a mean is less specific than presence/episodes, so keep low to avoid collinearity with max/min."
25_36h_cardiac_rythym_atrial_arrhythmia_mean,0.05,Persistent atrial arrhythmia closer to the outcome window may reflect ongoing hemodynamic instability affecting renal perfusion. Mean remains a smoothed metric and is capped to reduce redundancy with max/min indicators.
0_12h_cardiac_rythym_atrial_arrhythmia_max,0.04,"Any atrial arrhythmia in the immediate post-op period can transiently impair perfusion, but early derangements are common after cardiac surgery. Conservative scoring due to 0–12h epoch and limited specificity for later AKI."
13_24h_cardiac_rythym_atrial_arrhythmia_max,0.07,Atrial arrhythmia during the trajectory phase may indicate failure to stabilize and can worsen renal perfusion via reduced forward flow or need for vasoactive support. Binary max (any occurrence) is more clinically meaningful than mean.
25_36h_cardiac_rythym_atrial_arrhythmia_max,0.1,Atrial arrhythmia in the 25–36h window is a closer leading indicator of ongoing hemodynamic compromise and renal hypoperfusion risk. Presence/occurrence is a more relevant signal than averaged burden for sparse modeling.
0_12h_cardiac_rythym_atrial_arrhythmia_min,0.01,The minimum of a binary arrhythmia indicator is typically uninformative (often reflects at least one timepoint without arrhythmia). It adds collinearity without capturing AKI-relevant physiology.
13_24h_cardiac_rythym_atrial_arrhythmia_min,0.01,"Binary minimum largely indicates whether arrhythmia was continuously present, which is uncommon and poorly captured by this aggregation. Prefer the max occurrence metric for clinical relevance."
25_36h_cardiac_rythym_atrial_arrhythmia_min,0.01,Binary minimum is a weak and collinear representation of arrhythmia burden and is less interpretable than max occurrence. Limited direct linkage to AKI beyond what max already captures.
0_12h_cardiac_rythym_atrial_arrhythmia_measured,0.01,"Measurement frequency reflects monitoring/annotation behavior rather than a renal mechanism. In the immediate post-op period, frequent rhythm documentation is routine and not specific for impending AKI."
13_24h_cardiac_rythym_atrial_arrhythmia_measured,0.02,"More frequent rhythm assessment may reflect clinician concern for instability, which can correlate with AKI risk, but it is an indirect behavioral proxy. Kept <0.05 per rule."
25_36h_cardiac_rythym_atrial_arrhythmia_measured,0.03,"Increased rhythm monitoring closer to hour 60 may indicate ongoing instability and higher acuity, indirectly associated with AKI. Still a non-physiologic proxy and capped below 0.05."
0_12h_cardiac_rythym_paced_rythym_mean,0.02,"Need for pacing early post-op can reflect conduction issues and potential low-output states, indirectly affecting renal perfusion. Mean pacing burden is less specific than presence and early pacing is often transient."
13_24h_cardiac_rythym_paced_rythym_mean,0.03,Ongoing pacing requirement may signal persistent cardiac dysfunction or bradyarrhythmia with potential renal hypoperfusion. Mean is a smoothed metric and thus scored low to avoid redundancy with max.
25_36h_cardiac_rythym_paced_rythym_mean,0.04,Persistent pacing closer to the outcome window may indicate continued hemodynamic vulnerability that can contribute to AKI risk. Mean remains indirect and is kept modest for sparsity.
0_12h_cardiac_rythym_paced_rythym_max,0.03,"Any pacing in the first 12 hours is common after cardiac surgery and often prophylactic, limiting specificity for later AKI. Still may weakly mark early low-output risk, so small nonzero score."
13_24h_cardiac_rythym_paced_rythym_max,0.06,Pacing requirement persisting into 13–24h suggests failure to recover intrinsic rhythm and may correlate with low cardiac output and renal hypoperfusion. Binary occurrence is more informative than mean and fits the trajectory-phase cap.
25_36h_cardiac_rythym_paced_rythym_max,0.04,Need for pacing in the 25–36h window can reflect persistent conduction disease/low-output physiology that may reduce renal perfusion. It is an indirect marker and not specific for AKI.
0_12h_cardiac_rythym_paced_rythym_min,0.01,"Early postoperative pacing is common and often transient after cardiac surgery, with weak specificity for later AKI. Conservative scoring due to the 0–12h epoch."
13_24h_cardiac_rythym_paced_rythym_min,0.02,Ongoing pacing requirement may indicate slower recovery or hemodynamic vulnerability that can contribute to renal hypoperfusion. Still an indirect proxy rather than a direct renal predictor.
25_36h_cardiac_rythym_paced_rythym_min,0.04,"Persistent pacing need close to the outcome window may correlate with continued cardiac dysfunction and renal hypoperfusion risk. Indirect association, so kept below 0.05 for sparsity."
0_12h_cardiac_rythym_paced_rythym_measured,0.01,Measurement frequency reflects monitoring/acuity rather than a physiologic mechanism for AKI. In the immediate 0–12h period it is especially nonspecific.
13_24h_cardiac_rythym_paced_rythym_measured,0.01,How often pacing rhythm is documented is primarily a care-process signal and not a direct driver of creatinine rise. Limited incremental value beyond the rhythm state itself.
25_36h_cardiac_rythym_paced_rythym_measured,0.02,"More frequent documentation may indicate ongoing instability prompting closer monitoring, which can correlate with AKI risk. Still a behavioral proxy, so capped well under 0.05."
0_12h_cardiac_rythym_heart_block_mean,0.01,A mean value for heart block over 0–12h is a smoothed aggregate and less informative than whether heart block occurred at all. Early postoperative conduction issues are common and often transient.
13_24h_cardiac_rythym_heart_block_mean,0.02,"Sustained conduction abnormalities can contribute to low cardiac output and renal hypoperfusion, but the mean aggregate is less clinically sharp than an extreme/occurrence indicator. Indirect link to AKI."
25_36h_cardiac_rythym_heart_block_mean,0.03,"Persistent heart block closer to hour 60 may reflect ongoing hemodynamic compromise relevant to renal perfusion. Mean aggregation remains less specific than max/occurrence, so kept low."
0_12h_cardiac_rythym_heart_block_max,0.05,"Any episode of heart block in the immediate postoperative period can signal transient low-output risk, which may affect renal perfusion. Capped due to 0–12h epoch and common transient nature."
13_24h_cardiac_rythym_heart_block_max,0.07,"Heart block occurring in 13–24h suggests persistent conduction disease and potential low cardiac output, increasing AKI risk via renal hypoperfusion. Max/occurrence is the most relevant aggregation here."
25_36h_cardiac_rythym_heart_block_max,0.1,"Heart block in the 25–36h leading-indicator window can be a meaningful marker of ongoing hemodynamic instability and reduced renal perfusion, raising AKI risk. Occurrence (max) best captures the insult."
0_12h_cardiac_rythym_heart_block_min,0.01,"The minimum (often reflecting absence) is not a clinically useful marker of AKI risk and is collinear with max/occurrence indicators. Early window also contains many transient, nonspecific events."
13_24h_cardiac_rythym_heart_block_min,0.01,Minimum aggregation is not pathophysiologically informative for AKI and is redundant with max/occurrence features. Weak indirect relevance at best.
25_36h_cardiac_rythym_heart_block_min,0.01,Minimum value does not capture the clinically relevant insult (presence of heart block) and is collinear with max/occurrence. Therefore kept at minimal importance.
0_12h_cardiac_rythym_heart_block_measured,0.02,"Measurement frequency reflects monitoring/concern rather than a direct renal mechanism; early post-op conduction issues are common and often transient. Any AKI link is indirect via hemodynamic instability, so keep low."
13_24h_cardiac_rythym_heart_block_measured,0.03,"Ongoing need to document heart block may indicate persistent conduction disease and potential low cardiac output, indirectly affecting renal perfusion. Still a behavioral proxy, so capped <0.05."
25_36h_cardiac_rythym_heart_block_measured,0.04,"Late persistence of heart block monitoring can signal sustained hemodynamic vulnerability closer to the 60h creatinine outcome. Remains an ordering/monitoring proxy, so kept <0.05."
0_12h_cardiac_rythym_ischemic_st_change_mean,0.03,"Sustained ischemic changes can correlate with myocardial dysfunction and reduced renal perfusion, but mean over 0–12h may dilute brief insults. Early post-op ST changes can be transient, so conservative."
13_24h_cardiac_rythym_ischemic_st_change_mean,0.05,"Persistent ischemic pattern into the trajectory phase suggests ongoing myocardial ischemia and potential low output state, increasing AKI risk. Mean aggregation is less specific than extremes, so capped at 0.05."
25_36h_cardiac_rythym_ischemic_st_change_mean,0.06,"Ongoing ischemic changes closer to outcome can indicate continued myocardial compromise and renal hypoperfusion risk. Mean is still less informative than extremes, so modest importance."
0_12h_cardiac_rythym_ischemic_st_change_max,0.07,"Peak ischemic ST change captures acute myocardial ischemia that can precipitate low cardiac output and renal hypoperfusion. In the immediate 0–12h window many transient changes occur, so kept below the 0.10 cap."
13_24h_cardiac_rythym_ischemic_st_change_max,0.12,A maximal ischemic episode during 13–24h suggests clinically significant ongoing ischemia with higher likelihood of hemodynamic consequences relevant to AKI. Extremes are preferred over mean/min for capturing insult.
25_36h_cardiac_rythym_ischemic_st_change_max,0.16,"Late maximal ischemic ST change is a strong marker of ongoing myocardial ischemia near the prediction horizon, increasing risk of renal hypoperfusion and AKI. Extreme aggregation best captures the pathologic insult."
0_12h_cardiac_rythym_ischemic_st_change_min,0.02,"The minimum value is less clinically interpretable for ischemic ST change than the maximum (insult) and adds collinearity. Early post-op period is noisy, so low."
13_24h_cardiac_rythym_ischemic_st_change_min,0.02,"Minimum ST-change provides limited incremental information compared with maximum ischemic burden and risks redundancy. Any AKI association is indirect, so kept very low."
25_36h_cardiac_rythym_ischemic_st_change_min,0.02,Minimum ST-change is not the best representation of ischemic insult and is likely collinear with max/mean features. Limited direct relevance to AKI beyond what max captures.
0_12h_cardiac_rythym_ischemic_st_change_measured,0.02,Frequency of documenting ST changes reflects monitoring intensity rather than physiology; early post-op ECG scrutiny is routine. Weak indirect link to AKI via overall acuity.
13_24h_cardiac_rythym_ischemic_st_change_measured,0.03,"More frequent ST-change assessments may indicate clinician concern for ischemia and instability, indirectly associated with AKI risk. Still a behavioral proxy, so <0.05."
25_36h_cardiac_rythym_ischemic_st_change_measured,0.04,"Increased monitoring late may reflect ongoing ischemia/instability closer to outcome, which correlates with AKI risk. As a measurement-frequency proxy, kept below 0.05."
0_12h_cardiac_rythym_other_mean,0.01,"A nonspecific 'other' rhythm category is heterogeneous and not a reliable mechanistic predictor of renal injury. Mean aggregation in the immediate post-op window further reduces interpretability, so minimal importance."
13_24h_cardiac_rythym_other_mean,0.02,Non-specific rhythm labels may correlate with overall instability but are not a direct renal perfusion marker. Mean over the epoch is less informative than presence/episodes of malignant arrhythmia.
25_36h_cardiac_rythym_other_mean,0.03,"Persistent non-sinus/other rhythms closer to outcome can reflect ongoing hemodynamic stress, indirectly affecting renal perfusion. Still non-specific and likely collinear with more direct hemodynamic variables."
0_12h_cardiac_rythym_other_max,0.04,"Any occurrence of an 'other' rhythm early post-op may indicate transient instability, but 0–12h is often noisy after bypass/anesthesia. Indirect AKI link via hypotension/low output risk."
13_24h_cardiac_rythym_other_max,0.05,Occurrence of an atypical rhythm in the trajectory phase can signal ongoing instability and potential low cardiac output episodes. Still a non-specific proxy and not a direct AKI biomarker.
25_36h_cardiac_rythym_other_max,0.07,"New or ongoing atypical rhythm in the 25–36h window can be a leading indicator of hemodynamic compromise that reduces renal perfusion. More temporally proximate than earlier epochs, but remains indirect."
0_12h_cardiac_rythym_other_min,0.01,The minimum of a binary rhythm indicator is typically uninformative (often just reflects any time without the rhythm). Provides no mechanistic insight into AKI risk.
13_24h_cardiac_rythym_other_min,0.01,Binary minimum is not clinically meaningful for arrhythmia burden and adds collinearity with max/mean. No direct relationship to renal injury.
25_36h_cardiac_rythym_other_min,0.01,Binary minimum does not capture arrhythmia occurrence or severity and is largely redundant. Not a plausible direct predictor of creatinine rise.
0_12h_cardiac_rythym_other_measured,0.01,Measurement frequency reflects documentation/monitoring behavior rather than physiology. Early post-op monitoring is routine and not specific for impending AKI.
13_24h_cardiac_rythym_other_measured,0.02,"More frequent rhythm documentation may reflect clinician concern/acuity, which can correlate with AKI risk. Still a weak, non-mechanistic proxy and should remain low."
25_36h_cardiac_rythym_other_measured,0.03,"Increased monitoring/documentation closer to outcome may indicate ongoing instability and higher illness severity, indirectly associated with AKI. Behavioral proxy only, so kept <0.05."
0_12h_r_vent_mode_asv_mean,0.01,Ventilator mode choice (ASV) is not a direct driver of renal injury and is heavily practice-dependent. Early post-op ventilation strategies are routine and weakly linked to AKI.
13_24h_r_vent_mode_asv_mean,0.02,"Continued ASV use may correlate with respiratory status and overall severity, which can indirectly relate to AKI risk. Mode itself is not mechanistic for creatinine rise."
0_12h_r_vent_mode_asv_max,0.02,Any ASV use in 0–12h largely reflects standard ventilator management rather than renal perfusion. Weak indirect association via illness severity only.
13_24h_r_vent_mode_asv_max,0.03,"ASV use during 13–24h may indicate ongoing ventilatory support needs and higher severity, indirectly associated with AKI. Still non-specific and practice-pattern driven."
0_12h_r_vent_mode_asv_min,0.01,Binary minimum for ventilator mode is not clinically interpretable and is redundant with max/mean. No direct physiologic link to AKI.
13_24h_r_vent_mode_asv_min,0.01,"Ventilator mode choice is not a direct renal biomarker and is heavily confounded by respiratory status and sedation practices. Any association with AKI is indirect via illness severity, so keep very low."
0_12h_r_vent_mode_asv_measured,0.01,Measurement frequency reflects clinician behavior/documentation rather than renal physiology. Early post-op (0–12h) ventilator adjustments are common and nonspecific for AKI risk.
13_24h_r_vent_mode_asv_measured,0.01,Counts of ASV documentation/orders are a weak proxy for acuity and not mechanistically linked to kidney injury. Cap as a low-utility behavioral feature.
25_36h_r_vent_mode_asv_measured,0.02,"Later need for ongoing ASV monitoring may weakly reflect persistent critical illness, which can correlate with AKI. Still a behavioral/documentation proxy, so keep <0.05."
0_12h_r_vent_mode_controlled_mean,0.02,Controlled ventilation early post-op is common after cardiac surgery and mainly reflects routine management rather than renal hypoperfusion. Any AKI link is indirect via severity/sedation.
13_24h_r_vent_mode_controlled_mean,0.03,"Persisting controlled ventilation into 13–24h can indicate slower recovery and higher illness severity, which is indirectly associated with AKI. Mean aggregation is also less specific than an extreme/transition marker."
0_12h_r_vent_mode_controlled_max,0.03,"Any use of controlled mode in the immediate 0–12h window is expected and nonspecific for AKI. As an extreme/any-use indicator it may weakly capture higher acuity, but cap low and within the early-epoch limit."
13_24h_r_vent_mode_controlled_max,0.05,"Any controlled ventilation during 13–24h may reflect ongoing respiratory failure/sedation needs and higher overall severity, which can contribute to AKI risk via hemodynamic instability. Still indirect and confounded, so keep at the plausible-link cap."
0_12h_r_vent_mode_controlled_min,0.01,Minimum/absence of controlled mode in 0–12h is not a meaningful physiologic trigger for AKI and is largely driven by practice patterns. Provides little incremental renal prognostic information.
13_24h_r_vent_mode_controlled_min,0.01,Minimum/absence of controlled mode is not a direct marker of renal perfusion or nephrotoxicity. Likely redundant with other ventilation indicators and weakly informative.
0_12h_r_vent_mode_controlled_measured,0.01,Documentation/measurement frequency is a behavioral proxy and not a renal mechanism. In the immediate post-op period it is especially routine and nonspecific.
13_24h_r_vent_mode_controlled_measured,0.02,"More frequent recording of controlled mode may weakly indicate instability or prolonged ventilation, indirectly associated with AKI. Still a measurement-frequency feature, so keep <0.05."
25_36h_r_vent_mode_controlled_measured,0.03,Ongoing frequent documentation of controlled ventilation at 25–36h may reflect persistent critical illness and higher AKI risk through hemodynamic/vasopressor needs. Nonetheless it remains a behavioral proxy and should stay low.
0_12h_r_vent_mode_simv_mean,0.01,"SIMV use early post-op is common during weaning and does not directly affect renal function. Mean aggregation further dilutes any signal, so keep minimal."
13_24h_r_vent_mode_simv_mean,0.02,"SIMV in 13–24h may reflect weaning trajectory and overall recovery, which is only indirectly related to AKI. Mean mode proportion is not a specific renal risk marker."
0_12h_r_vent_mode_simv_max,0.02,"Any SIMV use in 0–12h is largely routine and reflects ventilator management rather than renal insult. At most it weakly tracks severity/weaning readiness, so keep low and within early-epoch constraints."
13_24h_r_vent_mode_simv_max,0.02,"SIMV use can proxy ongoing respiratory failure/sedation needs, which may correlate with illness severity and renal hypoperfusion. Vent mode itself is not a direct AKI mechanism, so keep low."
0_12h_r_vent_mode_simv_min,0.01,Immediate post-op ventilator mode is heavily protocol/anesthesia-driven and transient in the first 12h. Weak and nonspecific link to later creatinine rise.
13_24h_r_vent_mode_simv_min,0.01,Minimum SIMV exposure in this window is not a meaningful physiologic insult marker and is largely practice-pattern dependent. Limited direct relevance to AKI.
0_12h_r_vent_mode_simv_measured,0.01,Measurement frequency reflects documentation/monitoring behavior rather than renal physiology. In the immediate 0–12h period it is especially nonspecific for AKI risk.
13_24h_r_vent_mode_simv_measured,0.02,"More frequent recording may reflect higher acuity or ventilator adjustments, indirectly associated with AKI risk via severity of illness. Still a behavioral proxy, so capped low."
25_36h_r_vent_mode_simv_measured,0.03,"Closer to the outcome, frequent SIMV documentation may indicate persistent critical illness and ongoing organ support, which correlates with AKI risk. Remains indirect and behavior-driven, so kept <0.05."
0_12h_r_vent_mode_spontaneous_mean,0.01,Spontaneous mode early post-op is influenced by extubation protocols and sedation rather than kidney perfusion. Weak association with subsequent creatinine change.
13_24h_r_vent_mode_spontaneous_mean,0.02,"Spontaneous breathing by 13–24h may indicate recovery and lower severity, indirectly relating to lower AKI risk. Mean aggregation is also collinear with max/min, so kept low."
0_12h_r_vent_mode_spontaneous_max,0.02,"Any spontaneous mode in the first 12h may reflect faster recovery, but this period is dominated by transient post-bypass effects and practice patterns. Conservative scoring per epoch rule."
13_24h_r_vent_mode_spontaneous_max,0.03,"Presence of spontaneous mode at any point in 13–24h can be a marker of improving trajectory and less shock/vasopressor need, indirectly lowering AKI risk. Still not a direct renal predictor."
0_12h_r_vent_mode_spontaneous_min,0.01,Minimum spontaneous mode exposure is not clinically interpretable as an AKI trigger and is highly protocol-dependent early post-op. Minimal predictive value.
13_24h_r_vent_mode_spontaneous_min,0.01,Minimum spontaneous mode in this window is not a clear marker of physiologic insult and adds collinearity with other vent-mode indicators. Keep very low.
0_12h_r_vent_mode_spontaneous_measured,0.01,Frequency of documenting spontaneous mode is a behavioral proxy and not a renal mechanism. In 0–12h it is particularly confounded by routine post-op care.
13_24h_r_vent_mode_spontaneous_measured,0.02,"More frequent documentation may reflect active weaning/instability and overall acuity, indirectly related to AKI. Still a measurement-frequency feature, so capped <0.05."
25_36h_r_vent_mode_spontaneous_measured,0.03,"Nearer to hour-60 creatinine, frequent vent-mode documentation may indicate ongoing respiratory/overall organ dysfunction, which correlates with AKI risk. Remains indirect and behavior-based, so low."
0_12h_arterial_line_map_mean,0.08,Sustained low MAP reduces renal perfusion and is an established AKI risk factor after cardiac surgery. Mean MAP in 0–12h is informative but capped conservatively due to transient immediate post-op hemodynamics.
13_24h_arterial_line_map_mean,0.05,"Sustained MAP relates to renal perfusion, but the mean can mask hypotensive episodes that more directly drive AKI; capped to reduce collinearity with MAP_min."
25_36h_arterial_line_map_mean,0.05,"Later sustained perfusion pressure is relevant, but mean MAP is less sensitive than hypotensive nadirs for predicting AKI; capped to avoid redundancy with MAP_min in the same epoch."
0_12h_arterial_line_map_max,0.01,Hypertensive peaks are not a typical direct trigger for postoperative AKI compared with hypotension/low perfusion; early epoch also has many transient swings.
13_24h_arterial_line_map_max,0.01,MAP maxima are generally less informative for renal ischemic injury than minima and may reflect treatment effects rather than pathology.
25_36h_arterial_line_map_max,0.01,High MAP is not a strong direct predictor of creatinine rise; hypotension and low renal perfusion are more mechanistically linked to AKI.
0_12h_arterial_line_map_min,0.1,"Hypotensive nadirs can cause renal hypoperfusion and ischemic tubular injury, but immediate post-op instability is common and transient; capped by 0–12h rule."
13_24h_arterial_line_map_min,0.18,Persistent or recurrent hypotension in the trajectory phase is a strong driver of renal hypoperfusion and subsequent creatinine rise; close mechanistic link to AKI.
25_36h_arterial_line_map_min,0.3,Late hypotensive episodes are a leading indicator for impending AKI by hour 60 via sustained renal hypoperfusion and shock physiology.
0_12h_arterial_line_map_measured,0.01,Measurement frequency mainly reflects monitoring intensity (arterial line presence/acuity) rather than a renal mechanism; early post-op monitoring is routine.
13_24h_arterial_line_map_measured,0.01,Arterial-line MAP measurement frequency is largely standard ICU practice and a weak behavioral proxy; not a direct predictor of AKI.
25_36h_arterial_line_map_measured,0.01,Continued frequent MAP recording reflects ongoing critical care needs but adds little mechanistic information beyond the MAP values themselves.
0_12h_diet_type_npo_mean,0.01,NPO status is routine immediately after cardiac surgery and does not directly indicate renal injury risk.
13_24h_diet_type_npo_mean,0.01,Ongoing NPO may reflect illness severity but is nonspecific and not a direct renal perfusion/toxin marker; weak indirect link only.
25_36h_diet_type_npo_mean,0.02,"Prolonged NPO can correlate with higher acuity and delayed recovery, but it is an indirect and nonspecific predictor of AKI."
0_12h_diet_type_npo_max,0.01,Being NPO at any point in the first 12 hours is expected post-op and provides minimal discriminatory value for AKI risk.
13_24h_diet_type_npo_max,0.01,Any NPO during 13–24 hours is common and nonspecific; at most a weak proxy for severity without direct renal mechanism.
25_36h_diet_type_npo_max,0.02,NPO status mainly reflects feeding tolerance/clinical workflow rather than renal perfusion or nephrotoxicity. In the 25–36h window it may weakly proxy overall illness severity but is not a direct AKI driver.
0_12h_diet_type_npo_min,0.005,"Immediate post-op NPO is routine after cardiac surgery and provides little discrimination for AKI risk. Early epoch also contains many transient, protocol-driven care patterns."
13_24h_diet_type_npo_min,0.01,"Persisting NPO into 13–24h can reflect delayed recovery or instability, indirectly associated with AKI risk. Still largely a care-process variable rather than a physiologic renal insult."
25_36h_diet_type_npo_min,0.02,"Remaining NPO by 25–36h may indicate ongoing hemodynamic/respiratory instability or planned procedures, indirectly correlating with AKI. Not a mechanistic predictor of creatinine rise."
0_12h_diet_type_npo_measured,0.003,Measurement frequency is a documentation/ordering artifact and not a physiologic mechanism for AKI. In the first 12h it is especially protocolized.
13_24h_diet_type_npo_measured,0.004,More frequent documentation of diet status may weakly reflect acuity but is not specific for renal injury. Kept low to avoid behavioral-proxy noise.
25_36h_diet_type_npo_measured,0.004,"Diet-status measurement frequency is not a direct marker of kidney perfusion or tubular injury. At most it reflects care intensity, so inclusion probability remains very low."
0_12h_diet_type_diet_mean,0.003,Average diet status in the immediate post-op window is largely driven by standard NPO practices and early extubation timing. It has minimal direct relationship to AKI pathophysiology.
13_24h_diet_type_diet_mean,0.006,"Mean diet status over 13–24h may weakly capture recovery trajectory and overall stability, indirectly linked to AKI risk. It is still non-specific and largely process-related."
25_36h_diet_type_diet_mean,0.01,"Sustained ability/inability to take diet by 25–36h can proxy clinical stability and severity, which correlates with AKI risk. Not a direct biomarker, so kept low."
0_12h_diet_type_diet_max,0.005,Any diet initiation in 0–12h mainly reflects early extubation and routine recovery rather than renal physiology. Early epoch effects are transient and protocol-dependent.
13_24h_diet_type_diet_max,0.01,"Reaching diet at any point in 13–24h may indicate improving stability, indirectly associated with lower AKI risk. Still a weak, non-specific proxy."
25_36h_diet_type_diet_max,0.02,"Achieving diet by 25–36h can reflect recovery and less ongoing shock/vasopressor need, indirectly lowering AKI risk. Not mechanistically tied to creatinine rise, so probability remains low."
0_12h_diet_type_diet_min,0.003,Minimum diet status in 0–12h is typically NPO for nearly all post-cardiac surgery patients. Provides negligible signal for AKI prediction.
13_24h_diet_type_diet_min,0.006,"Remaining at the lowest diet status throughout 13–24h may reflect delayed recovery or instability, indirectly linked to AKI. Still a weak proxy variable."
25_36h_diet_type_diet_min,0.02,"Persistently minimal diet status in 25–36h may indicate ongoing critical illness and higher AKI risk via shared severity pathways. It is not a direct renal insult marker, so kept below 0.05."
0_12h_diet_type_diet_measured,0.005,Diet documentation/ordering frequency is a care-process marker and has no direct physiologic link to renal perfusion or tubular injury. In the immediate 0–12h post-op window it is especially nonspecific for AKI risk.
13_24h_diet_type_diet_measured,0.006,"Measurement frequency reflects clinician workflow rather than kidney injury biology. At most it weakly proxies overall acuity, so keep very low to preserve sparsity."
25_36h_diet_type_diet_measured,0.008,"Later diet-ordering frequency may correlate with recovery trajectory (extubation/feeding readiness) but remains an indirect, non-mechanistic proxy. Not a reliable predictor of creatinine rise compared with hemodynamics/labs."
0_12h_diet_type_other_mean,0.003,Diet category is not a direct driver of AKI in the first 12 hours after cardiac surgery. Any association would be confounded by illness severity and NPO status.
13_24h_diet_type_other_mean,0.004,"Diet type remains a weak, indirect marker of clinical course rather than renal injury. Mean over the epoch adds collinearity without capturing a specific AKI trigger."
25_36h_diet_type_other_mean,0.006,"By 25–36h, diet advancement may reflect stabilization, but it is still not mechanistically linked to creatinine_ratio. Keep low to avoid overfitting to care patterns."
0_12h_diet_type_other_max,0.004,"A binary extreme for an 'other' diet category does not represent a physiologic insult relevant to AKI. In 0–12h, diet labels are particularly driven by routine post-op protocols."
13_24h_diet_type_other_max,0.005,Presence of an 'other' diet type is not an established AKI risk factor and is likely confounded by care practices. Treat as weak evidence only.
25_36h_diet_type_other_max,0.008,"Later presence of an 'other' diet may weakly reflect complications delaying feeding, but it is still an indirect proxy. Not comparable to direct renal/hemodynamic predictors."
0_12h_diet_type_other_min,0.002,A binary minimum for diet category is not clinically interpretable as an AKI trigger. No plausible physiologic pathway to creatinine rise.
13_24h_diet_type_other_min,0.002,This aggregation does not capture a meaningful exposure related to renal perfusion or nephrotoxicity. Keep near-zero for sparsity.
25_36h_diet_type_other_min,0.003,Still not a physiologic marker; any signal would be noise or confounding by severity. Low importance to avoid redundant diet-feature collinearity.
0_12h_diet_type_other_measured,0.004,"How often 'other' diet is recorded is a behavioral/documentation feature, not a renal injury mechanism. In early post-op period it is especially uninformative for AKI."
13_24h_diet_type_other_measured,0.005,Measurement frequency may weakly track overall complexity of care but is not kidney-specific. Cap well below 0.05 per the measured-feature rule.
25_36h_diet_type_other_measured,0.007,"Later documentation frequency could correlate with ongoing instability, but remains indirect and non-causal for AKI. Keep low to prioritize true renal/hemodynamic predictors."
0_12h_r_cardiac_regularity_regular_mean,0.03,"Sustained regular rhythm can reflect hemodynamic stability, whereas arrhythmias can reduce renal perfusion and contribute to AKI risk. However, using the mean regularity is indirect and early (0–12h) post-op, so importance is modest and capped by the epoch rule."
13_24h_r_cardiac_regularity_regular_mean,0.01,"Mean regular rhythm is not a direct renal perfusion marker and is largely redundant with irregularity indicators. In the 13–24h epoch, it adds little specific AKI signal beyond overall hemodynamic variables."
25_36h_r_cardiac_regularity_regular_mean,0.01,"Sustained regular rhythm is weakly informative for AKI compared with direct hypotension/vasopressor/urine output markers. Also collinear with irregular rhythm features, so kept very low for sparsity."
0_12h_r_cardiac_regularity_regular_max,0.005,Early postoperative rhythm regularity is common and transient and does not specifically indicate renal hypoperfusion. Capped low given 0–12h conservatism and limited mechanistic link to creatinine rise.
13_24h_r_cardiac_regularity_regular_max,0.005,Having any regular rhythm during 13–24h is not a meaningful AKI predictor and is largely the complement of irregular rhythm. Low value relative to direct hemodynamic/renal markers.
25_36h_r_cardiac_regularity_regular_max,0.005,Presence of regular rhythm in the 25–36h window is nonspecific for kidney injury and mainly reflects absence of arrhythmia. Kept minimal to avoid redundancy with irregularity features.
0_12h_r_cardiac_regularity_regular_min,0.005,"Minimum regularity (i.e., any loss of regular rhythm) in the immediate 0–12h period is often perioperative and transient. Weak and indirect association with AKI, so very low."
13_24h_r_cardiac_regularity_regular_min,0.01,"Intermittent loss of regular rhythm may reflect arrhythmia episodes that can reduce cardiac output, but this is indirect and better captured by irregular rhythm extremes. Scored low to limit collinearity."
25_36h_r_cardiac_regularity_regular_min,0.02,"Any loss of regular rhythm closer to outcome may indicate ongoing arrhythmia with potential renal hypoperfusion, but remains an indirect proxy. Given modest weight as a late-window leading indicator."
0_12h_r_cardiac_regularity_regular_measured,0.005,"Measurement frequency reflects monitoring intensity rather than physiology and is not a direct AKI mechanism. In 0–12h, frequent documentation is routine post-cardiac surgery."
13_24h_r_cardiac_regularity_regular_measured,0.01,"More frequent rhythm documentation may weakly proxy clinical concern, but is nonspecific and behavior-driven. Kept <0.05 per rule."
25_36h_r_cardiac_regularity_regular_measured,0.01,"Increased measurement frequency may indicate instability/arrhythmia surveillance, but remains a weak, non-physiologic proxy. Low importance to preserve sparsity."
0_12h_r_cardiac_regularity_irregular_mean,0.03,"Early irregular rhythm (often AF) can reduce cardiac output and renal perfusion, but in 0–12h it is frequently transient post-op. Mean is also less informative than extremes for acute insults."
13_24h_r_cardiac_regularity_irregular_mean,0.05,Persistent irregular rhythm in 13–24h may reflect ongoing AF/ectopy with hemodynamic consequences and higher AKI risk via reduced forward flow. Mean captures burden but is still indirect versus direct perfusion markers.
25_36h_r_cardiac_regularity_irregular_mean,0.08,Sustained irregular rhythm in the 25–36h window can indicate ongoing low cardiac output/instability and is a plausible established risk factor for AKI. Mean irregularity reflects arrhythmia burden closer to the creatinine outcome.
0_12h_r_cardiac_regularity_irregular_max,0.04,"Any occurrence of irregular rhythm immediately post-op can signal AF/ectopy, but this period is confounded by transient perioperative arrhythmias. Max is preferred over mean for capturing acute episodes, but capped by 0–12h rule."
13_24h_r_cardiac_regularity_irregular_max,0.07,"Any irregular rhythm episode during 13–24h may indicate clinically significant AF/ectopy with potential renal hypoperfusion and need for rate control/vasopressors. Max captures the acute insult better than mean, so given higher weight within epoch cap."
25_36h_r_cardiac_regularity_irregular_max,0.06,"Sustained/episodic arrhythmia late in the course can reduce cardiac output and renal perfusion, increasing AKI risk. Use max as the least collinear summary for acute irregularity burden in this window."
0_12h_r_cardiac_regularity_irregular_min,0.01,Immediate post-op rhythm irregularity is common/transient and less discriminative for later creatinine rise. Min is also a weak way to represent arrhythmia burden.
13_24h_r_cardiac_regularity_irregular_min,0.02,"Ongoing rhythm issues may reflect hemodynamic instability, but min poorly captures clinically relevant arrhythmia burden. Trajectory window is moderately informative but capped low to avoid redundancy."
25_36h_r_cardiac_regularity_irregular_min,0.03,"Late rhythm irregularity could contribute to renal hypoperfusion, but min is not the best aggregation versus max for acute insults. Kept low to reduce collinearity with irregular_max."
0_12h_r_cardiac_regularity_irregular_measured,0.01,Measurement frequency mainly reflects monitoring intensity rather than a renal mechanism. Early post-op monitoring is routine and not specific for impending AKI.
13_24h_r_cardiac_regularity_irregular_measured,0.02,"More frequent documentation may indicate clinician concern/instability, but it is a behavioral proxy and nonspecific. Kept <0.05 per rule."
25_36h_r_cardiac_regularity_irregular_measured,0.03,"Increased monitoring late may signal persistent instability that can correlate with AKI risk, but remains indirect and confounded by care patterns. Scored low as a proxy feature."
0_12h_r_cardiac_regularity_other_mean,0.01,"""Other"" rhythm categories are heterogeneous and mean aggregation is not a clear physiologic trigger for AKI. Early window changes are often transient and nonspecific."
13_24h_r_cardiac_regularity_other_mean,0.02,"Non-sinus/other rhythms may correlate with instability, but the category is nonspecific and mean is not the best summary for acute insults. Kept low to avoid redundancy with max/min indicators."
25_36h_r_cardiac_regularity_other_mean,0.03,"Persistent nonstandard rhythm patterns closer to outcome may reflect ongoing hemodynamic compromise, indirectly increasing AKI risk. Mean remains a smoothed, nonspecific summary so importance is limited."
0_12h_r_cardiac_regularity_other_max,0.02,"Any occurrence of an ""other"" rhythm early post-op is common and often transient. Max is the best aggregation for presence, but early epoch is capped conservatively."
13_24h_r_cardiac_regularity_other_max,0.04,Occurrence of nonstandard rhythms in the trajectory phase can indicate instability and potential renal hypoperfusion. Max best captures episodic presence while limiting collinearity with mean/min.
25_36h_r_cardiac_regularity_other_max,0.05,"Late occurrence of nonstandard rhythms may signal ongoing hemodynamic compromise relevant to AKI risk. Still nonspecific/heterogeneous, so capped at plausible-indirect strength."
0_12h_r_cardiac_regularity_other_min,0.01,Min is not clinically meaningful for episodic rhythm categories and adds collinearity without capturing pathology. Early post-op rhythm variability is common and nonspecific.
13_24h_r_cardiac_regularity_other_min,0.01,Min poorly represents clinically relevant rhythm burden and is redundant with max indicators. Kept at weak-evidence level.
25_36h_r_cardiac_regularity_other_min,0.01,"Min is not an informative summary for ""other"" rhythm occurrence and is redundant with max/mean. Scored minimal to reduce collinearity."
0_12h_r_cardiac_regularity_other_measured,0.01,Measurement frequency of an atypical rhythm descriptor mainly reflects monitoring/documentation behavior rather than renal physiology. In the immediate post-op window it is common and nonspecific for AKI risk.
13_24h_r_cardiac_regularity_other_measured,0.02,"More frequent documentation of irregular rhythm may proxy clinical instability, which can correlate with renal hypoperfusion, but it is indirect. As a _measured feature it should remain low to avoid behavioral confounding."
25_36h_r_cardiac_regularity_other_measured,0.03,"Increased attention to rhythm abnormalities closer to outcome can indicate ongoing hemodynamic instability that may contribute to AKI, but this remains an indirect, behavior-driven signal. Kept <0.05 per _measured rule."
0_12h_r_heart_rate_source_monitor_pulse_ox_mean,0.03,"Sustained tachycardia can reflect pain, anemia, low stroke volume, or sepsis that may reduce renal perfusion, but early post-bypass HR is often transient and treatment-related. Mean is less informative than extremes for acute insults."
13_24h_r_heart_rate_source_monitor_pulse_ox_mean,0.05,Persistent abnormal heart rate during the trajectory phase can indicate ongoing low cardiac output or systemic stress associated with AKI risk. Mean HR is still a nonspecific marker and may be collinear with HR extremes.
25_36h_r_heart_rate_source_monitor_pulse_ox_mean,0.06,Sustained tachycardia/bradycardia closer to hour 60 can reflect persistent hemodynamic compromise that predisposes to renal hypoperfusion. Mean remains less specific than min/max but may capture prolonged stress.
0_12h_r_heart_rate_source_monitor_pulse_ox_max,0.05,"Extreme tachycardia can signal acute low output, bleeding, or arrhythmia burden that may reduce renal perfusion, but in the first 12 hours it is often transient and peri-anesthetic. Capped conservatively for the initial epoch."
13_24h_r_heart_rate_source_monitor_pulse_ox_max,0.08,"Recurrent or severe tachycardia in 13–24h suggests ongoing instability (e.g., low cardiac output, infection, pain/withdrawal) that can contribute to AKI. Max better captures acute episodes than mean, reducing collinearity."
25_36h_r_heart_rate_source_monitor_pulse_ox_max,0.1,Late extreme tachycardia is a stronger leading indicator of persistent shock/low cardiac output states associated with renal ischemia and rising creatinine. Max captures acute insults more directly than mean.
0_12h_r_heart_rate_source_monitor_pulse_ox_min,0.06,"Bradycardia episodes can reflect conduction issues, high vagal tone, or pacing problems leading to reduced cardiac output and renal perfusion, but early post-op bradycardia can be transient. Min captures clinically relevant low-output extremes."
13_24h_r_heart_rate_source_monitor_pulse_ox_min,0.09,"Bradycardia in the trajectory phase may indicate ongoing conduction/pacing failure or medication effect with low cardiac output, increasing AKI risk. Min is preferred over mean for capturing harmful hypotensive/low-flow periods."
25_36h_r_heart_rate_source_monitor_pulse_ox_min,0.12,"Late bradycardia episodes are concerning for sustained low cardiac output or arrhythmia/pacing issues that can directly impair renal perfusion and precipitate AKI. As a leading indicator, the minimum is more pathophysiologically relevant than the mean."
0_12h_r_heart_rate_source_monitor_pulse_ox_measured,0.01,Heart rate measurement frequency from pulse oximetry reflects monitoring intensity rather than a causal pathway to AKI. In ICU post-cardiac surgery this is routine and not discriminative.
13_24h_r_heart_rate_source_monitor_pulse_ox_measured,0.01,"Ongoing frequent HR recordings are standard ICU care and do not specifically indicate impending AKI. Behavioral proxy only, so kept minimal."
25_36h_r_heart_rate_source_monitor_pulse_ox_measured,0.02,"Increased monitoring frequency late may reflect perceived instability, but it is still a weak, indirect signal and highly confounded by care patterns. Kept <0.05 per measurement-frequency rule."
0_12h_r_heart_rate_source_apical_mean,0.02,Apical mean HR is a nonspecific marker of physiologic stress and is often redundant with monitor-derived HR; mean is less informative than extremes for AKI-related insults. Early post-op values are commonly transient and treatment-driven.
13_24h_r_heart_rate_source_apical_mean,0.02,"Sustained tachycardia can reflect ongoing stress/low cardiac output that may reduce renal perfusion, but mean HR is nonspecific and often treatment-related post-op. Capped to limit redundancy versus more informative extremes."
25_36h_r_heart_rate_source_apical_mean,0.03,"Persistently elevated or depressed mean HR closer to outcome may indicate unresolved shock/arrhythmia burden affecting renal perfusion, but remains indirect and nonspecific. Kept low to avoid collinearity with HR extremes."
0_12h_r_heart_rate_source_apical_max,0.04,"Early postoperative HR spikes may signal pain, agitation, bleeding, or arrhythmia, which can correlate with hemodynamic instability, but this window is highly transient after surgery. Conservative scoring per 0–12h cap and indirect link to AKI."
13_24h_r_heart_rate_source_apical_max,0.05,"Tachycardic episodes in the trajectory phase can reflect evolving shock, sepsis, or atrial fibrillation with reduced forward flow, plausibly increasing AKI risk. Still indirect and capped to reduce redundancy with other HR summaries."
25_36h_r_heart_rate_source_apical_max,0.07,"Late tachycardic extremes may indicate persistent low cardiac output, arrhythmia, or infection closer to the creatinine outcome, which can impair renal perfusion. More informative than mean HR but still not a direct renal biomarker."
0_12h_r_heart_rate_source_apical_min,0.05,"Bradycardic extremes early after surgery may reflect conduction issues or over-sedation with potential hypotension and renal hypoperfusion, but immediate post-op effects are often transient. Scored conservatively due to early epoch."
13_24h_r_heart_rate_source_apical_min,0.06,"Bradycardia in this phase can be a marker of conduction disease, pacing dependence, or medication effect with possible low cardiac output and renal hypoperfusion. Indirect association, kept modest."
25_36h_r_heart_rate_source_apical_min,0.08,"Late bradycardic extremes may indicate clinically significant low output states or conduction failure requiring intervention, which can reduce renal blood flow and precipitate AKI. More relevant due to proximity to hour-60 creatinine."
0_12h_r_heart_rate_source_apical_measured,0.01,Measurement frequency mainly reflects monitoring intensity rather than physiology and is routine immediately post-cardiac surgery. Not a mechanistic predictor of AKI.
13_24h_r_heart_rate_source_apical_measured,0.02,"More frequent apical HR checks may reflect clinician concern for arrhythmia/hemodynamic instability, which can correlate with AKI risk, but remains a behavioral proxy. Kept <0.05 per rule."
25_36h_r_heart_rate_source_apical_measured,0.03,"Increased measurement frequency late may indicate ongoing instability or arrhythmia surveillance, indirectly associated with AKI risk. Still a non-physiologic proxy and capped low."
0_12h_r_heart_rate_source_peripheral_mean,0.01,"Peripheral mean HR is nonspecific and largely redundant with apical HR summaries, especially in the immediate post-op period. Limited physiologic specificity for AKI."
13_24h_r_heart_rate_source_peripheral_mean,0.01,Peripheral mean HR provides little incremental information beyond apical HR and other hemodynamic variables for renal perfusion. Kept minimal to avoid collinearity.
25_36h_r_heart_rate_source_peripheral_mean,0.01,"Peripheral mean HR is redundant with apical HR and is an indirect, nonspecific marker for AKI risk. Prioritized extremes over means for pathology capture."
0_12h_r_heart_rate_source_peripheral_max,0.01,Peripheral HR maxima are likely redundant with apical maxima and may be noisier due to signal quality; early post-op tachycardia is common and transient. Minimal incremental AKI signal.
13_24h_r_heart_rate_source_peripheral_max,0.02,Peripheral tachycardic extremes may reflect instability but are redundant with apical HR extremes and less reliable. Kept low to reduce collinearity while allowing small indirect signal.
25_36h_r_heart_rate_source_peripheral_max,0.01,The monitoring source (peripheral vs other) is a documentation/measurement artifact rather than a physiologic driver of renal injury. It may weakly proxy acuity but is not a direct AKI predictor.
0_12h_r_heart_rate_source_peripheral_min,0.01,Heart-rate source selection is not mechanistically linked to kidney perfusion or AKI. Early post-op (0–12h) documentation choices are especially noisy.
13_24h_r_heart_rate_source_peripheral_min,0.01,This reflects monitoring modality rather than hemodynamic status. Any association with AKI would be indirect and likely confounded by care patterns.
25_36h_r_heart_rate_source_peripheral_min,0.01,"Peripheral HR source is not a physiologic marker of shock or renal hypoperfusion. At most it is a weak proxy for monitoring setup, so keep minimal weight."
0_12h_r_heart_rate_source_peripheral_measured,0.02,"Measurement frequency is a behavioral proxy for acuity/monitoring intensity, not a renal mechanism. In the immediate post-op window it is largely protocol-driven, limiting AKI specificity."
13_24h_r_heart_rate_source_peripheral_measured,0.03,"More frequent peripheral HR documentation may reflect instability or nursing concern, which can correlate with AKI risk indirectly. Still non-specific and should remain low to avoid overfitting."
25_36h_r_heart_rate_source_peripheral_measured,0.04,"Increased measurement frequency closer to outcome can indicate ongoing instability prompting closer monitoring, indirectly associated with AKI. It remains a care-process variable, so keep <0.05."
0_12h_r_oxygen_device_mechanical_mean,0.03,"Need for mechanical ventilation can correlate with illness severity and hemodynamic stress, indirectly increasing AKI risk. In 0–12h this is often routine after cardiac surgery, so predictive value is limited."
13_24h_r_oxygen_device_mechanical_mean,0.05,"Persistent mechanical ventilation into 13–24h suggests slower recovery and higher severity, which is associated with AKI risk. Use the mean cautiously as it is collinear with max/min indicators."
25_36h_r_oxygen_device_mechanical_mean,0.08,"Ongoing mechanical ventilation at 25–36h is a stronger marker of persistent critical illness (often with vasopressors, inflammation, fluid overload), which increases AKI risk. Mean captures sustained dependence, but overlaps with max/min so keep moderate."
0_12h_r_oxygen_device_mechanical_max,0.04,"Any mechanical ventilation in the first 12h is common post-cardiac surgery and not specific for AKI. It is mainly a severity proxy, so keep low and within the 0–12h cap."
13_24h_r_oxygen_device_mechanical_max,0.07,"Mechanical ventilation at any point in 13–24h indicates delayed extubation or deterioration, which correlates with AKI risk via severity and hemodynamic compromise. Prefer max over mean to reduce redundancy."
25_36h_r_oxygen_device_mechanical_max,0.12,Mechanical ventilation present in the 25–36h window is a meaningful leading indicator of ongoing critical illness and higher AKI risk. This is not a direct renal biomarker but is a stronger severity/hemodynamic proxy close to the outcome.
0_12h_r_oxygen_device_mechanical_min,0.01,The minimum of a binary ventilation indicator is typically uninformative (often 0 if extubated at any time) and adds collinearity with max/mean. It has little mechanistic link to AKI.
13_24h_r_oxygen_device_mechanical_min,0.01,Binary min is a poor summary for ventilation exposure and is largely redundant with max/mean. It does not capture a specific AKI-triggering physiology.
25_36h_r_oxygen_device_mechanical_min,0.01,Binary min is not clinically interpretable for AKI risk and is collinear with max/mean ventilation indicators. Keep minimal to enforce sparsity.
0_12h_r_oxygen_device_mechanical_measured,0.02,"Measurement frequency of mechanical ventilation is mainly a proxy for acuity and routine documentation rather than a direct renal insult. Early post-op ventilation is common and often transient, so predictive value for AKI is limited in 0–12h."
13_24h_r_oxygen_device_mechanical_measured,0.03,"Ongoing need for mechanical ventilation suggests greater illness severity and potential hemodynamic instability that can contribute to AKI, but this is indirect. As a _measured feature it remains a behavioral/acuity proxy and should stay <0.05."
25_36h_r_oxygen_device_mechanical_measured,0.04,"Persistent mechanical ventilation closer to the outcome can reflect ongoing shock, high PEEP, or multi-organ dysfunction associated with AKI risk, but the feature is still measurement frequency rather than physiology. Kept <0.05 per _measured rule."
0_12h_r_oxygen_device_none_mean,0.01,Being on no oxygen device immediately post-cardiac surgery is common in fast-track pathways and is not a direct driver of renal injury. Mean proportion on room air is an indirect marker and weakly linked to creatinine rise.
13_24h_r_oxygen_device_none_mean,0.02,"More time on no oxygen device may indicate clinical stability and lower severity, indirectly associated with lower AKI risk. As a mean aggregation it is a smoothed proxy and not a direct renal mechanism."
25_36h_r_oxygen_device_none_mean,0.03,"Room-air status in the 25–36h window can reflect recovery and less ongoing cardiopulmonary failure, indirectly lowering AKI risk. Still an indirect, averaged proxy rather than a renal biomarker."
0_12h_r_oxygen_device_none_max,0.02,"Any occurrence of no oxygen device in the first 12h suggests early extubation/low support, indirectly implying less severe illness. However, early post-op practices vary and this is not a direct AKI predictor."
13_24h_r_oxygen_device_none_max,0.03,Having any period on no oxygen device during 13–24h suggests stabilization and lower likelihood of ongoing shock/respiratory failure that can worsen renal perfusion. This remains an indirect severity marker.
25_36h_r_oxygen_device_none_max,0.04,"Any room-air period by 25–36h is a leading indicator of recovery and less multi-organ dysfunction, indirectly associated with lower creatinine_ratio. Still not a direct renal physiology measure, so kept modest."
0_12h_r_oxygen_device_none_min,0.01,"Minimum value for a binary 'none' indicator largely reflects whether the patient ever required oxygen support, which is expected early post-op. This provides little specific information about renal perfusion or nephrotoxicity."
13_24h_r_oxygen_device_none_min,0.02,"If the minimum indicates never being on room air in 13–24h, it may reflect persistent respiratory support and higher severity, indirectly linked to AKI. As a binary minimum it is coarse and not mechanistic."
25_36h_r_oxygen_device_none_min,0.03,"Never achieving room air by 25–36h can indicate ongoing cardiopulmonary failure and higher AKI risk via congestion/low output, but this is indirect. The binary minimum is a coarse proxy, so importance remains low."
0_12h_r_oxygen_device_none_measured,0.01,How often 'no oxygen device' is recorded is documentation behavior and does not represent a renal insult. In 0–12h this is especially routine and weakly informative.
13_24h_r_oxygen_device_none_measured,0.02,More frequent documentation of oxygen device status may correlate with acuity/workflow rather than kidney injury. As a _measured feature it should remain <0.05.
25_36h_r_oxygen_device_none_measured,0.02,Documentation frequency near 25–36h may reflect monitoring intensity but is not a physiological driver of AKI. Kept low per _measured rule.
0_12h_r_oxygen_device_low_flow_mean,0.03,"Average time on low-flow oxygen in the immediate post-op period reflects respiratory support needs and overall severity, which can correlate with AKI risk indirectly. As a mean aggregation in 0–12h, it is conservative and capped well below 0.10."
13_24h_r_oxygen_device_low_flow_mean,0.01,Low-flow oxygen use is a nonspecific marker of respiratory support and does not directly reflect renal perfusion or nephrotoxic exposure. Mean use is also collinear with max/min indicators and adds little AKI-specific signal.
25_36h_r_oxygen_device_low_flow_mean,0.02,"Persistent need for low-flow oxygen late may weakly proxy ongoing cardiopulmonary dysfunction that can contribute to renal hypoperfusion, but it is indirect. Mean aggregation is less informative than extremes for acute insults."
0_12h_r_oxygen_device_low_flow_max,0.01,"In the immediate post-op window, oxygen device changes are common and often transient, with limited specificity for AKI risk. Low-flow maximum use is not a direct renal risk marker."
13_24h_r_oxygen_device_low_flow_max,0.02,"Higher maximum low-flow oxygen requirement may reflect intermittent hypoxemia or cardiopulmonary instability, which can indirectly worsen renal oxygen delivery. Still nonspecific and not a primary AKI driver."
25_36h_r_oxygen_device_low_flow_max,0.03,Late intermittent escalation to low-flow oxygen can indicate evolving heart/lung dysfunction and reduced renal perfusion reserve. This remains an indirect proxy and should stay low for sparsity.
0_12h_r_oxygen_device_low_flow_min,0.005,Minimum low-flow oxygen use in the first 12 hours largely reflects routine weaning/extubation practices rather than renal risk. It has no clear mechanistic link to AKI.
13_24h_r_oxygen_device_low_flow_min,0.005,Minimum low-flow oxygen requirement is dominated by practice patterns and offers little information about hypoperfusion or nephrotoxicity. It is unlikely to add predictive value beyond other cardiopulmonary variables.
25_36h_r_oxygen_device_low_flow_min,0.01,A low minimum oxygen requirement late suggests stability but is not a direct renal biomarker and is highly nonspecific. Any association with AKI would be weak and mediated through overall illness severity.
0_12h_r_oxygen_device_low_flow_measured,0.005,Measurement frequency reflects documentation/monitoring intensity rather than physiology and is not a causal AKI mechanism. Early post-op monitoring is routine and poorly discriminative.
13_24h_r_oxygen_device_low_flow_measured,0.01,"More frequent recording may weakly indicate higher acuity, but it is a behavioral proxy and not kidney-specific. Cap low to avoid over-weighting practice variation."
25_36h_r_oxygen_device_low_flow_measured,0.02,"Increased monitoring late could reflect clinician concern for deterioration, indirectly correlating with AKI risk. Still a non-physiologic proxy and should remain <0.05."
0_12h_r_oxygen_device_high_flow_mean,0.03,"High-flow oxygen early may indicate significant respiratory/cardiac dysfunction and potential hypoxemia, which can contribute to renal ischemia, but early post-op derangements are common. Mean use is less specific than peak requirement."
13_24h_r_oxygen_device_high_flow_mean,0.05,"Ongoing high-flow oxygen requirement in the trajectory phase suggests persistent cardiopulmonary compromise and higher illness severity, which can be associated with renal hypoperfusion. Still indirect and capped for sparsity/collinearity."
25_36h_r_oxygen_device_high_flow_mean,0.07,"Persistent high-flow oxygen late is a stronger marker of ongoing hypoxemia/heart failure physiology that can reduce renal oxygen delivery and perfusion. Mean is still less informative than max, but temporal proximity increases relevance."
0_12h_r_oxygen_device_high_flow_max,0.05,"Peak need for high-flow oxygen in the first 12 hours may capture an acute respiratory/cardiac insult that can contribute to renal ischemia, but immediate post-op instability is frequent. Keep conservative per early-epoch cap."
13_24h_r_oxygen_device_high_flow_max,0.08,"A high maximum oxygen support requirement in 13–24h can reflect worsening pulmonary edema, low cardiac output, or hypoxemia—states linked to AKI via reduced renal perfusion/oxygenation. This is still an indirect severity marker rather than a renal biomarker."
25_36h_r_oxygen_device_high_flow_max,0.04,"Need for high-flow oxygen late (25–36h) can proxy ongoing cardiopulmonary dysfunction and higher illness severity, which can contribute to renal hypoperfusion. It is indirect and non-specific for AKI."
0_12h_r_oxygen_device_high_flow_min,0.01,Early (0–12h) oxygen device needs are often transient post-op and weakly linked to later creatinine rise. As a minimum/absence-type indicator it is not a direct renal risk marker.
13_24h_r_oxygen_device_high_flow_min,0.02,Persistent need for high-flow oxygen in the trajectory phase may reflect evolving cardiopulmonary compromise affecting renal perfusion. Still an indirect severity marker rather than a kidney-specific predictor.
25_36h_r_oxygen_device_high_flow_min,0.03,"Ongoing requirement for high-flow oxygen close to the outcome window suggests continued physiologic stress and possible low cardiac output/hypoxemia impacting kidneys. Indirect association, so kept low for sparsity."
0_12h_r_oxygen_device_high_flow_measured,0.01,Measurement frequency reflects documentation/monitoring behavior rather than a physiologic mechanism for AKI. In the immediate post-op window it is especially non-specific.
13_24h_r_oxygen_device_high_flow_measured,0.02,"More frequent recording may indicate higher acuity, but it is a behavioral proxy and not a direct driver of creatinine rise. Capped low per measured-feature rule."
25_36h_r_oxygen_device_high_flow_measured,0.03,"Late frequent documentation can correlate with clinical concern/instability, which may co-occur with AKI risk. Still a non-mechanistic proxy, so kept <0.05."
0_12h_r_heart_block_type_degree_1_measured,0.01,First-degree AV block documentation frequency is not a direct determinant of renal perfusion and is often incidental post-op. Measurement count is a weak behavioral proxy only.
13_24h_r_heart_block_type_degree_1_measured,0.01,Ongoing monitoring/documentation of first-degree block is unlikely to add kidney-specific prognostic information. As a measured feature it should remain very low.
25_36h_r_heart_block_type_degree_1_measured,0.01,Late documentation of first-degree block is generally not associated with hemodynamic collapse sufficient to drive AKI. Measurement frequency is non-specific.
0_12h_r_heart_block_type_degree_23_measured,0.03,"Higher-grade AV block can be associated with bradycardia/low cardiac output and renal hypoperfusion, but in 0–12h it may be transient and treated promptly. As a measured proxy, importance remains low."
13_24h_r_heart_block_type_degree_23_measured,0.04,Persistent or recurrent high-grade block in 13–24h may indicate ongoing conduction/hemodynamic issues that can reduce renal perfusion. Still captured as measurement frequency rather than a direct physiologic value.
25_36h_r_heart_block_type_degree_23_measured,0.05,"Late high-grade block monitoring suggests clinically significant conduction instability near the outcome window, which can contribute to hypotension and AKI risk. Kept at the measured-feature cap to limit redundancy and non-specificity."
0_12h_r_heart_block_type_bundle_branch_block_measured,0.01,Bundle branch block is common and often chronic/incidental; documentation frequency is not a direct AKI mechanism. Immediate post-op monitoring adds little kidney-specific signal.
13_24h_r_heart_block_type_bundle_branch_block_measured,0.01,Ongoing BBB documentation is unlikely to reflect renal perfusion status and is largely non-specific. As a measured feature it should remain minimal.
25_36h_r_heart_block_type_bundle_branch_block_measured,0.01,Late BBB documentation frequency does not reliably indicate hemodynamic compromise driving AKI. It is primarily a monitoring artifact rather than a renal risk factor.
0_12h_ionized_calcium_mean,0.01,"Mean ionized calcium in the immediate post-op window is often influenced by transfusion/citrate and replacement protocols and is not a specific AKI driver. To reduce collinearity, extremes are more informative than the mean."
13_24h_ionized_calcium_mean,0.02,"Sustained calcium abnormalities may reflect ongoing critical illness, but the mean is a nonspecific marker for AKI risk. Extremes better capture clinically relevant hypocalcemic episodes."
25_36h_ionized_calcium_mean,0.03,"Later persistent calcium derangement can correlate with severity of illness and vasopressor needs, indirectly relating to renal hypoperfusion. Still nonspecific and likely redundant with min/max."
0_12h_ionized_calcium_max,0.01,Hypercalcemia is uncommon early post-cardiac surgery and is not a typical causal pathway for AKI in this setting. Likely reflects supplementation rather than renal injury risk.
13_24h_ionized_calcium_max,0.01,Elevated ionized calcium is usually iatrogenic and not an established predictor of post-op AKI. Provides limited incremental information beyond other hemodynamic/renal markers.
25_36h_ionized_calcium_max,0.01,Late hypercalcemia remains an unlikely direct contributor to AKI compared with perfusion and nephrotoxins. More likely reflects replacement practices than kidney risk.
0_12h_ionized_calcium_min,0.05,"Hypocalcemia can accompany massive transfusion/citrate load and hemodynamic instability, which may worsen renal perfusion. Early window effects are often transient, so score is conservative."
13_24h_ionized_calcium_min,0.07,"Persistent or recurrent hypocalcemia may indicate ongoing critical illness, transfusion burden, or shock physiology that can predispose to AKI. The minimum captures clinically relevant episodes better than the mean."
25_36h_ionized_calcium_min,0.1,"Late hypocalcemia can be a marker of ongoing instability and high acuity (e.g., continued transfusions/vasopressors), indirectly increasing AKI risk via hypoperfusion. Minimum is the most pathophysiologically relevant aggregation."
0_12h_ionized_calcium_measured,0.01,Measurement frequency mainly reflects routine post-op monitoring and clinician behavior rather than a mechanism for AKI. Early post-op labs are commonly ordered regardless of renal trajectory.
13_24h_ionized_calcium_measured,0.02,"More frequent checks may reflect ongoing instability, but it is a weak, nonspecific proxy for acuity. Capped to avoid over-weighting clinician behavior."
25_36h_ionized_calcium_measured,0.03,"In the later window, repeated calcium checks can indicate persistent derangements/acuity, which may correlate with AKI risk, but remains indirect. Kept <0.05 per measurement-frequency rule."
0_12h_magnesium_mean,0.01,Mean magnesium early after surgery is heavily influenced by routine replacement and cardioplegia-related shifts and is not a specific AKI predictor. Extremes would be more informative than the mean.
13_24h_magnesium_mean,0.02,"Sustained magnesium abnormalities can reflect severity of illness, but the mean is nonspecific for renal injury and often protocol-driven. Limited direct linkage to creatinine rise."
25_36h_magnesium_mean,0.03,"Later magnesium levels may begin to reflect reduced renal clearance, but the mean is still less sensitive than extremes and overlaps with other renal function markers. Modest indirect relevance only."
0_12h_magnesium_max,0.03,"Early hypermagnesemia can occur with supplementation and may signal reduced clearance or high replacement needs, indirectly relating to AKI risk. Immediate post-op effects are often iatrogenic/transient, so conservative scoring."
13_24h_magnesium_max,0.02,Hypermagnesemia is usually iatrogenic (replacement/renal retention) and is not a primary AKI driver; in this mid window it is a weak indirect marker of evolving renal dysfunction.
25_36h_magnesium_max,0.04,"Later hypermagnesemia can reflect reduced renal clearance and/or heavy supplementation, making it a modest indirect signal of impending creatinine rise."
0_12h_magnesium_min,0.01,Early postoperative hypomagnesemia is common from hemodilution/CPB and replacement practices and is not a specific predictor of AKI; conservative scoring for the immediate period.
13_24h_magnesium_min,0.01,"Low magnesium in this phase more often reflects ongoing shifts/diuretics and replacement patterns than renal injury itself, with weak linkage to creatinine trajectory."
25_36h_magnesium_min,0.02,Persistent hypomagnesemia may correlate with diuretic exposure and illness severity but is not a direct renal biomarker; weak indirect association with AKI risk.
0_12h_magnesium_measured,0.01,Measurement frequency mainly reflects routine ICU electrolyte monitoring and clinician behavior rather than renal pathophysiology; capped low.
13_24h_magnesium_measured,0.01,"Ordering frequency is a nonspecific acuity proxy and is typically protocolized after cardiac surgery, offering little independent AKI signal."
25_36h_magnesium_measured,0.02,"More frequent checks late may indicate instability or aggressive replacement, but remains a behavioral proxy and only weakly informative for AKI."
0_12h_base_excess_mean,0.03,"Average base excess early is influenced by CPB, transfusion, and ventilation changes; metabolic acidosis relates to hypoperfusion but mean values dilute acute insults."
13_24h_base_excess_mean,0.05,"Sustained metabolic acidosis in the trajectory phase can reflect ongoing hypoperfusion/shock, which increases AKI risk, but mean aggregation is less specific than extremes."
25_36h_base_excess_mean,0.08,"Persistently negative base excess closer to outcome suggests ongoing tissue hypoperfusion and systemic illness severity, both linked to subsequent creatinine rise."
0_12h_base_excess_max,0.01,High (more positive) base excess is not a typical trigger for AKI and often reflects bicarbonate administration; early postoperative values are especially confounded.
13_24h_base_excess_max,0.01,A positive base excess is generally less informative for renal hypoperfusion than negative extremes and may reflect treatment effects rather than pathology.
25_36h_base_excess_max,0.01,Later alkalosis/positive base excess is not a direct AKI mechanism and is often iatrogenic; prioritize acidosis (min) over max to reduce collinearity.
0_12h_base_excess_min,0.08,"Severe early metabolic acidosis (most negative base excess) can indicate acute hypoperfusion/low cardiac output during/after surgery, a known AKI trigger; capped by 0–12h limit."
13_24h_base_excess_min,0.15,"A markedly negative base excess in the trajectory phase suggests persistent shock or inadequate perfusion, strongly increasing risk for subsequent AKI and creatinine rise."
25_36h_base_excess_min,0.12,"More negative base excess (metabolic acidosis) in the 25–36h window can reflect ongoing shock, poor perfusion, or lactic acidosis, all strongly linked to renal hypoperfusion and AKI risk. The minimum captures the worst insult better than mean/max for AKI physiology."
0_12h_base_excess_measured,0.02,"Measurement frequency mainly reflects clinician concern and routine post-op ABG monitoring rather than a direct physiologic driver of AKI. Early (0–12h) testing is common after cardiac surgery, limiting specificity."
13_24h_base_excess_measured,0.03,"More frequent base excess checks may indicate evolving instability or concern for shock/acidosis, indirectly associated with AKI risk. Still primarily a behavior/acuity proxy, so kept <0.05."
25_36h_base_excess_measured,0.04,"Increased testing closer to the outcome can signal persistent metabolic derangement or hemodynamic instability, which correlates with AKI risk. Nonetheless it is not a physiologic measurement itself, so capped <0.05."
0_12h_direct_bilirubin_measured,0.01,Direct bilirubin ordering frequency is largely routine post-op surveillance and a nonspecific marker of acuity. In the immediate 0–12h period it has low specificity for subsequent AKI.
13_24h_direct_bilirubin_measured,0.01,Testing frequency reflects clinician concern for hepatic dysfunction/cholestasis but is not a direct renal mechanism. Association with AKI is indirect and weak.
25_36h_direct_bilirubin_measured,0.02,"More frequent direct bilirubin checks may indicate ongoing multi-organ dysfunction, which can co-occur with AKI. Still a behavioral proxy and nonspecific, so kept low."
0_12h_wbc_mean,0.02,"Mean WBC in the first 12h is heavily influenced by surgical stress response and steroids, making it a nonspecific inflammation marker for AKI. Mean is also less informative than extremes for acute insults."
13_24h_wbc_mean,0.03,"Persistently elevated average WBC may reflect systemic inflammation/infection that can contribute to AKI, but it remains indirect. Mean is collinear with max/min and less pathophysiologically specific."
25_36h_wbc_mean,0.04,"Sustained leukocytosis closer to hour 60 can indicate infection/SIRS and evolving organ dysfunction, which increases AKI risk. Still an indirect marker and mean is less informative than extremes."
0_12h_wbc_max,0.03,"Peak WBC early post-op can reflect stress leukocytosis and inflammation, which is only indirectly linked to AKI. The 0–12h window is noisy and transient, so kept conservative."
13_24h_wbc_max,0.05,"A higher WBC maximum in 13–24h may better capture emerging infection/SIRS than the mean and can precede hemodynamic instability contributing to AKI. Still indirect, so capped at 0.05 to limit redundancy."
25_36h_wbc_max,0.06,"A high WBC maximum in 25–36h can signal active infection/SIRS near the outcome window, which is associated with AKI via sepsis-related hypoperfusion and inflammation. It is not kidney-specific, so kept modest."
0_12h_wbc_min,0.01,"Low WBC early is uncommon and often reflects baseline immunosuppression or dilution, with weak direct linkage to AKI. Also prone to perioperative hemodilution effects."
13_24h_wbc_min,0.02,"Leukopenia may indicate severe infection, marrow suppression, or immunocompromised state, which can correlate with worse outcomes including AKI, but evidence is indirect. Minimum is less consistently informative than maximum for AKI risk."
25_36h_wbc_min,0.03,"Leukopenia in the 25–36h window may reflect severe sepsis or profound immunosuppression and can accompany multi-organ dysfunction including AKI. Still nonspecific and indirect, so kept low."
0_12h_wbc_measured,0.01,Measurement frequency mainly reflects clinician concern/infection workup rather than a direct renal-perfusion mechanism. Early post-op ordering is routine in cardiac ICU and is weakly specific for later AKI.
13_24h_wbc_measured,0.02,"More frequent WBC checks can proxy evolving sepsis/SIRS, which can contribute to AKI, but it remains a behavioral marker and nonspecific. Keep low to avoid over-weighting ordering patterns."
25_36h_wbc_measured,0.03,"In the closest window to outcome, repeated WBC monitoring may indicate suspected infection/inflammation or clinical deterioration that can precipitate AKI. Still an ordering-behavior proxy, so capped <0.05."
0_12h_prothrombin_time_mean,0.02,Average PT in the immediate post-bypass period is often transiently abnormal from hemodilution/anticoagulation and is not specific for renal injury. Mean is also less informative than extremes for acute coagulopathy/bleeding risk.
25_36h_prothrombin_time_mean,0.04,"Persistently prolonged PT later may reflect hepatic dysfunction, ongoing bleeding/transfusion, or critical illness severity, which can correlate with AKI risk. Mean remains indirect and less specific than the maximum derangement."
0_12h_prothrombin_time_max,0.06,"A high PT early can indicate significant coagulopathy/bleeding risk and potential hypoperfusion/transfusion exposure, which are AKI risk factors. Conservative due to early post-op transience and epoch cap."
25_36h_prothrombin_time_max,0.08,"Marked PT prolongation close to hour 60 suggests ongoing coagulopathy/organ dysfunction and higher illness severity, often accompanying hypotension, transfusions, or shock states that predispose to AKI. Max captures the worst derangement better than mean/min."
0_12h_prothrombin_time_min,0.01,Low/near-normal PT is not a plausible driver of AKI and provides little prognostic signal compared with prolonged PT. Min is also redundant given max/mean.
25_36h_prothrombin_time_min,0.01,The minimum PT value is unlikely to reflect pathology relevant to AKI and is largely redundant with other PT summaries. Focus should be on prolonged PT extremes instead.
0_12h_prothrombin_time_measured,0.01,"PT ordering frequency is largely protocolized after cardiac surgery and reflects monitoring rather than renal pathophysiology. As a behavioral proxy, it is weakly specific for AKI."
13_24h_prothrombin_time_measured,0.02,"More frequent PT checks may indicate concern for bleeding/coagulopathy and higher acuity, which can correlate with AKI, but remains nonspecific. Keep low to avoid capturing practice-pattern noise."
25_36h_prothrombin_time_measured,0.03,"Repeated PT monitoring late may signal ongoing bleeding, liver dysfunction, or critical illness that can accompany renal hypoperfusion. Still an ordering proxy, so capped below 0.05."
0_12h_nucleated_red_blood_cells_mean,0.02,"NRBCs can reflect hypoxemia, inflammation, or severe physiologic stress, which may co-occur with AKI, but early post-op changes can be transient. Mean is less sensitive than peak NRBCs for acute stress."
13_24h_nucleated_red_blood_cells_mean,0.03,"Sustained NRBC presence suggests ongoing hypoxia/critical illness severity, indirectly associated with AKI risk. Still an indirect marker and averaged over the window."
25_36h_nucleated_red_blood_cells_mean,0.05,"Persistent NRBCs close to the outcome window can indicate ongoing tissue hypoxia or severe systemic stress, which is associated with subsequent organ dysfunction including AKI. Kept at the indirect-link cap given nonspecificity."
0_12h_nucleated_red_blood_cells_max,0.06,"A peak NRBC elevation early may reflect significant hypoxemia/low-flow states or major physiologic stress, which are plausible AKI triggers. Conservative due to early epoch and potential transient post-op effects."
13_24h_nucleated_red_blood_cells_max,0.03,"Elevated NRBCs can reflect severe physiologic stress/hypoxemia/inflammation, which correlates with multiorgan dysfunction including AKI, but it is nonspecific."
25_36h_nucleated_red_blood_cells_max,0.05,"Persistently high NRBCs closer to the outcome may indicate ongoing hypoxia/critical illness severity that increases AKI risk, though still indirect and nonspecific."
0_12h_nucleated_red_blood_cells_min,0.005,Minimum NRBC value is not a meaningful marker of renal hypoperfusion or injury and adds little beyond other severity indicators.
13_24h_nucleated_red_blood_cells_min,0.005,NRBC minimum is not clinically interpretable as an AKI driver and is likely redundant/noisy.
25_36h_nucleated_red_blood_cells_min,0.005,Low/minimum NRBC does not capture the pathologic extreme; max is the more relevant aggregation for stress physiology.
0_12h_nucleated_red_blood_cells_measured,0.01,"Measurement frequency mainly reflects ordering behavior/acuity rather than a physiologic mechanism for AKI, especially in the immediate post-op period."
13_24h_nucleated_red_blood_cells_measured,0.015,"More frequent NRBC checks may proxy clinician concern for ongoing critical illness, but it is an indirect behavioral signal and not kidney-specific."
25_36h_nucleated_red_blood_cells_measured,0.02,"Increased measurement frequency late may reflect escalating concern for deterioration, which can co-occur with AKI, but remains a weak proxy."
0_12h_glucose_mean,0.02,"Early post-op hyperglycemia is common from stress response and insulin therapy; mean glucose in this window is a weak, nonspecific AKI predictor."
13_24h_glucose_mean,0.03,"Sustained dysglycemia may reflect illness severity and inflammation, modestly associated with AKI risk but not a direct renal marker."
25_36h_glucose_mean,0.04,"Persistently elevated mean glucose closer to hour 60 can indicate ongoing stress/infection and worse outcomes, with a modest association to AKI."
0_12h_glucose_max,0.03,"Extreme hyperglycemia can worsen endothelial dysfunction and osmotic diuresis, but in the immediate post-op period it is often transient; capped for early epoch."
13_24h_glucose_max,0.05,Higher glucose peaks during the trajectory phase may better capture harmful extremes than the mean and can correlate with complications linked to AKI.
25_36h_glucose_max,0.07,Late glucose peaks may signal ongoing stress/sepsis/steroid effect and are more prognostic near the outcome; max captures the relevant extreme better than mean.
0_12h_glucose_min,0.01,"Hypoglycemia is less directly linked to AKI than hyperglycemia and may reflect insulin management rather than renal pathophysiology, especially early post-op."
13_24h_glucose_min,0.015,"Low glucose episodes can indicate over-insulinization or poor reserve and correlate with severity, but the link to AKI is indirect and weak."
25_36h_glucose_min,0.03,"Hypoglycemia can reflect severe illness, hepatic dysfunction, or excessive insulin therapy and is associated with worse ICU outcomes, but it is not a direct AKI mechanism. As an extreme value it may capture instability, yet remains an indirect predictor."
0_12h_glucose_measured,0.01,"Measurement frequency mainly reflects ICU protocol intensity and clinician concern rather than renal physiology. Early post-op (0–12h) testing is routine after cardiac surgery, limiting specificity for AKI."
13_24h_glucose_measured,0.01,Ordering frequency is a behavioral proxy and is not a mechanistic driver of AKI. In the 13–24h trajectory phase it may weakly reflect acuity but remains nonspecific.
25_36h_glucose_measured,0.02,"More frequent glucose checks may indicate ongoing instability (vasopressors, insulin infusion, sepsis) which can correlate with AKI risk, but it is still an indirect behavioral marker. Kept low to avoid over-weighting non-physiologic proxies."
0_12h_platelets_mean,0.02,Thrombocytopenia after CPB is common and often transient; mean values in 0–12h are less specific for pathologic consumptive processes linked to AKI. Mean aggregation is also less sensitive than the nadir for capturing risk.
13_24h_platelets_mean,0.03,"Persistently lower platelet means can reflect ongoing inflammation/consumption (e.g., sepsis, DIC) associated with AKI, but mean is still a smoothed measure. The nadir is typically more informative, so this is capped low for collinearity control."
25_36h_platelets_mean,0.04,"A sustained low platelet mean closer to the outcome can indicate ongoing systemic illness and microvascular dysfunction that co-tracks with AKI risk. However, nadir platelets generally capture the relevant pathology better than the mean."
0_12h_platelets_max,0.01,High platelet values are not a typical driver or marker of AKI in this setting and are influenced by transfusion/hemoconcentration. In the immediate post-op window this provides little prognostic specificity.
13_24h_platelets_max,0.01,Platelet maxima are rarely informative for AKI risk compared with thrombocytopenia/consumption. This is likely redundant with other platelet summaries and nonspecific.
25_36h_platelets_max,0.01,A high platelet maximum is not a recognized AKI predictor post-cardiac surgery and may reflect reactive changes or transfusion. Kept minimal to avoid collinearity with more meaningful platelet metrics.
0_12h_platelets_min,0.06,"Early platelet nadir can reflect CPB-related consumption, bleeding/transfusion, or early systemic inflammation, which can correlate with AKI risk. Still conservative due to the 0–12h window where transient thrombocytopenia is common (max 0.10)."
13_24h_platelets_min,0.08,"A low platelet nadir in the trajectory phase suggests ongoing consumption/inflammation (e.g., sepsis, DIC) and is associated with organ dysfunction including AKI. Nadir is the most pathophysiologically relevant platelet aggregation, so it is weighted above mean/max."
25_36h_platelets_min,0.12,"A late platelet nadir close to hour 60 can indicate persistent systemic illness, microvascular dysfunction, or consumptive coagulopathy, all of which are linked to AKI risk. As an extreme value in the leading-indicator window, it is more informative than mean/max."
0_12h_platelets_measured,0.01,Platelet check frequency is largely protocol-driven after cardiac surgery and reflects monitoring intensity rather than renal injury. In 0–12h it is especially routine and nonspecific.
13_24h_platelets_measured,0.01,Measurement frequency is a weak behavioral proxy for acuity and not a direct AKI mechanism. It is kept very low to avoid overfitting to practice patterns.
25_36h_platelets_measured,0.02,"More frequent platelet monitoring late may reflect bleeding, suspected sepsis, or coagulopathy that can co-occur with AKI, but it remains indirect. Scored <0.05 per the measurement-frequency rule."
0_12h_mean_corpuscular_hemoglobin_mean,0.005,Mean corpuscular hemoglobin (MCH) is not a direct driver of renal perfusion or tubular injury; perioperative shifts are usually dilutional/analytic. Early (0–12h) values are especially nonspecific for later AKI.
13_24h_mean_corpuscular_hemoglobin_mean,0.005,"MCH has weak mechanistic linkage to AKI compared with hemodynamics, nephrotoxins, and renal labs. The mean adds collinearity without capturing an acute insult."
25_36h_mean_corpuscular_hemoglobin_mean,0.008,"Later MCH may reflect anemia/transfusion patterns indirectly related to illness severity, but it is not an established AKI predictor. Keep low to avoid redundancy with other hematologic indices."
0_12h_mean_corpuscular_hemoglobin_max,0.003,An isolated high MCH is rarely clinically meaningful for kidney injury and may reflect lab variability. In the immediate postoperative window it is unlikely to add prognostic signal for creatinine rise.
13_24h_mean_corpuscular_hemoglobin_max,0.003,MCH maxima do not represent a known AKI trigger and are prone to noise. Any association would be indirect via overall acuity.
25_36h_mean_corpuscular_hemoglobin_max,0.004,"Late MCH maximum remains a weak, indirect marker at best and not a renal biomarker. Prioritize more kidney-relevant labs and hemodynamics for sparsity."
0_12h_mean_corpuscular_hemoglobin_min,0.01,"Low MCH can indicate chronic microcytic anemia, which may reduce oxygen delivery and correlate with frailty, but it is not a primary AKI driver. Early postoperative values are confounded by hemodilution."
13_24h_mean_corpuscular_hemoglobin_min,0.012,"Persistently low MCH may proxy baseline anemia and reduced renal oxygen reserve, an indirect AKI risk factor. Still weak compared with hypotension/vasopressors and renal function markers."
25_36h_mean_corpuscular_hemoglobin_min,0.015,"Later low MCH may reflect ongoing anemia/bleeding/transfusion trajectory and illness severity, which can worsen renal oxygen delivery. Indirect link only, so keep low."
0_12h_mean_corpuscular_hemoglobin_measured,0.004,Measurement frequency reflects ordering behavior (CBC frequency) rather than renal pathophysiology. In 0–12h it is largely protocol-driven after cardiac surgery.
13_24h_mean_corpuscular_hemoglobin_measured,0.01,"More frequent CBCs can indicate bleeding/instability and higher acuity, which may correlate with AKI risk, but it is an indirect behavioral proxy. Cap low to avoid over-weighting practice patterns."
25_36h_mean_corpuscular_hemoglobin_measured,0.015,"Increased late CBC monitoring may signal ongoing complications (bleeding, transfusions, sepsis workup) associated with AKI risk. Still a non-physiologic proxy, so keep <0.05."
0_12h_sodium_mean,0.02,"Early dysnatremia often reflects fluid shifts, CPB prime, and diuretics; it is not a direct AKI biomarker. Mean sodium in 0–12h is conservative given transient postoperative perturbations."
13_24h_sodium_mean,0.03,"Sustained dysnatremia can reflect ongoing free-water imbalance, diuretic use, and severity of illness, which may track with AKI risk. Still indirect compared with creatinine/urine output and hemodynamics."
25_36h_sodium_mean,0.05,"Later sodium abnormalities may indicate persistent fluid/diuretic management issues and neurohormonal activation associated with renal hypoperfusion or congestion. As a sustained average it is an indirect but plausible predictor, capped to limit collinearity."
0_12h_sodium_max,0.03,"Acute hypernatremia can reflect excessive sodium load or free-water deficit and may correlate with aggressive diuresis/vasopressor use, indirectly increasing AKI risk. In 0–12h, however, it is often transient and protocol-related, so keep modest."
13_24h_sodium_max,0.03,"Hypernatremia can reflect free-water deficit/diuresis and overall illness severity, which may correlate with AKI risk, but it is not a direct renal injury marker. Max is more informative than mean, but in this mid-epoch it remains an indirect signal."
25_36h_sodium_max,0.05,"Later hypernatremia may indicate ongoing volume depletion, osmotic diuresis, or inadequate resuscitation, which can worsen renal perfusion. Still largely indirect for AKI, so kept low."
0_12h_sodium_min,0.02,"Early postoperative hyponatremia is often dilutional from bypass/fluids and may be transient, with weak linkage to intrinsic AKI. In the immediate 0–12h window, it is a conservative, low-value predictor."
13_24h_sodium_min,0.03,"Hyponatremia in this phase can reflect fluid overload/heart failure physiology and neurohormonal activation, which may accompany renal hypoperfusion. It remains nonspecific and indirect for AKI."
25_36h_sodium_min,0.04,"Persistent or worsening hyponatremia closer to the outcome can signal ongoing volume overload/low effective arterial volume states that predispose to AKI. Still not a direct biomarker, so capped below 0.05."
0_12h_sodium_measured,0.01,"Measurement frequency mainly reflects routine ICU lab cadence and clinician behavior rather than renal pathophysiology. In the immediate post-op period, sodium checks are common regardless of AKI risk."
13_24h_sodium_measured,0.01,Sodium measurement count is a weak proxy for acuity and is heavily driven by standard protocols. It provides little specific information about impending AKI.
25_36h_sodium_measured,0.02,"More frequent sodium checks late may reflect concern for dysnatremia/volume status, which can co-occur with renal dysfunction, but it remains a behavioral proxy. Kept <0.05 per rule."
0_12h_teg_platelet_aggregation_measured,0.01,Ordering TEG platelet aggregation primarily reflects bleeding/coagulopathy evaluation rather than kidney injury mechanisms. Any association with AKI would be indirect via severity of illness/transfusion.
13_24h_teg_platelet_aggregation_measured,0.01,This is a clinician-ordering signal for hemostasis management and is not mechanistically tied to renal tubular injury. Indirect correlation with complicated postoperative course at most.
25_36h_teg_platelet_aggregation_measured,0.02,"Late TEG platelet aggregation testing may indicate ongoing bleeding/transfusion needs, which can accompany hypotension/inflammation and raise AKI risk indirectly. Still a behavioral proxy, so kept low."
0_12h_mean_corpuscular_hemoglobin_concentration_mean,0.01,MCHC is not a recognized driver or early marker of AKI after cardiac surgery and is relatively stable. Mean values in the immediate post-op window add little prognostic specificity.
13_24h_mean_corpuscular_hemoglobin_concentration_mean,0.01,MCHC mean is weakly related to anemia/hemolysis patterns and is not an established AKI predictor. Any association would be nonspecific and confounded by transfusion/fluids.
25_36h_mean_corpuscular_hemoglobin_concentration_mean,0.01,"Even close to the outcome, MCHC mean is not a direct renal biomarker and rarely guides renal perfusion management. Expected to contribute minimal incremental signal."
0_12h_mean_corpuscular_hemoglobin_concentration_max,0.01,"An isolated high MCHC can reflect lab artifact, hemoconcentration, or spherocytosis/hemolysis, but links to AKI are weak and indirect. In 0–12h, postoperative shifts make it especially nonspecific."
13_24h_mean_corpuscular_hemoglobin_concentration_max,0.02,"A higher MCHC max could suggest hemoconcentration (relative hypovolemia) or hemolysis, which may contribute indirectly to renal stress. Still not an established AKI predictor, so kept very low to avoid noise/collinearity with the mean."
25_36h_mean_corpuscular_hemoglobin_concentration_max,0.01,MCHC extremes are not a direct driver of renal perfusion or tubular injury; changes usually reflect RBC indices/hemolysis or lab variation. Any association with AKI is weak and indirect.
0_12h_mean_corpuscular_hemoglobin_concentration_min,0.01,"Early postoperative MCHC minima are unlikely to causally relate to AKI and are often transient/dilutional. In the 0–12h epoch, this is especially nonspecific."
13_24h_mean_corpuscular_hemoglobin_concentration_min,0.01,"MCHC minima in this window do not meaningfully capture renal hypoperfusion or nephrotoxic exposure. At most it is a weak proxy for anemia/hemolysis, so keep very low."
25_36h_mean_corpuscular_hemoglobin_concentration_min,0.01,"Even close to the outcome, low MCHC is not an established predictor of creatinine rise after cardiac surgery. It is more reflective of RBC characteristics than kidney injury."
0_12h_mean_corpuscular_hemoglobin_concentration_measured,0.01,Measurement frequency mainly reflects routine CBC ordering in the immediate post-op period rather than AKI-specific concern. Behavioral signal is weak and should be minimized.
13_24h_mean_corpuscular_hemoglobin_concentration_measured,0.01,"CBC/MCHC rechecks are common ICU practice and not specific for impending AKI. As a utilization proxy, it provides little incremental renal prognostic value."
25_36h_mean_corpuscular_hemoglobin_concentration_measured,0.02,"More frequent CBCs later may reflect ongoing bleeding/instability, which can contribute to renal hypoperfusion, but it remains a nonspecific behavioral proxy. Keep below 0.05 to avoid over-weighting ordering patterns."
0_12h_hematocrit_mean,0.03,"Average hematocrit early post-op is influenced by hemodilution and transfusion and is often transient. Anemia can worsen renal oxygen delivery, but mean in 0–12h is a weak, nonspecific signal."
13_24h_hematocrit_mean,0.04,"Persistently lower hematocrit may indicate ongoing bleeding/hemodilution and reduced oxygen delivery, which can contribute to AKI risk. Mean still smooths extremes, so keep modest."
25_36h_hematocrit_mean,0.05,"Later sustained anemia can impair renal oxygen delivery and correlate with illness severity/transfusion needs. Mean is less informative than minima, so cap at 0.05 for collinearity control."
0_12h_hematocrit_max,0.01,High hematocrit early is not a typical AKI trigger in this setting and may reflect hemoconcentration or transfusion. In the immediate post-op window it is not specific for renal injury.
13_24h_hematocrit_max,0.01,Hematocrit maxima are generally less relevant to AKI than low hematocrit (oxygen delivery) or hemodynamic variables. Any link is indirect (volume status) and weak.
25_36h_hematocrit_max,0.02,"Later hemoconcentration could reflect aggressive diuresis/volume depletion, which may contribute to prerenal azotemia, but this is indirect. Keep low and defer to more direct perfusion/renal markers."
0_12h_hematocrit_min,0.06,"Low hematocrit reflects anemia/hemodilution/bleeding and can reduce renal oxygen delivery, a plausible contributor to AKI after cardiac surgery. Still, 0–12h abnormalities are often transient, so remain conservative (≤0.10)."
13_24h_hematocrit_min,0.1,"A low nadir hematocrit in the trajectory phase suggests ongoing bleeding/hemodilution and higher transfusion/instability burden, which are established AKI risk correlates. Min better captures the insult than mean/max, so prioritize it."
25_36h_hematocrit_min,0.14,"A low hematocrit nadir close to the outcome can indicate persistent anemia/ongoing bleeding and reduced renal oxygen delivery, both linked to postoperative AKI risk. This extreme is more pathophysiologically relevant than mean/max in this epoch."
0_12h_hematocrit_measured,0.02,Measurement frequency mainly reflects clinician monitoring intensity rather than a direct AKI mechanism; early post-op labs are routine after cardiac surgery. Weak proxy for acuity/bleeding that could affect renal perfusion.
13_24h_hematocrit_measured,0.02,Ordering frequency is a behavioral/acuity signal and is often protocolized in this phase. Only an indirect link via concern for bleeding/hemodilution affecting renal perfusion.
25_36h_hematocrit_measured,0.03,"More frequent hematocrit checks later may indicate ongoing bleeding, transfusion needs, or instability that can contribute to renal hypoperfusion. Still primarily a monitoring proxy, not a physiologic biomarker."
0_12h_absolute_basophil_count_mean,0.005,Basophil counts have no established relationship to post-cardiac surgery AKI. Mean values in the immediate post-op window are unlikely to add prognostic signal.
13_24h_absolute_basophil_count_mean,0.005,No meaningful physiologic link between basophil count and renal ischemia/toxic injury in this context. Mean aggregation further dilutes any nonspecific inflammatory signal.
0_12h_absolute_basophil_count_max,0.005,Transient basophil elevations are not a recognized trigger or marker of AKI after cardiac surgery. Extreme values here are more likely noise/lab variability than renal-relevant pathology.
13_24h_absolute_basophil_count_max,0.005,"Basophil maxima do not capture a known AKI pathway (perfusion, nephrotoxins, tubular injury). Any association would be incidental rather than causal."
0_12h_absolute_basophil_count_min,0.005,Low basophil counts are not clinically informative for AKI risk and may reflect dilutional effects or lab noise. Not a renal perfusion or injury marker.
13_24h_absolute_basophil_count_min,0.005,Basophil minima have no established prognostic value for postoperative AKI. Unlikely to add signal beyond other inflammatory/hemodynamic variables.
0_12h_absolute_basophil_count_measured,0.01,CBC differentials are commonly ordered post-op; measurement frequency mostly reflects routine care rather than AKI-specific concern. Weak behavioral proxy at best.
13_24h_absolute_basophil_count_measured,0.01,Differential measurement frequency is largely protocol-driven and not specific to renal injury. Limited value as an acuity proxy.
25_36h_absolute_basophil_count_measured,0.015,"More frequent differentials later could reflect ongoing infection/inflammation workup, which can contribute to AKI risk indirectly. Still primarily a clinician-behavior signal and nonspecific."
0_12h_percent_lymphocytes_mean,0.02,"Lymphopenia can reflect surgical stress/inflammation and may correlate with illness severity, but it is not a direct AKI driver. Mean in the immediate post-op period is nonspecific and transient."
13_24h_percent_lymphocytes_mean,0.03,Persistent lymphopenia in the trajectory phase may indicate ongoing systemic inflammation/infection risk that can predispose to AKI. Still an indirect severity marker rather than a renal-specific predictor.
0_12h_percent_lymphocytes_max,0.01,High lymphocyte percentage early is not a recognized AKI trigger and is often influenced by perioperative leukocyte shifts. Max aggregation is unlikely to reflect renal-relevant pathology.
13_24h_percent_lymphocytes_max,0.015,Lymphocyte percentage maxima are not mechanistically tied to AKI; any association would be via nonspecific immune/illness patterns. Kept low to avoid redundancy with mean-based inflammatory markers.
0_12h_percent_lymphocytes_min,0.01,Lymphocyte percentage is not a direct driver of renal perfusion or tubular injury; postoperative lymphopenia is common after surgery/CPB and is nonspecific. Early (0–12h) values are especially transient and weakly linked to AKI.
13_24h_percent_lymphocytes_min,0.01,"Low lymphocyte percentage may reflect stress/inflammation or immunosuppression but is not an established predictor of AKI compared with hemodynamics, nephrotoxins, and renal labs. Trajectory-phase signal remains indirect and nonspecific."
0_12h_percent_lymphocytes_measured,0.005,Measurement frequency mainly reflects ordering behavior (acuity/infection workup) rather than renal physiology. In the immediate postoperative window it is routine and not specific for impending AKI.
13_24h_percent_lymphocytes_measured,0.005,Repeat CBC differentials are common in ICU care and are a weak proxy for clinician concern rather than kidney injury. Not specific enough to justify inclusion in a sparse AKI model.
25_36h_percent_lymphocytes_measured,0.01,"More frequent monitoring may indicate ongoing instability or infection concern, which can correlate with AKI risk, but remains an indirect behavioral proxy. Kept low to avoid over-weighting non-physiologic ordering patterns."
0_12h_random_vancomycin_level_measured,0.03,"Ordering vancomycin levels suggests exposure to a nephrotoxic antibiotic and clinician concern for dosing/renal function, but this is still an indirect proxy (not the level itself). Early postoperative ordering is less predictive given transient hemodynamic changes."
13_24h_random_vancomycin_level_measured,0.04,"Vancomycin monitoring in this window may reflect ongoing therapy and emerging renal dysfunction prompting closer dosing oversight. Still a behavioral proxy, so capped below 0.05."
25_36h_random_vancomycin_level_measured,0.045,"Closer to the 60h creatinine outcome, ordering random vancomycin levels can indicate evolving renal impairment or high-dose exposure requiring monitoring. Remains indirect (measured vs actual concentration), so kept <0.05."
0_12h_vancomycin_trough_measured,0.03,"Trough monitoring implies vancomycin exposure and potential nephrotoxicity risk, but measurement itself is a proxy for clinician concern. In 0–12h it is often protocolized and less discriminative."
13_24h_vancomycin_trough_measured,0.04,"Trough checks during the trajectory phase may be prompted by changing renal clearance or higher dosing needs, indirectly associating with AKI risk. Still not a physiologic biomarker, so kept low."
25_36h_vancomycin_trough_measured,0.045,"Late trough monitoring can reflect suspected reduced clearance and heightened nephrotoxicity concern near the outcome window. As a measurement-frequency proxy, it is capped below 0.05."
0_12h_o2_saturation_mean,0.02,"Sustained hypoxemia can worsen renal ischemia, but mean SpO2 in the immediate postoperative period is heavily influenced by ventilation/FiO2 and transient factors. Mean is less informative than extremes for acute insults."
13_24h_o2_saturation_mean,0.03,Persistent lower oxygenation may indicate ongoing respiratory/cardiac dysfunction that can impair renal oxygen delivery. Mean remains a smoothed measure and is an indirect AKI predictor.
25_36h_o2_saturation_mean,0.05,"In the leading-indicator window, sustained oxygenation deficits can reflect ongoing shock/low cardiac output or severe lung dysfunction, which increases AKI risk. Mean is still less specific than an SpO2 minimum, so kept modest."
0_12h_o2_saturation_max,0.005,"Maximum SpO2 largely reflects supplemental oxygen/ventilator settings and does not capture hypoxic insult relevant to AKI. To reduce collinearity, max is de-emphasized versus measures that would capture hypoxemia."
13_24h_o2_saturation_max,0.005,High maximum SpO2 is not pathologic and is mainly driven by oxygen delivery settings rather than renal-relevant physiology. Capped very low to avoid redundancy with mean saturation features.
25_36h_o2_saturation_max,0.01,Maximum SpO2 is usually near-normal with supplemental oxygen and is not a specific marker of renal hypoperfusion. It is less informative than hypoxemic extremes for AKI risk.
0_12h_o2_saturation_min,0.05,"Early postoperative hypoxemia can contribute to systemic stress and renal ischemia, but in the immediate 0–12h period it is often transient and treatment-responsive. Minimum captures the insult better than mean/max."
13_24h_o2_saturation_min,0.06,Persistent or recurrent hypoxemia in the trajectory phase may reflect ongoing cardiopulmonary dysfunction and higher AKI risk via reduced oxygen delivery. Minimum is the most pathophysiologically relevant aggregation.
25_36h_o2_saturation_min,0.08,"Late-window hypoxemia is a closer leading indicator of inadequate oxygen delivery and evolving organ dysfunction, which can worsen renal tubular injury. Minimum SpO2 best captures clinically meaningful episodes."
0_12h_o2_saturation_measured,0.01,"Measurement frequency mainly reflects monitoring intensity rather than a renal mechanism. In the immediate postoperative period, frequent SpO2 recording is routine."
13_24h_o2_saturation_measured,0.01,More frequent SpO2 measurements may reflect acuity but is nonspecific for AKI and highly practice-dependent. Kept low to avoid behavioral confounding.
25_36h_o2_saturation_measured,0.02,"Increased monitoring late may indicate instability, but it remains an indirect behavioral proxy rather than a physiologic driver of AKI. Thus it is kept below 0.05."
0_12h_alanine_aminotransferase_mean,0.01,ALT reflects hepatocellular injury and is not a direct predictor of postoperative creatinine rise. Mean values in 0–12h are often nonspecific and diluted by perioperative fluctuations.
0_12h_alanine_aminotransferase_max,0.02,"A high early ALT peak can suggest global hypoperfusion/ischemic hepatitis, which may co-occur with renal ischemia, but this is indirect and uncommon. Capped low given weak specificity for AKI."
0_12h_alanine_aminotransferase_min,0.01,Low ALT has no meaningful mechanistic link to AKI risk. Minimum values are not clinically informative for renal outcomes.
0_12h_alanine_aminotransferase_measured,0.01,Ordering frequency of ALT is a nonspecific marker of clinician concern and often part of routine postoperative labs. It does not directly reflect renal physiology.
13_24h_alanine_aminotransferase_measured,0.01,ALT measurement frequency in this window is largely practice-pattern driven and not specific for impending AKI. Kept minimal to maintain sparsity.
25_36h_alanine_aminotransferase_measured,0.01,"Late ALT rechecks may indicate concern for hepatic injury or shock, but remain an indirect behavioral proxy with limited renal specificity. Therefore scored very low."
0_12h_bun_mean,0.06,"BUN is kidney-related and can rise with reduced renal perfusion/catabolism, providing early signal of renal stress. In 0–12h it may be confounded by hemodilution and perioperative factors, so capped conservatively."
13_24h_bun_mean,0.1,BUN in the trajectory phase can reflect evolving renal dysfunction or sustained hypoperfusion and correlates with subsequent creatinine rise. Mean is acceptable here as BUN changes are less episodic than hemodynamics.
25_36h_bun_mean,0.18,"BUN close to the outcome window is a strong leading indicator of impaired renal clearance and impending creatinine rise. As a kidney-related lab, it has direct relevance to predicting creatinine_ratio at 60h."
0_12h_bun_max,0.08,"Early postoperative BUN elevation can reflect hypoperfusion, catabolism, or pre-renal azotemia, which are AKI risk contexts. In the immediate 0–12h window it is often transient/volume-related, so capped conservatively."
13_24h_bun_max,0.12,"Persistently high or rising BUN in the trajectory phase suggests ongoing pre-renal physiology or evolving renal dysfunction after cardiac surgery. Less transient than 0–12h, so moderately informative."
25_36h_bun_max,0.18,Late-window BUN elevation close to the outcome time can indicate sustained renal hypoperfusion or evolving intrinsic AKI and often tracks with subsequent creatinine rise. Max captures the worst azotemic insult better than mean/min.
0_12h_bun_min,0.02,A low BUN is not a typical trigger/marker for AKI and is heavily influenced by dilution and nutrition. Min is less pathophysiologically aligned with AKI risk than max.
13_24h_bun_min,0.02,BUN minima mainly reflect dilutional effects or low protein load rather than renal injury. Provides little incremental AKI signal compared with BUN max.
25_36h_bun_min,0.02,Low BUN late is not a recognized predictor of creatinine rise and is often non-specific. Min is unlikely to capture the relevant azotemic pathology.
0_12h_bun_measured,0.03,"Measurement frequency reflects clinician concern/acuity rather than renal physiology. In the immediate post-op period BUN is commonly ordered routinely, limiting specificity."
13_24h_bun_measured,0.03,"More frequent BUN checks may indicate concern for renal dysfunction or hemodynamic instability, but remains a behavioral proxy. Kept low to avoid over-weighting practice-pattern effects."
25_36h_bun_measured,0.04,"Late increased BUN monitoring can signal evolving AKI concern and may correlate with impending creatinine rise, but it is still non-mechanistic. Scored just under the behavioral cap."
0_12h_amylase_measured,0.005,"Amylase testing is not directly linked to AKI prediction in post-cardiac surgery patients and usually reflects pancreatitis/abdominal concern. As a measurement-order proxy, it has weak relevance."
13_24h_amylase_measured,0.005,"Ordering amylase suggests evaluation for pancreatitis or other complications, which is only indirectly related to AKI via systemic illness. Behavioral proxy with low specificity for renal outcomes."
25_36h_amylase_measured,0.005,Amylase measurement late is still primarily a marker of diagnostic workup for non-renal issues and has no established direct link to creatinine trajectory. Kept minimal to maintain sparsity.
0_12h_blood_ph_mean,0.04,"Acidemia can reflect hypoperfusion and shock physiology that predisposes to AKI, but mean pH in 0–12h is influenced by transient peri-bypass/ventilation changes. Mean is less sensitive than extremes for acute insults."
13_24h_blood_ph_mean,0.06,"Sustained acidemia in the trajectory phase suggests ongoing hypoperfusion, sepsis, or respiratory failure, all associated with AKI risk. Mean pH captures persistence but is still less specific than a nadir."
25_36h_blood_ph_mean,0.1,Persistently low average pH close to hour 60 indicates ongoing systemic derangement (shock/lactic acidosis/renal acid retention) that commonly precedes creatinine rise. Mean is informative here due to sustained exposure.
0_12h_blood_ph_max,0.01,Alkalemia (high pH) is not a typical driver of AKI and often reflects ventilation strategy or bicarbonate administration. Max is less pathologically relevant than low pH for renal hypoperfusion risk.
13_24h_blood_ph_max,0.02,Alkalemia is usually less relevant to AKI than acidemia; pH max mainly reflects ventilation/alkali therapy rather than renal hypoperfusion. Capped to avoid collinearity with more informative pH minima.
25_36h_blood_ph_max,0.03,Later alkalemia can reflect aggressive ventilation/diuresis or bicarbonate use but is not a direct AKI driver. Kept low since pH minima better capture shock/lactic acidosis physiology.
0_12h_blood_ph_min,0.08,"Early postoperative acidemia can indicate low cardiac output, hypoperfusion, and lactic acidosis, which increase AKI risk. Conservative due to immediate post-CPB transient derangements and the 0–12h cap."
13_24h_blood_ph_min,0.12,"Persistent/worsening acidemia in the trajectory phase suggests ongoing hypoperfusion or severe illness, which is associated with subsequent AKI. More informative than mean/max pH for renal risk."
25_36h_blood_ph_min,0.18,Acidemia close to the outcome window is a strong marker of ongoing shock/poor perfusion and correlates with renal ischemic injury risk. pH minimum captures acute physiologic insult better than mean/max.
0_12h_blood_ph_measured,0.02,"Measurement frequency reflects clinician concern/acuity (e.g., ventilator titration, instability) rather than a renal mechanism. Kept low per rule for _measured features."
13_24h_blood_ph_measured,0.03,"More frequent blood gas checks may indicate ongoing instability, but it is an indirect behavioral proxy. Scored <0.05 to avoid over-weighting non-physiologic signals."
25_36h_blood_ph_measured,0.04,"Late frequent pH monitoring can signal persistent critical illness and may correlate with AKI risk, but remains an indirect proxy. Kept below 0.05 per measurement-frequency rule."
0_12h_cholesterol_measured,0.0,Ordering cholesterol in the immediate postoperative ICU period is not mechanistically linked to AKI and is typically unrelated to acute renal perfusion. Treated as no/weak evidence.
13_24h_cholesterol_measured,0.0,Cholesterol testing is not a meaningful marker of evolving postoperative AKI risk in this context. Considered routine/non-informative for renal injury prediction.
25_36h_cholesterol_measured,0.0,Cholesterol measurement late post-op does not reflect renal physiology or AKI trajectory. Scored as no/weak evidence.
0_12h_absolute_lymphocyte_count_mean,0.01,"Lymphopenia reflects stress/inflammation/immunosuppression and may correlate with severity of illness, but is not a direct AKI driver. Mean is also less informative than extremes for acute insults."
13_24h_absolute_lymphocyte_count_mean,0.02,"Sustained lymphopenia may indicate ongoing systemic stress/inflammation and higher complication risk, indirectly relating to AKI. Kept low as an indirect marker and to maintain sparsity."
0_12h_absolute_lymphocyte_count_max,0.01,Higher lymphocyte counts are not a recognized trigger for AKI and are unlikely to add prognostic value beyond other severity markers. Capped low to avoid redundancy with other ALC summaries.
13_24h_absolute_lymphocyte_count_max,0.01,ALC maximum is not mechanistically linked to renal hypoperfusion or nephrotoxicity and is unlikely to predict creatinine rise. Kept minimal to reduce collinearity with ALC mean/min.
0_12h_absolute_lymphocyte_count_min,0.03,"Marked early lymphopenia can reflect severe physiologic stress and systemic inflammation, indirectly associated with AKI risk. Conservative due to early post-op transient effects and the 0–12h window."
13_24h_absolute_lymphocyte_count_min,0.02,"Lymphopenia reflects stress/inflammation or immunosuppression and may correlate with illness severity, but it is not a direct driver of postoperative AKI. Min value adds limited renal-specific signal."
0_12h_absolute_lymphocyte_count_measured,0.005,Measurement frequency mainly reflects clinician ordering behavior and early postoperative routine labs rather than renal physiology. In the immediate 0–12h window it is especially nonspecific for later creatinine rise.
13_24h_absolute_lymphocyte_count_measured,0.01,"More frequent checks may indicate higher acuity, but it is an indirect behavioral proxy with weak specificity for AKI risk. Cap kept low to avoid over-weighting ordering patterns."
25_36h_absolute_lymphocyte_count_measured,0.015,"Increased lab frequency closer to outcome can reflect evolving complications, but remains a nonspecific proxy rather than a mechanistic AKI predictor. Kept <0.05 per measured-feature rule."
0_12h_gluccose_measured,0.005,"Glucose measurement is common post-cardiac surgery and largely reflects protocolized care/insulin titration rather than AKI pathophysiology. As a measured feature it is a weak, nonspecific acuity marker."
13_24h_gluccose_measured,0.01,"More frequent glucose checks may indicate instability or insulin infusion, which can correlate with severity of illness, but it is not kidney-specific. Kept low as an ordering-behavior proxy."
25_36h_gluccose_measured,0.015,"Closer to hour-60 outcome, frequent glucose monitoring may track ongoing critical illness, but remains indirect and nonspecific for AKI. Scored low per measured-feature constraint."
0_12h_ck_measured,0.01,"Ordering CK may reflect concern for rhabdomyolysis/ischemia, which can contribute to AKI, but in 0–12h it is often nonspecific and protocol-driven. As a measured feature it is capped low."
13_24h_ck_measured,0.015,"Repeated CK ordering can indicate suspected muscle injury or low-flow states that may increase AKI risk, but it is still an indirect proxy. Kept <0.05 to reflect weak specificity."
25_36h_ck_measured,0.02,"Persistent CK monitoring late may signal ongoing tissue injury/rhabdomyolysis risk, which can be associated with AKI, but measurement frequency is not a biomarker itself. Maintained low per rules."
0_12h_egfr_mean,0.05,"Early postoperative eGFR (creatinine-derived) can reflect immediate renal function changes, but 0–12h values are often transient and influenced by hemodilution and perioperative shifts. Mean is less sensitive than a nadir for acute insult."
13_24h_egfr_mean,0.08,Sustained reduction in eGFR during 13–24h suggests evolving renal dysfunction and is an established predictor of later creatinine rise. Mean captures trajectory but is still somewhat smoothed versus extremes.
25_36h_egfr_mean,0.18,Lower eGFR in the 25–36h window is a strong leading indicator of subsequent creatinine elevation by hour 60. It directly reflects impaired filtration close to the outcome.
0_12h_egfr_max,0.01,A high (max) eGFR is generally not pathologic and may reflect hemodilution or measurement noise rather than protection from AKI. Also redundant with eGFR mean and less informative than low extremes.
13_24h_egfr_max,0.01,Maximum eGFR does not capture renal injury; AKI risk is driven by low filtration states rather than high peaks. Kept minimal to avoid collinearity with eGFR mean.
25_36h_egfr_max,0.01,"In the critical 25–36h window, the maximum eGFR still fails to represent the injurious physiology (which is low eGFR). Scored very low to prioritize more pathologic renal-function summaries."
0_12h_egfr_min,0.1,"Minimum eGFR in the immediate post-op window can reflect early renal hypoperfusion/AKI signal, but values may be transiently distorted by perioperative fluid shifts and creatinine kinetics; capped by 0–12h rule."
13_24h_egfr_min,0.16,A low eGFR nadir during the trajectory phase suggests evolving renal dysfunction beyond immediate bypass/anesthesia effects and is a meaningful predictor of later creatinine rise; capped by 13–24h rule.
25_36h_egfr_min,0.32,Low eGFR closest to the outcome window is a direct early marker of impaired filtration and strongly predicts higher creatinine_ratio at 60h.
0_12h_egfr_measured,0.02,Measurement frequency mainly reflects clinician concern and routine post-cardiac surgery lab protocols rather than renal physiology; limited incremental predictive value.
13_24h_egfr_measured,0.03,"More frequent eGFR/chemistry checks may indicate instability or suspected AKI, but it is a behavioral proxy and should remain low to avoid over-weighting practice patterns."
25_36h_egfr_measured,0.04,"Increased monitoring late may track suspected AKI and acuity, yet it is not a mechanistic driver; kept <0.05 per measured-feature rule."
0_12h_ldh_measured,0.01,LDH ordering frequency is largely practice-pattern driven and nonspecific; it does not directly reflect renal perfusion or filtration.
13_24h_ldh_measured,0.01,"LDH measurement frequency is a weak, nonspecific proxy for concern about hemolysis/ischemia and has limited direct linkage to AKI prediction."
25_36h_ldh_measured,0.01,"Even late, LDH ordering frequency is nonspecific and primarily reflects clinician behavior rather than a renal injury mechanism."
0_12h_inr_mean,0.02,Average INR early post-op reflects anticoagulation/hemodilution and liver function more than kidney injury; mean is also less informative than extremes for acute insults.
25_36h_inr_mean,0.03,"Persistently elevated mean INR may indicate ongoing hepatic dysfunction/critical illness severity that can correlate with AKI risk, but it is indirect and less specific than INR extremes."
0_12h_inr_max,0.05,"An early INR spike can signal coagulopathy/bleeding risk and potential hemodynamic compromise affecting renal perfusion, but immediate post-bypass coagulopathy is common; capped by 0–12h rule."
25_36h_inr_max,0.07,"A high INR peak later may reflect ongoing coagulopathy, bleeding/transfusion burden, or hepatic dysfunction—markers of severity that can contribute to renal hypoperfusion; still an indirect predictor."
0_12h_inr_min,0.01,Low INR is generally not a driver of AKI and is often expected with reversal/normalization; minimal prognostic value.
25_36h_inr_min,0.01,Low INR late is not mechanistically linked to AKI and provides little information about renal perfusion or injury.
0_12h_inr_measured,0.02,INR check frequency reflects postoperative anticoagulation management and bleeding surveillance rather than renal physiology; kept low per measured-feature rule.
13_24h_inr_measured,0.02,Frequency of INR checks mainly reflects clinician concern for coagulopathy/bleeding or liver dysfunction rather than renal physiology. It may weakly proxy overall acuity but is not a direct AKI driver.
25_36h_inr_measured,0.03,"More frequent INR monitoring late may indicate ongoing instability (bleeding, hepatic dysfunction, anticoagulation management) that can coexist with AKI risk. Still a behavioral proxy, so kept <0.05."
0_12h_percent_eosinophils_mean,0.005,"Eosinophil percentage is not a typical early predictor of post-cardiac surgery AKI, and mean values dilute any transient signal. Immediate post-op changes are often nonspecific."
13_24h_percent_eosinophils_mean,0.008,"Sustained eosinophilia could indirectly suggest drug reaction or inflammation, but this is uncommon and nonspecific for AKI. Mean aggregation further reduces relevance."
0_12h_percent_eosinophils_max,0.01,"A spike in eosinophils could rarely reflect early hypersensitivity/drug reaction, but this is not an established mechanism for typical post-cardiac surgery AKI. Conservative scoring in the 0–12h epoch."
13_24h_percent_eosinophils_max,0.02,"A higher eosinophil maximum may weakly flag evolving drug reaction or systemic inflammation that could contribute to renal injury. Still indirect and uncommon, so kept low."
0_12h_percent_eosinophils_min,0.003,"Low eosinophil percentage is generally nonspecific (stress response, steroids) and not predictive of AKI. Minimum values do not capture a known renal-risk pathology."
13_24h_percent_eosinophils_min,0.003,Eosinophil minima mainly reflect stress/steroid effects and have no meaningful mechanistic link to AKI prediction. Not clinically informative for renal perfusion or tubular injury.
0_12h_percent_eosinophils_measured,0.01,"Measurement frequency reflects CBC ordering patterns rather than renal injury; CBCs are routine post-op. As a behavioral proxy, it provides minimal AKI-specific signal."
13_24h_percent_eosinophils_measured,0.015,"More frequent CBC differentials may indicate complications (infection/bleeding) that can secondarily increase AKI risk. Still nonspecific and largely routine, so <0.05."
25_36h_percent_eosinophils_measured,0.02,"Late increased measurement frequency may reflect ongoing concern for infection/inflammation or drug reaction, which can correlate with AKI risk. Remains a proxy variable and thus low."
0_12h_ldl_cholesterol_measured,0.001,LDL testing is unrelated to acute renal perfusion/tubular injury and is not part of AKI evaluation post-cardiac surgery. Likely incidental or chronic-care related.
13_24h_ldl_cholesterol_measured,0.001,"LDL measurement does not reflect acute hemodynamics, nephrotoxicity, or renal function monitoring. No meaningful link to creatinine rise."
25_36h_ldl_cholesterol_measured,0.001,LDL ordering late post-op is not an AKI-related behavior and has no plausible mechanistic connection to creatinine ratio. Kept at minimal importance.
0_12h_mean_corpuscular_volume_mean,0.01,MCV reflects chronic anemia/nutritional status and is not a direct driver of acute post-op AKI; mean aggregation further limits signal. Early post-op values are often diluted by transfusion/fluids.
13_24h_mean_corpuscular_volume_mean,0.015,"Persistently abnormal MCV may weakly proxy frailty/chronic disease burden, which can correlate with AKI susceptibility in the elderly. Still indirect and nonspecific, so low importance."
25_36h_mean_corpuscular_volume_mean,0.01,MCV is not a direct marker of renal perfusion or tubular injury; changes are more related to anemia/nutrition/transfusion effects. Any association with AKI is weak and indirect.
0_12h_mean_corpuscular_volume_max,0.01,"Early postoperative MCV extremes are usually driven by transfusion/fluids and are not mechanistically linked to AKI. In the immediate 0–12h window, this is unlikely to add specific prognostic value."
13_24h_mean_corpuscular_volume_max,0.01,MCV maxima in this epoch mainly reflect hematologic/transfusion dynamics rather than kidney injury. Evidence for predicting creatinine rise is weak.
25_36h_mean_corpuscular_volume_max,0.01,"Even close to the outcome window, MCV extremes are not established predictors of AKI after cardiac surgery. Any signal would be indirect (bleeding/transfusion) and likely redundant with more direct hemodynamic/lab features."
0_12h_mean_corpuscular_volume_min,0.01,Low MCV reflects chronic microcytosis/iron deficiency and does not acutely drive postoperative AKI. Immediate postoperative minima are not a renal biomarker.
13_24h_mean_corpuscular_volume_min,0.01,MCV minima are not a recognized driver or early marker of AKI in post-cardiac surgery patients. Any association would be confounded by anemia/transfusion practices.
25_36h_mean_corpuscular_volume_min,0.01,"Low MCV near 36h remains a weak, indirect correlate at best and is not physiologically tied to creatinine rise. Prefer more direct renal/hemodynamic indicators for sparsity."
0_12h_mean_corpuscular_volume_measured,0.01,"Measurement frequency of MCV is largely routine as part of CBC monitoring after surgery and does not specifically indicate impending AKI. As a behavioral proxy, it should be kept very low."
13_24h_mean_corpuscular_volume_measured,0.01,CBC ordering frequency is common ICU practice and not specific to renal concern. This behavioral feature is unlikely to add AKI-specific predictive value.
25_36h_mean_corpuscular_volume_measured,0.01,"Even in the leading-indicator window, MCV measurement count mostly reflects routine labs or anemia/bleeding surveillance rather than kidney injury suspicion. Keep low to avoid non-physiologic proxies."
0_12h_mean_platelet_volume_mean,0.02,"Mean platelet volume can reflect inflammation/platelet activation, which may correlate weakly with postoperative organ dysfunction. However, in 0–12h it is nonspecific and often transient, so relevance to AKI is limited."
13_24h_mean_platelet_volume_mean,0.03,"Sustained elevation in MPV may indicate ongoing inflammatory/thrombotic milieu that can accompany AKI risk, but it is indirect and nonspecific. Assign a small probability to reflect plausible but weak linkage."
25_36h_mean_platelet_volume_mean,0.04,"In the 25–36h window, persistent MPV changes may better reflect ongoing systemic inflammation/consumption that can track with evolving AKI. Still indirect and not a renal biomarker, so keep below 0.05."
0_12h_mean_platelet_volume_max,0.02,"An early MPV spike may reflect acute inflammatory response to surgery/CPB but is not a direct AKI trigger. Given the immediate postoperative volatility, keep conservative."
13_24h_mean_platelet_volume_max,0.03,"MPV maxima during the trajectory phase could signal persistent platelet activation/inflammation associated with worse postoperative course, including AKI. This remains an indirect association and should stay low."
25_36h_mean_platelet_volume_max,0.04,"A high MPV extreme close to the outcome may capture ongoing inflammatory/thrombotic stress that can accompany renal dysfunction after cardiac surgery. It is still nonspecific, so cap below 0.05 to maintain sparsity and limit redundancy with the mean."
0_12h_mean_platelet_volume_min,0.01,Mean platelet volume is not a direct renal perfusion or tubular injury marker; low values are nonspecific in the immediate post-op period. Any association with AKI would be indirect via inflammation/critical illness severity.
13_24h_mean_platelet_volume_min,0.01,MPV extremes are not established predictors of post-cardiac surgery AKI and are highly nonspecific. Trajectory-phase abnormalities more often reflect systemic inflammation or transfusion effects than kidney injury.
25_36h_mean_platelet_volume_min,0.02,"Persistently abnormal MPV late may correlate with ongoing critical illness/inflammation, which can accompany AKI, but it is not mechanistically specific. Kept low to avoid over-weighting a weak, indirect marker."
0_12h_mean_platelet_volume_measured,0.01,"Measurement frequency reflects ordering behavior (CBC frequency) rather than a physiologic AKI mechanism. In the immediate post-op window, CBCs are routine and not specific to renal risk."
13_24h_mean_platelet_volume_measured,0.01,CBC/MPV measurement count is largely protocol-driven in ICU care and weakly tied to AKI suspicion. It adds little beyond illness severity proxies and should be kept minimal for sparsity.
25_36h_mean_platelet_volume_measured,0.02,"More frequent CBCs later may indicate ongoing instability/bleeding/infection, which can co-occur with AKI, but remains an indirect behavioral proxy. Capped low per the _measured rule."
0_12h_lactate_mean,0.03,"Average lactate in the first 12h reflects global hypoperfusion burden but is often transient after bypass and resuscitation. Mean is less informative than peak lactate for acute insult, so kept low."
13_24h_lactate_mean,0.08,"Sustained lactate elevation in the trajectory phase suggests ongoing shock/low cardiac output and impaired renal perfusion, increasing AKI risk. Mean lactate here can capture persistent hypoperfusion rather than brief peaks."
0_12h_lactate_max,0.1,"Peak lactate early captures the severity of immediate perioperative hypoperfusion/vasoplegia, a known contributor to AKI risk. Scored at the 0–12h maximum allowed due to common transient elevations post-CPB."
13_24h_lactate_max,0.18,"A high lactate peak during 13–24h strongly indicates ongoing or recurrent hypoperfusion/shock, which directly threatens renal blood flow and oxygen delivery. This is a strong predictor of subsequent creatinine rise."
0_12h_lactate_min,0.01,Minimum lactate is not a marker of hypoperfusion severity and is less pathophysiologically linked to AKI than maxima or sustained elevation. It is also collinear with mean/max and adds little signal.
13_24h_lactate_min,0.01,Minimum lactate during 13–24h does not capture the hypoperfusion insult that drives AKI and is redundant with mean/max. Kept minimal to reduce collinearity.
0_12h_lactate_measured,0.02,"More frequent lactate checks may reflect clinician concern for shock, but early post-cardiac surgery lactate monitoring is common and protocolized. As a behavioral proxy, it should remain low."
13_24h_lactate_measured,0.04,"Increased lactate measurement frequency in 13–24h can indicate persistent hemodynamic concern and resuscitation needs, indirectly associated with AKI risk. Still capped <0.05 as it is not a physiologic mechanism."
25_36h_lactate_measured,0.04,"Frequent lactate monitoring late suggests ongoing instability/shock management close to the outcome window, which correlates with AKI risk. Kept <0.05 because it reflects clinician behavior rather than direct biology."
0_12h_alkaline_phosphatase_mean,0.01,Alkaline phosphatase is primarily a hepatobiliary/bone marker and is not an established early predictor of post-op AKI. Early post-op changes are nonspecific and unlikely to add renal prognostic value.
0_12h_alkaline_phosphatase_max,0.01,Alkaline phosphatase is primarily a hepatobiliary/bone marker and is not a direct driver of postoperative AKI. Early postoperative fluctuations are common and nonspecific for renal injury.
0_12h_alkaline_phosphatase_min,0.005,Low alkaline phosphatase has no established mechanistic link to renal hypoperfusion or tubular injury in this setting. Likely reflects baseline variation or dilution rather than AKI risk.
0_12h_alkaline_phosphatase_measured,0.01,Measurement frequency mainly reflects ordering behavior and routine postoperative lab panels rather than renal pathophysiology. In the immediate 0–12h period it is especially nonspecific.
13_24h_alkaline_phosphatase_measured,0.01,Repeat ALP ordering may reflect general illness monitoring but is not a targeted AKI signal. As a behavioral proxy it should remain low.
25_36h_alkaline_phosphatase_measured,0.015,"More frequent ALP checks later may correlate with evolving hepatic congestion/shock, which can co-occur with AKI, but remains indirect. As a measured feature it should stay <0.05."
0_12h_red_cell_distribution_width_mean,0.02,"Higher RDW is associated with frailty/inflammation and worse outcomes, which can correlate with AKI risk, but it is indirect. Early postoperative mean values are influenced by transfusion/hemodilution."
13_24h_red_cell_distribution_width_mean,0.03,"Persistently elevated RDW may reflect ongoing inflammation, transfusion burden, or critical illness severity that tracks with AKI risk. Still an indirect predictor rather than a renal-specific marker."
25_36h_red_cell_distribution_width_mean,0.04,Later sustained RDW elevation can act as a severity/frailty proxy closer to the 60h creatinine outcome. It remains nonspecific but may add modest prognostic signal.
0_12h_red_cell_distribution_width_max,0.01,"RDW extremes over 0–12h are often driven by transfusion and rapid volume shifts rather than renal injury. To reduce collinearity, the max adds little beyond the mean for this feature."
13_24h_red_cell_distribution_width_max,0.02,"A high RDW maximum may indicate transfusion/anisocytosis and illness severity, indirectly associated with AKI. However, it is largely redundant with RDW mean and should be kept low."
25_36h_red_cell_distribution_width_max,0.03,"A later RDW peak may capture ongoing transfusion/inflammation closer to outcome, indirectly tracking AKI risk. Still redundant with RDW mean, so capped low to limit collinearity."
0_12h_red_cell_distribution_width_min,0.005,Low RDW is not a recognized AKI risk factor and is unlikely to reflect renal perfusion or tubular injury. Minimum values are particularly uninformative clinically.
13_24h_red_cell_distribution_width_min,0.005,RDW minimum does not capture a plausible AKI mechanism and is not clinically used for renal risk stratification. Likely noise relative to mean/max.
25_36h_red_cell_distribution_width_min,0.005,Later RDW minima remain non-informative for AKI prediction and add collinearity without mechanistic value. Kept at a weak-evidence level.
0_12h_red_cell_distribution_width_measured,0.01,RDW measurement frequency reflects CBC ordering (often routine post-op) rather than renal physiology. In the immediate post-surgery window it is not a specific AKI suspicion marker.
13_24h_red_cell_distribution_width_measured,0.015,"More frequent CBCs may indicate bleeding/transfusion or instability that can co-occur with AKI, but this is indirect and behavioral. As a measured feature it should remain <0.05."
25_36h_red_cell_distribution_width_measured,0.01,Measurement frequency reflects clinician behavior/acuity rather than a renal mechanism. RDW itself is not a direct perioperative driver of AKI in this short window.
0_12h_chloride_mean,0.02,"Mean chloride early post-op is influenced by routine saline/CPB fluids and is often transient. If chloride matters, extremes (hyperchloremia) are more informative than the mean, so this is kept low to reduce collinearity."
13_24h_chloride_mean,0.03,"Sustained hyperchloremia can contribute to renal vasoconstriction and AKI risk, but the mean is still less specific than the maximum. Capped to avoid redundancy with chloride_max in the same epoch."
25_36h_chloride_mean,0.05,"Closer to the outcome window, persistent hyperchloremia may reflect ongoing high-chloride resuscitation and metabolic derangements associated with AKI. Still less specific than the maximum, so capped for collinearity control."
0_12h_chloride_max,0.06,"Peak hyperchloremia can indicate large-volume chloride-rich fluid exposure and is plausibly linked to renal hypoperfusion/vasoconstriction. Early post-op derangements are common, so importance is conservative per 0–12h cap."
13_24h_chloride_max,0.08,"A high chloride peak during the trajectory phase suggests ongoing chloride load and physiologic stress, which is associated with AKI risk. More informative than mean/min for capturing the insult."
25_36h_chloride_max,0.12,Late peak hyperchloremia is a stronger leading indicator of ongoing resuscitation/acid-base disturbance and has a clearer temporal link to subsequent creatinine rise. Max is preferred over mean/min to capture the relevant insult.
0_12h_chloride_min,0.01,Low chloride is less directly linked to AKI than hyperchloremia and may reflect dilutional states without specific renal injury signal. Also likely redundant with other electrolyte/volume markers.
13_24h_chloride_min,0.01,Hypochloremia is not an established perioperative AKI trigger compared with hyperchloremia. Kept minimal to avoid collinearity with other chloride summaries.
25_36h_chloride_min,0.02,Late low chloride may reflect diuresis or dilution but is not a strong direct predictor of AKI. Much weaker than chloride_max for capturing harmful exposure.
0_12h_chloride_measured,0.02,"More frequent chloride checks reflect clinician concern/acuity rather than a causal pathway. Early post-op labs are routine, limiting its specificity for impending AKI."
13_24h_chloride_measured,0.03,"Increased measurement frequency may indicate evolving instability or acid-base management, indirectly associated with AKI risk. Still a behavioral proxy, so kept <0.05."
25_36h_chloride_measured,0.04,"Late frequent chloride monitoring may signal ongoing resuscitation, metabolic acidosis workup, or renal concern closer to the outcome window. As a utilization proxy, it remains capped below 0.05."
0_12h_hdl_cholesterol_measured,0.0,HDL measurement is not part of routine AKI evaluation and has no direct short-term physiologic link to postoperative creatinine rise. Likely unrelated ordering noise.
13_24h_hdl_cholesterol_measured,0.0,Ordering HDL in this window is unlikely to reflect renal risk or hemodynamic compromise. No meaningful mechanistic connection to AKI prediction here.
25_36h_hdl_cholesterol_measured,0.0,HDL measurement frequency does not plausibly indicate impending AKI in the ICU course after cardiac surgery. Treated as non-informative for creatinine_ratio.
0_12h_percent_neutrophils_mean,0.01,Neutrophil percentage reflects inflammation/stress but is not a direct driver of postoperative AKI. Mean value is also less informative than acute extremes and is in the immediate post-op window.
13_24h_percent_neutrophils_mean,0.02,"Persistent neutrophilia may correlate with infection/SIRS that can contribute to AKI risk, but it is indirect. Mean aggregation further dilutes acute insults."
0_12h_percent_neutrophils_max,0.02,"A high peak neutrophil percentage may indicate early inflammatory response, which can be associated with AKI, but remains nonspecific. Conservative scoring due to 0–12h epoch and indirect mechanism."
13_24h_percent_neutrophils_max,0.03,"A higher peak in the trajectory phase may better reflect evolving infection/SIRS, which can worsen renal perfusion and injury. Still an indirect predictor and nonspecific."
0_12h_percent_neutrophils_min,0.005,Low neutrophil percentage is not a typical causal pathway for AKI after cardiac surgery and is often uninterpretable in isolation. Immediate post-op period adds noise.
13_24h_percent_neutrophils_min,0.005,"A low minimum neutrophil percentage is not an established AKI predictor and may reflect lab variability or immunosuppression rather than renal risk. Weak, indirect link at best."
0_12h_percent_neutrophils_measured,0.01,Measurement frequency mainly reflects clinician ordering patterns and routine post-op labs rather than renal pathophysiology. In 0–12h it is especially protocol-driven.
13_24h_percent_neutrophils_measured,0.02,"More frequent CBC differentials may reflect concern for infection/instability, which can co-occur with AKI risk, but this is a behavioral proxy. Kept <0.05 per rule."
25_36h_percent_neutrophils_measured,0.03,"Increased measurement frequency closer to outcome may indicate evolving sepsis/SIRS workup and higher acuity, indirectly associated with AKI. Still a proxy variable and capped <0.05."
0_12h_albumin_mean,0.03,"Hypoalbuminemia is associated with illness severity, capillary leak, and worse renal outcomes, but is not a direct biomarker of AKI. Mean is less informative than the minimum for risk stratification."
0_12h_albumin_max,0.005,Higher albumin peaks are not a plausible trigger for AKI and are often influenced by fluids/measurement variability. Max aggregation is not clinically meaningful for AKI risk here.
0_12h_albumin_min,0.06,Low albumin (minimum) better captures clinically relevant hypoalbuminemia linked to worse postoperative outcomes and AKI via reduced oncotic pressure/third spacing and severity of illness. Capped by 0–12h epoch maximum.
0_12h_albumin_measured,0.01,Albumin ordering frequency is largely protocolized and reflects clinician behavior more than renal physiology. Weak proxy for acuity only.
13_24h_albumin_measured,0.02,"More frequent albumin checks may indicate ongoing instability, nutrition/volume management, or concern for capillary leak, indirectly related to AKI risk. Still a behavioral proxy and kept <0.05."
25_36h_albumin_measured,0.03,"Closer to hour 60, repeated albumin measurement may reflect persistent critical illness and aggressive fluid/oncotic management, which can correlate with AKI risk. Proxy feature only, so <0.05."
0_12h_triglycerides_measured,0.005,Triglyceride measurement is not a standard AKI predictor post-cardiac surgery and is usually ordered for nutrition/propofol monitoring rather than renal concerns. Behavioral proxy with weak linkage.
13_24h_triglycerides_measured,0.01,Triglyceride ordering is not a direct AKI mechanism and mainly reflects nutrition/propofol monitoring or general acuity. As a measured/behavioral proxy it should remain very low.
25_36h_triglycerides_measured,0.01,"Late triglyceride checks may reflect ongoing propofol use or nutrition management rather than renal perfusion/injury. As a measured feature, it is a weak indirect proxy for severity at best."
0_12h_hemoglobin_mean,0.03,"Anemia/hemodilution can reduce oxygen delivery and contribute to renal ischemia, but early post-CPB values are often transient. Mean is less informative than nadir for ischemic risk and is capped to limit collinearity."
13_24h_hemoglobin_mean,0.04,Persistently lower hemoglobin may indicate ongoing bleeding/hemodilution and reduced renal oxygen delivery during the trajectory phase. Mean is still less specific than the minimum for AKI risk.
25_36h_hemoglobin_mean,0.05,Sustained anemia closer to the outcome window can contribute to renal hypoxia and correlate with ongoing illness/bleeding. Mean is capped because the minimum better captures the pathologic insult.
0_12h_hemoglobin_max,0.01,Higher hemoglobin is not a typical trigger for postoperative AKI and may reflect transfusion or hemoconcentration without clear causal direction. Max is not the relevant aggregation for renal ischemic risk.
13_24h_hemoglobin_max,0.01,Hemoglobin maxima are not a recognized driver of AKI compared with anemia/nadir. This aggregation adds redundancy without capturing the key pathology.
25_36h_hemoglobin_max,0.01,Late hemoglobin maxima are unlikely to directly predict creatinine rise and are less clinically meaningful than low hemoglobin. Kept minimal to avoid collinearity with other hemoglobin summaries.
0_12h_hemoglobin_min,0.08,"The nadir hemoglobin in the immediate postoperative period can reflect bleeding/hemodilution and impaired oxygen delivery, a plausible contributor to renal ischemia. Scored higher than mean/max but capped by the 0–12h epoch limit."
13_24h_hemoglobin_min,0.12,"A low hemoglobin nadir during 13–24h suggests ongoing bleeding or inadequate oxygen delivery during a key stabilization period, increasing AKI risk. Minimum is the most pathophysiologically relevant hemoglobin aggregation."
25_36h_hemoglobin_min,0.16,A low hemoglobin nadir in the 25–36h window is a strong leading indicator of ongoing physiologic stress and reduced renal oxygen delivery close to the creatinine outcome. This is more informative than mean/max for AKI prediction.
0_12h_hemoglobin_measured,0.02,Measurement frequency reflects monitoring intensity after surgery rather than a renal injury mechanism. Early frequent checks are routine post-cardiac surgery and weakly informative.
13_24h_hemoglobin_measured,0.03,"More frequent hemoglobin checks may indicate concern for bleeding/transfusion needs and higher acuity, indirectly linked to AKI risk. As a behavioral proxy it remains <0.05."
25_36h_hemoglobin_measured,0.04,"Continued frequent hemoglobin monitoring late may signal ongoing bleeding/instability, which can co-occur with renal hypoperfusion. Still a proxy variable and therefore kept below 0.05."
0_12h_teg_fibrinogen_activity_measured,0.02,"Ordering TEG fibrinogen activity suggests bleeding/coagulopathy management, which can correlate with transfusion and hemodynamic stress but is not a direct AKI biomarker. In the immediate period it is often protocolized."
13_24h_teg_fibrinogen_activity_measured,0.03,"TEG fibrinogen testing in 13–24h may indicate ongoing bleeding/coagulopathy and transfusion exposure, indirectly associated with AKI risk. As a measured feature and indirect link, it remains low."
25_36h_teg_fibrinogen_activity_measured,0.01,"TEG fibrinogen testing frequency mainly reflects bleeding/coagulopathy evaluation rather than renal perfusion or tubular injury. Any AKI link is indirect (severity of illness/transfusion), so keep low."
0_12h_activated_clotting_time_mean,0.01,ACT reflects anticoagulation management during/after bypass and is not a direct AKI driver. In the immediate 0–12h window it is often protocol-driven and transient.
0_12h_activated_clotting_time_max,0.02,"Extremely high ACT may indicate heavy heparinization/complex bypass and higher illness severity, which can correlate with AKI risk. Still indirect and in 0–12h, so conservative."
0_12h_activated_clotting_time_min,0.01,Low ACT mainly signals reversal/insufficient anticoagulation and is not a typical mechanistic predictor of postoperative AKI. Weak and confounded by protocol timing.
0_12h_activated_clotting_time_measured,0.01,"Measurement count is largely protocolized around surgery and does not represent a renal mechanism. Behavioral proxy only, so minimal weight."
13_24h_activated_clotting_time_measured,0.01,ACT measurement frequency reflects anticoagulation monitoring needs rather than kidney injury. Any association with AKI is indirect via acuity.
25_36h_activated_clotting_time_measured,0.02,"Ongoing ACT monitoring at 25–36h may indicate continued anticoagulation support (e.g., ECMO/IABP/complex course) and higher AKI risk, but remains a behavioral proxy. Keep below 0.05."
0_12h_aspartate_aminotransferase_mean,0.02,"AST elevation can reflect hepatic/ischemic injury and global hypoperfusion, which correlates with AKI risk. Mean is less informative than extremes and early postoperative changes are often transient."
0_12h_aspartate_aminotransferase_max,0.06,"Peak AST in the first 12h can capture ischemic hepatitis/rhabdomyolysis or severe systemic hypoperfusion, which is associated with subsequent AKI. Capped by the 0–12h epoch maximum and indirectness."
0_12h_aspartate_aminotransferase_min,0.01,Low AST has no meaningful physiologic link to AKI risk. Minimum values are not informative for renal injury prediction.
0_12h_aspartate_aminotransferase_measured,0.01,Testing frequency reflects clinician monitoring and routine postoperative labs rather than a renal mechanism. Behavioral proxy only.
13_24h_aspartate_aminotransferase_measured,0.01,"AST measurement count is driven by monitoring practices and perceived acuity, not a direct AKI pathway. Keep very low to avoid overfitting to care patterns."
25_36h_aspartate_aminotransferase_measured,0.02,"More frequent AST checks at 25–36h may indicate ongoing shock/liver injury concern, which can co-occur with AKI. Still a behavioral proxy, so <0.05."
0_12h_total_protein_mean,0.01,"Total protein is influenced by hemodilution, nutrition, and fluid shifts and is not a specific AKI predictor. Mean values early after surgery are especially confounded by fluids and bypass."
0_12h_total_protein_max,0.01,Higher total protein is not a recognized trigger or biomarker for AKI in this context. Any association would be nonspecific (hemoconcentration) and weak.
0_12h_total_protein_min,0.02,"Low total protein may reflect hemodilution/capillary leak and greater fluid exposure, which can correlate with worse outcomes including AKI. Still indirect and early postoperative, so low."
0_12h_total_protein_measured,0.005,Measurement frequency of total protein mainly reflects ordering behavior/nutrition or liver evaluation rather than renal perfusion or tubular injury; early post-op period is especially nonspecific.
13_24h_total_protein_measured,0.006,Ordering total protein in this window is not a direct AKI mechanism and is a weak proxy for overall illness/nutrition; keep low to avoid behavioral-noise predictors.
25_36h_total_protein_measured,0.01,"More frequent total protein checks may indicate ongoing concern for systemic illness or capillary leak, but it remains an indirect, nonspecific marker for AKI risk."
0_12h_hemoglobin_a1c_measured,0.01,Whether HbA1c was checked post-op is largely administrative/diabetes assessment and not a physiologic driver of AKI in the immediate post-bypass period.
13_24h_hemoglobin_a1c_measured,0.01,HbA1c measurement indicates diabetes evaluation rather than acute renal hypoperfusion or nephrotoxin exposure; weak link to creatinine rise.
25_36h_hemoglobin_a1c_measured,0.01,"Late HbA1c ordering still reflects chronic glycemic assessment and care processes, not an acute biomarker or hemodynamic trigger for AKI."
0_12h_co2_mean,0.02,"Mean serum CO2 (bicarbonate) reflects acid-base status but is often transiently affected by bypass, ventilation, and fluids early post-op; indirect AKI link."
13_24h_co2_mean,0.03,"Persistently low/abnormal bicarbonate can reflect ongoing shock or lactic acidosis which correlates with AKI risk, but the mean smooths extremes and is nonspecific."
25_36h_co2_mean,0.05,"In the leading-indicator window, sustained metabolic acidosis can signal ongoing hypoperfusion or renal dysfunction; still indirect compared with creatinine/urine output."
0_12h_co2_max,0.01,High bicarbonate/CO2 is less plausibly causal for AKI and may reflect ventilation/diuretic effects; early post-op values are commonly iatrogenic.
13_24h_co2_max,0.01,"CO2 maxima (metabolic alkalosis) are not a typical trigger for AKI and are often treatment-related (diuretics, transfusion, ventilation adjustments)."
25_36h_co2_max,0.01,Later CO2 maxima remain weakly related to AKI pathophysiology and are more reflective of therapy than renal hypoperfusion or tubular injury.
0_12h_co2_min,0.06,"Low bicarbonate (metabolic acidosis) can reflect early shock/hypoperfusion and correlates with AKI risk, but in 0–12h it is often transient post-bypass so capped by epoch."
13_24h_co2_min,0.12,"A low CO2 minimum in the trajectory phase suggests ongoing metabolic acidosis from persistent hypoperfusion/sepsis, a stronger correlate of subsequent AKI than mean/max."
25_36h_co2_min,0.18,"In the 25–36h window, a low bicarbonate minimum is a strong leading indicator of ongoing shock or evolving renal dysfunction and is more informative than mean/max for AKI risk."
0_12h_co2_measured,0.02,More frequent CO2 checks reflect clinician concern/acuity and ventilation/acid-base management rather than a direct renal injury mechanism; keep low per measurement-frequency rule.
13_24h_co2_measured,0.02,"Measurement frequency mainly reflects clinician concern/acuity rather than a direct renal mechanism. In the 13–24h window it is a weak, indirect proxy for instability."
25_36h_co2_measured,0.03,"More frequent CO2 checks can indicate ongoing respiratory/hemodynamic instability closer to the outcome, which can correlate with AKI risk. Still a behavioral proxy, so kept <0.05."
0_12h_bnp_measured,0.02,"Ordering BNP early post-op reflects concern for heart failure/volume status, which can relate to renal congestion, but it is not a physiologic measurement itself. Early (0–12h) period is noisy/transient."
13_24h_bnp_measured,0.03,"BNP ordering in the trajectory phase may indicate persistent/worsening cardiac dysfunction or congestion, indirectly increasing AKI risk. As a measured/ordering feature, it remains a weak predictor."
25_36h_bnp_measured,0.04,"Late BNP ordering may signal ongoing low-output state or venous congestion close to hour-60 creatinine, which is relevant to cardiorenal AKI. Still an ordering proxy, so capped below 0.05."
0_12h_pco2_mean,0.01,"Mean PCO2 in the immediate post-op window is heavily influenced by ventilation strategy and transient anesthesia effects, with limited direct linkage to AKI. Collinear with extremes; mean is least informative."
13_24h_pco2_mean,0.01,Average PCO2 over 13–24h is a nonspecific marker of ventilation adequacy and does not directly capture renal hypoperfusion. Extremes are more relevant than mean for acute insults.
25_36h_pco2_mean,0.02,"Sustained hypercapnia can reflect ongoing respiratory failure and acidosis that may worsen renal perfusion, but mean remains nonspecific. Extremes better capture clinically meaningful derangements."
0_12h_pco2_max,0.03,"Peak hypercapnia can indicate hypoventilation and respiratory acidosis, which may contribute to hemodynamic stress, but early post-op values are often transient. Conservative scoring due to 0–12h epoch cap."
13_24h_pco2_max,0.05,"Max PCO2 in 13–24h may reflect evolving respiratory failure and acidosis, which can worsen renal perfusion and correlate with severity of illness. Chosen over mean/min to reduce collinearity."
25_36h_pco2_max,0.07,"Late peak hypercapnia is a stronger leading indicator of persistent respiratory failure/acidemia and overall critical illness, which is associated with subsequent AKI. Max captures acute insult better than mean/measured."
0_12h_pco2_min,0.01,Low PCO2 often reflects hyperventilation and is less directly linked to renal injury than hypercapnia/acidosis. Early post-op ventilator-driven hypocapnia is common and not specific for AKI.
13_24h_pco2_min,0.01,Minimum PCO2 is typically a ventilation artifact and not a recognized driver of AKI compared with hypercapnia/acidosis. Kept low to avoid redundancy with max/mean.
25_36h_pco2_min,0.01,Hypocapnia is not a strong mechanistic predictor of AKI in this context and is often iatrogenic. Max PCO2 is the more relevant aggregation for renal risk.
0_12h_pco2_measured,0.02,"More frequent ABGs early post-op reflect routine monitoring and transient instability rather than a direct renal mechanism. As a behavioral proxy, it is weak and capped <0.05."
13_24h_pco2_measured,0.03,"Increased PCO2 measurement frequency in 13–24h may indicate ongoing respiratory/hemodynamic instability and higher illness severity, indirectly associated with AKI. Still not a physiologic biomarker, so kept low."
25_36h_pco2_measured,0.02,Measurement frequency reflects clinician concern/ventilation management rather than a direct renal mechanism. It may weakly proxy overall instability but is nonspecific for AKI.
0_12h_indirect_bilirubin_measured,0.01,Ordering indirect bilirubin early post-op is a nonspecific marker of acuity/hemolysis workup and not directly linked to renal injury. In the immediate 0–12h window it is especially noisy and transient.
13_24h_indirect_bilirubin_measured,0.02,"Test frequency may reflect evolving concern for hemolysis/hepatic dysfunction after bypass, which can correlate with overall organ dysfunction. Still a behavioral proxy and not a direct AKI driver."
25_36h_indirect_bilirubin_measured,0.03,"Persistent ordering by 25–36h may indicate ongoing hemolysis/hepatic dysfunction and higher illness severity, which can co-occur with AKI. Remains indirect and should stay low as a measured-frequency feature."
0_12h_calcium_mean,0.02,Mean calcium in the immediate post-op period is influenced by transfusion/citrate and replacement protocols and is not a primary AKI driver. The mean smooths extremes and is less informative than minima for physiologic insult.
13_24h_calcium_mean,0.03,"Sustained calcium abnormalities can reflect ongoing critical illness and transfusion burden, indirectly associated with AKI risk. However, mean values are collinear with min/max and are not the best pathology-capturing aggregation."
25_36h_calcium_mean,0.04,"Later sustained calcium derangements may track severity of illness and ongoing resuscitation, indirectly relating to AKI. Still less specific than calcium_min for capturing clinically relevant hypocalcemia episodes."
0_12h_calcium_max,0.01,"Transient hypercalcemia is uncommon and usually iatrogenic; it is not a typical trigger for post-cardiac surgery AKI. In 0–12h, values are particularly affected by replacement practices."
13_24h_calcium_max,0.01,Calcium maxima are generally less clinically meaningful for renal hypoperfusion-related AKI than minima. Any association is likely confounded by supplementation and lab timing.
25_36h_calcium_max,0.02,Later hypercalcemia may reflect aggressive replacement or metabolic shifts but is not a strong AKI predictor. Kept low to avoid redundancy with more relevant calcium_min features.
0_12h_calcium_min,0.06,"Hypocalcemia episodes can reflect massive transfusion/citrate load and severe physiologic stress, which correlate with postoperative organ dysfunction including AKI. Capped by the 0–12h epoch maximum and early post-op noise."
13_24h_calcium_min,0.08,"Persistent or recurrent hypocalcemia in the trajectory phase can indicate ongoing transfusion burden, inflammation, and critical illness severity, which are associated with AKI. Min captures the insult better than mean/max."
25_36h_calcium_min,0.12,"Low calcium minima closer to the outcome can be a leading indicator of ongoing critical illness/resuscitation needs and correlates with multi-organ dysfunction risk including AKI. Among calcium aggregations, the minimum best captures clinically relevant derangements."
0_12h_calcium_measured,0.02,"More frequent calcium checks mainly reflect ICU protocol intensity and clinician concern rather than a direct renal mechanism. Early post-op monitoring is routine after cardiac surgery, limiting specificity for AKI."
13_24h_calcium_measured,0.03,"Increased measurement frequency may indicate ongoing instability or replacement needs, indirectly associated with AKI risk. Still a behavioral proxy and should remain low."
25_36h_calcium_measured,0.04,"Continued frequent calcium monitoring by 25–36h may signal persistent instability, transfusion, or electrolyte management complexity, which can co-occur with AKI. As a measured-frequency feature it remains indirect and is kept <0.05."
0_12h_partial_thromboplastin_time_mean,0.01,PTT reflects coagulation/heparin effect after bypass more than renal perfusion; mean value in the immediate 0–12h window is nonspecific for AKI risk.
25_36h_partial_thromboplastin_time_mean,0.02,"Persistently abnormal PTT may correlate with ongoing critical illness or anticoagulation intensity, which can indirectly track severity, but it is not a direct AKI driver."
0_12h_partial_thromboplastin_time_max,0.03,"Extreme PTT elevation early can indicate heavy heparinization/bleeding risk and higher acuity, indirectly associated with AKI, but early post-op derangements are common and transient."
25_36h_partial_thromboplastin_time_max,0.05,"A high PTT closer to outcome may signal ongoing anticoagulation, bleeding/transfusion needs, or hepatic dysfunction and overall severity, which can associate with AKI risk."
0_12h_partial_thromboplastin_time_min,0.005,Low PTT is not a typical mechanistic predictor of postoperative AKI and is often driven by sampling/assay variation or reduced anticoagulation.
25_36h_partial_thromboplastin_time_min,0.005,Low PTT late is not a recognized predictor of renal injury; any association would be weak and indirect.
0_12h_partial_thromboplastin_time_measured,0.01,Measurement frequency mainly reflects routine post-bypass monitoring rather than renal pathophysiology; early ordering is standard-of-care.
13_24h_partial_thromboplastin_time_measured,0.02,"More frequent PTT checks may reflect concern for bleeding/heparin infusion and higher acuity, but it remains a behavioral proxy with weak specificity for AKI."
25_36h_partial_thromboplastin_time_measured,0.03,"Repeated PTT monitoring late may indicate ongoing anticoagulation or complications (bleeding/ECMO/VAD) that increase AKI risk indirectly, but it is not a direct biomarker."
0_12h_absolute_monocyte_count_mean,0.005,Monocyte count is a nonspecific inflammatory marker and is not an established early predictor of postoperative AKI; mean in 0–12h is especially confounded by surgery-related stress.
13_24h_absolute_monocyte_count_mean,0.01,"Sustained inflammation may correlate with complications (infection/SIRS) that can contribute to AKI, but monocyte mean is a weak, indirect signal."
0_12h_absolute_monocyte_count_max,0.01,Early peak monocytes reflect acute inflammatory response to surgery/CPB and has limited specificity for renal hypoperfusion or tubular injury.
13_24h_absolute_monocyte_count_max,0.02,"A higher monocyte peak during the trajectory phase may indicate evolving inflammation/infection and higher illness severity, indirectly increasing AKI risk."
0_12h_absolute_monocyte_count_min,0.005,Low monocyte counts early are often dilutional or related to immunosuppression and are not a direct predictor of AKI.
13_24h_absolute_monocyte_count_min,0.005,Monocyte nadir is not a recognized mechanistic driver of AKI; any association would be weak and confounded by immunosuppression and dilution.
0_12h_absolute_monocyte_count_measured,0.01,"Frequency of monocyte measurement is largely driven by routine CBC ordering and clinical monitoring patterns, not renal physiology."
13_24h_absolute_monocyte_count_measured,0.01,Measurement frequency mainly reflects clinician ordering behavior rather than renal physiology. Monocyte count ordering is not a specific or established predictor of postoperative AKI.
25_36h_absolute_monocyte_count_measured,0.01,Test frequency is a weak behavioral proxy for acuity and is not mechanistically linked to creatinine rise. Not specific for renal hypoperfusion or nephrotoxicity.
0_12h_phosphorus_mean,0.03,"Phosphorus can rise with reduced GFR and cell breakdown, but early post-bypass shifts and supplementation make the 0–12h mean nonspecific. Mean is also less sensitive than extremes for detecting evolving renal dysfunction."
13_24h_phosphorus_mean,0.04,"Sustained phosphorus elevation may reflect declining renal clearance, but the mean is still a smoothed signal and can be confounded by repletion/nutrition. Moderately plausible in the trajectory phase but not a primary driver."
25_36h_phosphorus_mean,0.05,"Closer to the 60h creatinine outcome, persistent hyperphosphatemia can indicate reduced GFR and evolving AKI. Capped to limit collinearity because phosphorus extremes are more pathophysiologically informative."
0_12h_phosphorus_max,0.06,"An early phosphorus spike can reflect acute reduction in renal clearance or tissue injury, but immediate postoperative variability is common. Kept modest due to the conservative 0–12h window cap."
13_24h_phosphorus_max,0.1,"A higher phosphorus maximum in 13–24h may capture worsening renal clearance during the trajectory phase. Extremes better reflect acute insult than means, supporting higher inclusion within epoch limits."
25_36h_phosphorus_max,0.18,"Late-window hyperphosphatemia is a strong leading indicator of reduced GFR and evolving AKI, often preceding or paralleling creatinine rise. The maximum captures clinically meaningful derangements better than mean/min."
0_12h_phosphorus_min,0.01,"Low phosphorus is more often due to dilution, insulin shifts, or refeeding/repletion patterns rather than impaired renal clearance. Not a typical trigger or marker for AKI in this context."
13_24h_phosphorus_min,0.01,Phosphorus minima are not a recognized predictor of postoperative AKI and are heavily influenced by supplementation and shifts. Provides little incremental information versus phosphorus maxima.
25_36h_phosphorus_min,0.01,"Even close to outcome, low phosphorus is not a direct biomarker of AKI and is confounded by treatment. Prioritize phosphorus_max to reduce collinearity."
0_12h_phosphorus_measured,0.02,"Ordering frequency reflects monitoring intensity rather than renal function itself. Early postoperative labs are routine after cardiac surgery, limiting specificity for impending AKI."
13_24h_phosphorus_measured,0.03,"More frequent phosphorus checks may indicate concern for renal dysfunction or electrolyte instability, but remains an indirect behavioral signal. Kept <0.05 per measurement-frequency rule."
25_36h_phosphorus_measured,0.04,"In the late window, repeated phosphorus testing can reflect clinician concern for evolving AKI or need for renal dosing adjustments. Still an indirect proxy and capped below 0.05."
0_12h_absolute_neutrophil_count_mean,0.02,Neutrophilia reflects inflammation/stress response from surgery and bypass and is common and nonspecific in 0–12h. Only an indirect link to AKI via systemic inflammation.
13_24h_absolute_neutrophil_count_mean,0.03,"Persistent neutrophilia may indicate ongoing inflammation/infection that can contribute to AKI risk, but it is not a direct renal biomarker. Mean ANC is also less informative than hemodynamics or renal labs."
0_12h_absolute_neutrophil_count_max,0.02,"Post-op neutrophilia reflects inflammation/stress and possible infection risk, which can contribute indirectly to AKI. In the immediate 0–12h window it is often transient and nonspecific."
13_24h_absolute_neutrophil_count_max,0.03,Persistently high ANC in the trajectory phase may indicate evolving infection/inflammation that can worsen renal perfusion and AKI risk. Still an indirect marker rather than a direct renal predictor.
0_12h_absolute_neutrophil_count_min,0.01,Low ANC is more related to immunosuppression/hematologic status than renal perfusion and is not a typical AKI driver. Early post-op minima are often not informative for creatinine rise.
13_24h_absolute_neutrophil_count_min,0.01,ANC minima mainly reflect immunologic reserve or treatment effects and have weak linkage to AKI compared with hemodynamics and renal labs. Kept very low for sparsity.
0_12h_absolute_neutrophil_count_measured,0.01,"Measurement frequency is a care-intensity proxy and not a physiologic mechanism for AKI. CBCs are routine post-cardiac surgery, especially in the first 12 hours."
13_24h_absolute_neutrophil_count_measured,0.02,"More frequent ANC checks may reflect clinician concern for infection/instability, which can correlate with AKI risk. Still a behavioral proxy, so capped low."
25_36h_absolute_neutrophil_count_measured,0.03,"Increased CBC/ANC monitoring late (25–36h) may signal ongoing complications (infection, shock) that precede AKI by hour 60. Remains an indirect, non-mechanistic feature so kept <0.05."
0_12h_troponin_measured,0.02,"Troponin ordering reflects concern for perioperative myocardial injury, which can lead to low cardiac output and renal hypoperfusion. In 0–12h it is often routine after cardiac surgery, limiting specificity."
13_24h_troponin_measured,0.03,"Continued troponin monitoring in 13–24h suggests suspected ongoing myocardial injury/hemodynamic compromise, which can increase AKI risk. As a measurement-frequency proxy, it is kept low."
25_36h_troponin_measured,0.04,"Late troponin measurement may indicate persistent cardiac dysfunction or ischemia closer to the outcome window, plausibly linked to renal hypoperfusion and AKI. Still a behavioral proxy, so capped <0.05."
0_12h_po2_mean,0.02,"Sustained hypoxemia can contribute to renal ischemic stress, but mean PaO2 in the immediate post-op period is heavily influenced by ventilator management and transient factors. Mean is less informative than extremes for acute insults."
13_24h_po2_mean,0.03,"Ongoing lower average PaO2 in 13–24h may reflect pulmonary dysfunction and systemic illness severity associated with AKI. Mean values are still less specific than acute minima, so kept low."
25_36h_po2_mean,0.04,"Persistently reduced oxygenation closer to hour 60 can indicate ongoing critical illness and impaired oxygen delivery that may worsen renal injury. Mean is a smoothed measure, so importance remains modest."
0_12h_po2_max,0.01,"High PaO2 maxima usually reflect ventilator/FiO2 settings rather than a pathologic trigger for AKI. To reduce collinearity and because extremes relevant to AKI are typically low (not high), this is minimized."
13_24h_po2_max,0.01,PaO2 maxima are largely treatment-driven and not a recognized direct predictor of AKI compared with hypoxemia or hemodynamic variables. Kept very low to avoid redundancy with mean oxygenation.
25_36h_po2_max,0.01,Late high PaO2 peaks are unlikely to capture renal-risk physiology and are mostly ventilator management artifacts. Low importance supports sparsity and avoids collinearity with PaO2 mean.
0_12h_po2_min,0.03,"Low PaO2 can reflect hypoxemia and overall cardiopulmonary instability that may contribute to renal hypoperfusion, but early post-op values are often transient and ventilator-driven."
13_24h_po2_min,0.04,"Persistent hypoxemia in the trajectory phase suggests ongoing shock/respiratory failure and higher AKI risk, though it remains an indirect marker rather than kidney-specific."
25_36h_po2_min,0.06,"Later sustained or recurrent hypoxemia closer to the outcome window can indicate ongoing critical illness and impaired oxygen delivery, which is more predictive of subsequent AKI than earlier hypoxemia."
0_12h_po2_measured,0.01,Measurement frequency mainly reflects monitoring intensity immediately post-op and is not a direct physiologic driver of AKI.
13_24h_po2_measured,0.02,"More frequent PaO2 checks may indicate respiratory instability, but it is a behavioral proxy and only weakly informative for AKI risk."
25_36h_po2_measured,0.03,"Increased PaO2 measurement frequency late may signal ongoing deterioration and clinician concern, but remains indirect and should be kept low to avoid over-weighting practice patterns."
0_12h_potassium_mean,0.02,"Average potassium early post-op is influenced by shifts, transfusion, and acid-base changes; it is only an indirect signal of renal dysfunction in this window."
13_24h_potassium_mean,0.03,"A higher sustained potassium level can reflect evolving renal impairment or ongoing tissue injury, but mean is less sensitive than extremes for detecting early AKI."
25_36h_potassium_mean,0.05,"Later sustained hyperkalemia can accompany reduced renal excretion and is closer to the creatinine outcome, but mean remains less specific than peak potassium."
0_12h_potassium_max,0.05,"Peak potassium captures acute hyperkalemia episodes that can accompany early renal hypoperfusion/hemolysis, but immediate post-bypass electrolyte derangements are common and transient (cap for early epoch)."
13_24h_potassium_max,0.08,A high potassium peak during the trajectory phase is more concerning for evolving renal dysfunction and impaired excretion than early post-op shifts.
25_36h_potassium_max,0.12,"Late peak hyperkalemia is a strong indicator of reduced renal clearance and severe illness, making it a relatively direct predictor of rising creatinine by 60 hours."
0_12h_potassium_min,0.01,Hypokalemia is more often related to diuretics/insulin shifts and is not a typical driver or marker of AKI in this context.
13_24h_potassium_min,0.01,Low potassium is generally not predictive of AKI and more reflects treatment effects or redistribution rather than renal injury.
25_36h_potassium_min,0.01,Later hypokalemia remains a weak and nonspecific signal for AKI compared with hyperkalemia or creatinine/urine output markers.
0_12h_potassium_measured,0.02,Frequent potassium checks early post-op reflect routine ICU monitoring and acuity rather than a direct mechanism for AKI.
13_24h_potassium_measured,0.02,Measurement frequency reflects clinician concern/acuity rather than renal physiology; potassium checks may increase with evolving AKI but are nonspecific. Capped <0.05 per _measured rule.
25_36h_potassium_measured,0.03,"More frequent potassium monitoring late may signal worsening renal function or arrhythmia risk management, indirectly correlating with AKI risk. Still a behavioral proxy, so kept <0.05."
0_12h_total_bilirubin_mean,0.02,"Early postoperative bilirubin can reflect hemolysis/CPB effects or hepatic congestion, which may co-occur with low-flow states linked to AKI, but mean is a smoothed, indirect marker. Conservative scoring in 0–12h window."
0_12h_total_bilirubin_max,0.05,"An early bilirubin spike may indicate hemolysis or hepatic hypoperfusion/congestion from low cardiac output, which can accompany renal hypoperfusion. In 0–12h, capped at a modest value and preferred over mean/min for capturing insult."
0_12h_total_bilirubin_min,0.01,"Minimum bilirubin is not pathologic and provides little signal for AKI risk compared with peaks. Weak mechanistic link, so near-zero importance."
0_12h_total_bilirubin_measured,0.01,"Ordering frequency is mainly a marker of clinician concern (e.g., suspected hemolysis/hepatic dysfunction) rather than a direct AKI mechanism. Kept very low per _measured rule and early epoch conservatism."
13_24h_total_bilirubin_measured,0.01,"Repeat bilirubin testing may reflect ongoing concern for hepatic dysfunction/hemolysis but is not a direct renal biomarker. Behavioral proxy only, so minimal weight."
25_36h_total_bilirubin_measured,0.02,"Late repeated bilirubin checks can indicate persistent shock/hemolysis workup, indirectly associated with multi-organ dysfunction including AKI. Still a _measured feature, so kept <0.05."
0_12h_rbc_count_mean,0.02,"Lower RBC count/anemia can worsen renal oxygen delivery, but mean values early after surgery are influenced by hemodilution and transfusions. Conservative weight in 0–12h and mean is less informative than extremes."
13_24h_rbc_count_mean,0.03,"Sustained anemia in the trajectory phase may reflect bleeding/hemodilution and reduced oxygen delivery, plausibly contributing to AKI risk. Mean remains a smoothed marker, so kept low."
25_36h_rbc_count_mean,0.04,"Persistently low RBC count closer to outcome may better reflect ongoing anemia/bleeding and impaired oxygen delivery, which can exacerbate renal ischemia. Still indirect and collinear with min, so modest importance."
0_12h_rbc_count_max,0.01,"High RBC count is rarely a driver of AKI in this context and may reflect hemoconcentration/transfusion without clear causal link. Weak evidence, so minimal importance."
13_24h_rbc_count_max,0.01,RBC maxima are not a typical AKI trigger post-cardiac surgery and are less informative than low values for oxygen delivery concerns. Kept near-zero to avoid redundancy.
25_36h_rbc_count_max,0.01,Late high RBC count is not a recognized direct predictor of AKI and may reflect transfusion/hemoconcentration with unclear directionality. Minimal importance.
0_12h_rbc_count_min,0.05,"The nadir RBC count captures the worst anemia/hemodilution early after surgery, which can impair renal oxygen delivery and correlate with bleeding/transfusion burden. In 0–12h, capped at a modest value and preferred over mean/max for pathology."
13_24h_rbc_count_min,0.07,"A low RBC nadir during 13–24h may indicate ongoing bleeding/hemodilution and sustained impaired oxygen delivery, plausibly increasing AKI risk. More informative than mean/max and allowed slightly higher weight in this epoch."
25_36h_rbc_count_min,0.06,Low RBC count (anemia/bleeding/hemodilution) can worsen renal oxygen delivery and is associated with postoperative AKI risk. The minimum in the 25–36h window best captures clinically relevant nadir anemia close to the outcome.
0_12h_rbc_count_measured,0.01,Measurement frequency mainly reflects monitoring intensity immediately post-op rather than a direct physiologic driver of AKI. Early post-bypass labs are routine and highly protocolized.
13_24h_rbc_count_measured,0.02,"More frequent RBC checks may reflect ongoing bleeding/transfusion concern, indirectly linked to AKI via hemodynamic instability. Still primarily a behavior/acuity proxy, so kept low."
25_36h_rbc_count_measured,0.03,"Increased RBC monitoring late may indicate persistent anemia/bleeding or instability, which can correlate with AKI risk. As a measurement-frequency proxy (not physiology), it remains <0.05."
0_12h_d_dimer_measured,0.01,"Ordering D-dimer early after cardiac surgery is nonspecific and often reflects routine evaluation for thrombosis/bleeding rather than kidney injury. Measurement presence is a weak, indirect proxy at best."
13_24h_d_dimer_measured,0.02,"D-dimer ordering may reflect concern for thromboembolism/DIC/sepsis, which can secondarily affect renal perfusion. As a behavioral marker and nonspecific test, importance is kept low."
25_36h_d_dimer_measured,0.03,"Late D-dimer ordering can signal evolving thrombosis, inflammation, or DIC—states associated with AKI via microthrombi and shock. Still a test-order proxy, so capped below 0.05."
0_12h_teg_activated_clotting_time_measured,0.01,"TEG/ACT measurement early is common perioperatively to guide anticoagulation and transfusion, not a direct AKI marker. Measurement presence adds little specific renal prognostic information."
13_24h_teg_activated_clotting_time_measured,0.02,"Continued coagulation monitoring may indicate bleeding/coagulopathy requiring transfusion, indirectly linked to AKI through hypotension and inflammation. As a measurement-frequency feature, it remains low."
25_36h_teg_activated_clotting_time_measured,0.03,"Late TEG/ACT checks suggest ongoing coagulopathy/bleeding management, which can correlate with AKI risk via hemodynamic stress and transfusion burden. Still indirect and behavioral, so <0.05."
0_12h_percent_immature_granulocyte_mean,0.01,Immature granulocytes reflect systemic inflammation/stress but are nonspecific immediately post-op and often transient. Mean values in the first 12h are unlikely to add specific AKI signal.
13_24h_percent_immature_granulocyte_mean,0.03,"Persistently elevated immature granulocytes may indicate infection/SIRS, which can contribute to AKI via vasodilation and microcirculatory dysfunction. Mean aggregation is less informative than extremes, so kept modest."
0_12h_percent_immature_granulocyte_max,0.03,"A high early peak can indicate pronounced inflammatory response, which is associated with AKI risk after cardiac surgery. In the 0–12h epoch, derangements are common, so importance is conservative."
13_24h_percent_immature_granulocyte_max,0.06,"A high peak in the trajectory phase suggests evolving infection/SIRS rather than transient post-bypass changes, increasing AKI risk. Max better captures pathologic inflammatory surges than mean/min."
0_12h_percent_immature_granulocyte_min,0.005,Low minima are not a recognized driver or marker of AKI in this context and are likely noise. Early post-op values are especially nonspecific.
13_24h_percent_immature_granulocyte_min,0.005,Minimum immature granulocyte percentage has little mechanistic or prognostic relevance for AKI compared with elevated peaks. Kept near-zero to avoid redundancy with more informative aggregations.
0_12h_percent_immature_granulocyte_measured,0.01,Measurement frequency of immature granulocytes mainly reflects clinician concern for infection/inflammation rather than renal perfusion or tubular injury. As a behavioral proxy it should remain very low.
13_24h_percent_immature_granulocyte_measured,0.01,"Ordering frequency is a weak, indirect marker of evolving sepsis/physiologic stress and not a direct AKI mechanism. Keep low to avoid over-weighting practice-pattern effects."
25_36h_percent_immature_granulocyte_measured,0.02,"More frequent checks late may indicate suspected infection/sepsis which can contribute to AKI, but this is still an indirect behavioral proxy. Capped <0.05 per rules."
0_12h_teg_fibrinolysis_measured,0.01,TEG fibrinolysis testing reflects bleeding/coagulopathy evaluation and is not a specific predictor of postoperative creatinine rise. Early post-op ordering is common and nonspecific.
13_24h_teg_fibrinolysis_measured,0.01,"Continued TEG fibrinolysis assessment suggests ongoing bleeding/coagulopathy management, which is only indirectly related to AKI risk. Not a renal biomarker and should stay minimal."
25_36h_teg_fibrinolysis_measured,0.02,"Late TEG testing may correlate with persistent bleeding/transfusion needs and hemodynamic instability that can worsen renal perfusion, but remains indirect. Keep below 0.05."
0_12h_creatinine_ratio_mean,0.05,"Early postoperative creatinine changes can be transient (hemodilution/CPB effects), and the mean smooths extremes. Use low importance to reduce redundancy with max/min and later epochs."
13_24h_creatinine_ratio_mean,0.08,"Creatinine trajectory by 13–24h begins to reflect evolving renal injury, but the mean still smooths clinically important peaks. Moderate weight within the epoch cap."
25_36h_creatinine_ratio_mean,0.12,"By 25–36h, sustained elevation in creatinine ratio is a strong leading indicator of continued rise by hour 60. Mean captures persistent dysfunction, though max may better reflect acute worsening."
0_12h_creatinine_ratio_max,0.08,An early peak creatinine ratio may indicate immediate renal insult (hypoperfusion/hemolysis) but can still be confounded by perioperative fluid shifts. Kept conservative per 0–12h cap.
13_24h_creatinine_ratio_max,0.16,"A higher peak creatinine ratio in the trajectory phase is a strong predictor of subsequent AKI progression. Max better captures clinically meaningful worsening than mean/min, so it is prioritized."
25_36h_creatinine_ratio_max,0.35,A peak creatinine ratio close to the outcome window is a near-direct biomarker of evolving AKI and strongly predicts the hour-60 ratio. This is the most informative aggregation and epoch for renal injury progression.
0_12h_creatinine_ratio_min,0.01,A low minimum creatinine ratio early is often driven by hemodilution and does not indicate protection from AKI. It adds collinearity without capturing pathology.
13_24h_creatinine_ratio_min,0.01,Minimum values are less clinically relevant for AKI prediction than peaks or sustained elevation. Likely redundant with mean/max and not a trigger for renal injury.
25_36h_creatinine_ratio_min,0.02,"Even late, the minimum creatinine ratio is less informative than the maximum for detecting worsening AKI. Retained at very low weight to limit redundancy."
0_12h_creatinine_ratio_measured,0.03,"More frequent creatinine checks may reflect clinician concern for renal dysfunction or instability, but it is a behavioral proxy rather than physiology. Kept <0.05 per measurement-frequency rule."
13_24h_creatinine_ratio_measured,0.03,Measurement frequency reflects clinician concern and evolving renal status but is not a physiologic driver of AKI. Capped <0.05 per _measured rule and moderate temporal proximity.
25_36h_creatinine_ratio_measured,0.04,"More frequent creatinine checks in the 25–36h window likely indicate suspected renal deterioration closer to the 60h outcome. Still a behavioral proxy, so kept <0.05."
0_12h_x25_percent_albumin_dose_total_12h,0.03,"Hyperoncotic albumin use early post-op may signal hemodynamic instability/third spacing and attempts to augment intravascular volume, indirectly relating to renal hypoperfusion. Early epoch effects are often transient, so kept low."
13_24h_x25_percent_albumin_dose_total_12h,0.05,"Ongoing need for 25% albumin in the trajectory phase can indicate persistent capillary leak or hypotension requiring volume support, which is associated with AKI risk. Still an indirect marker rather than a direct renal biomarker."
25_36h_x25_percent_albumin_dose_total_12h,0.08,"Late requirement for 25% albumin suggests continued intravascular depletion/hemodynamic fragility close to the outcome window, increasing risk of renal hypoperfusion and AKI. More informative in 25–36h than earlier epochs."
0_12h_albumin_5_percent_dose_total_12h,0.02,5% albumin early post-cardiac surgery is common for volume resuscitation and often reflects routine post-bypass management rather than specific AKI pathophysiology. Weak indirect link to renal perfusion.
13_24h_albumin_5_percent_dose_total_12h,0.03,"Continued colloid resuscitation may indicate ongoing vasoplegia/third spacing and risk for renal hypoperfusion, but it remains a nonspecific treatment marker. Kept low to maintain sparsity."
25_36h_albumin_5_percent_dose_total_12h,0.05,Persistent need for 5% albumin in the leading-indicator window can reflect ongoing hemodynamic instability and fluid shifts associated with AKI risk. Still indirect and potentially confounded by practice patterns.
0_12h_acetaminophen_codeine_dose_total_12h,0.005,Analgesic dosing is not a direct driver of postoperative AKI; acetaminophen is generally kidney-safe and codeine mainly affects sedation/respiratory status. Early post-op use is routine and weakly informative.
13_24h_acetaminophen_codeine_dose_total_12h,0.005,"Ongoing acetaminophen-codeine use is primarily a pain-management marker with minimal mechanistic link to renal injury. Any association would be indirect via illness severity or hypotension from oversedation, so kept very low."
25_36h_acetaminophen_codeine_dose_total_12h,0.005,"Late analgesic dosing remains nonspecific and not nephrotoxic in typical dosing ranges. Weak indirect association at most, so minimal inclusion probability."
0_12h_acetaminophen_dose_total_12h,0.005,Acetaminophen is not a typical cause of AKI in ICU dosing and is commonly administered postoperatively. Provides little prognostic information for creatinine rise.
13_24h_acetaminophen_dose_total_12h,0.005,Represents routine analgesia/antipyresis rather than renal perfusion or nephrotoxicity. Any correlation with AKI would be confounded by overall care intensity.
25_36h_acetaminophen_dose_total_12h,0.005,Late acetaminophen dosing is not a meaningful AKI predictor and is largely standard-of-care. Kept at minimal probability to preserve sparsity.
0_12h_allopurinol_dose_total_12h,0.01,Allopurinol use reflects baseline gout/hyperuricemia and is not an acute postoperative AKI driver; dosing may be held/adjusted in renal dysfunction but early post-op is noisy. Weak indirect link only.
13_24h_allopurinol_dose_total_12h,0.02,"Continuation or adjustment of allopurinol may weakly reflect renal function awareness and comorbidity burden, but it is not a direct AKI predictor. Slightly higher than 0–12h due to trajectory relevance but still low."
25_36h_allopurinol_dose_total_12h,0.01,Allopurinol use/dose is not a typical driver of acute post-cardiac surgery AKI and is more reflective of chronic gout management. Rare hypersensitivity/interstitial nephritis is possible but uncommon and not well captured by short-window dosing.
0_12h_aminocaproic_acid_dose_total_12h,0.02,"Antifibrinolytic use mainly reflects bleeding risk/CPB practice rather than renal injury; direct nephrotoxicity is not a dominant mechanism. In the immediate 0–12h period, it is common and weakly informative for later creatinine rise."
13_24h_aminocaproic_acid_dose_total_12h,0.02,Continued aminocaproic acid suggests ongoing bleeding management but has limited direct linkage to AKI compared with hemodynamics and perfusion markers. Thus it remains a low-importance proxy feature.
25_36h_aminocaproic_acid_dose_total_12h,0.03,"Use in the 25–36h window may indicate persistent bleeding/instability and transfusion needs, indirectly increasing AKI risk via hypoperfusion. Still, the medication itself is not a strong renal biomarker, so importance remains low."
0_12h_amiodarone_dose_total_12h,0.03,"Amiodarone indicates postoperative arrhythmia management; AKI risk is indirect via low cardiac output or hypotension rather than drug nephrotoxicity. In 0–12h, arrhythmias are common/transient, so predictive value is limited."
13_24h_amiodarone_dose_total_12h,0.05,"Ongoing amiodarone at 13–24h can mark persistent atrial/ventricular arrhythmias and potential low-output physiology that threatens renal perfusion. It is still an indirect marker, so capped at the plausible-indirect threshold."
25_36h_amiodarone_dose_total_12h,0.07,"Amiodarone use closer to outcome may reflect sustained arrhythmia/low cardiac output requiring treatment, which is an established pathway to renal hypoperfusion and AKI. It remains a surrogate rather than a direct renal biomarker."
0_12h_amlodipine_dose_total_12h,0.01,Amlodipine is a chronic antihypertensive and is not typically titrated for acute ICU hemodynamics post-cardiac surgery. Its presence provides minimal specific information about renal perfusion or impending AKI.
13_24h_amlodipine_dose_total_12h,0.01,"Continuation of amlodipine mainly reflects home-med reconciliation and blood pressure management, not a direct AKI mechanism. Any association with hypotension is weak and confounded by clinician choice."
25_36h_amlodipine_dose_total_12h,0.01,"Amlodipine dosing in this window is unlikely to be a primary determinant of creatinine rise compared with shock, vasopressors, and fluid balance. Therefore it has weak relevance for AKI prediction."
0_12h_ampicillin_dose_total_12h,0.01,Ampicillin is not a classic nephrotoxin and early postoperative antibiotics are often protocolized. In 0–12h it mostly reflects routine prophylaxis rather than renal injury risk.
13_24h_ampicillin_dose_total_12h,0.02,"Antibiotic continuation may indicate infection concern, which can contribute to AKI via inflammation and hemodynamic instability, but this is indirect. Ampicillin itself has low nephrotoxic potential, so importance remains low."
25_36h_ampicillin_dose_total_12h,0.03,"Use at 25–36h may better reflect evolving infection/sepsis risk, which can precipitate AKI through vasodilation and renal hypoperfusion. Still, it is a nonspecific proxy and not a direct renal marker."
0_12h_angiotensin_ii_dose_total_12h,0.08,"Angiotensin II use indicates vasodilatory shock requiring advanced vasopressor support, a strong context for renal hypoperfusion and AKI risk. However, in 0–12h post-CPB instability is common, so the score is conservatively limited."
13_24h_angiotensin_ii_dose_total_12h,0.15,"Requirement for angiotensin II at 13–24h suggests persistent vasoplegia/shock despite standard agents, strongly associated with subsequent AKI. This is a high-acuity hemodynamic marker rather than a direct renal biomarker."
25_36h_angiotensin_ii_dose_total_12h,0.22,"Ongoing angiotensin II in the 25–36h leading-indicator window implies refractory shock and severe renal perfusion threat, which is strongly predictive of creatinine rise by hour 60. It captures sustained hemodynamic collapse close to the outcome."
0_12h_apixaban_dose_total_12h,0.01,"Apixaban exposure is not a direct driver of postoperative AKI; dosing mainly reflects anticoagulation strategy/bleeding risk. In the immediate 0–12h post-op window, it is unlikely to add specific signal for creatinine rise."
13_24h_apixaban_dose_total_12h,0.015,"Ongoing anticoagulation choice may weakly proxy overall stability and bleeding/transfusion risk, which can indirectly affect renal perfusion. Still, apixaban itself is not a typical nephrotoxin or primary AKI predictor."
25_36h_apixaban_dose_total_12h,0.02,"Later apixaban use may indicate recovery trajectory (able to resume oral anticoagulation) and fewer complications, indirectly relating to AKI risk. The medication is not a direct renal injury marker, so importance remains low."
0_12h_aspirin_dose_total_12h,0.01,Aspirin at typical post-cardiac surgery doses is not a strong determinant of AKI compared with hemodynamics and nephrotoxins. Early administration is largely protocol-driven and provides minimal specific prognostic information.
13_24h_aspirin_dose_total_12h,0.015,"Continuation of aspirin may weakly reflect clinical stability and absence of major bleeding, which can indirectly influence renal outcomes. It is not a direct biomarker or established driver of postoperative creatinine rise."
25_36h_aspirin_dose_total_12h,0.02,"By 25–36h, aspirin use can serve as a mild proxy for recovery and fewer complications, indirectly associated with lower AKI risk. The drug itself is not a typical cause of acute postoperative AKI at standard dosing."
0_12h_atorvastatin_dose_total_12h,0.01,Statin dosing is generally chronic therapy continuation and not an acute determinant of renal perfusion or tubular injury in the first 12 hours. Any pleiotropic renal-protective effects are modest and not immediate.
13_24h_atorvastatin_dose_total_12h,0.015,"Resumption of statin may weakly indicate clinical stability and ability to take enteral meds, indirectly correlating with lower complication burden. It is not a direct predictor of AKI trajectory."
25_36h_atorvastatin_dose_total_12h,0.02,"Later statin administration may reflect recovery and fewer severe complications, which can indirectly relate to renal outcomes. Statins are not a primary AKI driver, so importance remains low."
0_12h_bisacodyl_dose_total_12h,0.005,Bisacodyl use reflects bowel regimen practices rather than renal physiology or perfusion. It has no meaningful mechanistic link to postoperative AKI.
13_24h_bisacodyl_dose_total_12h,0.005,Bowel regimen administration is largely routine ICU care and not informative for kidney injury risk. Any association would be incidental and non-causal.
25_36h_bisacodyl_dose_total_12h,0.005,Bisacodyl remains a weak behavioral/routine-care marker with no direct renal relevance. It should not contribute meaningfully to predicting creatinine_ratio.
0_12h_bivalirudin_dose_total_12h,0.03,"Bivalirudin use often indicates suspected/confirmed HIT or complex anticoagulation needs, which can correlate with critical illness and thrombotic/bleeding complications affecting renal perfusion. In 0–12h, cap remains low due to transient post-op confounding."
13_24h_bivalirudin_dose_total_12h,0.04,"Continued bivalirudin suggests ongoing high-acuity anticoagulation management (e.g., HIT/ECMO/CRRT contexts), indirectly associated with AKI risk. It is still not a direct renal biomarker, so importance stays <0.05."
25_36h_bivalirudin_dose_total_12h,0.05,"In the 25–36h window, bivalirudin can be a stronger proxy for severe complications and organ support needs that predispose to AKI. It remains an indirect marker rather than a direct cause, so kept at the plausible-link cap."
0_12h_bumetanide_dose_total_12h,0.06,"Early loop diuretic requirement can reflect volume overload, low cardiac output, or attempts to manage oliguria, all linked to AKI risk after cardiac surgery. In 0–12h, interpretation is confounded by immediate post-bypass shifts, so importance is moderate but capped by epoch."
13_24h_bumetanide_dose_total_12h,0.08,"Loop diuretic requirement in the trajectory phase can reflect oliguria/volume overload and evolving cardiorenal syndrome, both associated with subsequent creatinine rise. Some confounding by indication, but clinically informative."
25_36h_bumetanide_dose_total_12h,0.14,"Nearer to the outcome window, escalating bumetanide dose often signals persistent oliguria/diuretic resistance and worsening congestion, which strongly correlates with impending AKI and creatinine increase."
0_12h_calcium_acetate_dose_total_12h,0.01,Phosphate binder use early post-op is usually chronic ESRD/CKD management and not a direct driver of acute creatinine change in this immediate post-bypass period.
13_24h_calcium_acetate_dose_total_12h,0.02,"May proxy advanced CKD/mineral bone disease, which increases AKI susceptibility, but it is indirect and heavily confounded by baseline renal status and prescribing habits."
25_36h_calcium_acetate_dose_total_12h,0.03,"Continued phosphate binder use can indicate significant underlying CKD and ICU concern for hyperphosphatemia, modestly increasing AKI risk but remaining an indirect marker."
0_12h_calcium_carbonate_dose_total_12h,0.01,Typically used as a supplement/antacid or chronic binder; it has no specific mechanistic link to acute postoperative renal hypoperfusion or tubular injury in this early window.
13_24h_calcium_carbonate_dose_total_12h,0.02,May weakly reflect CKD-related management or nutritional supplementation; indirect association with AKI risk at best.
25_36h_calcium_carbonate_dose_total_12h,0.02,"Ongoing use is more reflective of baseline comorbidity or routine care than an acute renal insult, so predictive value for creatinine_ratio is limited."
0_12h_calcium_chloride_dose_total_12h,0.06,"Calcium chloride is often given for hemodynamic instability, massive transfusion, or post-CPB electrolyte derangements; these contexts can accompany renal hypoperfusion. Early epoch cap applied."
13_24h_calcium_chloride_dose_total_12h,0.07,"Ongoing need may indicate persistent instability/vasopressor use or significant transfusion burden, both associated with AKI risk, though calcium itself is not causal."
25_36h_calcium_chloride_dose_total_12h,0.09,"Late requirement suggests continued critical illness (shock, transfusion, severe electrolyte issues) close to the outcome window, which is associated with higher AKI likelihood."
0_12h_calcium_gluconate_dose_total_12h,0.04,Often administered for hypocalcemia or hyperkalemia treatment during immediate post-op fluctuations; it is an indirect marker of severity and early metabolic derangement. Conservative scoring for 0–12h.
13_24h_calcium_gluconate_dose_total_12h,0.05,"May reflect ongoing electrolyte disturbances (e.g., hyperkalemia management) that can accompany evolving renal dysfunction, but remains nonspecific and confounded."
25_36h_calcium_gluconate_dose_total_12h,0.07,"Later calcium gluconate use can signal hyperkalemia or persistent metabolic instability closer to hour 60, which is more predictive of worsening renal function."
0_12h_carvedilol_dose_total_12h,0.01,"Beta-blocker administration early post-op is usually routine continuation and not a direct predictor of AKI; dosing is often held/adjusted for hemodynamics, adding noise. Early epoch cap applied."
13_24h_carvedilol_dose_total_12h,0.02,"Continuation may weakly reflect hemodynamic stability (and thus lower AKI risk), but the relationship is indirect and highly confounded by clinician practice and blood pressure/heart rate targets."
25_36h_carvedilol_dose_total_12h,0.02,"Beta-blockade can contribute to bradycardia/hypotension and reduced renal perfusion, but carvedilol dose in this window is usually maintenance rather than a primary AKI driver."
0_12h_cefepime_dose_total_12h,0.02,"Cefepime is renally cleared and dosing may reflect renal function concerns, but it is not a typical direct cause of early post-cardiac surgery AKI; early epoch capped conservatively."
13_24h_cefepime_dose_total_12h,0.03,"Ongoing cefepime use may proxy infection/sepsis severity and renal-dose adjustments, which can relate indirectly to AKI risk, but remains a weak-to-plausible predictor."
25_36h_cefepime_dose_total_12h,0.04,"Closer to the outcome, cefepime dosing can reflect evolving infection/acuity and renal dosing changes, providing a modest indirect signal for impending creatinine rise."
0_12h_ceftriaxone_dose_total_12h,0.01,Ceftriaxone is not strongly nephrotoxic and is often routine perioperative coverage; early administration provides little specific prognostic information for AKI.
13_24h_ceftriaxone_dose_total_12h,0.02,"May indicate ongoing infection treatment, which can be associated with AKI via sepsis/hemodynamics, but ceftriaxone itself is not a strong renal insult."
25_36h_ceftriaxone_dose_total_12h,0.03,"Continued antibiotic therapy near 36h can proxy persistent infection/inflammation and higher illness severity, indirectly increasing AKI risk."
0_12h_clonidine_dose_total_12h,0.02,"Clonidine can lower sympathetic tone and blood pressure, potentially reducing renal perfusion, but early postoperative use is typically for sedation/analgesia adjunct and is a weak predictor."
13_24h_clonidine_dose_total_12h,0.03,"Ongoing clonidine may reflect need for BP control/sedation and can contribute to hypotension, giving a modest indirect link to AKI risk."
25_36h_clonidine_dose_total_12h,0.04,"In the leading-indicator window, clonidine-associated hypotension/bradycardia or continued need for sedation can correlate with hemodynamic fragility that predisposes to AKI."
0_12h_clopidogrel_dose_total_12h,0.01,Antiplatelet therapy is not a direct driver of postoperative AKI; early use mainly reflects cardiac indication rather than renal physiology.
13_24h_clopidogrel_dose_total_12h,0.01,"Continued clopidogrel use has minimal mechanistic connection to creatinine rise aside from rare bleeding-related hypotension, so predictive value is weak."
25_36h_clopidogrel_dose_total_12h,0.01,Clopidogrel remains largely unrelated to renal injury mechanisms in this context; any association would be indirect and uncommon.
0_12h_colchicine_dose_total_12h,0.01,Colchicine is not a typical cause of acute postoperative AKI; early administration (often for pericarditis prophylaxis) provides little renal prognostic signal.
13_24h_colchicine_dose_total_12h,0.01,Colchicine use is generally unrelated to renal perfusion or tubular injury in the short term; dosing may be adjusted in CKD but is a weak predictor here.
25_36h_colchicine_dose_total_12h,0.02,"Near 36h, colchicine dosing could weakly reflect clinician awareness of renal function (dose reduction/avoidance), but it is not a strong AKI driver."
0_12h_d10_lr_dose_total_12h,0.01,"D10LR use mainly reflects routine postoperative maintenance fluids or hypoglycemia management rather than a specific AKI mechanism. In the immediate 0–12h window, fluid choice/administration is highly protocolized and transient."
13_24h_d10_lr_dose_total_12h,0.02,"Continued D10LR may indicate ongoing dextrose needs or nutrition/maintenance strategy, which is only indirectly related to AKI risk. It is not a direct marker of renal hypoperfusion or nephrotoxicity."
25_36h_d10_lr_dose_total_12h,0.03,"Later need for D10LR can be a weak proxy for ongoing critical illness or poor oral/enteral intake, which correlates with AKI risk indirectly. Still, it is not a strong physiologic driver compared with hemodynamics, urine output, or creatinine trends."
0_12h_d10w_dose_total_12h,0.01,D10W administration is typically for glucose management/maintenance and has no direct causal link to postoperative AKI. Early postoperative use is common and nonspecific.
13_24h_d10w_dose_total_12h,0.02,"Ongoing D10W may reflect persistent hypoglycemia risk or nutrition issues, which are only indirectly associated with AKI. It does not directly capture renal perfusion, congestion, or nephrotoxic exposure."
25_36h_d10w_dose_total_12h,0.03,"Persistent D10W use closer to the outcome can weakly indicate ongoing instability or inability to feed, which may co-occur with AKI. However, it remains a nonspecific supportive therapy rather than an AKI biomarker."
0_12h_d5_0_45ns_dose_total_12h,0.03,"Hypotonic maintenance fluids can contribute to fluid balance patterns, but they are not established direct predictors of AKI after cardiac surgery. In 0–12h, fluid administration is heavily influenced by routine postoperative protocols and resuscitation needs."
13_24h_d5_0_45ns_dose_total_12h,0.03,"Use of D5 0.45% NS may reflect maintenance strategy and overall fluid exposure, which is only indirectly linked to AKI via congestion/hemodilution. It is not a specific indicator of renal hypoperfusion or tubular injury."
25_36h_d5_0_45ns_dose_total_12h,0.04,"Later maintenance fluid requirements can weakly proxy ongoing illness severity and net fluid balance, which can worsen renal congestion and AKI risk. Still, the fluid type/dose is a relatively nonspecific predictor compared with hemodynamics and renal labs."
0_12h_d5_lr_dose_total_12h,0.02,D5LR is generally used for maintenance/volume support and is not a direct AKI trigger. Early postoperative administration is common and not strongly discriminative for later creatinine rise.
13_24h_d5_lr_dose_total_12h,0.03,"Continued D5LR may indicate ongoing fluid needs and illness severity, indirectly associated with AKI through fluid overload or hemodynamic instability. The association is modest and nonspecific."
25_36h_d5_lr_dose_total_12h,0.04,"Ongoing crystalloid administration closer to hour 60 can reflect persistent hemodynamic issues or attempts to augment renal perfusion, indirectly linked to AKI risk. However, crystalloid dose/type alone is not a strong direct predictor without concurrent BP/pressors/urine output context."
0_12h_d5_ns_dose_total_12h,0.03,"Normal saline exposure can contribute to hyperchloremia and renal vasoconstriction, but early postoperative use is routine and confounded by resuscitation needs. In the 0–12h epoch, predictive value for later creatinine ratio is limited."
13_24h_d5_ns_dose_total_12h,0.04,"Ongoing saline administration may increase chloride load and reflect continued resuscitation, both plausibly linked to AKI risk. Still, it is an indirect and confounded marker compared with direct renal/hemodynamic measures."
25_36h_d5_ns_dose_total_12h,0.05,"Persistent saline use in the 25–36h window can be a weak leading indicator of ongoing instability and chloride burden, which may worsen renal perfusion and AKI risk. Kept at the indirect-link cap because fluid choice/dose is highly confounded by clinician response to evolving AKI."
0_12h_d50w_dose_total_12h,0.01,D50W is typically given for acute hypoglycemia treatment and has no direct mechanistic link to postoperative AKI. In the immediate postoperative period it is an episodic intervention and not a reliable predictor of creatinine rise.
13_24h_d50w_dose_total_12h,0.01,D50W use mainly reflects hypoglycemia treatment or insulin protocols rather than renal perfusion or tubular injury. Any association with AKI is indirect and confounded by overall illness severity.
25_36h_d50w_dose_total_12h,0.02,"Later D50W administration may mark metabolic instability or aggressive insulin therapy, which can correlate with higher acuity. It is not a direct AKI mechanism, so it remains a weak predictor."
0_12h_d5w_dose_total_12h,0.01,D5W volume is typically maintenance/free-water and does not directly indicate renal hypoperfusion or nephrotoxicity. In the immediate post-op window it is especially nonspecific.
13_24h_d5w_dose_total_12h,0.02,"D5W use can reflect fluid strategy or hypernatremia management, which is only indirectly related to AKI risk. It is not a primary driver of creatinine rise."
25_36h_d5w_dose_total_12h,0.03,"In the 25–36h window, higher D5W may signal ongoing dysnatremia management or fluid adjustments in a sicker patient. Still, it is an indirect proxy rather than a causal AKI factor."
0_12h_dialysate_infusion_dose_total_12h,0.1,"Dialysate infusion implies renal replacement therapy or preparation for it, which strongly correlates with severe renal dysfunction. However, in 0–12h this may reflect intra/post-op transient issues and is capped by the early-epoch rule."
13_24h_dialysate_infusion_dose_total_12h,0.2,"Need for dialysate by 13–24h indicates evolving severe AKI or refractory metabolic/volume derangements, making it a strong predictor of higher creatinine_ratio. This is close to a direct marker of renal failure trajectory."
25_36h_dialysate_infusion_dose_total_12h,0.6,"Dialysate infusion in the 25–36h leading-indicator window is essentially a direct indicator of severe AKI requiring RRT, which strongly predicts elevated creatinine_ratio by hour 60. It reflects definitive renal failure/critical metabolic instability."
0_12h_dilaudid_pca_dose_total_12h,0.01,Opioid PCA dosing is primarily analgesia-related and not a direct AKI driver. Early post-op dosing is routine and poorly specific for renal injury.
13_24h_dilaudid_pca_dose_total_12h,0.01,Continued PCA use reflects pain control needs and care pathway rather than renal perfusion. Any AKI association would be weak and confounded.
25_36h_dilaudid_pca_dose_total_12h,0.01,PCA dosing at 25–36h remains a nonspecific marker of analgesia requirements. It has no established causal link to postoperative AKI.
0_12h_hydromorphone_dose_total_12h,0.01,Systemic hydromorphone dosing is common after cardiac surgery and does not directly affect kidney perfusion or nephrotoxicity. Early dosing is especially routine and nonspecific.
13_24h_hydromorphone_dose_total_12h,0.02,"Higher opioid needs may correlate with complications (e.g., prolonged ventilation) but is an indirect and noisy proxy for AKI risk. No strong mechanistic link to creatinine rise."
25_36h_hydromorphone_dose_total_12h,0.02,"Ongoing opioid requirement may reflect persistent critical illness, which can co-occur with AKI, but it is not a direct predictor. Kept low to maintain sparsity."
0_12h_dobutamine_dose_total_12h,0.08,"Dobutamine use indicates low cardiac output/cardiogenic shock physiology that can reduce renal perfusion and precipitate AKI. In the immediate 0–12h period this is common post-CPB, so the score is conservatively capped."
13_24h_dobutamine_dose_total_12h,0.15,"Persistent inotrope requirement at 13–24h suggests ongoing low-output state and renal hypoperfusion, an established driver of postoperative AKI. This trajectory-phase signal is more prognostic than immediate post-op use."
25_36h_dobutamine_dose_total_12h,0.12,"Dobutamine use/dose in the 25–36h window is a proxy for persistent low cardiac output/cardiogenic shock, which directly reduces renal perfusion and increases AKI risk. Higher dose suggests more severe hemodynamic compromise close to the creatinine outcome."
0_12h_docusate_dose_total_12h,0.005,Docusate is a bowel regimen medication with no meaningful physiologic link to renal perfusion or nephrotoxicity. Early postoperative administration mainly reflects routine care.
13_24h_docusate_dose_total_12h,0.005,Docusate dosing is not mechanistically related to AKI and is largely standard ICU maintenance. It provides minimal prognostic information for creatinine rise.
25_36h_docusate_dose_total_12h,0.005,Bowel regimen use does not indicate renal injury or hemodynamic instability. Any association would be incidental rather than causal.
0_12h_dopamine_dose_total_12h,0.06,"Dopamine use early after surgery can indicate hypotension/low output requiring vasoactive support, which is linked to AKI risk, but this immediate period is often transient post-CPB. Score is capped by the 0–12h conservatism rule."
13_24h_dopamine_dose_total_12h,0.1,"Ongoing dopamine requirement in 13–24h suggests failure to stabilize and persistent hemodynamic compromise, increasing AKI risk. Dose also reflects severity of shock/vasoplegia affecting renal perfusion."
25_36h_dopamine_dose_total_12h,0.15,Dopamine requirement close to the outcome window is a strong marker of ongoing shock/low cardiac output and renal hypoperfusion. Persistent vasoactive dependence is consistently associated with postoperative AKI.
0_12h_enoxaparin_dose_total_12h,0.01,"Enoxaparin is not a typical direct driver of AKI; dosing is mainly prophylaxis/anticoagulation strategy. Any relationship to creatinine is indirect (e.g., bleeding/hypotension) and weak in this early window."
13_24h_enoxaparin_dose_total_12h,0.015,Enoxaparin use is largely protocol-driven and only indirectly related to AKI risk. It may weakly proxy clinical stability (able to anticoagulate) rather than renal injury.
25_36h_enoxaparin_dose_total_12h,0.02,"Later enoxaparin administration may reflect recovery/stability and adequate hemostasis, but it is not a renal biomarker and has limited mechanistic linkage to AKI. Potential confounding by renal-dose adjustment is possible but not definitive."
0_12h_ephedrine_sulfate_dose_total_12h,0.03,"Ephedrine boluses typically treat transient perioperative hypotension; hypotension can contribute to renal hypoperfusion but is often short-lived immediately post-op. As a binary indicator, it is a coarse proxy for early instability."
13_24h_ephedrine_sulfate_dose_total_12h,0.04,"Need for ephedrine in 13–24h may indicate intermittent hypotension/vasoplegia, which can worsen renal perfusion. However, bolus use is variable practice and less informative than continuous vasopressors."
25_36h_ephedrine_sulfate_dose_total_12h,0.05,"Ephedrine use in 25–36h suggests ongoing hypotensive episodes closer to the creatinine outcome, plausibly contributing to AKI risk. Still, it is an indirect and practice-dependent marker, so kept modest."
0_12h_esmolol_dose_total_12h,0.02,"Esmolol use early post-op often reflects rate control for tachyarrhythmias; its relationship to AKI is indirect via hemodynamics. In the immediate post-CPB period, this is frequently transient and not strongly predictive."
13_24h_esmolol_dose_total_12h,0.03,"Continued esmolol may indicate atrial fibrillation/tachycardia management, which can correlate with illness severity and reduced cardiac output. The link to AKI is indirect and modest."
25_36h_esmolol_dose_total_12h,0.04,Esmolol requirement in 25–36h can proxy persistent arrhythmia or high sympathetic tone affecting cardiac output and renal perfusion. It remains an indirect marker and is scored conservatively for sparsity.
0_12h_etomidate_dose_total_12h,0.02,"Etomidate can cause transient adrenal suppression that may contribute indirectly to vasopressor needs and renal hypoperfusion, but it is not a primary AKI driver. Early (0–12h) exposure is common peri-intubation and weakly discriminative."
13_24h_etomidate_dose_total_12h,0.03,"Ongoing etomidate use beyond induction may reflect persistent instability/sedation needs, indirectly correlating with shock risk. Still an indirect marker rather than a direct renal insult."
25_36h_etomidate_dose_total_12h,0.04,"Etomidate use this late is atypical and may signal ongoing critical illness with hemodynamic vulnerability, which can precede AKI. The drug itself is not strongly nephrotoxic, so importance remains low."
0_12h_ezetimibe_dose_total_12h,0.005,Ezetimibe has no meaningful acute hemodynamic or nephrotoxic effect relevant to postoperative AKI. Early administration is largely routine medication reconciliation.
13_24h_ezetimibe_dose_total_12h,0.005,Ezetimibe is not an established perioperative AKI risk factor and is unlikely to influence creatinine trajectory. Use mainly reflects chronic lipid management.
25_36h_ezetimibe_dose_total_12h,0.005,Continuation of ezetimibe does not plausibly affect renal perfusion or tubular injury in this timeframe. Any association would be confounding by baseline comorbidity.
0_12h_famotidine_dose_total_12h,0.01,"Famotidine is standard stress-ulcer prophylaxis and not a typical cause of AKI. Dose may be adjusted in renal dysfunction, but in the immediate postoperative window this is weakly informative."
13_24h_famotidine_dose_total_12h,0.015,"Famotidine dosing can be reduced when renal function worsens, so it may weakly reflect clinician response to early creatinine changes. It is still an indirect and nonspecific signal."
25_36h_famotidine_dose_total_12h,0.02,"Later famotidine dose adjustments may track evolving renal impairment (renal dosing), providing a modest indirect clue about AKI trajectory. It is not a causal driver of AKI."
0_12h_fentanyl_pca_dose_total_12h,0.005,Fentanyl PCA use/dose is primarily analgesia practice and does not directly injure kidneys. Early postoperative dosing is common and poorly specific for AKI risk.
13_24h_fentanyl_pca_dose_total_12h,0.01,"Higher PCA requirements may correlate with agitation/pain and sympathetic stress, but links to AKI are indirect and confounded by illness severity. Not a recognized AKI predictor."
25_36h_fentanyl_pca_dose_total_12h,0.01,Ongoing PCA dosing may reflect recovery trajectory and extubation status rather than renal physiology. Any association with creatinine is likely indirect via overall severity.
0_12h_fentanyl_dose_total_12h,0.01,Fentanyl is hemodynamically relatively stable and not nephrotoxic; dosing mainly reflects sedation/analgesia needs. In the immediate 0–12h period it is weakly informative for AKI.
13_24h_fentanyl_dose_total_12h,0.02,"Higher fentanyl doses can be a proxy for ongoing mechanical ventilation and critical illness, which correlates with AKI risk through shock/inflammation pathways. Still indirect and nonspecific."
25_36h_fentanyl_dose_total_12h,0.03,"Persistent high opioid requirements late may indicate prolonged ventilation/instability and higher severity of illness, which is associated with AKI. The medication itself is not a direct renal toxin, so importance remains low."
0_12h_flutacisone_nasal_spray_dose_total_12h,0.001,Intranasal fluticasone has negligible systemic effect at typical doses and no meaningful relationship to postoperative renal perfusion or tubular injury. Use reflects chronic rhinitis management rather than AKI risk.
13_24h_flutacisone_nasal_spray_dose_total_12h,0.005,Intranasal corticosteroid use is not physiologically linked to renal hypoperfusion or nephrotoxicity in the ICU setting. Likely reflects chronic rhinitis management rather than AKI risk.
25_36h_flutacisone_nasal_spray_dose_total_12h,0.005,Intranasal fluticasone has minimal systemic effect at typical doses and is not an AKI driver. Unlikely to add prognostic signal for creatinine rise.
0_12h_folic_acid_dose_total_12h,0.005,Folic acid administration is not a known contributor to postoperative AKI and is typically routine supplementation. In the immediate post-op window it is unlikely to reflect renal trajectory.
13_24h_folic_acid_dose_total_12h,0.005,"Folic acid use is not mechanistically related to renal perfusion, tubular injury, or nephrotoxicity. More indicative of baseline nutritional/hematologic management than AKI risk."
25_36h_folic_acid_dose_total_12h,0.005,Folic acid dosing does not directly affect creatinine kinetics or AKI pathophysiology. Unlikely to provide predictive value for creatinine_ratio at 60h.
0_12h_furosemide_dose_total_12h,0.08,"Early loop diuretic requirement can indicate volume overload/low cardiac output management and may mask oliguria, both associated with AKI risk. Capped by 0–12h epoch conservatism where diuresis is often protocolized."
13_24h_furosemide_dose_total_12h,0.12,"Ongoing diuretic dosing in the trajectory phase may reflect persistent congestion, renal hypoperfusion, or attempts to manage declining urine output, all linked to AKI risk. More informative than immediate post-op dosing but still indirect."
25_36h_furosemide_dose_total_12h,0.18,"Diuretic escalation close to the outcome window often reflects worsening fluid overload, cardiorenal syndrome, or reduced renal reserve and is commonly associated with subsequent creatinine rise. Also captures clinician response to oliguria/AKI evolution."
0_12h_gabapentin_dose_total_12h,0.01,Gabapentin is not nephrotoxic; dosing is often routine analgesia and may be reduced in renal dysfunction rather than causing it. In the immediate post-op period it is unlikely to predict AKI beyond general illness severity.
13_24h_gabapentin_dose_total_12h,0.01,Gabapentin use mainly reflects pain regimen; any association with AKI would be confounded by dose adjustment in renal impairment. Not a direct driver of creatinine increase.
25_36h_gabapentin_dose_total_12h,0.015,"Later gabapentin dosing may weakly reflect preserved renal function (continued dosing) versus dose-holding in AKI, but this is an indirect behavioral signal. Kept low to avoid overinterpreting confounding."
0_12h_guaifenesin_dose_total_12h,0.005,Guaifenesin is not linked to renal hypoperfusion or nephrotoxicity and is typically symptomatic therapy. Provides no meaningful mechanistic signal for AKI.
13_24h_guaifenesin_dose_total_12h,0.005,Expect minimal relationship to postoperative renal injury; reflects secretion management rather than kidney physiology. Any association would be incidental.
25_36h_guaifenesin_dose_total_12h,0.005,No established connection between guaifenesin dosing and AKI development. Unlikely to improve prediction of creatinine_ratio.
0_12h_half_normal_saline_dose_total_12h,0.04,"Early hypotonic fluid administration may relate to overall resuscitation strategy and hemodynamic instability, indirectly affecting renal perfusion. In 0–12h this is often protocol-driven and transient, so kept low."
13_24h_half_normal_saline_dose_total_12h,0.06,"Continued IV fluid needs in the trajectory phase can reflect ongoing hemodynamic support or attempts to treat low urine output, which are associated with AKI risk. Half-normal saline itself is not nephrotoxic, so importance remains modest."
25_36h_half_normal_saline_dose_total_12h,0.03,"IV fluid choice/volume can influence renal perfusion and chloride load, but 0.45% saline is not a strong independent AKI driver; dose mainly reflects resuscitation/maintenance needs."
0_12h_heparin_dose_total_12h,0.01,"Heparin dosing is primarily related to anticoagulation strategy (e.g., CPB/lines) and is not a direct predictor of AKI; early post-op window is also highly protocol-driven."
13_24h_heparin_dose_total_12h,0.01,"Ongoing heparin use reflects anticoagulation management rather than renal injury physiology; only indirect links (bleeding/transfusion, HIT) and thus weak predictive value."
25_36h_heparin_dose_total_12h,0.02,"Later heparin may proxy complications (thrombosis/ECMO/CRRT circuit anticoagulation), but it is still not a direct AKI mechanism and should remain low for sparsity."
0_12h_hydralazine_dose_total_12h,0.02,"Antihypertensive use can relate to blood pressure management, but hydralazine dose is an indirect and protocol-influenced marker; early epoch capped conservatively."
13_24h_hydralazine_dose_total_12h,0.03,"May reflect persistent hypertension and attempts to optimize afterload, which can correlate with hemodynamic instability, but it is not an established AKI predictor on its own."
25_36h_hydralazine_dose_total_12h,0.04,"In the leading-indicator window, need for vasodilators may signal ongoing hemodynamic management that could affect renal perfusion, but the relationship remains indirect."
0_12h_hydrocodone_acetaminophen_dose_total_12h,0.01,Analgesic dosing is driven by pain control and sedation strategy; acetaminophen at typical doses is not nephrotoxic and opioid dose is not a renal biomarker.
13_24h_hydrocodone_acetaminophen_dose_total_12h,0.01,Continued opioid/acetaminophen use mainly reflects pain management and mobilization; minimal mechanistic link to AKI compared with hemodynamics and nephrotoxins.
25_36h_hydrocodone_acetaminophen_dose_total_12h,0.01,Later analgesic requirements do not directly indicate renal hypoperfusion or tubular injury; keep very low to avoid adding noise.
0_12h_hydrocortisone_dose_total_12h,0.03,"Steroid use can proxy vasoplegia/septic physiology and catecholamine-refractory shock, which can threaten renal perfusion, but early post-op use is often protocolized."
13_24h_hydrocortisone_dose_total_12h,0.05,"Hydrocortisone in this phase may better indicate persistent vasoplegia/shock requiring support, an established AKI risk context, though still indirect."
25_36h_hydrocortisone_dose_total_12h,0.08,"Ongoing steroid need at 25–36h suggests sustained shock/vasoplegia and high illness severity, which is associated with subsequent AKI via renal hypoperfusion and inflammation."
0_12h_hypertonic_saline_dose_total_12h,0.02,"Hypertonic saline use is uncommon and may reflect neuro/ICP concerns or severe hyponatremia; it can affect osmolarity but is not a typical AKI driver, and early epoch is conservative."
13_24h_hypertonic_saline_dose_total_12h,0.03,May indicate ongoing critical illness and electrolyte derangements; potential renal stress via hypernatremia/osmotic load is plausible but not a strong established predictor.
25_36h_hypertonic_saline_dose_total_12h,0.04,"In the leading window, continued hypertonic therapy may signal severe ongoing pathology and dysnatremia management; still an indirect association with AKI risk."
0_12h_ibuprofen_dose_total_12h,0.06,"NSAIDs can reduce renal prostaglandin-mediated afferent arteriolar dilation and worsen renal perfusion, increasing AKI risk, but early post-op exposure may be limited and confounded by analgesia practices (0–12h capped)."
13_24h_ibuprofen_dose_total_12h,0.09,"Ongoing NSAID use in the trajectory phase can contribute to prerenal/ischemic AKI, especially in elderly post-cardiac surgery patients with marginal perfusion."
25_36h_ibuprofen_dose_total_12h,0.12,NSAID exposure closer to the outcome window is a more actionable nephrotoxic signal and may amplify creatinine rise when renal perfusion is still tenuous.
0_12h_inhaled_acetylcysteine_dose_total_12h,0.01,"Inhaled acetylcysteine is used for airway secretion management and has no direct, established link to postoperative AKI risk."
13_24h_inhaled_acetylcysteine_dose_total_12h,0.01,Primarily reflects pulmonary toilet/bronchial hygiene needs rather than renal perfusion or nephrotoxicity.
25_36h_inhaled_acetylcysteine_dose_total_12h,0.01,Not a renal biomarker or nephrotoxin; any association with AKI would be indirect via overall illness severity and is expected to be weak.
0_12h_inhaled_arformoterol_dose_total_12h,0.01,Inhaled LABA use reflects obstructive lung disease/bronchospasm management and is not a meaningful driver of AKI (0–12h also highly confounded).
13_24h_inhaled_arformoterol_dose_total_12h,0.01,No direct renal mechanism; at most a weak proxy for pulmonary comorbidity/acuity rather than kidney injury.
25_36h_inhaled_arformoterol_dose_total_12h,0.01,Unlikely to influence creatinine trajectory; any signal would be indirect and should be kept very low for sparsity.
0_12h_inhaled_budesonide_dose_total_12h,0.01,Inhaled corticosteroids have minimal systemic effect at typical doses and are not established predictors of postoperative AKI.
13_24h_inhaled_budesonide_dose_total_12h,0.01,Represents chronic airway disease treatment; lacks a direct physiologic link to renal hypoperfusion or nephrotoxicity.
25_36h_inhaled_budesonide_dose_total_12h,0.01,Not expected to affect creatinine ratio; any association would be non-causal and weak.
0_12h_inhaled_levalbuterol_dose_total_12h,0.01,Short-acting bronchodilator use is not a direct AKI risk factor; it mainly reflects bronchospasm/ventilator management rather than renal physiology.
13_24h_inhaled_levalbuterol_dose_total_12h,0.01,At most a weak severity-of-illness proxy; no established causal pathway to postoperative creatinine rise.
25_36h_inhaled_levalbuterol_dose_total_12h,0.01,"Unlikely to contribute meaningfully to AKI prediction compared with hemodynamics, nephrotoxins, and renal labs."
0_12h_inhaled_sodium_chloride_dose_total_12h,0.01,Nebulized saline is supportive airway therapy and has no meaningful relationship to renal perfusion or nephrotoxic exposure (0–12h also highly routine).
13_24h_inhaled_sodium_chloride_dose_total_12h,0.005,Nebulized saline is primarily for airway clearance and has no direct renal perfusion or nephrotoxic effect. Dose mainly reflects respiratory secretion burden rather than AKI physiology.
25_36h_inhaled_sodium_chloride_dose_total_12h,0.005,Inhaled saline use is not a mechanistic driver of AKI and is unlikely to track kidney injury trajectory. At most it is a weak proxy for pulmonary issues/acuity.
0_12h_inhlaed_levalbuterol_dose_total_12h,0.01,"Inhaled beta-agonist dosing reflects bronchospasm/ventilator management and is not a known AKI trigger. Early post-op use is common and transient, limiting prognostic value for creatinine rise."
13_24h_inhlaed_levalbuterol_dose_total_12h,0.01,Levalbuterol dose is largely driven by respiratory status and clinician preference rather than renal perfusion. Any association with AKI would be indirect via overall illness severity.
25_36h_inhlaed_levalbuterol_dose_total_12h,0.015,"Persistent need for bronchodilators may weakly indicate ongoing cardiopulmonary instability, which can correlate with AKI risk. However it remains an indirect, non-specific marker."
0_12h_insulin_glargine_dose_total_12h,0.01,Basal insulin dosing reflects diabetes management rather than acute renal hypoperfusion or nephrotoxicity. In the immediate post-op window it is often protocol-driven and not specific for AKI.
13_24h_insulin_glargine_dose_total_12h,0.015,"Basal insulin use may indirectly capture diabetes severity, a background AKI risk factor, but dose is not a direct predictor of postoperative creatinine rise. Effects are confounded by nutrition and glycemic protocols."
25_36h_insulin_glargine_dose_total_12h,0.02,"Ongoing basal insulin requirement can weakly proxy underlying diabetes and metabolic stress, which are associated with AKI risk. Still, it is not a direct renal biomarker and should remain low for sparsity."
0_12h_insulin_levemir_dose_total_12h,0.01,Detemir dosing is a diabetes treatment variable without a direct causal link to AKI. Early post-op dosing is often routine and not informative for later creatinine ratio.
13_24h_insulin_levemir_dose_total_12h,0.015,"May indirectly reflect diabetes burden and stress hyperglycemia, which correlate with worse outcomes including AKI. Dose itself is not mechanistically tied to renal injury."
25_36h_insulin_levemir_dose_total_12h,0.02,"Continued basal insulin needs may indicate persistent metabolic stress/diabetes, modestly increasing AKI susceptibility. Remains an indirect predictor and should be kept low."
0_12h_insulin_lispro_dose_total_12h,0.02,"Short-acting insulin dose is driven by stress hyperglycemia and feeding status; hyperglycemia correlates with illness severity but is not a direct AKI mechanism. Immediate post-op variability is high, so predictive value is limited."
13_24h_insulin_lispro_dose_total_12h,0.03,"Higher correctional insulin needs can reflect sustained stress response/inflammation and diabetes, which are associated with AKI risk. Still indirect and confounded by nutrition and glycemic targets."
25_36h_insulin_lispro_dose_total_12h,0.04,"In the leading-indicator window, persistent high prandial/correctional insulin requirement may better capture ongoing physiologic stress linked to AKI risk. It remains non-specific and should stay below 0.05."
0_12h_insulin_regular_infusion_dose_total_12h,0.04,"Need for insulin infusion suggests significant stress hyperglycemia and higher acuity, which can correlate with AKI risk, but early post-op use is common and protocolized. Not a direct renal biomarker, so kept low and within the 0_12h cap."
13_24h_insulin_regular_infusion_dose_total_12h,0.05,"Ongoing insulin infusion into 13–24h may indicate persistent critical illness and metabolic derangement associated with AKI. This is still an indirect severity marker rather than a direct kidney injury signal, so capped at 0.05."
25_36h_insulin_regular_infusion_dose_total_12h,0.03,"Insulin infusion dose is an indirect marker of stress hyperglycemia/critical illness severity, which correlates with AKI risk but is not a direct renal perfusion or nephrotoxin signal."
0_12h_iopamidol_contrast_dose_total_12h,0.08,"Iodinated contrast can precipitate contrast-associated AKI, especially in elderly post-cardiac surgery patients, but in the immediate 0–12h window effects may be confounded by perioperative hemodynamics; capped by epoch rule."
13_24h_iopamidol_contrast_dose_total_12h,0.12,"Contrast exposure in the 13–24h trajectory phase is a meaningful nephrotoxic insult and can contribute to rising creatinine by 60h, particularly with concurrent hemodynamic stress."
25_36h_iopamidol_contrast_dose_total_12h,0.18,"Recent contrast exposure close to the outcome window is a strong direct risk factor for subsequent creatinine rise/AKI, with typical creatinine increase occurring within 24–72 hours."
0_12h_ipratropium_bromide_dose_total_12h,0.005,Inhaled ipratropium is not nephrotoxic and mainly reflects pulmonary disease/bronchospasm management rather than renal perfusion or injury; early epoch further limits interpretability.
13_24h_ipratropium_bromide_dose_total_12h,0.005,Inhaled ipratropium has no established causal link to AKI; at most it is a weak proxy for respiratory illness severity.
25_36h_ipratropium_bromide_dose_total_12h,0.005,Continued ipratropium use is unlikely to influence creatinine trajectory and provides minimal renal-specific prognostic information.
0_12h_ipratropium_albuterol_dose_total_12h,0.01,"Bronchodilator use is not a direct AKI driver; beta-agonists may shift potassium and reflect respiratory instability, but this is an indirect and weak link, especially in the immediate postoperative period."
13_24h_ipratropium_albuterol_dose_total_12h,0.01,Primarily a marker of pulmonary disease/ventilatory issues rather than renal injury; any association with AKI would be via overall illness severity.
25_36h_ipratropium_albuterol_dose_total_12h,0.01,Ongoing bronchodilator requirement may correlate with critical illness but has no direct nephrotoxic or renal perfusion mechanism.
0_12h_iron_dose_total_12h,0.005,Iron administration is not a typical cause of AKI in this context and more likely reflects anemia management/transfusion strategy than renal injury; early epoch further reduces specificity.
13_24h_iron_dose_total_12h,0.005,Iron dosing is not an established predictor of postoperative AKI; it is a weak proxy for anemia/bleeding rather than kidney perfusion.
25_36h_iron_dose_total_12h,0.005,Late iron administration remains clinically nonspecific for AKI risk and is unlikely to causally affect creatinine ratio by 60h.
0_12h_isosorbide_mononitrate_dose_total_12h,0.02,"Nitrates can contribute to hypotension and reduced renal perfusion, but postoperative use is often protocolized/antianginal and in 0–12h is heavily confounded by anesthesia/vasopressors."
13_24h_isosorbide_mononitrate_dose_total_12h,0.03,Ongoing nitrate therapy may signal persistent ischemia/heart failure and can worsen renal perfusion via hypotension; still an indirect predictor rather than a direct renal biomarker.
25_36h_isosorbide_mononitrate_dose_total_12h,0.05,"In the 25–36h leading window, nitrate use may indicate ongoing cardiac dysfunction and/or hypotension risk that can contribute to AKI, but it remains a nonspecific and indirect marker."
0_12h_k_phos_dose_total_12h,0.02,"K/Phos repletion reflects electrolyte derangements and illness severity but is not a direct AKI driver. In the immediate 0–12h post-op period, abnormalities are common/transient, so predictive value is limited."
13_24h_k_phos_dose_total_12h,0.03,"Ongoing phosphate/potassium replacement may indicate persistent shifts, poor nutrition, or renal handling changes, indirectly relating to AKI risk. Still largely a treatment marker rather than a causal predictor."
25_36h_k_phos_dose_total_12h,0.05,"Need for continued K/Phos replacement closer to the outcome can reflect evolving renal dysfunction or ongoing critical illness. It remains indirect and potentially confounded by repletion protocols, so kept modest."
0_12h_ketamine_dose_total_12h,0.01,Ketamine is not typically nephrotoxic and has no strong direct link to postoperative AKI. Early dosing mainly reflects analgesia/sedation practice rather than renal risk.
13_24h_ketamine_dose_total_12h,0.01,Continued ketamine use is more indicative of pain/sedation needs than kidney perfusion or nephrotoxicity. Any association with AKI would be indirect via severity of illness.
25_36h_ketamine_dose_total_12h,0.02,"Later ketamine requirement may correlate with prolonged ventilation/instability, which can co-occur with AKI, but ketamine itself is not a recognized AKI trigger. Therefore only a small inclusion probability."
0_12h_lactated_ringers_dose_total_12h,0.04,"Early crystalloid volume relates to hemodynamics and renal perfusion, but 0–12h fluids are heavily protocolized and influenced by CPB/anesthesia effects. Association with AKI is plausible but weak in this epoch."
13_24h_lactated_ringers_dose_total_12h,0.06,"Ongoing fluid administration in the trajectory phase can reflect hypotension/vasoplegia or attempts to optimize renal perfusion, both relevant to AKI risk. Still confounded by clinician practice and overall fluid strategy."
25_36h_lactated_ringers_dose_total_12h,0.09,"Crystalloid needs closer to hour 60 may indicate persistent shock or capillary leak and can contribute to fluid overload/venous congestion, both associated with AKI after cardiac surgery. This is a more informative leading indicator window."
0_12h_lactulose_dose_total_12h,0.01,Lactulose use is primarily for constipation or hepatic encephalopathy and is not a direct AKI predictor. In early post-op care it is largely routine and weakly related to renal outcomes.
13_24h_lactulose_dose_total_12h,0.01,Lactulose administration remains a nonspecific care marker with minimal mechanistic link to AKI. Any association would be indirect through overall illness complexity.
25_36h_lactulose_dose_total_12h,0.02,"Later lactulose use may reflect prolonged ICU course or hepatic dysfunction, which can co-occur with AKI, but it is not a renal biomarker. Kept low to maintain sparsity."
0_12h_levothyroxine_dose_total_12h,0.01,Levothyroxine dosing reflects chronic hypothyroidism management and is not an established acute predictor of postoperative AKI. Early post-op administration is routine and not kidney-specific.
13_24h_levothyroxine_dose_total_12h,0.01,Continuation of thyroid replacement has minimal relationship to renal perfusion or nephrotoxicity in the ICU setting. Any signal would be confounded by baseline comorbidity rather than acute kidney injury mechanisms.
25_36h_levothyroxine_dose_total_12h,0.01,Levothyroxine remains a maintenance medication without a direct mechanistic link to AKI development over this timeframe. Not expected to add predictive value beyond other physiologic variables.
0_12h_lidocaine_patch_dose_total_12h,0.0,Topical lidocaine patch use is an analgesia adjunct with negligible systemic hemodynamic or nephrotoxic effect. It is unlikely to provide meaningful information about AKI risk.
13_24h_lidocaine_patch_dose_total_12h,0.005,Topical lidocaine is not nephrotoxic and has minimal systemic hemodynamic effect; dose mainly reflects analgesia needs rather than renal risk.
25_36h_lidocaine_patch_dose_total_12h,0.005,Topical lidocaine use is unlikely to influence renal perfusion or creatinine trajectory; more a marker of pain management practice.
0_12h_lidocaine_dose_total_12h,0.01,"Systemic lidocaine can affect arrhythmias and BP indirectly, but typical perioperative dosing is not a recognized AKI driver; early (0–12h) period is noisy/transient."
13_24h_lidocaine_dose_total_12h,0.015,"Ongoing systemic lidocaine may weakly proxy hemodynamic instability/arrhythmia management, but it is not a direct AKI risk factor."
25_36h_lidocaine_dose_total_12h,0.02,"Later systemic lidocaine use could reflect persistent arrhythmia or instability (indirect AKI risk via perfusion), but the medication itself is not nephrotoxic."
0_12h_lisinopril_dose_total_12h,0.03,"ACE inhibitors can reduce glomerular filtration pressure (efferent dilation) and worsen AKI risk during low effective circulating volume, but immediate post-op dosing is uncommon and early window is confounded."
13_24h_lisinopril_dose_total_12h,0.05,"If ACE inhibitor is continued/restarted during evolving post-op hemodynamics, it can contribute to functional creatinine rise, especially with hypotension/diuresis."
25_36h_lisinopril_dose_total_12h,0.08,ACE inhibitor exposure closer to outcome can precipitate or unmask AKI in the setting of marginal renal perfusion; timing makes it a more informative leading indicator.
0_12h_losartan_dose_total_12h,0.03,"ARBs can lower intraglomerular pressure and worsen creatinine during perioperative hypoperfusion, but early post-op administration is variable and the 0–12h window is highly transient."
13_24h_losartan_dose_total_12h,0.05,Continuation/restart of ARB during the trajectory phase may contribute to a functional creatinine rise when renal perfusion is still tenuous.
25_36h_losartan_dose_total_12h,0.08,ARB exposure in the 25–36h window can meaningfully affect creatinine ratio by reducing filtration pressure in patients with ongoing low perfusion or aggressive diuresis.
0_12h_magnesium_sulfate_dose_total_12h,0.01,Magnesium sulfate is not a typical cause of AKI; dosing mainly reflects electrolyte repletion/arrhythmia prophylaxis and is confounded in the immediate post-op period.
13_24h_magnesium_sulfate_dose_total_12h,0.015,"May weakly proxy arrhythmia burden or replacement needs, but has no strong direct mechanistic link to subsequent creatinine rise."
25_36h_magnesium_sulfate_dose_total_12h,0.02,"Later magnesium sulfate use could reflect ongoing instability or replacement needs (indirect severity marker), but it is not an established AKI driver."
0_12h_magnesium_dose_total_12h,0.01,"Magnesium replacement itself is not nephrotoxic and is common post-cardiac surgery; early dosing is a weak, nonspecific severity marker."
13_24h_magnesium_dose_total_12h,0.015,Ongoing magnesium replacement may reflect diuresis or electrolyte losses but is not a direct predictor of AKI; at most an indirect marker of illness/therapy intensity.
25_36h_magnesium_dose_total_12h,0.03,Magnesium repletion is common post-cardiac surgery and is not a direct AKI driver; dose may weakly proxy illness severity/arrhythmia management. Limited mechanistic link to creatinine rise unless reflecting broader instability.
0_12h_melatonin_dose_total_12h,0.005,Melatonin use is largely for sleep/delirium prevention and has no established relationship to postoperative AKI. In the immediate 0–12h window it is especially unlikely to add prognostic signal.
13_24h_melatonin_dose_total_12h,0.005,Primarily reflects sleep/delirium management rather than renal perfusion or nephrotoxicity. Any association with AKI would be indirect via overall ICU course and is expected to be weak.
25_36h_melatonin_dose_total_12h,0.005,Still a supportive medication without a direct renal mechanism; at most a weak proxy for ongoing ICU needs. Not expected to meaningfully predict creatinine_ratio.
0_12h_meropenem_dose_total_12h,0.03,"Meropenem is not strongly nephrotoxic, but early broad-spectrum antibiotics can indicate severe infection/shock risk that can precipitate AKI. In 0–12h, confounding by prophylaxis and transient instability limits predictive value."
13_24h_meropenem_dose_total_12h,0.05,"Ongoing meropenem use more likely reflects suspected/confirmed infection and systemic inflammation, which can contribute to renal hypoperfusion and AKI. Still indirect and not a definitive renal biomarker."
25_36h_meropenem_dose_total_12h,0.07,"Continued broad-spectrum therapy close to the outcome can mark persistent infection/sepsis physiology, a recognized AKI risk state. Drug itself is only weakly nephrotoxic, so signal is mainly via illness severity."
0_12h_methocarbamol_dose_total_12h,0.005,Muscle relaxant use is not a known contributor to AKI and mainly reflects pain/spasm management. Any renal association would be minimal and indirect.
13_24h_methocarbamol_dose_total_12h,0.005,No established nephrotoxic effect or hemodynamic mechanism linking methocarbamol to AKI. Likely adds little beyond general postoperative care patterns.
25_36h_methocarbamol_dose_total_12h,0.005,Continued use reflects comfort management rather than renal injury or perfusion status. Expected to be non-informative for creatinine_ratio.
0_12h_methylene_blue_dose_total_12h,0.08,"Methylene blue use suggests vasoplegic shock after CPB, a state associated with hypotension/vasopressor exposure and AKI risk. In 0–12h, it can still be transient, so importance is capped."
13_24h_methylene_blue_dose_total_12h,0.12,"Use in 13–24h implies persistent/refractory vasoplegia and ongoing hemodynamic compromise, which is a stronger AKI risk factor. This is a meaningful marker of shock physiology rather than direct nephrotoxicity."
25_36h_methylene_blue_dose_total_12h,0.18,"Late (25–36h) methylene blue indicates ongoing severe vasoplegia/hemodynamic instability close to the 60h creatinine outcome, strongly linked to renal hypoperfusion and AKI. Acts as a high-signal proxy for refractory shock."
0_12h_metoclopramide_dose_total_12h,0.005,Antiemetic/prokinetic use has no direct renal injury mechanism and is common postoperatively. In the immediate period it is unlikely to reflect AKI risk.
13_24h_metoclopramide_dose_total_12h,0.005,Primarily reflects nausea/feeding intolerance management rather than renal perfusion or nephrotoxicity. Any association with AKI would be weak and confounded.
25_36h_metoclopramide_dose_total_12h,0.005,Continued metoclopramide use is not a recognized AKI predictor and is unlikely to add independent signal for creatinine_ratio. At most it weakly proxies overall ICU complexity.
0_12h_metoprolol_dose_total_12h,0.02,Beta-blocker dosing mainly reflects rate control/arrhythmia management rather than renal injury; any AKI link is indirect via hypotension/bradycardia. Early post-op period is noisy and transient.
13_24h_metoprolol_dose_total_12h,0.03,"May proxy ongoing hemodynamic tolerance and arrhythmia burden, which can influence renal perfusion indirectly. Still not a primary AKI driver."
25_36h_metoprolol_dose_total_12h,0.04,Later need for beta-blockade can reflect persistent tachyarrhythmias or hypertension management; renal impact is indirect through perfusion pressure/cardiac output. Weak-to-plausible association only.
0_12h_metronidazole_dose_total_12h,0.005,Metronidazole is not typically nephrotoxic; use reflects infection/prophylaxis rather than renal physiology. Minimal direct relevance to AKI.
13_24h_metronidazole_dose_total_12h,0.008,"Continued antibiotic use may weakly proxy infection/sepsis risk, but metronidazole itself is not a strong AKI driver. Indirect signal only."
25_36h_metronidazole_dose_total_12h,0.01,"Ongoing treatment may indicate intra-abdominal/aspiration concerns and higher illness severity, which can correlate with AKI. Still a weak, nonspecific proxy."
0_12h_midazolam_dose_total_12h,0.01,Sedation dose is not directly nephrotoxic and mainly reflects ventilation/anxiety management. Any AKI association is indirect via hypotension or severity of illness.
13_24h_midazolam_dose_total_12h,0.02,"Higher ongoing sedation can proxy prolonged mechanical ventilation and critical illness, which correlate with AKI risk. Mechanistic link remains indirect."
25_36h_midazolam_dose_total_12h,0.03,"Persistent sedation late may indicate ongoing instability/ventilator dependence and higher acuity, which is associated with AKI. Still not a direct renal biomarker."
0_12h_midodrine_dose_total_12h,0.03,"Midodrine use suggests vasoplegia or difficulty weaning IV vasopressors, indirectly relating to renal hypoperfusion risk. In the immediate post-op window, this is less specific."
13_24h_midodrine_dose_total_12h,0.06,"Need for midodrine in the trajectory phase can indicate persistent low SVR/pressor dependence and marginal perfusion pressures, increasing AKI risk. Moderately informative as a hemodynamic proxy."
25_36h_midodrine_dose_total_12h,0.09,Continued midodrine close to the outcome suggests ongoing vasoplegia/pressor dependence and risk of renal hypoperfusion. Stronger late indicator of hemodynamic fragility.
0_12h_milrinone_dose_total_12h,0.06,"Milrinone use reflects low cardiac output/right ventricular dysfunction after surgery, which can reduce renal perfusion. Early post-op use is common, so specificity is limited."
13_24h_milrinone_dose_total_12h,0.12,"Ongoing inotrope requirement in this phase suggests persistent cardiac dysfunction and venous congestion, both established contributors to AKI. More prognostic than the immediate post-op period."
25_36h_milrinone_dose_total_12h,0.18,"Persistent milrinone requirement late is a strong marker of ongoing low-output state and/or RV failure with renal hypoperfusion/congestion, which strongly predicts subsequent creatinine rise. Also reflects severity of cardiogenic shock physiology."
0_12h_minocycline_dose_total_12h,0.005,Minocycline is not a typical nephrotoxin in ICU dosing and mainly indicates infection coverage rather than renal injury. Weak and nonspecific relationship to AKI.
13_24h_minocycline_dose_total_12h,0.01,Minocycline is not a typical nephrotoxin and is rarely a direct driver of postoperative AKI; dosing more often reflects infection management than renal perfusion.
25_36h_minocycline_dose_total_12h,0.01,Minocycline exposure has weak and uncommon links to AKI compared with hemodynamics and nephrotoxins; limited expected signal for creatinine rise by hour 60.
0_12h_morphine_dose_total_12h,0.02,"Opioid dose may indirectly correlate with illness severity and hypotension/respiratory depression, but it is not a primary AKI mechanism; early (0–12h) period is noisy."
13_24h_morphine_dose_total_12h,0.03,"Higher opioid needs can track ongoing instability and sedation-related hypotension, which can worsen renal perfusion, but the relationship is indirect."
25_36h_morphine_dose_total_12h,0.04,"Persistent opioid requirement late may reflect prolonged critical illness and hemodynamic fragility, indirectly increasing AKI risk; still not a direct renal biomarker."
0_12h_nicardipine_dose_total_12h,0.04,"Nicardipine use can indicate postoperative hypertension management; excessive BP lowering could reduce renal perfusion, but immediate post-op dosing is often protocolized and transient."
13_24h_nicardipine_dose_total_12h,0.06,Ongoing need for nicardipine may reflect persistent hypertension or tight BP control that can affect renal perfusion pressure; trajectory-phase signal is moderate.
25_36h_nicardipine_dose_total_12h,0.08,Late nicardipine requirement may capture sustained BP management that can influence renal perfusion (especially in elderly with renal artery disease); plausible established hemodynamic link.
0_12h_nitroglycerin_dose_total_12h,0.03,Nitroglycerin can lower preload/BP and is often used for ischemia or BP control; early post-op use is common and may not specifically predict AKI.
13_24h_nitroglycerin_dose_total_12h,0.05,"Continued nitroglycerin may indicate ongoing cardiac dysfunction/ischemia and vasodilation-related hypotension, which can impair renal perfusion; still indirect."
25_36h_nitroglycerin_dose_total_12h,0.07,"Late need for nitroglycerin can be a marker of persistent cardiac issues and vasodilator exposure affecting MAP/renal perfusion, making it a modest AKI predictor."
0_12h_normal_saline_dose_total_12h,0.03,"Crystalloid volume reflects resuscitation needs and can correlate with shock/bleeding, but early post-op fluids are routine and confounded; indirect AKI link."
13_24h_normal_saline_dose_total_12h,0.05,"Ongoing saline administration may indicate continued hypoperfusion or vasoplegia requiring volume, which is associated with AKI risk; also confounded by practice patterns."
25_36h_normal_saline_dose_total_12h,0.08,Late fluid requirement suggests persistent hemodynamic instability or poor cardiac output; both are established contributors to renal hypoperfusion and subsequent creatinine rise.
0_12h_nystatin_dose_total_12h,0.01,Nystatin is minimally systemically absorbed and not nephrotoxic; use is routine prophylaxis and not mechanistically linked to AKI.
13_24h_nystatin_dose_total_12h,0.01,Nystatin dosing reflects prophylaxis/colonization management rather than renal injury risk; no meaningful expected association with creatinine_ratio.
25_36h_nystatin_dose_total_12h,0.01,Nystatin is minimally systemically absorbed and is not a typical nephrotoxin. Its use mainly reflects antifungal prophylaxis/colonization rather than renal perfusion or injury.
0_12h_ondansetron_dose_total_12h,0.01,Ondansetron is not a meaningful driver of AKI risk and is commonly given postoperatively. In the immediate 0–12h window it mostly reflects routine antiemetic use.
13_24h_ondansetron_dose_total_12h,0.01,Ondansetron dosing has no strong physiologic link to renal injury and is largely supportive care. Continued use may reflect nausea/ileus but is not a direct AKI predictor.
25_36h_ondansetron_dose_total_12h,0.01,Ondansetron remains a weak proxy for illness severity and is not nephrotoxic. It provides little incremental signal for creatinine rise by hour 60.
0_12h_oxycodone_dose_total_12h,0.02,"Opioid dosing can indirectly relate to hypotension/respiratory depression and overall acuity, but it is not a primary AKI driver. In 0–12h it is heavily influenced by routine post-op analgesia."
13_24h_oxycodone_dose_total_12h,0.03,"Higher opioid needs may correlate with complications and reduced mobility/ventilation, indirectly associating with AKI risk. The link is nonspecific and should remain low for sparsity."
25_36h_oxycodone_dose_total_12h,0.04,Persistent opioid requirement late in the first 36h can be a weak marker of ongoing stress/complications that may co-occur with AKI. It is still indirect and not mechanistically renal.
0_12h_pantoprazole_dose_total_12h,0.01,Pantoprazole is routine stress-ulcer prophylaxis in ICU care and does not acutely predict AKI in this context. Any PPI-associated interstitial nephritis is rare and not time-linked to 60h creatinine.
13_24h_pantoprazole_dose_total_12h,0.01,Continued pantoprazole use reflects standard prophylaxis rather than renal injury risk. It offers minimal discriminatory value for postoperative creatinine trajectory.
25_36h_pantoprazole_dose_total_12h,0.01,Pantoprazole dosing remains largely protocol-driven and not a direct AKI predictor. It should be deprioritized to keep the model sparse.
0_12h_phenylephrine_dose_total_12h,0.08,"Need for vasopressor support indicates perioperative vasoplegia/hypotension, which can reduce renal perfusion and precipitate AKI. In 0–12h this is common post-CPB, so the score is capped conservatively."
13_24h_phenylephrine_dose_total_12h,0.14,"Ongoing vasopressor requirement in 13–24h suggests persistent shock/low effective renal perfusion, a recognized AKI risk factor. This trajectory-phase signal is more prognostic than immediate post-op use."
25_36h_phenylephrine_dose_total_12h,0.18,Vasopressor dependence at 25–36h is a strong leading indicator of sustained hemodynamic instability and renal hypoperfusion preceding creatinine rise. It is one of the more clinically direct predictors among these features.
0_12h_phos_na_k_dose_total_12h,0.03,"Phosphate replacement may indicate hypophosphatemia from shifts/insulin or early renal handling changes, but it is nonspecific in the immediate post-op period. It is more a marker of electrolyte management than AKI mechanism."
13_24h_phos_na_k_dose_total_12h,0.04,"Continued phosphate supplementation can weakly reflect metabolic stress, refeeding/insulin therapy, or evolving renal dysfunction affecting phosphate balance. The association with AKI is indirect and should remain low."
25_36h_phos_na_k_dose_total_12h,0.05,"Late phosphate replacement may capture ongoing electrolyte derangements that sometimes accompany critical illness and renal dysfunction, but it is not a definitive renal biomarker. Kept at the indirect-link cap to avoid over-weighting."
0_12h_piperacilin_tazobactam_dose_total_12h,0.02,"Piperacillin-tazobactam can contribute to kidney injury (often in the setting of critical illness and/or with other nephrotoxins), but early post-op dosing is usually driven by infection prophylaxis/concern rather than renal physiology. In the immediate 0–12h window, it is a weak, indirect predictor."
13_24h_piperacilin_tazobactam_dose_total_12h,0.03,"Ongoing broad-spectrum antibiotics may reflect evolving sepsis/instability, which increases AKI risk, but the drug itself is not a strong standalone driver. Mid-epoch association is indirect and should remain low for sparsity."
25_36h_piperacilin_tazobactam_dose_total_12h,0.04,"Continued need for piperacillin-tazobactam closer to hour 60 can proxy persistent infection/sepsis and higher illness severity, both linked to AKI. Still largely a behavioral/indication marker rather than a direct renal biomarker."
0_12h_plasmalyte_dose_total_12h,0.03,"Crystalloid volume relates to hemodynamics and renal perfusion, but early post-bypass resuscitation is common and not specific for later AKI. Dose may also reflect bleeding/vasoplegia rather than kidney-specific pathology."
13_24h_plasmalyte_dose_total_12h,0.04,"Ongoing fluid requirement in 13–24h can indicate persistent shock/third spacing and risk for renal hypoperfusion or congestion. Still nonspecific and collinear with other hemodynamic/volume markers, so kept low."
25_36h_plasmalyte_dose_total_12h,0.06,"Later crystalloid needs (25–36h) may better capture ongoing instability or attempts to treat low perfusion, which can precede creatinine rise by 60h. It remains an indirect marker and should not dominate a sparse model."
0_12h_polyethylene_glycol_dose_total_12h,0.005,Polyethylene glycol is a bowel regimen and has no meaningful physiologic link to postoperative AKI risk. Use is routine ICU care and not predictive of creatinine trajectory.
13_24h_polyethylene_glycol_dose_total_12h,0.005,"Bowel regimen administration reflects routine care and does not inform renal perfusion, nephrotoxicity, or intrinsic kidney injury. Any association would be incidental."
25_36h_polyethylene_glycol_dose_total_12h,0.005,Continued polyethylene glycol use is unrelated to AKI mechanisms and is primarily a comfort/constipation intervention. It should be treated as non-informative.
0_12h_potassium_chloride_dose_total_12h,0.03,"Potassium repletion can indirectly reflect renal handling, diuretic use, or shifts after surgery, but early electrolyte management is common and nonspecific. In 0–12h it is a weak proxy for later AKI."
13_24h_potassium_chloride_dose_total_12h,0.04,"Ongoing potassium supplementation may indicate diuretic-driven kaliuresis or evolving renal dysfunction affecting potassium balance, but directionality is mixed. As an indirect marker, it should remain low."
25_36h_potassium_chloride_dose_total_12h,0.05,"Closer to hour 60, potassium replacement patterns may better reflect renal tubular function and diuretic intensity, both related to AKI risk. Still indirect and potentially confounded, so capped at the plausible-link threshold."
0_12h_dexmedetomidine_dose_total_12h,0.01,Dexmedetomidine is primarily a sedative; any renal effect is mediated through hemodynamics (bradycardia/hypotension) and is not a consistent AKI predictor. Early post-op sedation choice is routine and weakly informative.
13_24h_dexmedetomidine_dose_total_12h,0.015,"Continued dexmedetomidine may correlate with prolonged ventilation/illness severity, which can associate with AKI, but this is indirect and confounded. It should remain low to avoid capturing general acuity redundantly."
25_36h_dexmedetomidine_dose_total_12h,0.02,"Later sedation requirements can proxy ongoing critical illness and hemodynamic vulnerability, modestly related to AKI risk. The medication itself is not nephrotoxic, so importance stays low."
0_12h_prednisone_dose_total_12h,0.01,Prednisone in the immediate post-op period is not a direct AKI driver; effects are mainly metabolic/fluid-related and typically delayed. Early dosing often reflects baseline immunosuppression rather than acute renal risk.
13_24h_prednisone_dose_total_12h,0.03,"Systemic steroids can contribute indirectly to AKI risk via hyperglycemia, infection risk, and fluid shifts, but are not a direct renal toxin. In the 13–24h epoch this is more a marker of illness/inflammation than a primary driver of creatinine rise."
25_36h_prednisone_dose_total_12h,0.04,"Ongoing steroid requirement may reflect persistent inflammatory/vasoplegic physiology and higher overall acuity, which can correlate with AKI. Still an indirect predictor rather than a direct mechanism of renal injury."
0_12h_propofol_dose_total_12h,0.02,Propofol dose mainly reflects sedation needs and hemodynamic tolerance; hypotension is the renal-relevant pathway but is better captured by BP/vasopressor features. Early (0–12h) dosing is routine post-op and weakly informative for later creatinine ratio.
13_24h_propofol_dose_total_12h,0.03,"Continued higher sedation needs can be a proxy for ongoing mechanical ventilation and instability, which may associate with AKI risk. However, it is not a direct nephrotoxic exposure and is largely confounded by severity of illness."
25_36h_propofol_dose_total_12h,0.04,"Persistent propofol requirement at 25–36h may indicate prolonged ventilation/critical illness and potential hemodynamic fragility, indirectly increasing AKI risk. The medication itself is not a strong direct predictor of creatinine rise."
0_12h_protamine_dose_total_12h,0.03,Protamine exposure can cause acute hypotension/pulmonary vasoconstriction and low cardiac output episodes that could contribute to renal hypoperfusion. In the immediate 0–12h window it is common after CPB and thus only weakly discriminative.
13_24h_protamine_dose_total_12h,0.02,"Protamine use beyond the immediate post-CPB period is uncommon and may reflect re-exploration/bleeding management, indirectly signaling higher acuity. The link to AKI is indirect and typically mediated by hemodynamic instability."
25_36h_protamine_dose_total_12h,0.03,"Late protamine suggests ongoing bleeding/reversal needs or repeat procedures, which can correlate with shock/transfusion and AKI risk. Still a proxy feature rather than a direct renal biomarker."
0_12h_quetiapine_dose_total_12h,0.01,Quetiapine is used for agitation/delirium and has no meaningful direct relationship to renal perfusion or tubular injury. Early post-op use is largely practice-pattern driven.
13_24h_quetiapine_dose_total_12h,0.02,"Quetiapine may indicate delirium and prolonged ICU course, which can correlate with complications including AKI, but the association is indirect. Not a mechanistic driver of creatinine rise."
25_36h_quetiapine_dose_total_12h,0.02,"Ongoing antipsychotic use can be a marker of persistent delirium/critical illness and thus higher complication risk. It remains a weak, non-specific predictor for AKI compared with hemodynamics and renal labs."
0_12h_rocuronium_dose_total_12h,0.02,"Neuromuscular blockade reflects ventilation strategy and severity, not renal injury; renal relevance is mainly via prolonged ventilation/hemodynamic instability captured elsewhere. In 0–12h it is common and minimally predictive."
13_24h_rocuronium_dose_total_12h,0.03,"Continued paralysis at 13–24h suggests severe respiratory failure or ventilator dyssynchrony, which can accompany shock and AKI risk. Still an indirect proxy rather than a direct renal predictor."
25_36h_rocuronium_dose_total_12h,0.04,"Paralysis persisting to 25–36h indicates ongoing critical illness (e.g., ARDS, high ventilatory support) that is associated with AKI through inflammation and hemodynamic compromise. The medication itself is not nephrotoxic, so predictive value is modest."
0_12h_rosuvastatin_dose_total_12h,0.01,Statin administration is routine continuation of home therapy and is not a typical cause of acute postoperative AKI. Any rhabdomyolysis-related renal risk is rare and not well captured by dose in this setting.
13_24h_rosuvastatin_dose_total_12h,0.01,"Ongoing statin dosing mainly reflects medication reconciliation and ability to take enteral meds, not renal physiology. It provides little specific prognostic information for creatinine ratio at 60h."
25_36h_rosuvastatin_dose_total_12h,0.01,Statins are not typical direct drivers of postoperative AKI; dose variation mainly reflects chronic therapy continuation. Rare rhabdomyolysis-related AKI is possible but uncommon in this setting.
0_12h_senna_docusate_dose_total_12h,0.005,Bowel regimen use has no meaningful physiologic link to renal perfusion or tubular injury. In the immediate post-op window it mostly reflects routine ICU care.
13_24h_senna_docusate_dose_total_12h,0.005,Primarily a standard constipation prophylaxis medication without established association with AKI risk. May weakly proxy feeding/awakening but not kidney injury.
25_36h_senna_docusate_dose_total_12h,0.005,Routine bowel regimen; not a mechanistic predictor of creatinine rise. At most reflects general recovery trajectory rather than renal injury.
0_12h_senna_dose_total_12h,0.005,Senna dosing is unrelated to renal ischemia/nephrotoxicity and is standard supportive care. No expected direct relationship to creatinine_ratio.
13_24h_senna_dose_total_12h,0.005,Continued laxative use is not an AKI risk factor and mainly reflects routine management. Any association would be indirect and weak.
25_36h_senna_dose_total_12h,0.005,Bowel regimen intensity does not directly predict postoperative renal dysfunction. Could weakly correlate with overall stability but not specific to AKI.
0_12h_sevelamer_carbonate_dose_total_12h,0.03,"Sevelamer use suggests hyperphosphatemia/advanced CKD, which increases susceptibility to postoperative AKI. However, in 0–12h it may reflect pre-existing disease and orders rather than new injury (score capped by early epoch)."
13_24h_sevelamer_carbonate_dose_total_12h,0.04,"Ongoing phosphate binder use can indicate baseline CKD or rising phosphate from renal dysfunction, both linked to higher AKI risk. Still an indirect proxy rather than a direct biomarker."
25_36h_sevelamer_carbonate_dose_total_12h,0.05,"In the closest window to outcome, sevelamer use may reflect persistent hyperphosphatemia/CKD or evolving renal impairment, which relates to later creatinine rise. It remains an indirect treatment proxy, so kept low to preserve sparsity."
0_12h_simethicone_dose_total_12h,0.005,Simethicone is a benign GI medication with no physiologic connection to renal perfusion or nephrotoxicity. Use is routine and not informative for AKI.
13_24h_simethicone_dose_total_12h,0.005,No established relationship to kidney injury; reflects GI symptom management. Any correlation with AKI would be incidental.
25_36h_simethicone_dose_total_12h,0.005,Simethicone dosing does not capture hemodynamic insult or renal biomarkers. Not expected to predict creatinine_ratio.
0_12h_sodium_bicarbonate_dose_total_12h,0.08,"Bicarbonate use early post-op often reflects metabolic acidosis/lactic acidosis or hyperkalemia, which can accompany low cardiac output and renal hypoperfusion. Early epoch cap applied given frequent transient derangements immediately after surgery."
13_24h_sodium_bicarbonate_dose_total_12h,0.12,"Persistent need for bicarbonate in the trajectory phase suggests ongoing acidosis from shock, renal dysfunction, or severe illness, all associated with AKI risk. It is a strong severity-of-illness proxy but not a direct renal biomarker."
25_36h_sodium_bicarbonate_dose_total_12h,0.18,"In the leading-indicator window, bicarbonate requirement implies sustained metabolic acidosis/hyperkalemia often due to renal impairment or ongoing hypoperfusion, which strongly predicts subsequent creatinine rise. Still treatment-driven, so kept below definitive biomarker levels."
0_12h_tpn_dose_total_12h,0.01,TPN use is not a direct driver of AKI; it mainly reflects nutrition/support needs. In the immediate post-op window it is unlikely to add specific signal for creatinine rise.
13_24h_tpn_dose_total_12h,0.015,"Ongoing TPN may weakly proxy higher illness severity or inability to feed, which can correlate with complications. It is still not a mechanistic AKI predictor."
25_36h_tpn_dose_total_12h,0.02,"Continued TPN at 25–36h can indicate persistent critical illness and catabolic state, indirectly associated with AKI risk. Not a direct renal biomarker, so kept low for sparsity."
0_12h_tamsulosin_dose_total_12h,0.005,Tamsulosin is not nephrotoxic and has no established link to post-cardiac surgery AKI. Use is typically for urinary retention/BPH rather than renal perfusion.
13_24h_tamsulosin_dose_total_12h,0.005,Tamsulosin dosing does not meaningfully affect renal hemodynamics in this context. It is more reflective of baseline urologic issues than AKI trajectory.
25_36h_tamsulosin_dose_total_12h,0.005,Later tamsulosin use remains clinically unrelated to intrinsic kidney injury after cardiac surgery. Any association would be incidental rather than causal.
0_12h_tramadol_dose_total_12h,0.01,Tramadol is not a classic nephrotoxin; any AKI link would be indirect via hypotension/sedation or overall pain/illness severity. Early post-op analgesic dosing is common and nonspecific.
13_24h_tramadol_dose_total_12h,0.015,"Ongoing opioid/analgesic requirement may weakly track complications or reduced mobility, indirectly correlating with AKI risk. It is not a direct renal insult, so kept low."
25_36h_tramadol_dose_total_12h,0.02,"Persistent analgesic needs closer to outcome can proxy ongoing instability or complications, which may co-occur with AKI. Still indirect and not kidney-specific."
0_12h_tranexamic_acid_dose_total_12h,0.02,Tranexamic acid is commonly used perioperatively; AKI association is not strong and is confounded by bleeding risk and surgical complexity. In 0–12h it is largely protocol-driven.
13_24h_tranexamic_acid_dose_total_12h,0.01,"TXA beyond the immediate perioperative period is uncommon and may reflect bleeding/complexity, but evidence for direct AKI causation is limited. Treated as a weak indirect marker."
25_36h_tranexamic_acid_dose_total_12h,0.01,Late TXA use would mainly indicate ongoing bleeding management rather than renal injury biology. Any AKI signal is likely mediated by shock/transfusion rather than TXA itself.
0_12h_vancomycin_dose_total_12h,0.06,"Vancomycin exposure is a recognized nephrotoxic risk factor, especially in older, critically ill patients and with hemodynamic stress. Early dosing may be prophylactic/empiric, so capped by the 0–12h conservatism."
13_24h_vancomycin_dose_total_12h,0.1,"Continued vancomycin suggests ongoing infection concern and sustained nephrotoxic exposure, both increasing AKI risk. This window better reflects trajectory than immediate post-op prophylaxis."
25_36h_vancomycin_dose_total_12h,0.16,Vancomycin exposure close to the outcome window is a stronger predictor of subsequent creatinine rise due to cumulative nephrotoxicity and concurrent critical illness. Dose intensity can correlate with higher troughs/AUC and AKI risk.
0_12h_vasopressin_dose_total_12h,0.08,"Need for vasopressin indicates vasoplegia/shock and risk of renal hypoperfusion after cardiac surgery, an established AKI driver. In 0–12h this can be transient post-CPB, so kept below the epoch cap."
13_24h_vasopressin_dose_total_12h,0.08,"Ongoing vasopressin requirement in the trajectory phase suggests persistent vasoplegia/shock and renal hypoperfusion risk. Less proximal than 25–36h, so moderated importance."
25_36h_vasopressin_dose_total_12h,0.14,"Vasopressin use close to the outcome indicates persistent distributive shock/vasoplegia and high illness severity, both strongly linked to AKI after cardiac surgery. Reflects continued need for vasoactive support affecting renal perfusion."
0_12h_warfarin_dose_total_12h,0.005,Warfarin dosing early post-op is not a direct driver of AKI and is more related to anticoagulation strategy than renal perfusion. Any association would be indirect/confounded.
13_24h_warfarin_dose_total_12h,0.005,"Warfarin is not typically nephrotoxic in the acute ICU setting and does not directly reflect renal injury physiology. Likely reflects indication (e.g., valve/AF) rather than AKI risk."
25_36h_warfarin_dose_total_12h,0.005,Warfarin dose is not an established short-term predictor of postoperative creatinine rise. Any signal would be indirect and heavily confounded by clinical context.
0_12h_heparin_line_flush_dose_total_12h,0.003,Heparin line flush dosing is routine care and does not meaningfully affect renal perfusion or tubular injury. Minimal prognostic value for AKI.
13_24h_heparin_line_flush_dose_total_12h,0.003,Line flush heparin is a maintenance practice and not a physiologic marker of kidney injury. Any association would be spurious.
25_36h_heparin_line_flush_dose_total_12h,0.003,Heparin flush dose remains routine and unrelated to AKI mechanisms. Not expected to predict creatinine_ratio.
0_12h_urine_output_total_12h,0.08,"Early oliguria can indicate renal hypoperfusion or evolving AKI, but immediate post-bypass diuresis/fluids make this window noisy and transient. Capped due to 0–12h conservatism."
13_24h_urine_output_total_12h,0.16,Urine output in the trajectory phase reflects whether renal perfusion and function are recovering versus worsening. Persistent oliguria is a strong clinical predictor of subsequent creatinine rise.
25_36h_urine_output_total_12h,0.32,Low urine output close to hour 60 is a direct functional marker of kidney injury and strongly predicts rising creatinine. It captures ongoing renal dysfunction and/or sustained hypoperfusion.
0_12h_norepinephrine_equivalent_dose_total_12h,0.09,"High early vasopressor requirement suggests perioperative shock and renal hypoperfusion risk, but this period often includes transient post-CPB vasoplegia. Importance capped by 0–12h rule."
13_24h_norepinephrine_equivalent_dose_total_12h,0.18,"Continued norepinephrine requirement in 13–24h indicates persistent hemodynamic instability and reduced renal perfusion pressure, an established AKI driver. Moderated by epoch cap."
25_36h_norepinephrine_equivalent_dose_total_12h,0.22,Ongoing vasopressor dependence near the outcome is a strong indicator of sustained shock/low effective renal perfusion and high AKI risk. Reflects severity of illness and renal ischemic stress.
